P               	T               	n_<tot>         	n_g             	m               	C               	H               	He              	N               	O               	S               	P               	Si              	Ti              	V               	Cl              	K               	Na              	Mg              	F               	Ca              	Fe              	e-              	CH              	HCN             	HNCO            	HCO             	CH2             	CH2_1           	H2CO            	CH3             	CH4             	CN              	NCO             	CN2_cnn         	CN2_ncn         	CO              	CO2             	C2              	C2H             	C2H2            	C2H3            	C2H4            	C2H5            	C2H6            	C2H4O           	CH2OH           	CH3O            	CH3OH           	CH3CO           	H2CCO           	HCCO            	C2N             	C2N2            	CCO             	C3              	C3O2            	C4              	C4H2            	C4N2            	NH              	HNO             	HNO2            	HNO3            	OH              	HO2             	H2              	NH2             	N2H2            	H2O             	NH3             	N2H4            	NO              	NO2             	NO3             	N2              	N2O             	N2O3            	N2O4            	N2O5            	O2              	O3              	N2H             	N2H3            	CH3NH2          	CH3NH           	CH2NH           	CH2NH2          	H2CN            	C3H2            	C3H4            	C3H5            	C3H7            	C3H8            	C4H             	C4H2            	C4H3            	C4H4            	C4H5            	C4H6            	C4H8            	C4H9            	C4H10           	CH2CN           	CH3CN           	CH3NO           	C3H3            	C3H6            	C2H3O           	CH3CHO          	C2H4OH          	CH2CO           	CH2CHO          	H2O2            	HC3N            	HC2N            	C2H2CN          	C2H3CN          	H2NN            	CH3O2           	CH3OOH          	C6H6            	C6H5            	CH3C2H          	TiO             	TiO2            	VO              	TiH             	TiC2            	TiN             	VC2             	VN              	TiC             	Cl2             	HCl             	HOCl            	CCl             	CHCl            	CH2Cl           	CH3Cl           	KH              	HF              	MgH             	S2              	H2S             	SO              	SO2             	S2O             	SO3             	COS             	CS              	HCS             	SH              	HS2             	SiO             	SiH             	NaH             	FeO             	FeO2            	Fe(OH)2         	O_1             	CH2_1           	N_2D            	CS2             	NS              	S3              	S4              	S8              	HSO             	HSO2            	HSO3            	H2SO4           	CH3S            	CH3SH           	P               	PH3             	P2O             	P2O2            	P2O3            	PH              	PH2             	PO              	PO2             	PO3             	H2POH           	H3PO4           	HOPO            	HOPO2           	HPO             	HPOH            	P2              	P4              	P2H2            	P2H4            	P2H3            	P4O6            	P2H             	H3PO3           	HPO2            	P2O4            	P2O5            
1.1708718000e+02	7.6634225628e+02	2.1648724426e+21	1.1066310459e+21	2.1626052303e+00	6.9178186160e-50	6.0674005389e-14	4.7322473945e-02	6.2854159804e-34	3.3870837307e-33	8.0982640476e-26	5.9775817418e-20	8.4262297285e-23	5.2184554487e-21	2.7474238266e-14	1.3011894350e-20	1.4258477180e-07	2.1879188286e-06	3.9099095767e-05	1.5359572766e-30	2.2928066922e-06	5.4214530670e-18	0.0000000000e+00	6.0167335683e-43	2.0035549524e-17	2.1110995064e-20	4.9581732207e-25	9.3920577254e-31	1.1299442035e-33	1.2931089809e-17	1.0410873643e-16	1.1333588459e-04	9.6350400634e-36	3.1196383219e-35	1.9057056372e-54	9.8884192759e-46	1.7237791945e-13	2.3885935451e-15	4.1390221542e-62	7.6254172899e-46	5.5721041479e-26	8.8054890127e-32	2.9633337723e-18	8.3264788253e-24	1.6895360927e-13	6.8383790772e-32	7.2011798539e-25	2.3445025996e-27	2.8187855409e-15	1.0447615747e-30	1.9172668962e-26	1.4777525501e-39	1.9944795110e-57	2.0397418936e-38	4.7280583051e-46	1.8443234422e-67	1.2664812241e-45	1.9766517271e-86	1.1947250660e-51	4.8529292686e-64	4.3992352856e-27	1.0326503988e-29	1.3622815446e-37	3.9843442113e-55	4.5241182094e-20	4.8571031440e-38	9.4958694305e-01	1.8465846485e-17	5.4854723590e-25	2.4452621796e-03	4.0432604661e-04	6.2587088097e-21	5.6963139841e-27	1.4822824495e-43	2.3609084750e-67	7.6285997552e-07	6.9455968141e-33	4.4659397801e-72	1.9521218618e-89	7.9237073321e-109	5.8628256170e-36	8.2093469094e-66	8.3919451604e-25	2.2888874062e-27	2.3607942509e-15	2.0044335937e-26	1.5650986374e-18	6.2997017735e-24	5.1633989871e-26	3.7624380229e-49	5.9319257289e-33	8.6087224580e-33	5.5445705098e-32	1.4522816323e-21	2.1311823275e-71	2.1366609826e-52	5.7414571190e-59	2.1288548442e-44	4.6087919396e-48	1.1864246552e-36	2.7931095272e-33	6.1617893593e-41	1.1942688931e-29	3.3200689758e-32	5.6421596999e-23	3.6367586388e-20	1.5104733061e-40	3.2371115690e-25	1.2556251128e-43	5.5031307006e-23	3.5162929143e-33	1.9172668962e-26	7.1349653098e-33	3.7274641097e-30	3.2109484841e-44	1.9382680067e-54	1.0873091575e-50	4.2029544984e-36	4.6500837767e-31	3.8170623396e-48	2.0181358928e-39	2.2804254564e-49	4.1797097965e-63	2.7642296475e-32	2.0977088030e-11	9.3749783937e-08	1.0873424501e-08	4.2259297916e-23	1.0783996062e-48	2.2923565589e-26	3.4074318570e-42	2.8985656387e-19	1.2290663366e-39	4.2734677673e-09	1.9200264157e-07	5.4893414145e-28	2.1419109818e-45	4.4876512167e-38	4.0802423066e-28	1.8279053491e-17	1.6237639784e-10	3.0525827145e-08	6.5447352878e-11	1.0138672125e-19	1.2367087685e-05	1.6320761098e-23	1.4088402612e-23	4.5261425167e-27	2.4365328588e-38	1.2334796437e-19	1.9411593652e-27	7.1924719938e-29	1.1433891406e-14	4.1826952687e-19	3.7963604530e-05	3.5452844194e-18	2.7031501059e-09	1.2175971300e-25	5.6515255157e-34	3.2193444105e-05	2.4566233947e-46	1.1299442035e-33	9.3265360656e-46	5.4248856170e-25	1.7963426634e-26	2.5040628663e-28	8.5385867722e-37	7.0319110283e-67	3.4589824730e-23	2.1614488909e-28	2.4973277995e-41	6.3673120307e-40	1.3341864246e-22	6.6580856851e-15	6.5102661553e-23	3.1447063462e-07	1.2188569854e-33	3.0264293509e-40	7.7518273552e-20	7.9406928114e-18	5.2919716389e-13	2.4916276639e-18	3.0335330711e-21	5.5526560639e-30	1.3678666067e-11	1.2431416732e-11	3.0824364257e-10	7.8439440881e-15	3.3745244093e-18	2.0310682879e-16	1.7180250119e-15	9.8991374937e-22	1.2005494645e-17	1.0330622339e-15	1.3997513671e-19	1.3761529663e-34	1.9647583634e-21	3.8083585831e-14	3.0824364257e-10	8.7529568997e-25	8.1571594938e-31
7.5259179200e+01	7.5510865693e+02	1.4121966848e+21	7.2188215334e+20	2.1626023434e+00	2.5528594432e-50	4.5190133668e-14	4.7322410773e-02	3.5376609081e-34	1.6478345588e-33	5.6601533214e-26	6.1094380241e-20	4.1358340407e-23	2.6654071039e-21	2.0489007627e-14	9.7779984686e-21	1.4262718191e-07	2.1886088337e-06	3.9099065600e-05	8.3412559246e-31	2.2928036315e-06	3.0961171920e-18	0.0000000000e+00	2.3667361070e-43	2.5646723606e-17	2.7409771558e-20	4.0371239189e-25	4.8330195942e-31	5.3245362601e-34	1.2126179886e-17	7.6468490287e-17	1.1333573327e-04	7.5133865064e-36	2.7996459982e-35	1.0298527644e-54	7.2929197833e-46	2.4874146983e-13	3.7597211552e-15	1.4837151771e-62	4.0981704633e-46	5.3176480347e-26	5.7772446605e-32	2.8001994519e-18	5.4352893913e-24	1.4307138410e-13	4.6630208509e-32	4.3776185463e-25	1.3218466856e-27	2.1372199012e-15	7.9451110237e-31	1.9793089732e-26	1.1125797171e-39	1.1062077392e-57	2.9870526504e-38	3.1855407026e-46	8.3089875380e-68	1.5904068267e-45	7.1660435020e-87	1.0912708796e-51	6.8375632546e-64	2.6173418205e-27	6.3181632830e-30	7.1276416373e-38	1.3358708727e-55	2.9138817713e-20	1.8784595463e-38	9.4958767812e-01	1.3142211352e-17	4.0938931461e-25	2.4452582842e-03	4.0299122723e-04	3.9706344327e-21	4.4236886095e-27	7.4225615423e-44	6.0861953312e-68	1.4299987732e-06	6.0530924916e-33	1.2125521941e-72	3.5535648016e-90	8.0710915467e-110	2.8900267966e-36	1.6346942627e-66	7.0497478333e-25	1.3322677567e-27	1.8434615437e-15	1.2160196840e-26	1.4561118948e-18	4.0865836653e-24	4.1812441073e-26	2.4623168665e-49	5.1325299817e-33	6.3925139697e-33	3.1178986532e-32	1.0660741309e-21	1.1219571060e-71	1.9051227179e-52	3.4224706748e-59	1.8655911480e-44	3.0206124422e-48	1.0297176181e-36	2.1135637017e-33	3.0348769148e-41	7.5904588560e-30	3.2512621223e-32	6.8912947004e-23	3.6487999204e-20	1.1049943810e-40	2.7295870055e-25	6.3814995627e-44	4.8833345257e-23	1.8011712563e-33	1.9793089732e-26	5.1471620311e-33	1.6393835881e-30	3.8194138851e-44	1.0278518236e-54	8.8378311544e-51	5.0646946208e-36	2.8181416696e-31	1.2238830585e-48	7.4009318053e-40	3.4240272734e-49	4.2852489045e-63	2.4262047206e-32	1.6281858316e-11	9.3754353989e-08	1.0873416971e-08	1.6518111222e-23	4.7981779306e-49	1.2789880846e-26	2.2293139471e-42	2.3437249065e-19	4.7791589656e-40	4.2014538035e-09	1.9207439352e-07	2.9824440027e-28	9.9300546074e-46	2.2918184412e-38	2.5589197114e-28	1.4868921268e-17	1.1977572675e-10	3.0525786396e-08	4.3419170339e-11	1.0408800674e-19	1.2367071179e-05	1.3346245856e-23	1.3139342391e-23	4.0270430881e-27	1.6104722211e-38	1.8042575674e-19	1.8928941344e-27	5.6018887228e-29	9.6728443332e-15	3.6680559331e-19	3.7963553852e-05	1.6963968983e-18	2.0102206317e-09	5.7838933584e-26	2.2727917652e-34	3.2193401129e-05	7.6853468292e-47	5.3245362601e-34	3.0253893425e-46	7.2670342724e-25	1.5493653724e-26	2.3336916171e-28	7.6420317452e-37	5.2505461598e-67	2.4272417503e-23	1.4041436652e-28	1.2024641772e-41	3.3419798465e-40	9.8350979665e-23	5.5303076842e-15	6.0825285896e-23	3.1416222972e-07	1.3518773869e-33	2.8529747551e-40	1.6839267777e-19	7.3088615114e-18	4.9115174249e-13	2.9377429641e-18	3.6625100809e-21	5.5396153557e-30	1.2890556308e-11	1.7207262807e-11	4.6025596525e-10	1.1674099716e-14	3.4345903149e-18	1.8453526195e-16	3.0416031810e-15	3.2565299126e-21	1.4345574096e-17	9.7881157593e-16	1.3350190181e-19	7.1309263192e-34	2.3214299062e-21	4.1637327702e-14	4.6025596525e-10	1.9109351620e-24	1.5533584807e-30
4.8373733600e+01	7.4211842400e+02	9.2359290106e+20	4.7212029725e+20	2.1625975221e+00	6.5431690084e-51	3.0458125251e-14	4.7322305273e-02	1.5641564044e-34	6.3999895811e-34	3.3878881223e-26	5.5137178410e-20	1.7677639924e-23	1.1943041509e-21	1.4432899756e-14	6.6668022379e-21	1.4265971417e-07	2.1891411113e-06	3.9098994088e-05	3.8555237679e-31	2.2927985200e-06	1.5831218201e-18	0.0000000000e+00	6.8325508753e-44	2.8987404361e-17	3.1517665315e-20	2.7788940559e-25	2.0069829634e-31	1.9903713097e-34	1.0311776409e-17	5.0689577953e-17	1.1333548058e-04	4.5014342344e-36	1.9845119160e-35	3.8110474647e-55	3.9123693798e-46	3.2486904216e-13	5.4493222247e-15	3.3728455870e-63	1.5770645155e-46	4.2399820413e-26	3.0729904615e-32	2.4033249234e-18	3.1303932633e-24	1.1734707631e-13	2.7116593584e-32	2.3157545012e-25	6.3923166356e-28	1.5360390169e-15	5.0427613468e-31	1.7338151808e-26	6.4052215716e-40	4.0523322474e-58	3.3377982541e-38	1.5398157682e-46	2.2782075821e-68	1.4843955943e-45	1.3921274461e-87	6.9638934233e-52	6.1529189358e-64	1.2904862996e-27	3.2215517068e-30	3.0161662594e-38	3.3239802408e-56	1.6511403632e-20	5.7901223230e-39	9.4958890582e-01	8.3760268191e-18	2.6420577117e-25	2.4452519090e-03	4.0076155762e-04	2.2996204248e-21	2.8730323842e-27	2.8554483023e-44	1.0600822164e-68	2.5443811810e-06	4.3172461598e-33	2.1499999540e-73	3.9108449987e-91	4.4417984370e-111	1.1403489344e-36	2.1860004090e-67	5.0207152443e-25	6.6696402143e-28	1.3703259584e-15	6.4067342091e-27	1.2246795872e-18	2.3324410703e-24	2.8548322092e-26	1.1488646858e-49	3.6414997131e-33	3.9441946038e-33	1.5034655804e-32	7.3757998170e-22	3.5521231403e-72	1.1812219754e-52	1.3692224272e-59	1.2340927839e-44	1.4744244711e-48	7.3345018175e-37	1.3925377393e-33	1.2498611625e-41	4.4236570222e-30	2.5580627198e-32	7.3665534703e-23	3.3594376608e-20	6.1479785268e-41	2.0455700324e-25	2.5030581430e-44	3.8891836569e-23	7.7692934377e-34	1.7338151808e-26	3.0674806708e-33	6.1497130681e-31	3.3350822824e-44	3.7252421172e-55	5.1107609823e-51	4.8916072316e-36	1.4183580784e-31	3.0169816808e-49	2.2355099101e-40	3.9578219917e-49	3.0092803648e-63	1.7509922775e-32	1.2026902213e-11	9.3758399895e-08	1.0873398786e-08	5.6162925359e-24	1.5378608996e-49	6.0964054134e-27	1.1326901631e-42	1.7396036812e-19	1.4197396652e-40	3.9504245103e-09	1.9232498524e-07	1.4410228863e-28	3.4917466119e-46	9.4432879515e-39	1.4060967812e-28	1.1632470418e-17	8.6925235896e-11	3.0525718342e-08	2.7764390233e-11	9.8616371361e-20	1.2367043611e-05	9.6373786637e-24	1.1103697835e-23	3.2168911207e-27	9.0252116769e-39	2.3957943593e-19	1.5482214523e-27	3.6565417683e-29	7.5901348693e-15	3.0051171339e-19	3.7963469216e-05	7.3412514741e-19	1.4730593641e-09	2.3739057485e-26	7.6487399945e-35	3.2193329357e-05	1.7617258449e-47	1.9903713097e-34	6.9302708964e-47	8.6871936437e-25	1.1405503825e-26	1.9702494038e-28	6.1497800043e-37	3.4096303476e-67	1.5238784260e-23	8.0423601044e-29	4.8182703460e-42	1.5502616548e-40	6.5493791707e-23	4.4321423733e-15	4.9311933720e-23	3.1371050046e-07	1.2886294744e-33	2.2409290400e-40	3.5855071376e-19	6.0748080907e-18	4.3031297229e-13	3.1450176471e-18	4.0346986317e-21	4.8617749226e-30	1.2009694796e-11	2.5402939568e-11	6.8213525311e-10	1.7241329081e-14	3.2197054569e-18	1.5768285735e-16	5.0668416429e-15	1.0434889686e-20	1.6282550399e-17	9.1761440918e-16	1.2079462046e-19	3.9417276556e-33	2.4905098064e-21	4.6360380179e-14	6.8213525311e-10	4.0949575990e-24	2.8288277799e-30
3.1092793300e+01	7.2718299662e+02	6.0584109895e+20	3.0969365046e+20	2.1625901327e+00	1.0860667207e-51	1.8224401106e-14	4.7322143577e-02	5.1851928347e-35	1.9003756544e-34	1.6856478646e-26	4.2899791500e-20	6.4063481261e-24	4.5766417598e-22	9.4981047830e-15	4.0472374034e-21	1.4268427804e-07	2.1895460238e-06	3.9098871264e-05	1.4705548753e-31	2.2927906857e-06	7.0902646989e-19	0.0000000000e+00	1.3641085185e-44	2.8243192115e-17	3.1356537945e-20	1.5659308467e-25	6.4542847677e-32	5.6452684317e-35	7.8047401544e-18	2.9733479003e-17	1.1333509332e-04	1.9694142570e-36	1.0618830099e-35	8.9767842519e-56	1.4356577698e-46	3.7682726087e-13	7.1611413502e-15	4.4556664930e-64	4.0763177336e-47	2.7294933640e-26	1.2730292357e-32	1.8395159006e-18	1.5530808746e-24	9.2665111165e-14	1.3046328448e-32	1.0380493253e-25	2.5748393666e-28	1.0358167646e-15	2.5809477891e-31	1.2491285017e-26	2.6790750095e-40	9.0541009052e-59	2.7016986397e-38	5.0129289453e-47	3.4567489256e-69	9.7339851243e-46	1.2861458716e-88	2.9000482391e-52	3.2454658250e-64	5.0844101747e-28	1.3214555319e-30	9.9091568047e-39	5.7962523035e-57	8.0313041594e-21	1.3617960642e-39	9.4959078754e-01	4.6786382641e-18	1.4330051771e-25	2.4452422101e-03	3.9734392518e-04	1.1940255422e-21	1.5075018944e-27	8.0210210789e-45	1.1569805036e-69	4.2525040203e-06	2.4238875178e-33	2.2933445388e-74	2.3620438871e-92	1.1732936010e-112	3.4512535684e-37	1.8187639962e-68	2.9350967882e-25	2.7881600556e-28	9.6032847238e-16	2.8523860082e-27	9.1310110314e-19	1.1426108663e-24	1.5901867356e-26	3.5823451661e-50	2.0401278352e-33	1.9521692666e-33	6.0375387709e-33	4.7566552616e-22	6.1373858336e-73	4.7527818068e-53	3.4072550422e-60	5.8415288602e-45	5.0679748345e-49	4.1297602364e-37	7.7827192337e-34	4.1605124704e-42	2.3260090494e-30	1.5505836779e-32	6.7177477689e-23	2.7916825000e-20	2.4693653703e-41	1.3323270420e-25	7.2110336061e-45	2.7235509546e-23	2.7310853533e-34	1.2491285017e-26	1.4562416840e-33	1.9084359473e-31	2.0151158368e-44	8.5774014821e-56	1.9698650095e-51	3.6295797148e-36	5.7168755790e-32	5.4369540271e-50	5.3593204602e-41	3.3524883312e-49	1.3472382598e-63	1.0011132497e-32	8.3732345716e-12	9.3761733157e-08	1.0873366567e-08	1.6195841198e-24	3.3342931381e-50	2.4079259330e-27	4.2588741164e-43	1.1655332028e-19	3.0593084055e-41	3.5222045790e-09	1.9275253452e-07	6.0527412419e-29	8.8300727700e-47	3.0125200665e-39	6.5991520641e-29	8.6861083097e-18	6.1873608112e-11	3.0525614038e-08	1.6991127330e-11	8.4913699923e-20	1.2367001357e-05	6.0008214170e-24	8.3448555179e-24	2.2603720683e-27	4.1558619564e-39	2.8357724479e-19	1.0270416107e-27	1.9337690969e-29	5.4451837826e-15	2.2703680303e-19	3.7963339498e-05	2.8178612675e-19	1.0606616916e-09	8.1795586982e-27	2.0803379505e-35	3.2193219356e-05	2.7874220272e-48	5.6452684317e-35	1.0483737989e-47	9.0700388649e-25	6.9496856909e-27	1.4788479677e-28	4.3613434015e-37	1.8767022864e-67	8.3793545048e-24	3.9649542512e-29	1.5514511723e-42	6.2099382446e-41	3.8641595515e-23	3.4040414819e-15	3.3754636080e-23	3.1305509831e-07	1.0253111459e-33	1.4163231802e-40	7.4573983506e-19	4.4704320617e-18	3.5193306364e-13	3.0010319582e-18	3.9853112492e-21	3.6634383556e-30	1.1037764255e-11	4.0518773006e-11	1.0022553098e-09	2.5240059870e-14	2.7363748532e-18	1.2523655278e-16	7.8491491630e-15	3.2404470747e-20	1.7380527272e-17	8.4936995551e-16	1.0261915665e-19	2.3559251027e-32	2.3812558626e-21	5.2773536260e-14	1.0022553098e-09	8.5872090430e-24	4.8880145655e-30
1.9985263200e+01	7.1011177158e+02	3.9877123903e+20	2.0384470604e+20	2.1625799761e+00	1.0717208324e-52	9.4561377059e-15	4.7321921328e-02	1.2181106094e-35	4.0919830885e-35	6.7226612842e-27	2.7945908225e-20	1.9050684318e-24	1.4538211644e-22	5.7611365839e-15	2.1375118425e-21	1.4270244893e-07	2.1898485496e-06	3.9098694762e-05	4.4563045203e-32	2.2927799176e-06	2.7070381885e-19	0.0000000000e+00	1.7514540995e-45	2.3052991078e-17	2.6253187896e-20	6.9462027700e-26	1.5285134714e-32	1.1505470735e-35	5.1393859379e-18	1.5066694962e-17	1.1333456108e-04	5.9174211777e-37	4.0611240873e-36	1.2325586838e-56	3.3474852437e-47	3.7935065906e-13	8.3737039998e-15	3.0745102569e-65	6.5453520407e-48	1.3606447100e-26	3.9108055030e-33	1.2279408133e-18	6.4464397824e-25	6.9938141315e-14	5.0046032768e-33	3.8169313157e-26	8.3352100075e-29	6.4725284941e-16	1.0214469285e-31	7.1257730360e-27	7.6484693425e-41	1.1202493214e-59	1.4887192808e-38	1.0176252476e-47	2.5842516141e-70	4.1877862156e-46	4.8846245377e-90	7.2526580494e-53	9.0500600709e-65	1.5320320665e-28	4.1793385365e-31	2.4059600028e-39	6.6087693698e-58	3.2540022415e-21	2.3170891082e-40	9.4959337409e-01	2.2322777680e-18	6.3165354153e-26	2.4452287799e-03	3.9264634534e-04	5.4436245425e-22	6.1304414730e-28	1.5472201560e-45	7.2211173751e-71	6.6003409047e-06	1.0229402624e-33	1.3329628787e-75	6.9655822040e-94	1.2890669622e-114	7.6044282305e-38	8.5757711062e-70	1.3557630426e-25	9.3994905368e-29	6.2743689258e-16	1.0385661551e-27	5.8963708567e-19	4.6639165104e-25	6.9456810112e-27	6.8988840282e-51	8.6198441115e-34	7.4256253106e-34	1.9484025687e-33	2.8211392934e-22	5.1405531050e-74	1.1407687028e-53	4.8068849310e-61	1.8538388582e-45	1.1457159622e-49	1.7561837295e-37	3.5745130204e-34	1.0741739133e-42	1.0820178479e-30	6.8843580161e-33	5.0690943484e-23	2.0533671836e-20	6.7191178018e-42	7.3397692832e-26	1.4363175887e-45	1.6357300907e-23	7.5172920282e-35	7.1257730360e-27	5.2681451095e-34	4.7200099790e-32	7.8449208173e-45	1.1483866696e-56	4.6764899120e-52	1.9662690104e-36	1.7675113259e-32	6.7355114836e-51	9.7456997495e-42	1.9600087781e-49	3.5235600588e-64	4.3334386273e-33	5.4295494428e-12	9.3764236450e-08	1.0873319237e-08	3.8441414589e-25	4.5290002894e-51	7.5971821929e-28	1.1172962080e-43	6.9102918783e-20	4.4879804326e-42	2.9468671658e-09	1.9332695013e-07	2.1492960857e-29	1.5045899789e-47	7.0739092738e-40	2.5638401906e-29	6.1326137001e-18	4.3032309375e-11	3.0525470674e-08	9.8650415311e-12	6.5219778567e-20	1.2366943278e-05	3.1297128305e-24	5.4516585535e-24	1.3626122505e-27	1.5134123883e-39	2.9264992597e-19	5.3037471110e-28	7.9508472174e-30	3.5090169259e-15	1.5569180370e-19	3.7963161203e-05	9.3671559439e-20	7.4784770027e-10	2.2836956432e-27	4.3815164575e-36	3.2193068160e-05	2.8295261855e-49	1.1505470735e-35	9.6557824055e-49	8.0570390253e-25	3.3786170138e-27	9.6452989110e-29	2.6600449707e-37	8.4869228188e-68	3.9318541855e-24	1.6340393995e-29	3.8466303812e-43	2.0883870862e-41	1.9727098849e-23	2.4848676996e-15	1.8867468193e-23	3.1211311604e-07	6.5710451545e-34	6.9024223502e-41	1.5089249231e-18	2.8433432675e-18	2.6502231717e-13	2.4953836235e-18	3.4553161958e-21	2.3009370181e-30	9.9809370177e-12	7.0954888289e-11	1.4578469456e-09	3.6579969341e-14	2.0680981429e-18	9.1134070865e-17	1.1145800034e-14	9.6928802732e-20	1.7236168328e-17	7.7426358746e-16	8.0815975419e-20	1.5485580366e-31	1.9833525748e-21	6.1717846713e-14	1.4578469456e-09	1.7560505528e-23	7.9394894979e-30
1.2845765900e+01	6.9497073284e+02	2.6189719357e+20	1.3387816915e+20	2.1625634912e+00	1.3330022516e-53	5.2280566349e-15	4.7321560604e-02	3.3059166433e-36	1.0166187164e-35	2.9586175154e-27	1.9671663140e-20	6.1798840031e-25	5.0107869480e-23	3.6219358426e-15	1.2006512269e-21	1.4271415734e-07	2.1900475425e-06	3.9098400724e-05	1.4957624518e-32	2.2927624402e-06	1.1042407961e-19	0.0000000000e+00	2.7365659641e-46	2.0205373043e-17	2.3569984575e-20	3.4304952333e-26	4.1476843772e-33	2.7157959115e-36	3.6033843774e-18	8.1492297788e-18	1.1333369716e-04	2.0844945923e-37	1.7908296841e-36	2.1168820101e-57	9.3979807251e-48	4.0732311691e-13	1.0338024399e-14	2.8350613702e-66	1.3006068317e-48	7.6135682319e-27	1.3736659851e-33	8.7212834966e-19	2.8988528009e-25	5.3900455009e-14	2.1268548072e-33	1.5338664236e-26	2.9769057796e-29	4.1854430427e-16	4.5416176076e-32	4.5203925709e-27	2.5938425904e-41	1.7905949394e-60	9.5941870261e-39	2.5583465239e-48	2.6515953317e-71	2.1834976651e-46	2.7632247137e-91	2.2854787383e-53	3.3109245669e-65	5.1540372260e-29	1.4709982857e-31	6.6310552562e-40	9.0377022945e-59	1.4300857665e-21	4.5535265333e-41	9.4959757197e-01	1.1319235077e-18	2.9994738775e-26	2.4452072550e-03	3.8502183855e-04	2.5832818181e-22	2.7691081883e-28	3.4995651639e-46	5.7364838393e-72	1.0411047460e-05	4.8216484320e-34	9.9925934350e-77	2.7841783377e-95	2.0620019947e-116	1.9304763587e-38	5.2089183868e-71	6.8334458585e-26	3.4251211294e-29	4.1936258858e-16	4.1001549658e-28	4.0254999255e-19	2.0474240718e-25	3.3527630540e-27	1.6498244449e-51	4.1393625533e-34	3.1834990770e-34	6.9423721548e-34	1.7399017564e-22	5.9634513684e-75	3.4603424500e-54	8.7603488660e-62	7.0538809410e-46	3.1321607501e-50	8.4878616488e-38	1.7973028944e-34	3.1146089298e-43	5.3310706971e-31	3.4874883169e-33	4.1327083102e-23	1.5827680916e-20	2.1801003436e-42	4.3651052830e-26	3.3765239975e-46	1.0537314310e-23	2.3106492989e-35	4.5203925709e-27	2.1550031783e-34	1.2916249215e-32	3.6944757197e-45	1.9438047255e-57	1.3689524365e-52	1.2178041600e-36	6.0390941017e-33	9.8668412970e-52	2.0061734118e-42	1.3596416132e-49	1.1774733119e-64	2.1280899127e-33	3.6300454272e-12	9.3765321170e-08	1.0873238492e-08	1.0012501825e-25	7.5812736122e-52	2.6254510313e-28	3.4471252579e-44	4.2865305520e-20	7.8040635991e-43	2.5389559934e-09	1.9373336515e-07	8.2204679833e-30	3.0558333602e-48	1.9046067900e-40	1.0834461604e-29	4.4386107040e-18	3.0235790333e-11	3.0525237986e-08	5.8616150050e-12	5.2743950193e-20	1.2366849010e-05	1.7673909062e-24	3.7961380742e-24	8.8056019740e-28	6.1307666654e-40	3.2174594971e-19	3.0649478185e-28	3.6593064838e-30	2.3720648431e-15	1.1153331494e-19	3.7962871819e-05	3.3157486730e-20	5.3215636904e-10	6.9689270972e-28	1.0299366104e-36	3.2192822759e-05	3.4982281722e-50	2.7157959115e-36	1.0998287698e-49	7.7072744916e-25	1.8010603913e-27	6.7052423005e-29	1.7388142861e-37	4.2171430895e-68	1.9807750849e-24	7.3020127107e-30	1.0733667731e-43	7.6177015211e-42	1.0748915468e-23	1.8563492899e-15	1.1521423134e-23	3.1071798070e-07	4.6233517224e-34	3.7706299126e-41	3.0911638493e-18	1.9260366398e-18	2.0662084978e-13	2.2036959170e-18	3.1737593799e-21	1.5683494426e-30	9.0813896233e-12	1.1948717961e-10	2.1304080483e-09	5.3311432820e-14	1.6448354421e-18	6.8877836446e-17	1.6404247910e-14	2.9340848678e-19	1.7608994209e-17	7.0864379555e-16	6.5564156561e-20	9.7802922401e-31	1.7509924138e-21	7.1405018055e-14	2.1304080483e-09	3.6356732760e-23	1.3285954684e-29
8.2567690000e+00	6.8036952946e+02	1.7194823453e+20	8.7898518663e+19	2.1625390167e+00	1.6281986105e-54	2.8761738331e-15	4.7321025049e-02	8.7771880870e-37	2.4975356361e-36	1.2920935468e-27	1.3736156544e-20	1.9895240666e-25	1.7136182941e-23	2.2698746689e-15	6.7099946721e-22	1.4272155155e-07	2.1901765483e-06	3.9097960620e-05	4.9797734163e-33	2.2927364922e-06	4.4652641355e-20	0.0000000000e+00	4.2099988272e-47	1.7442313422e-17	2.0853579411e-20	1.6811060453e-26	1.1135088145e-33	6.3360009790e-37	2.5154740245e-18	4.3856061741e-18	1.1333241452e-04	7.1792850453e-38	7.7373335844e-37	3.5010878924e-58	2.5488857070e-48	4.3561725669e-13	1.2731052304e-14	2.5573096800e-67	2.5439484042e-49	4.2273737429e-27	4.7778993198e-34	6.1693226323e-19	1.2960808455e-25	4.1496222219e-14	8.9770817378e-34	6.1242017518e-27	1.0558006409e-29	2.6999033842e-16	2.0039033556e-32	2.8487476097e-27	8.6930491202e-42	2.7796394656e-61	5.9941016040e-39	6.3418579912e-49	2.6572696738e-72	1.1253253537e-46	1.5183281558e-92	7.0952354227e-54	1.1658184587e-65	1.7005106939e-29	5.0803770280e-32	1.7917434126e-40	1.2069570741e-59	6.2448826833e-22	8.8477822660e-42	9.4960380438e-01	5.6504555184e-19	1.3862157267e-26	2.4451753331e-03	3.7370199732e-04	1.1963593561e-22	1.2278891144e-28	7.7391830896e-47	4.4288170677e-73	1.6068671536e-05	2.2078419338e-34	7.1992746494e-78	1.0659558734e-96	3.1421386058e-118	4.8477866819e-39	3.1026423103e-72	3.3494688595e-26	1.2142892730e-29	2.7692088752e-16	1.5918199716e-28	2.7085406106e-19	8.8456095046e-26	1.5896215525e-27	3.8851515712e-52	1.9715353140e-34	1.3545667525e-34	2.4576828912e-34	1.0712217179e-22	6.7613911472e-76	1.0338138158e-54	1.5689112688e-62	2.6531587169e-46	8.4585336672e-51	4.0706731362e-38	8.9944221313e-35	8.9688617981e-44	2.6204932041e-31	1.7329665140e-33	3.3184755185e-23	1.2039889514e-20	6.9908443296e-43	2.5843697451e-26	7.8435887474e-47	6.7596180997e-24	7.0492300551e-36	2.8487476097e-27	8.7432985987e-35	3.5068658331e-33	1.7006600329e-45	3.2011036763e-58	3.9084822930e-53	7.4004644561e-37	2.0038341389e-33	1.4273204543e-52	4.0926612970e-43	9.3481063118e-50	3.8768331710e-65	1.0366254763e-33	2.4192539695e-12	9.3765470745e-08	1.0873116788e-08	2.6035969599e-26	1.2492892183e-52	8.9135340377e-29	1.0516641970e-44	2.6210201794e-20	1.3380729470e-43	2.1842102783e-09	1.9408588959e-07	3.1248509781e-30	6.1213314516e-49	5.0751878321e-41	4.5485703243e-30	3.2061753362e-18	2.1226092357e-11	3.0524892521e-08	3.4757335348e-12	4.2504844812e-20	1.2366709051e-05	9.9233565073e-25	2.6329208718e-24	5.6650233685e-28	2.4665961853e-40	3.5258170432e-19	1.7569942454e-28	1.6702842845e-30	1.5975863467e-15	7.9659845394e-20	3.7962442180e-05	1.1668981129e-20	3.7835907758e-10	2.1046591695e-28	2.3933051374e-37	3.2192458422e-05	4.2573059700e-51	6.3360009790e-37	1.2194620412e-50	7.3418542942e-25	9.4349930597e-28	4.6425284879e-29	1.1323000735e-37	2.0904192257e-68	9.9264313040e-25	3.2451872627e-30	2.9714744972e-44	2.7678213356e-42	5.8302419737e-24	1.3848278525e-15	6.9721762549e-24	3.0867379011e-07	3.2169541585e-34	2.0357150139e-41	6.3163250205e-18	1.2953229702e-18	1.6027496276e-13	1.9338171819e-18	2.8988458256e-21	1.0618543123e-30	8.2455351751e-12	2.0202370568e-10	3.1098677580e-09	7.7658634128e-14	1.3007142115e-18	5.1817803177e-17	2.3984581703e-14	8.8130900758e-19	1.7878215110e-17	6.4595341998e-16	5.2821170705e-20	6.1863535692e-30	1.5326665322e-21	8.2688529429e-14	3.1098677580e-09	7.5135961309e-23	2.2180040031e-29
5.3071366000e+00	6.6509418933e+02	1.1305847938e+20	5.7795415382e+19	2.1625070766e+00	1.5077534012e-55	1.4666632487e-15	4.7320326131e-02	1.9232756085e-37	5.1704806728e-37	5.0159043265e-28	8.7056289292e-21	5.7613541180e-26	5.2977172896e-24	1.3617149016e-15	3.4809077947e-22	1.4272595165e-07	2.1902565525e-06	3.9097384626e-05	1.4665575947e-33	2.2927026291e-06	1.6543268236e-20	0.0000000000e+00	5.1196447696e-48	1.3596382532e-17	1.6706188612e-20	7.2562532679e-27	2.5399180192e-34	1.2395229500e-37	1.6312220319e-18	2.1834082528e-18	1.1333074065e-04	2.0078996401e-38	2.7745497105e-37	4.2738303551e-59	5.3429470592e-49	4.3238084509e-13	1.4752398556e-14	1.6333032590e-68	3.8645424641e-50	2.0505417450e-27	1.4180469324e-34	4.0601270792e-19	5.2718265542e-26	3.1199810621e-14	3.3614772367e-34	2.2012075997e-27	3.3348506661e-30	1.6726603214e-16	7.7189079277e-33	1.5875418836e-27	2.3803374285e-42	3.1267015857e-62	3.0055159232e-39	1.2249337994e-49	1.8285727337e-73	4.6460339368e-47	5.2056652183e-94	1.6830965818e-54	2.8834843993e-66	4.8218689718e-30	1.5147494177e-32	4.0883090037e-41	1.2755254836e-60	2.4740322462e-22	1.4468558309e-42	9.4961193848e-01	2.5709554002e-19	5.6388920565e-27	2.4451329939e-03	3.5892941932e-04	5.0818922170e-23	4.7145201738e-29	1.3896582610e-47	2.5191428267e-74	2.3451963470e-05	8.5427602013e-35	3.6940614744e-79	2.7426238017e-98	2.9546175889e-120	1.0281984780e-39	1.3659903083e-73	1.4238525725e-26	3.7734282562e-30	1.7469644041e-16	5.5058617227e-29	1.6743033067e-19	3.4391634476e-26	6.5676236851e-28	7.0871766905e-53	8.0917680844e-35	5.0167055325e-35	7.7519441383e-35	6.3140389664e-23	5.2241957832e-77	2.3516091714e-55	2.0812286409e-63	8.0824382445e-47	1.8312078260e-51	1.6841874230e-38	4.0618058620e-35	2.2595937123e-44	1.2087275647e-31	7.2430022035e-34	2.3912693545e-23	8.5159112986e-21	1.8247906404e-43	1.4011680700e-26	1.4981754088e-47	3.9996244199e-24	1.8895271879e-36	1.5875418836e-27	3.0727180588e-35	8.4377057655e-34	6.1552371616e-46	3.9207523106e-59	8.5614197371e-54	3.7774339601e-37	5.6743239543e-34	1.6917967807e-53	7.2099554920e-44	5.2939687620e-50	9.6196047553e-66	4.3601679880e-34	1.5515476868e-12	9.3764953525e-08	1.0872957103e-08	6.1351429145e-27	1.6058683731e-53	2.6622880583e-29	2.6520883678e-45	1.4885898180e-20	1.8686414835e-44	1.8172857830e-09	1.9444991523e-07	1.0858543357e-30	9.9360259346e-50	1.1489864400e-41	1.7267037037e-30	2.2476083818e-18	1.4717713442e-11	3.0524441677e-08	2.0036469939e-12	3.2244379319e-20	1.2366526399e-05	5.0716944531e-25	1.6961532853e-24	3.3614078742e-28	8.7675661263e-41	3.5963616657e-19	8.8200739202e-29	6.6706156741e-31	1.0162801428e-15	5.4052164122e-20	3.7961881485e-05	3.8012938383e-21	2.6600092582e-10	5.6686837068e-29	4.8433283477e-38	3.2191982948e-05	4.0893914992e-52	1.2395229500e-37	1.0295154195e-51	6.4252857813e-25	4.3465577449e-28	2.9848666406e-29	6.8128457402e-38	9.3669656657e-69	4.5726694570e-25	1.3117776686e-30	7.1641213308e-45	9.1782546499e-43	2.9290210984e-24	1.0057898992e-15	3.7784686433e-24	3.0571469952e-07	1.9858330694e-34	9.5334833646e-42	1.2681787693e-17	8.0402233545e-19	1.1866846093e-13	1.5738217982e-18	2.4660331492e-21	6.5177235201e-31	7.4066236508e-12	3.5892015093e-10	4.5090442379e-09	1.1241830186e-13	9.6419691105e-19	3.7131075585e-17	3.3329426266e-14	2.5731527066e-18	1.7373754883e-17	5.8138759974e-16	4.0661263947e-20	4.0971401970e-29	1.2407240850e-21	9.7062527995e-14	4.5090442379e-09	1.5285173726e-22	3.5764318938e-29
3.4112252500e+00	6.4810228419e+02	7.4573724122e+19	3.8122653566e+19	2.1624720156e+00	8.0902786298e-57	6.4399312284e-16	4.7319558921e-02	2.9294580557e-38	7.6392730355e-38	1.5438172479e-28	4.5650246054e-21	1.3546798024e-26	1.3433868991e-24	7.4963430338e-16	1.5593371781e-22	1.4272839580e-07	2.1903041185e-06	3.9096751646e-05	3.3920372556e-34	2.2926654573e-06	5.1679743484e-21	0.0000000000e+00	3.9172276819e-49	8.7912753692e-18	1.1159103057e-20	2.4381251104e-27	4.2024758844e-35	1.7140314226e-38	9.1450246901e-19	9.3239580385e-19	1.1332890329e-04	3.7797315562e-39	6.9880171145e-38	2.9512471713e-60	6.9369705033e-50	3.7028156411e-13	1.5149035335e-14	5.2809969612e-70	3.5657666288e-51	7.6159514178e-28	3.0775503476e-35	2.3166648291e-19	1.7791946499e-26	2.2383161378e-14	9.9350529862e-35	6.4298020384e-28	8.3797450694e-31	9.5682112108e-17	2.2733001219e-33	6.9368281855e-28	4.3729955584e-43	1.8903177270e-63	1.0047371495e-39	1.4449163764e-50	5.9951663269e-75	1.2367672181e-47	7.0378030102e-96	2.3456905146e-55	3.6533485272e-67	1.0294342041e-30	3.4302477288e-33	6.7811187660e-42	8.6194881565e-62	8.0903586592e-23	1.6842964678e-43	9.4962086928e-01	9.8901855136e-20	1.8368731582e-27	2.4450841838e-03	3.4271422202e-04	1.8748657127e-23	1.3827681237e-29	1.6790524382e-48	7.9593967809e-76	3.1556272207e-05	2.4411933493e-35	9.9916298161e-81	3.3164467603e-100	1.1036196600e-122	1.5631742493e-40	3.3142781768e-75	4.7072716765e-27	9.3136958227e-31	1.0219135041e-16	1.5389271416e-29	8.8848298545e-20	1.1020908161e-26	2.0988312134e-28	7.8095809396e-54	2.4745785681e-35	1.4119938728e-35	1.9462805504e-35	3.4129470426e-23	1.8931631328e-78	3.1206885507e-56	1.5260354442e-64	1.6229191018e-47	2.5608135856e-52	5.2022620978e-39	1.4963130182e-35	4.3695952954e-45	4.9129276911e-32	2.1824417018e-34	1.4115757910e-23	5.2929393540e-21	3.1719186106e-44	6.3820245197e-27	1.9447319705e-48	2.0167959239e-24	3.9224664991e-37	6.9368281855e-28	8.1304217654e-36	1.5998803386e-34	1.4054401487e-46	2.7168622724e-60	1.1277198519e-54	1.3860093439e-37	1.2108492075e-34	1.3537540243e-54	9.5090492052e-45	2.0408403406e-50	1.3638247754e-66	1.3720019695e-34	9.2288131006e-13	9.3764061944e-08	1.0872781430e-08	1.1861477846e-27	1.2648244905e-54	6.2686979570e-30	4.5917052479e-46	7.4185412991e-21	1.7423842168e-45	1.4148574261e-09	1.9484916148e-07	3.1614977847e-31	1.0654076494e-50	1.8860130764e-42	5.3744636518e-31	1.4851789258e-18	9.9592928868e-12	3.0523946780e-08	1.0926926428e-12	2.1708125833e-20	1.2366325900e-05	2.1531394178e-25	9.4417817621e-25	1.6998186542e-28	2.4393878487e-41	3.1820874476e-19	3.4072404647e-29	2.0468516735e-31	5.7769656559e-16	3.3145335147e-20	3.7961266004e-05	1.0639142792e-21	1.8291977564e-10	1.2207069678e-29	7.4756283068e-39	3.2191461016e-05	2.4645003573e-53	1.7140314226e-38	5.1532745876e-53	4.7540264166e-25	1.5770454588e-28	1.6576260887e-29	3.5047265440e-38	3.4309268343e-69	1.7839385432e-25	4.3967797962e-31	1.3144179685e-45	2.5385384232e-43	1.2648453082e-24	6.9282769206e-16	1.6501418328e-24	3.0147118586e-07	9.7109657962e-35	3.3814578661e-42	2.4639425400e-17	4.2682212204e-19	8.0295344914e-14	1.1055487641e-18	1.8254524418e-21	3.2995672434e-31	6.5222056065e-12	7.0302403734e-10	6.4566133103e-09	1.6081435877e-13	6.3011183360e-19	2.4204945419e-17	4.2022917236e-14	7.1432964461e-18	1.5533593597e-17	5.1182983753e-16	2.8711729155e-20	2.9787160594e-28	8.6366408637e-22	1.1706997083e-13	6.4566133103e-09	3.0185609822e-22	5.3903390256e-29
2.1926056500e+00	6.2852537519e+02	4.9425448907e+19	2.5267018007e+19	2.1624417587e+00	1.8886453825e-58	2.2508016104e-16	4.7318896833e-02	2.5973349130e-39	6.7471520605e-39	3.3349540381e-29	1.7932059954e-21	2.3180459240e-27	2.5174920642e-25	3.6196124461e-16	5.5836039735e-23	1.4272986451e-07	2.1903347741e-06	3.9096205156e-05	5.4270730513e-35	2.2926333787e-06	1.2441798780e-21	0.0000000000e+00	1.4785160357e-50	4.3333994635e-18	5.7276812134e-21	5.5918136213e-28	4.2611818184e-36	1.3962947783e-39	4.1065163701e-19	3.1509770262e-19	1.1332731775e-04	3.9435586358e-40	1.0410738606e-38	8.7839072749e-62	4.4579668079e-51	2.5323939472e-13	1.2941761142e-14	6.0471618854e-72	1.5382996174e-52	1.8830440270e-28	4.1443260157e-36	1.0634732565e-19	4.5173807313e-27	1.4950548874e-14	2.0471993754e-35	1.3689498275e-28	1.4856248115e-31	4.8466060171e-17	4.4468812249e-34	2.0922646695e-28	4.3721764668e-44	4.4950428848e-65	1.8605679365e-40	8.0370659798e-52	6.3465147169e-77	1.6867639203e-48	2.3024825147e-98	1.4534739466e-56	1.7159691211e-68	1.4450365603e-31	5.1760653833e-34	7.0101117139e-43	2.9853666346e-63	1.9744541929e-23	1.1675546992e-44	9.4962858162e-01	2.9854083039e-20	4.3811837076e-28	2.4450359216e-03	3.2872264836e-04	5.7320910449e-24	2.7263360944e-30	1.1238651724e-49	1.0398850662e-77	3.8549219908e-05	4.5153515625e-36	1.0458992116e-82	1.3028721470e-102	1.0362499381e-125	1.4301771534e-41	3.2406551796e-77	1.0897997131e-27	1.6623140995e-31	5.4003648063e-17	3.1504610323e-30	3.7869839543e-20	2.6658914547e-27	4.5957529331e-29	3.9906189022e-55	4.8329756763e-36	2.6156084262e-36	3.4511278005e-36	1.6169059509e-23	2.1631232704e-80	1.8215730077e-57	4.5323949959e-66	1.7265231264e-48	1.8396599915e-53	1.0294228746e-39	4.0420385550e-36	5.6465635195e-46	1.6470589534e-32	4.0481827579e-35	6.2328837637e-24	2.7383659250e-21	2.9668134429e-45	2.2291135413e-27	1.4007990532e-49	7.9700928304e-25	5.5148905826e-38	2.0922646695e-28	1.3957675796e-36	2.1094356629e-35	1.6120299468e-47	8.0074775690e-62	6.9349449047e-56	3.1170515038e-38	1.7243339410e-35	5.9496618329e-56	8.0651698913e-46	4.3794211064e-51	8.2403929111e-68	2.7741653727e-35	4.8933406103e-13	9.3763183547e-08	1.0872629688e-08	1.6934830917e-28	4.7207017372e-56	1.0410925033e-30	4.4812883244e-47	3.0702655894e-21	8.7743652923e-47	9.9535911701e-10	1.9526591370e-07	7.0268061979e-32	6.0692890177e-52	1.8956921087e-43	1.2356403328e-31	8.9663570581e-19	6.4934120720e-12	3.0523519694e-08	5.4752002193e-13	1.2183099831e-20	1.2366152873e-05	6.8885309819e-26	4.2067402230e-25	6.7366325210e-29	4.6720277644e-42	2.2672551431e-19	8.8284661746e-30	4.2024265715e-32	2.7661134908e-16	1.7418470397e-20	3.7960734856e-05	2.3619789908e-22	1.2161523388e-10	1.8680178796e-30	7.6312495446e-40	3.2191010598e-05	7.2942223458e-55	1.3962947783e-39	1.1780962116e-54	2.7236243209e-25	4.0299353191e-29	7.3639151113e-30	1.4201023163e-38	9.2466954072e-70	5.4017464128e-26	1.1076097166e-31	1.5901754150e-46	5.3251565315e-44	4.3366539305e-25	4.4025616061e-16	5.1855728795e-25	2.9533795981e-07	3.3296202369e-35	7.8535930857e-43	4.5558076191e-17	1.7851950187e-19	4.7360494559e-14	6.2057093433e-19	1.0932565551e-21	1.2455062008e-31	5.5727323016e-12	1.5987661270e-09	9.0735908217e-09	2.2599440589e-13	3.3982441985e-19	1.3660265192e-17	4.5693613313e-14	1.8375063905e-17	1.2233675636e-17	4.3574067493e-16	1.7775079214e-20	2.4998380352e-27	4.7767928692e-22	1.4722598942e-13	9.0735908217e-09	5.7008820098e-22	7.3346249239e-29
1.4093233900e+00	6.0558722183e+02	3.2971879220e+19	1.6855833549e+19	2.1624259931e+00	1.3618796906e-60	5.7001733309e-17	4.7318551847e-02	1.0867991151e-40	2.8822079903e-40	4.3706512646e-30	4.6725153833e-22	2.5313137189e-28	3.0757859242e-26	1.4520210909e-16	1.4570164587e-23	1.4273130025e-07	2.1903633290e-06	3.9095920423e-05	5.1601883731e-36	2.2926166639e-06	2.0697545714e-22	0.0000000000e+00	2.0580720623e-52	1.4764311169e-18	2.0554936943e-21	7.4841700954e-29	2.1646407264e-37	5.3891723237e-41	1.3485630919e-19	7.6540821675e-20	1.1332649166e-04	1.8129232972e-41	7.4946618271e-40	8.1849952190e-64	1.0905063866e-52	1.2618541150e-13	8.5367786099e-15	1.6006781176e-74	2.2708603303e-54	2.6240524705e-29	2.8468597076e-37	3.5934580858e-20	7.6778346853e-28	9.0312510188e-15	2.5370633219e-36	1.8656780544e-29	1.6104103210e-32	2.0679526129e-17	4.8868220949e-35	3.7441969815e-29	1.8541977510e-45	2.9039940086e-67	1.5387442387e-41	1.5496478701e-53	1.3636613097e-79	8.9716635931e-50	1.0182715776e-101	2.8750094901e-58	2.0446365268e-70	1.1368134901e-32	4.4609807911e-35	3.7678377457e-44	4.0795106982e-65	3.1879706759e-24	3.8929449224e-46	9.4963261577e-01	6.4820920653e-21	6.9064313585e-29	2.4449932741e-03	3.2143606780e-04	1.3794422081e-24	3.1093286386e-31	3.3115598624e-51	3.9584026808e-80	4.2191030835e-05	4.6412390227e-37	2.9442878487e-85	1.0754310496e-105	1.4234191814e-129	6.3895276620e-43	8.7843794371e-80	1.5661968331e-28	1.9265266134e-32	2.5052312910e-17	4.2103252261e-31	1.2004928674e-20	4.3933007063e-28	5.9809459353e-30	6.9001564829e-57	5.0187318972e-37	2.6878350071e-37	3.7487053999e-37	6.3646335006e-24	4.8555278168e-83	3.3430958886e-59	3.7661701430e-68	7.5068390948e-50	5.1707612180e-55	1.0881678321e-40	7.0580111255e-37	4.1363894321e-47	4.2131299430e-33	3.8398372556e-36	1.8526195357e-24	1.1085142239e-21	1.1587404238e-46	5.3580111418e-28	4.3966822379e-51	2.2347311387e-25	4.4765783530e-39	3.7441969815e-29	1.3022529528e-37	1.6652678533e-36	7.1019058379e-49	7.1608727832e-64	1.4764699975e-57	3.5640875921e-39	1.4236873068e-36	1.1224879342e-57	3.6692686571e-47	4.1230771314e-52	1.4982210212e-69	3.0084162817e-36	2.2049388716e-13	9.3762768789e-08	1.0872550636e-08	1.5721451475e-29	6.1442560731e-58	1.0702568379e-31	1.9495325630e-48	9.9022110342e-22	1.8516611691e-48	6.0706513594e-10	1.9565277681e-07	1.0665021227e-32	1.4158166839e-53	9.5361389948e-45	1.8523982086e-32	4.7648517418e-19	4.0170343767e-12	3.0523297158e-08	2.4339381322e-13	5.2904734486e-21	1.2366062716e-05	1.4786503758e-26	1.3696229299e-25	1.8938498224e-29	5.2862428180e-43	1.1912944726e-19	1.3025545355e-30	4.8953557039e-33	1.0396303545e-16	7.3639871288e-21	3.7960458098e-05	3.7790078422e-23	7.7090473716e-11	1.7616456508e-31	4.3390861818e-41	3.2190775905e-05	7.9097563564e-57	5.3891723237e-41	9.0262574660e-57	1.0887495014e-25	6.3621640854e-30	2.3888086588e-30	4.1126861432e-39	1.6210584566e-70	1.1439221972e-26	1.8654180864e-32	1.0694347819e-47	7.5706998166e-45	1.0739657203e-25	2.4971460602e-16	1.0211673310e-25	2.8581110815e-07	6.8799828982e-36	9.9862905623e-44	7.8232747103e-17	5.3176379818e-20	2.2944919901e-14	2.5317839097e-19	4.8442822095e-22	3.1011858065e-32	4.5511963857e-12	4.4841874500e-09	1.2393619908e-08	3.0922769697e-13	1.3938402145e-19	6.2735730373e-18	4.0104826597e-14	4.2022199444e-17	8.0116807461e-18	3.5190135183e-16	9.0859825727e-21	2.5508410924e-26	1.8992765206e-22	1.9610114726e-13	1.2393619908e-08	1.0072767113e-21	8.6116182248e-29
9.0585939300e-01	5.7862700267e+02	2.2180605395e+19	1.1339094428e+19	2.1624337469e+00	1.9764343458e-63	9.2994819950e-18	4.7318721519e-02	1.6440582056e-42	4.5679651654e-42	2.8960123530e-31	6.8190514144e-23	1.4959633166e-29	2.0925371652e-27	4.5206812858e-17	2.4682074262e-24	1.4273351622e-07	2.1904024948e-06	3.9096060762e-05	2.4109300803e-37	2.2926248846e-06	2.0713281168e-23	0.0000000000e+00	7.3429563174e-55	3.0664036060e-19	4.5697804873e-22	4.8075023747e-30	4.2819381372e-39	7.5040179035e-43	2.8915715220e-20	1.1850732062e-20	1.1332689812e-04	2.7465909118e-43	2.0184326936e-41	1.5893153943e-66	7.2599942259e-55	4.0878700378e-14	3.9656284311e-15	5.7485442111e-78	7.7694404033e-57	1.6753456462e-30	7.8126341535e-39	8.0021392236e-21	7.5512883544e-29	4.7598421687e-15	1.5730555520e-37	1.3840392548e-30	8.9273327429e-34	6.9832057145e-18	2.4493772764e-36	3.2941714955e-30	2.4453211789e-47	3.1997927186e-70	4.3155279512e-43	7.0614219419e-56	3.3316990384e-83	1.3263471712e-51	2.9440487060e-106	1.2026410890e-60	3.8280118944e-73	4.0876178747e-34	1.8036291242e-36	8.3627961566e-46	1.5799526798e-67	2.9287586755e-25	4.7792059989e-48	9.4963070113e-01	9.0421811076e-22	6.2794278000e-30	2.4449396821e-03	3.2503001276e-04	2.4303044031e-25	1.6933356809e-32	3.2101613231e-53	2.8230377448e-83	4.0394785934e-05	2.1746063052e-38	1.4035982089e-88	1.0738238496e-109	1.4431853193e-134	1.0733223897e-44	4.1338792756e-83	1.1922850945e-29	1.2569168156e-33	9.8043727513e-18	3.1683919276e-32	2.5612962250e-21	4.3223683118e-29	3.8582917041e-31	2.7257011121e-59	2.2065616528e-38	1.2389748848e-38	2.0896474210e-38	1.9488517052e-24	1.1874662850e-86	1.2709003176e-61	5.5232471111e-71	9.6628128580e-52	4.0531949045e-57	4.9044152670e-42	6.8156501058e-38	1.4004618800e-48	7.4707224763e-34	1.4729707982e-37	3.2396182850e-25	3.2388921462e-22	1.3784071427e-48	7.7493509669e-29	4.4473142733e-53	3.9292516077e-26	1.7194556878e-40	3.2941714955e-30	5.2963811238e-39	6.5269323259e-38	8.5760034403e-51	1.2700094788e-66	7.4705580079e-60	1.6362922010e-40	5.6688337433e-38	6.6805598848e-60	7.1386226841e-49	1.2687788228e-53	5.3214701044e-72	1.3976757727e-37	7.9496675739e-14	9.3763245994e-08	1.0872589722e-08	8.0510359043e-31	1.9021197559e-60	5.7623559360e-33	2.8225695682e-50	2.2891177108e-22	1.1921434902e-50	3.0497517851e-10	1.9595557050e-07	9.6146363498e-34	9.7682988203e-56	1.8662805445e-46	1.5497534270e-33	2.1278080172e-19	2.3128691218e-12	3.0523406606e-08	9.1853570376e-14	1.6200402830e-21	1.2366107057e-05	1.8420659140e-27	2.9096057226e-26	3.3360922356e-30	2.9207744618e-44	4.1403069752e-20	8.9221282874e-32	2.6337577838e-34	2.8081636612e-17	2.3147849851e-21	3.7960594214e-05	3.8620737759e-24	4.5778997739e-11	8.5494857055e-33	1.1066078585e-42	3.2190891332e-05	2.1774737127e-59	7.5040179035e-43	1.5675641711e-59	2.6692849028e-26	5.2479401801e-31	5.0521254073e-31	7.5473764792e-40	1.5897909647e-71	1.4874407390e-27	1.8151857630e-33	3.2316243784e-49	6.3451067416e-46	1.7073545029e-26	1.2135943237e-16	1.0419401095e-26	2.6662472978e-07	6.8518208266e-37	5.3744853763e-45	1.1712516987e-16	9.7716862168e-21	8.3300790846e-15	6.5563863132e-20	1.3968192750e-22	4.2994969826e-33	3.4279402600e-12	1.6475573738e-08	1.5992177953e-08	4.0095099378e-13	3.8596474473e-20	2.1333666672e-18	2.5280866477e-14	7.5831429582e-17	3.9229692643e-18	2.5432159126e-16	3.4360008558e-21	3.1665035034e-25	4.6289474479e-23	2.7770195897e-13	1.5992177953e-08	1.5684243930e-21	7.9864227154e-29
5.8225191200e-01	5.4733578734e+02	1.5072160315e+19	7.7050126316e+18	2.1624692301e+00	3.5175442031e-67	8.5293880095e-19	4.7319497967e-02	6.5292980170e-45	1.9761482107e-44	7.8573819279e-33	4.0568083973e-24	3.9505047307e-31	6.5958354156e-29	1.0091568591e-17	2.3749949811e-25	1.4273695936e-07	2.1904592667e-06	3.9096702349e-05	4.4408004532e-39	2.2926625040e-06	1.0589344059e-24	0.0000000000e+00	4.4086663227e-58	3.3230819311e-20	5.4187025061e-23	1.1831421353e-31	2.4648126540e-41	2.7502754655e-45	3.5528831754e-21	1.0179691589e-21	1.1332875772e-04	9.6961752801e-46	1.4975369989e-43	3.9290379320e-70	8.7327243730e-58	7.5583277290e-15	1.1686744535e-15	1.5144440291e-82	3.9316114879e-60	3.8641042403e-32	6.4630635825e-41	1.0345642947e-21	3.6337693753e-30	2.1010033263e-15	3.9485920633e-39	4.6357447937e-32	2.0596235459e-35	1.7365947685e-18	4.4075133320e-38	1.1490043035e-31	7.0187949615e-50	3.4762261284e-74	2.9264842711e-45	4.8977541445e-59	4.7456245787e-88	3.6999759300e-54	2.4098370047e-112	6.6376182954e-64	6.3599744333e-77	5.2438312310e-36	2.6927621395e-38	5.8066593291e-48	1.1698087530e-70	1.2857100920e-26	1.5851621100e-50	9.4962190833e-01	7.0266924298e-23	2.7478820461e-31	2.4447409669e-03	3.4144559589e-04	2.8154943843e-26	3.4881473768e-34	7.2271911093e-56	2.2381288902e-87	3.2190323890e-05	3.6118065565e-40	6.4914936496e-93	6.7005482550e-115	4.7894937224e-141	5.0100897769e-47	1.9647625547e-87	3.9109254427e-31	3.8225257833e-35	3.0562280978e-18	1.1186566147e-33	3.2402554529e-22	2.1548922740e-30	9.8930492000e-33	1.5651518954e-62	3.1639631096e-40	2.0083479479e-40	4.8782432833e-40	4.3077910819e-25	1.6061169205e-91	6.2036135414e-65	8.4214424896e-75	2.5452201833e-54	6.0106182688e-60	7.2833937988e-44	3.0474694958e-39	1.7348862012e-50	8.2385764827e-35	1.7258322459e-39	2.8247132468e-26	6.1565109739e-23	3.4770469571e-51	5.7849286348e-30	1.0238953540e-55	3.7611377098e-27	2.4858826918e-42	1.1490043035e-31	7.2879252632e-41	1.0224013179e-39	1.9066370214e-53	2.7058743725e-70	5.7636589198e-63	2.2759218137e-42	8.5920987140e-40	8.7840792628e-63	4.5711389323e-51	9.1310790348e-56	2.2529829098e-75	2.1505708024e-39	2.1372379671e-14	9.3764842670e-08	1.0872768164e-08	1.8584558560e-32	9.0128005243e-64	1.3244702167e-34	9.7237101550e-53	3.4031442668e-23	1.6222770982e-53	1.1909035391e-10	1.9614467574e-07	4.3812201472e-35	1.3690439382e-58	1.0627886335e-48	6.0475040285e-35	7.5712279858e-20	1.2118703149e-12	3.0523907461e-08	2.7955303562e-14	3.1443534433e-22	1.2366309971e-05	1.1266238643e-28	3.5412772932e-27	3.1934524766e-31	6.3300014589e-46	8.4106990629e-21	2.2431963444e-33	5.1630868163e-36	4.9232190329e-18	4.9412575192e-22	3.7961217105e-05	2.1905690648e-25	2.4949931031e-11	1.7277847267e-34	9.8257802969e-45	3.2191419549e-05	9.9485630974e-63	2.7502754655e-45	3.8803643956e-63	3.4650481118e-27	1.8426919557e-32	6.1175162505e-32	7.6508559085e-41	7.3656565678e-73	1.0217546238e-28	8.6260969597e-35	3.4335461927e-51	2.6731580455e-47	1.5212132078e-27	4.8222405960e-17	3.9125667599e-28	2.0619770609e-07	1.9904439165e-38	7.1303587118e-47	1.1159713911e-16	8.3018383397e-22	1.8031076624e-15	8.1591690220e-21	2.0014135409e-23	2.4185840197e-34	2.0223990994e-12	7.5460576186e-08	1.6716438810e-08	4.2333127151e-13	5.5649924911e-21	4.2633099479e-19	7.8371823404e-15	5.7830518010e-17	9.9508563358e-19	1.2044478367e-16	6.6272877438e-22	2.9555307564e-24	4.5059958218e-24	3.7242407433e-13	1.6716438810e-08	1.5782832106e-21	4.1536208937e-29
3.7424935000e-01	5.1203240023e+02	1.0356023830e+19	5.2939506520e+18	2.1625240159e+00	4.6413501312e-72	3.8287812895e-20	4.7320696799e-02	4.8185832073e-48	1.7074991752e-47	7.0450663818e-35	4.0890475674e-26	3.8312420897e-33	7.9720670066e-31	1.4892399843e-18	1.1335147351e-26	1.4274122282e-07	2.1905274944e-06	3.9097692879e-05	2.5763712353e-41	2.2927205882e-06	2.3305041862e-26	0.0000000000e+00	2.9045622523e-62	1.5762100933e-21	2.8933821907e-24	8.8854049331e-34	3.0716259835e-44	1.9258177254e-48	2.1931574853e-22	4.2150463369e-23	1.1333162890e-04	5.5051499304e-49	2.2040140450e-46	7.2152294107e-75	1.2053617063e-61	7.0048423906e-16	1.9715217610e-16	1.5704682718e-88	1.8688412979e-64	2.5368623538e-34	1.2126596594e-43	6.8390731603e-23	7.2217128998e-32	7.4580328817e-16	3.2415007792e-41	5.8020226034e-34	1.6055014092e-37	2.9562663999e-19	2.2387007891e-40	1.2814409578e-33	3.0621219685e-53	2.0980861534e-79	3.2868872835e-48	3.3228162284e-63	2.0060627204e-94	1.3234337440e-57	2.3991090808e-120	3.0147782567e-68	5.0892916380e-82	1.8281050778e-38	1.1405491853e-40	9.3287594644e-51	1.0884646107e-74	2.2581238860e-28	1.0363260135e-53	9.4960857806e-01	2.5778865238e-24	4.6233883030e-33	2.4441992123e-03	3.6676953212e-04	1.8460824501e-27	2.1030859202e-36	2.6008671014e-59	1.1379114637e-92	1.9533496543e-05	1.5843301430e-42	1.5910844988e-98	1.2852883831e-121	2.1915315870e-149	4.7785517624e-50	5.4349108490e-93	4.3061776181e-33	4.2937963154e-37	7.0162165665e-19	1.5089428342e-35	2.0960003975e-23	4.5187765309e-32	7.9044900284e-35	8.2825008574e-67	1.1393830296e-42	8.9718018483e-43	3.8884277268e-42	6.3859837524e-26	6.0703736842e-98	2.4091644385e-69	7.8437303140e-80	9.4824251867e-58	1.1430516418e-63	2.7560426594e-46	5.2909451647e-41	6.2263149024e-53	5.0794401056e-36	4.5681044936e-42	1.0206912576e-27	6.7247990151e-24	1.2933070740e-54	1.9129356392e-31	3.7745733414e-59	1.7017133383e-28	1.0741309003e-44	1.2814409578e-33	2.6295106166e-43	5.1311777937e-42	5.1370405796e-57	4.0924702991e-75	4.2538423945e-67	7.0940585422e-45	3.7413313468e-42	1.7770180986e-66	7.3869028301e-54	1.1036147762e-58	6.9439174192e-80	8.4703787043e-42	3.9833617101e-15	9.3767235576e-08	1.0873043632e-08	1.5474221745e-34	4.1884305745e-68	1.0355712834e-36	5.6911617659e-56	2.8554432505e-24	3.2147564082e-57	3.4135716430e-11	1.9623460269e-07	8.5638474139e-37	2.6633335357e-62	1.3126307768e-51	9.1820647807e-37	2.0349717234e-20	5.6465650195e-13	3.0524680779e-08	6.5083286163e-15	3.4746942235e-23	1.2366623270e-05	2.8558158194e-30	2.1668271335e-28	1.4396768024e-32	4.3147743009e-48	8.8379096671e-22	1.6336302344e-35	2.9026486797e-38	5.0521985471e-19	6.5376495191e-23	3.7962178846e-05	5.9676544999e-27	1.2217774524e-11	1.1666218390e-36	2.3379261831e-47	3.2192235113e-05	4.8920045248e-67	1.9258177254e-48	8.3745077359e-68	2.0583670951e-28	2.1936265198e-34	3.7239022421e-33	3.7377155070e-42	1.3694451920e-74	3.1829311366e-30	1.6894362549e-36	1.0012303005e-53	4.8285412372e-49	6.6236810108e-29	1.4948911230e-17	2.1914102844e-30	6.5035903312e-08	3.3367710054e-41	4.4435850863e-50	1.6251097236e-17	1.3954190072e-23	1.0579341561e-16	2.1119965826e-22	6.2266345129e-25	2.3023732213e-36	4.5439625876e-13	2.3614069616e-07	6.9622514315e-09	1.7954854742e-13	1.8419478303e-22	2.2724687933e-20	2.6801607495e-16	1.0750339372e-18	2.9662912693e-20	8.9679228733e-18	1.4695440252e-23	1.3940608385e-24	3.7344465694e-26	2.4210231344e-13	6.9622514315e-09	2.4787956583e-22	2.8344709240e-30
2.4055322700e-01	4.7376091316e+02	7.1922994630e+18	3.6776317243e+18	2.1607226021e+00	2.7191412163e-174	7.4578139691e-22	4.7311058476e-02	4.8062067199e-52	2.2476266077e-51	1.7334958720e-37	3.3446439853e-29	1.1486064678e-35	3.1248595051e-33	1.3523896890e-19	2.3856816944e-28	1.4271248453e-07	2.1900882674e-06	3.9089729430e-05	3.8722295961e-44	2.2922536048e-06	1.8902621601e-28	0.0000000000e+00	1.3425534730e-163	2.5609881409e-119	5.4807754012e-122	1.5510471439e-132	5.9399342528e-144	1.8069641327e-148	5.6259294825e-120	6.8980943489e-121	1.0487544436e-100	3.3196680220e-149	4.4149731852e-146	2.7191412163e-174	1.1527026367e-162	2.7016280158e-113	1.6200995862e-113	2.7191412163e-174	2.7191412163e-174	2.7191412163e-174	2.7191412163e-174	2.7191412163e-174	2.7191412163e-174	2.7191412163e-174	2.7191412163e-174	2.1344352782e-132	3.2716038988e-136	2.9933253380e-116	2.7191412163e-174	2.7191412163e-174	2.7191412163e-174	2.7191412163e-174	2.7191412163e-174	2.7191412163e-174	2.7191412163e-174	2.7191412163e-174	2.7191412163e-174	2.7191412163e-174	2.7191412163e-174	1.3420489786e-41	1.0703352117e-43	2.6236215642e-54	8.6954624608e-80	1.3603852825e-30	1.0156684466e-57	9.4960764691e-01	3.7938030327e-26	2.3694251222e-35	2.4434345259e-03	3.8961836525e-04	5.7865443981e-29	2.9195910590e-39	1.0633292234e-63	2.2632043904e-99	8.0677494066e-06	1.3727880068e-45	1.1823962308e-105	3.9610608617e-130	6.3192830545e-160	7.1376995886e-54	5.4266861468e-100	1.2351312026e-35	1.4007105497e-39	1.0064283246e-115	5.9111769483e-134	5.5429594075e-121	3.0822836426e-130	1.4499877469e-133	2.7191412163e-174	2.7191412163e-174	2.7191412163e-174	2.7191412163e-174	2.7191412163e-174	2.7191412163e-174	2.7191412163e-174	2.7191412163e-174	2.7191412163e-174	2.7191412163e-174	2.7191412163e-174	2.7191412163e-174	2.7191412163e-174	2.7191412163e-174	2.7191412163e-174	2.7191412163e-174	3.4506936449e-121	2.7191412163e-174	2.7191412163e-174	2.7191412163e-174	2.7191412163e-174	2.7191412163e-174	2.7191412163e-174	2.7191412163e-174	6.8094969066e-45	2.7191412163e-174	2.7191412163e-174	2.7191412163e-174	2.7191412163e-174	3.5285178017e-45	3.7433133435e-167	2.2168159822e-153	2.7191412163e-174	2.7191412163e-174	2.7191412163e-174	4.8219959062e-16	9.3748140481e-08	1.0870829002e-08	3.7929003450e-37	2.7191412163e-174	2.2222230486e-39	2.7191412163e-174	1.1844119644e-25	6.2231321210e-158	6.8479544064e-12	1.9622191425e-07	6.2261321103e-39	4.7920757074e-163	2.5262260458e-151	4.2951356466e-135	3.6520315861e-117	2.2916366916e-13	3.0518463485e-08	1.1059258781e-15	1.9945902053e-24	1.2364104425e-05	2.5934025923e-32	5.9651106671e-30	2.7060444027e-34	7.6609719871e-51	4.0191511159e-119	2.6051863249e-134	3.5272173517e-137	2.7754910168e-20	4.9567769262e-24	3.7954446675e-05	6.8709877878e-29	5.2735965216e-12	2.1595402419e-39	1.1812203471e-50	3.2185678169e-05	1.7769238696e-72	1.8069641327e-148	1.0102950937e-73	4.5852495772e-126	7.1410805226e-37	1.0204059881e-34	7.8465973317e-44	8.9634250210e-77	3.9406435573e-32	1.1791465616e-38	6.4803019062e-57	3.2718053391e-51	1.1598262534e-126	3.2149950248e-114	8.5759314927e-34	4.6294946630e-09	8.3335389819e-46	3.2577146585e-55	1.1095959916e-19	2.2778276170e-26	8.6990860778e-19	5.6464644908e-25	2.1080624473e-27	1.7882195288e-39	2.1326294706e-14	3.0912432508e-07	6.4194837039e-10	1.7062082956e-14	7.0557388123e-25	1.6701227416e-22	2.9101683719e-19	4.5499563106e-23	3.0167212915e-23	3.1968929482e-20	1.0793731842e-26	3.5805862721e-27	7.2505273200e-30	4.3947175976e-14	6.4194837039e-10	1.8757031300e-24	7.6363958132e-33
1.5461845100e-01	4.3415860254e+02	5.0446827934e+18	2.5794622972e+18	2.1607482463e+00	3.8767769589e-174	5.8409740498e-24	4.7311619981e-02	5.3177877029e-57	3.8007822935e-56	1.0422979841e-40	3.5079577580e-33	9.5268625670e-39	3.5586537453e-36	7.2161982079e-21	2.0574524087e-30	1.4271432752e-07	2.1901175522e-06	3.9090193363e-05	1.3327244174e-47	2.2922808101e-06	5.0764154248e-31	0.0000000000e+00	2.4859150931e-162	9.3092096671e-114	2.4191052833e-116	4.0231900822e-128	1.0937929320e-140	1.3743515539e-145	4.0335108345e-114	2.9794360256e-115	6.4621821822e-93	1.2463971324e-146	7.2452911828e-143	3.8767769589e-174	4.2520161465e-161	2.9334676099e-107	4.4635929983e-107	3.8767769589e-174	3.8767769589e-174	3.8767769589e-174	3.8767769589e-174	3.8767769589e-174	3.8767769589e-174	3.8767769589e-174	3.8767769589e-174	1.5029020230e-127	1.1231844593e-131	1.2475378976e-109	3.8767769589e-174	3.8767769589e-174	3.8767769589e-174	3.8767769589e-174	3.8767769589e-174	3.8767769589e-174	3.8767769589e-174	3.8767769589e-174	3.8767769589e-174	3.8767769589e-174	3.8767769589e-174	1.7715647654e-45	1.9107983042e-47	1.0892341848e-58	4.7177774672e-86	2.5523565084e-33	1.2556218570e-62	9.4960113575e-01	2.0256583568e-28	3.2099274817e-38	2.4434430440e-03	4.0149012322e-04	7.8260862994e-31	8.0635245236e-43	4.0032804490e-69	1.2967738407e-107	2.1342782384e-06	1.9756857701e-49	1.8957787983e-114	1.3191261045e-140	7.1033458296e-173	1.4137278463e-58	1.4484322918e-108	7.9212883218e-39	1.1452479209e-42	6.1619968126e-109	4.2893064321e-129	3.9510941522e-115	4.4126924382e-125	3.8291660866e-129	3.8767769589e-174	3.8767769589e-174	3.8767769589e-174	3.8767769589e-174	3.8767769589e-174	3.8767769589e-174	3.8767769589e-174	3.8767769589e-174	3.8767769589e-174	3.8767769589e-174	3.8767769589e-174	3.8767769589e-174	3.8767769589e-174	3.8767769589e-174	3.8767769589e-174	3.8767769589e-174	5.5724475106e-115	3.8767769589e-174	3.8767769589e-174	3.8767769589e-174	3.8767769589e-174	3.8767769589e-174	3.8767769589e-174	3.8767769589e-174	2.1167220044e-48	3.8767769589e-174	3.8767769589e-174	3.8767769589e-174	3.8767769589e-174	6.0605438499e-49	4.8587997697e-165	7.7090394204e-150	3.8767769589e-174	3.8767769589e-174	3.8767769589e-174	3.6309667349e-17	9.3749253565e-08	1.0870958022e-08	2.4614938504e-40	3.8767769589e-174	1.1493833410e-42	3.8767769589e-174	2.2411611395e-27	6.9377740338e-156	9.3628575147e-13	1.9623015484e-07	1.5395275098e-41	4.6820711690e-161	4.6630836459e-148	4.0485839594e-130	3.0637617038e-110	7.9948291608e-14	3.0518825689e-08	1.3305613136e-16	5.6356532419e-26	1.2364251167e-05	7.7187167230e-35	6.9216155319e-32	1.9745416689e-36	3.1642203791e-54	5.3900558684e-113	5.7972008469e-130	5.8856999123e-133	7.7275915767e-22	2.0559778066e-25	3.7954897132e-05	3.0753040460e-31	1.9816781259e-12	9.5889668394e-43	1.0866757358e-54	3.2186060161e-05	3.7568380584e-79	1.3743515539e-145	5.1680398525e-81	2.5770978453e-120	5.5838896845e-40	1.1814727923e-36	6.6456075887e-46	1.9463702955e-79	1.7871403812e-34	2.6865396789e-41	8.1846740908e-61	7.7030803032e-54	5.4743753742e-121	3.3734004400e-107	3.6512345458e-38	1.2833737212e-10	8.3461639021e-52	7.4444600453e-62	1.0731742935e-22	5.7875434782e-30	1.6587156582e-21	2.5239260504e-28	1.2666850801e-30	1.8079810464e-43	3.5950057867e-16	3.1486755933e-07	2.2818066811e-11	6.3532706544e-16	5.1054164758e-28	2.8050253031e-25	2.8906998577e-23	3.9344177299e-29	3.0261820278e-27	1.6237119530e-23	7.5340854359e-31	4.9948553231e-31	9.2245020342e-35	3.9772747881e-15	2.2818066811e-11	2.0783666394e-27	2.4360448928e-36
9.9382850600e-02	3.9518655861e+02	3.5623104871e+18	1.8214848433e+18	2.1607558522e+00	5.4900264676e-174	1.8510401403e-26	4.7311786519e-02	6.7150064458e-63	8.3803843265e-62	1.5489285633e-44	5.9669750275e-38	2.1962172764e-42	1.1791375171e-39	2.2665062097e-22	7.3190200795e-33	1.4271488586e-07	2.1901265955e-06	3.9090330962e-05	1.0601721200e-51	2.2922888790e-06	4.4725323284e-34	0.0000000000e+00	7.4927457004e-161	3.0958755526e-107	1.0189901521e-109	6.2645291554e-123	7.7419990176e-137	3.4209247790e-142	3.2414445769e-107	1.3598320447e-108	1.0508940306e-83	1.2008721123e-143	4.0197398956e-139	5.4900264676e-174	2.5403415023e-159	3.6222359226e-100	1.6670147194e-99	5.4900264676e-174	5.4900264676e-174	5.4900264676e-174	5.4900264676e-174	5.4900264676e-174	5.4900264676e-174	5.4900264676e-174	5.4900264676e-174	8.1356833996e-122	2.6122735800e-126	8.5143635259e-102	5.4900264676e-174	5.4900264676e-174	5.4900264676e-174	5.4900264676e-174	5.4900264676e-174	5.4900264676e-174	5.4900264676e-174	5.4900264676e-174	5.4900264676e-174	5.4900264676e-174	5.4900264676e-174	4.3075754707e-50	6.6449709718e-52	6.8667156427e-64	1.7976324160e-93	1.5042402415e-36	1.9837531196e-68	9.4959919895e-01	3.9938506888e-31	1.1858602334e-41	2.4434510488e-03	4.0501151774e-04	4.6819169867e-33	4.5511683391e-47	1.4325590523e-75	2.2275066530e-117	3.7429511746e-07	4.9293633991e-54	6.9638802216e-125	5.0662839830e-153	5.4900264676e-174	3.7711582809e-64	1.0599422782e-118	1.1779503764e-42	2.4177370794e-46	6.4732165698e-101	2.3350902433e-123	3.0744635467e-108	5.3735391568e-119	5.9404837176e-124	5.4900264676e-174	5.4900264676e-174	5.4900264676e-174	5.4900264676e-174	5.4900264676e-174	5.4900264676e-174	5.4900264676e-174	5.4900264676e-174	5.4900264676e-174	5.4900264676e-174	5.4900264676e-174	5.4900264676e-174	5.4900264676e-174	5.4900264676e-174	5.4900264676e-174	5.4900264676e-174	1.1488016128e-107	5.4900264676e-174	5.4900264676e-174	5.4900264676e-174	5.4900264676e-174	5.4900264676e-174	5.4900264676e-174	5.4900264676e-174	1.5538466500e-52	5.4900264676e-174	5.4900264676e-174	5.4900264676e-174	5.4900264676e-174	1.9596225177e-53	1.5694391196e-162	1.2493344715e-145	5.4900264676e-174	5.4900264676e-174	5.4900264676e-174	1.6992145680e-18	9.3749583599e-08	1.0870996288e-08	4.5823161418e-44	5.4900264676e-174	1.4741364149e-46	5.4900264676e-174	1.9688894529e-29	1.8138264433e-153	8.7993654212e-14	1.9623169387e-07	1.3029109759e-44	1.0092236396e-158	3.3373198320e-144	3.0882331754e-124	4.7809947116e-102	2.3960884995e-14	3.0518933116e-08	1.1329157149e-17	7.9192239708e-28	1.2364294689e-05	7.6169688213e-38	3.4269981751e-34	5.6717037706e-39	3.0940468535e-58	8.6350967674e-106	7.2959343209e-125	5.4539280001e-128	1.0979006419e-23	4.7014344760e-27	3.7955030735e-05	5.3551133431e-34	6.4762880151e-13	1.0138203770e-46	1.8152422837e-59	3.2186173457e-05	4.7083943750e-87	3.4209247790e-142	1.1632841080e-89	1.4828929875e-113	1.0769182539e-43	5.8671509974e-39	2.3153256769e-48	1.4644442226e-82	2.9936073987e-37	2.0232400785e-44	2.0527405487e-65	6.4092892415e-57	2.7923465734e-114	6.8797672522e-99	2.1387103606e-43	1.7271518899e-12	5.3279934125e-59	8.4931614987e-70	2.3407458951e-26	2.8836635921e-34	9.1956431085e-25	2.3850547370e-32	1.7109980156e-34	3.0324163887e-48	2.7226651098e-18	3.1504013125e-07	3.9406082885e-13	1.1712799304e-17	8.7918583863e-32	1.3531568444e-28	4.1495210140e-28	1.7306964595e-36	4.7080468242e-32	1.8374819275e-27	7.8134526865e-36	9.5811790130e-36	1.2148943979e-40	2.2645028849e-16	3.9406082885e-13	5.3828389369e-31	1.4781424085e-40
6.3879510700e-02	3.5881673418e+02	2.5218059184e+18	1.2894519663e+18	2.1607572616e+00	7.7552326582e-174	2.7304876069e-29	4.7311817378e-02	1.3762787106e-69	3.3069134227e-68	7.0797243712e-49	2.1876851424e-43	1.7073255416e-46	1.3649670148e-43	4.5396364775e-24	1.2325078324e-35	1.4271499661e-07	2.1901284840e-06	3.9090356458e-05	2.4435976753e-56	2.2922903742e-06	1.5073395873e-37	0.0000000000e+00	3.4162629316e-159	6.8465109975e-100	2.9646781245e-102	4.4638374129e-117	1.7120755163e-132	2.3196880014e-138	2.0133853054e-99	4.5510971492e-101	2.7044257459e-73	2.6252853387e-140	6.4117803698e-135	7.7552326582e-174	2.3768124297e-157	3.5303395600e-92	5.7140232051e-91	7.7552326582e-174	7.7552326582e-174	7.7552326582e-174	7.7552326582e-174	2.5425053329e-168	7.7552326582e-174	5.1554704633e-156	7.7552326582e-174	2.4712402701e-115	3.0633191218e-120	6.1465948573e-93	7.7552326582e-174	7.7552326582e-174	7.7552326582e-174	7.7552326582e-174	7.7552326582e-174	7.7552326582e-174	7.7552326582e-174	7.7552326582e-174	7.7552326582e-174	7.7552326582e-174	7.7552326582e-174	2.5449519086e-55	5.8881328197e-57	8.9642423610e-70	7.3903522712e-102	3.3351505240e-40	5.5027074402e-75	9.4959883996e-01	3.4372781801e-34	1.5004446248e-45	2.4434526341e-03	4.0566403208e-04	1.4379569309e-35	6.8441826876e-52	7.1480213433e-83	2.0115737187e-128	4.8170278768e-08	2.9018225325e-59	1.0959147636e-136	4.6660417199e-167	7.7552326582e-174	1.8527395303e-70	3.7150063503e-130	5.2567750954e-47	1.6652237191e-50	7.5748811210e-92	7.0545220108e-117	1.8284859828e-100	4.0442249703e-112	4.1886375701e-118	7.7552326582e-174	7.7552326582e-174	7.7552326582e-174	7.7552326582e-174	7.7552326582e-174	7.7552326582e-174	7.7552326582e-174	7.7552326582e-174	7.7552326582e-174	7.7552326582e-174	7.7552326582e-174	7.7552326582e-174	7.7552326582e-174	7.7552326582e-174	7.7552326582e-174	7.7552326582e-174	2.0724721672e-99	7.7552326582e-174	7.7552326582e-174	7.7552326582e-174	7.7552326582e-174	7.7552326582e-174	7.7552326582e-174	7.7552326582e-174	3.3620635959e-57	7.7552326582e-174	7.7552326582e-174	7.7552326582e-174	7.7552326582e-174	1.5855195223e-58	1.0934902860e-159	7.4214887430e-141	7.7552326582e-174	7.7552326582e-174	7.7552326582e-174	5.2948388869e-20	9.3749644749e-08	1.0871003378e-08	3.2625771037e-48	7.7552326582e-174	5.9518114136e-51	7.7552326582e-174	9.1812053889e-32	9.8312011035e-151	6.0652633454e-15	1.9623190379e-07	4.4506666181e-48	4.2643012013e-156	7.5275300918e-140	1.3805784845e-117	8.7979899619e-93	6.3041248423e-15	3.0518953022e-08	7.1795391743e-19	6.2092059814e-30	1.2364302754e-05	2.9718698149e-41	8.3273956579e-37	7.4785364587e-42	9.0374062178e-63	1.1423428907e-97	4.0086667792e-119	2.1662053101e-122	8.8599946908e-26	6.5289920855e-29	3.7955055491e-05	4.1713447093e-37	1.8767803720e-13	3.1265467646e-51	7.0572383126e-65	3.2186194450e-05	5.4109727206e-96	2.3196880014e-138	1.9035653589e-99	6.1892390211e-106	6.4937083312e-48	1.4406551023e-41	3.8693963984e-51	4.6987786935e-86	2.1652861754e-40	6.0150416249e-48	1.3234538331e-70	2.2397254888e-60	1.0662152621e-106	1.7202972403e-89	2.3460672669e-49	1.2548551561e-14	3.3386320024e-67	7.7922182137e-79	1.4756445397e-30	3.6250973032e-39	1.7896516998e-28	6.0906719009e-37	6.5950013367e-39	1.1279233880e-53	1.0459776827e-20	3.1504283224e-07	3.7248606032e-15	1.2047103062e-19	4.5064642672e-36	2.2737801357e-32	1.1666163768e-33	6.2236480153e-45	1.5146800485e-37	5.8184681647e-32	1.6048395338e-41	3.5776276367e-41	2.3572267495e-47	8.8057496976e-18	3.7248606032e-15	4.1668535699e-35	2.2657420122e-45
4.1059316200e-02	3.2671202955e+02	1.7802024398e+18	9.1025456117e+17	2.1607574468e+00	1.0985937810e-173	2.5693964835e-32	4.7311821434e-02	9.7807558705e-77	4.7533115893e-75	1.6227801606e-53	3.2085974693e-49	6.9607814155e-51	8.4259227866e-48	6.9629185873e-26	1.3380951769e-38	1.4271501361e-07	2.1901288089e-06	3.9090359809e-05	2.7161788932e-61	2.2922905707e-06	2.8176128014e-41	0.0000000000e+00	1.9923839226e-157	4.7034600677e-92	2.7476714169e-94	7.8402683348e-111	7.4088068848e-128	2.8359851173e-134	4.1751024195e-91	4.9120747662e-93	3.5076161826e-62	9.4661343601e-137	1.9477816495e-130	1.0985937810e-173	2.9857368753e-155	1.1765317691e-83	7.3395547109e-82	1.0985937810e-173	1.0985937810e-173	1.2844777354e-169	1.0985937810e-173	8.2991508839e-149	4.7303365049e-162	9.9171593333e-135	1.0985937810e-173	2.0713349100e-108	9.3061584998e-114	1.7657017927e-83	1.0985937810e-173	7.4000436296e-167	1.0985937810e-173	1.0985937810e-173	1.0985937810e-173	1.0985937810e-173	1.0985937810e-173	1.0985937810e-173	1.0985937810e-173	1.0985937810e-173	1.0985937810e-173	6.5995348807e-61	2.3556463622e-62	4.6949423217e-76	8.3041033854e-111	4.1678762906e-44	5.4815536909e-82	9.4959879278e-01	1.8275976324e-37	1.0235448874e-49	2.4434528435e-03	4.0574978750e-04	3.0038539758e-38	4.7968631451e-57	1.1348961609e-90	3.2556594492e-140	5.3099569136e-09	7.4962701136e-65	2.7917642192e-149	1.0985937810e-173	1.0985937810e-173	3.3778047705e-77	2.1837864207e-142	1.1778675271e-51	5.9892991519e-55	3.6530464110e-82	5.8494128150e-110	3.6181353486e-92	8.9173750685e-105	7.2760365615e-112	1.0985937810e-173	1.0985937810e-173	1.0985937810e-173	1.0985937810e-173	1.0985937810e-173	1.0985937810e-173	1.0985937810e-173	1.0985937810e-173	1.0985937810e-173	1.0985937810e-173	1.0985937810e-173	1.0985937810e-173	1.0985937810e-173	1.0985937810e-173	1.0985937810e-173	1.0243496704e-156	1.3519535872e-90	1.0985937810e-173	1.0985937810e-173	1.0985937810e-173	8.4361585239e-156	1.0985937810e-173	7.4000436296e-167	1.0985937810e-173	3.5381426031e-62	1.0985937810e-173	1.0985937810e-173	1.0985937810e-173	1.0985937810e-173	5.7456926526e-64	1.1940259547e-156	9.4355381817e-136	1.0985937810e-173	1.0985937810e-173	1.0985937810e-173	1.2912529538e-21	9.3749652786e-08	1.0871004310e-08	1.3624904279e-52	1.0985937810e-173	1.2413666810e-55	1.0985937810e-173	2.9758269534e-34	8.2832141544e-148	3.5152366000e-16	1.9623192633e-07	8.9039260833e-52	2.6915569610e-153	3.3451769138e-135	1.7475229481e-110	6.8760290845e-83	1.5324392399e-15	3.0518955638e-08	3.8088329685e-20	3.4859380538e-32	1.2364303814e-05	6.7646153508e-45	1.3455682124e-39	6.3146855908e-45	1.3130540277e-67	5.3299300927e-89	5.3038474924e-113	2.0415396897e-116	5.1477947923e-28	6.8020539379e-31	3.7955058744e-05	2.0075109395e-40	5.0527401459e-14	4.5579769514e-56	1.1406117745e-70	3.2186197209e-05	1.5237659534e-105	2.8359851173e-134	6.7563885232e-110	8.4508077362e-98	2.0074252698e-52	2.3721944556e-44	4.2867475996e-54	9.6673701019e-90	9.5831661681e-44	1.0435263518e-51	3.8774753124e-76	4.7683817200e-64	1.3316150921e-98	1.8738048242e-79	9.4588771694e-56	6.1871679816e-17	5.1958547260e-76	1.5941508455e-88	4.4276715722e-35	1.9919311141e-44	1.8425069050e-32	7.1263757719e-42	1.2063693157e-43	1.7272211893e-59	2.6390968202e-23	3.1504287914e-07	2.4498995388e-17	8.7542270460e-22	1.1149551247e-40	2.0178927585e-36	1.2210338213e-39	4.8653803505e-54	1.8594610632e-43	8.3556545471e-37	1.2150988228e-47	5.0063960549e-47	1.4348238510e-54	2.7227022069e-19	2.4498995388e-17	1.5721892974e-39	1.5454669750e-50
2.6391364400e-02	2.9994051078e+02	1.2463772856e+18	6.3729864265e+17	2.1607574671e+00	1.5691230658e-173	2.4754271454e-35	4.7311821878e-02	7.4421167169e-84	7.2244429744e-82	3.8779248985e-58	4.7972874556e-55	2.8988372493e-55	5.2653838086e-52	1.0779373164e-27	1.4884479202e-41	1.4271501611e-07	2.1901288664e-06	3.9090360176e-05	3.1299311945e-66	2.2922905922e-06	5.1762755100e-45	0.0000000000e+00	1.1535547383e-155	3.1461946457e-84	2.4901881885e-86	1.3347138631e-104	3.1058207698e-123	3.3644208531e-130	8.1853567147e-83	4.9851776624e-85	4.1342061951e-51	3.4281594628e-133	5.9532607348e-126	1.5691230658e-173	3.8771525260e-153	3.7853271857e-75	9.1113425361e-73	1.5691230658e-173	1.5691230658e-173	1.7275152154e-152	1.9288751213e-167	2.3403791884e-129	1.2204846173e-143	1.6011425925e-113	1.4732583868e-157	1.6507526197e-101	2.6959475121e-107	4.6720823407e-74	2.4598408910e-159	3.2380175364e-149	1.5691230658e-173	1.5691230658e-173	1.5691230658e-173	1.5691230658e-173	1.5691230658e-173	1.5691230658e-173	1.5691230658e-173	1.5691230658e-173	1.5691230658e-173	1.8047673092e-66	9.9308738787e-68	2.6269372886e-82	1.0161703383e-119	5.3808840145e-48	5.7456421916e-89	9.4959878761e-01	1.0017052679e-40	7.2988172423e-54	2.4434528665e-03	4.0575918203e-04	6.4123518001e-41	3.5743525991e-62	1.9509996444e-98	5.8730693448e-152	6.1460031300e-10	2.0989494436e-70	8.2107168244e-162	1.5691230658e-173	1.5691230658e-173	6.5270078691e-84	1.4118780631e-154	2.8036316696e-56	2.2411956984e-59	1.6252332684e-72	4.5971399922e-103	6.7734566375e-84	1.8642661733e-97	1.2264209702e-105	1.5691230658e-173	1.5691230658e-173	1.5691230658e-173	1.5691230658e-173	1.5691230658e-173	1.5691230658e-173	1.5691230658e-173	1.5691230658e-173	1.5691230658e-173	1.5691230658e-173	1.5691230658e-173	1.5691230658e-173	1.5691230658e-173	1.5691230658e-173	3.5955870059e-165	4.8210640555e-138	8.3685418829e-82	1.5691230658e-173	1.5691230658e-173	1.5691230658e-173	1.1081760422e-136	1.3976878424e-163	3.2380175364e-149	6.7265756099e-164	3.8475418311e-67	1.5691230658e-173	1.5691230658e-173	1.5691230658e-173	1.5691230658e-173	2.1937411902e-69	1.2680625870e-153	1.1477414141e-130	1.5691230658e-173	1.5691230658e-173	1.5691230658e-173	3.1522112251e-23	9.3749653666e-08	1.0871004412e-08	5.5750030140e-57	1.5691230658e-173	2.7631270986e-60	1.5691230658e-173	9.9362488206e-37	6.9838744431e-145	2.0920758042e-17	1.9623192850e-07	1.8260901483e-55	1.6822359345e-150	1.4450130795e-130	2.1010011733e-103	4.9445823331e-73	3.7225999508e-16	3.0518955925e-08	2.0233607072e-21	2.0260747419e-34	1.2364303930e-05	1.6041130540e-48	2.2664952499e-42	5.5858558102e-48	2.0255921037e-72	2.4177940954e-80	6.8668488581e-107	1.8699659645e-110	3.0657667547e-30	7.2743070432e-33	3.7955059101e-05	9.7429835385e-44	1.3579374582e-14	6.5803835022e-61	1.8532232178e-76	3.2186197511e-05	4.6023455299e-115	3.3644208531e-130	2.6470966099e-120	1.1283916875e-89	6.5813982397e-57	4.1008322308e-47	5.0504635437e-57	2.2714251554e-93	4.3729751949e-47	1.8904982675e-55	1.2069717623e-81	1.0720756429e-67	1.5689390724e-90	1.8841051531e-69	3.8894582216e-62	2.9612183003e-19	8.2095090308e-85	3.3914583383e-98	1.3442665568e-39	1.1021460514e-49	1.8791260908e-36	8.4861660573e-47	2.2557182503e-48	2.7565648092e-65	6.5239974763e-26	3.1504288221e-07	1.6140933553e-19	6.4180228873e-24	2.7749151896e-45	1.7848237593e-40	1.2671462938e-45	3.6907215933e-63	2.2294062532e-49	1.1503554609e-41	8.8433856978e-54	7.0721153001e-53	8.6741751508e-62	8.4291554099e-21	1.6140933553e-19	6.0436127154e-44	1.0956459070e-55
1.6963363800e-02	2.7881968301e+02	8.6180965772e+17	4.4066121137e+17	2.1607574694e+00	2.2693170495e-173	4.1173337177e-38	4.7311821928e-02	2.0967589525e-90	3.7642007597e-88	2.1650501648e-62	2.0620514938e-60	2.5812813875e-59	6.7866354929e-56	2.2864223155e-29	2.8291753123e-44	1.4271501653e-07	2.1901288783e-06	3.9090360217e-05	8.7101044450e-71	2.2922905946e-06	1.7737526350e-48	0.0000000000e+00	5.0057695221e-154	5.6440649493e-77	5.9347493908e-79	7.8309851135e-99	5.7990964527e-119	1.9538885730e-126	3.7628089509e-75	1.2202974072e-77	6.6977018276e-41	7.1515024539e-130	8.9614160114e-122	2.2693170495e-173	3.8487302455e-151	2.8908566834e-67	2.4303849593e-64	2.2693170495e-173	2.2693170495e-173	1.1718416012e-136	1.1907007963e-152	2.1037133645e-111	1.1768055991e-126	5.7887275369e-94	2.0833096249e-141	3.8577483826e-95	2.4716544811e-101	2.2698400334e-65	1.1954210083e-143	6.5511048065e-133	3.1559359902e-171	2.2693170495e-173	7.5358542298e-163	2.2693170495e-173	2.2693170495e-173	2.2693170495e-173	2.2693170495e-173	2.2693170495e-173	2.2693170495e-173	1.3651380933e-71	1.1207337657e-72	4.6093749974e-88	6.2088649054e-128	1.4004112355e-51	2.0790109762e-95	9.4959878704e-01	9.9358213000e-44	1.1244565023e-57	2.4434528690e-03	4.0576022682e-04	2.1880749208e-43	6.9967066832e-67	1.3966818195e-105	8.8495648425e-163	9.2416328334e-11	1.7106215341e-75	2.4094058294e-173	2.2693170495e-173	2.2693170495e-173	4.2544223364e-90	8.0138570826e-166	1.6085994264e-60	1.8615793098e-63	1.2790434023e-63	1.0582218182e-96	2.9850864859e-76	1.0620815749e-90	7.1356960659e-100	2.2693170495e-173	2.2693170495e-173	2.2693170495e-173	2.2693170495e-173	5.9814964612e-145	2.2693170495e-173	2.2693170495e-173	2.2693170495e-173	2.2693170495e-173	2.2693170495e-173	2.2693170495e-173	2.2693170495e-173	2.2693170495e-173	2.2693170495e-173	3.0842846612e-150	8.7573384517e-121	1.1180652904e-73	2.2693170495e-173	7.0847907466e-160	2.2693170495e-173	4.9432435625e-119	7.0297669474e-148	6.5511048065e-133	1.6367302827e-148	9.9526750724e-72	2.2693170495e-173	2.2693170495e-173	2.2693170495e-173	2.2693170495e-173	2.2586671371e-74	7.7509387606e-151	5.5035578230e-126	2.2693170495e-173	2.2693170495e-173	2.2693170495e-173	1.0131540253e-24	9.3749653764e-08	1.0871004424e-08	4.0836923668e-61	2.2693170495e-173	1.4492214708e-64	1.1771300204e-171	5.2555393058e-39	3.5969511309e-142	1.5889194414e-18	1.9623192872e-07	7.1322421665e-59	6.5973140864e-148	2.7791586426e-126	7.1815490004e-97	6.0586652565e-64	9.8673552522e-17	3.0518955957e-08	1.3141917770e-22	1.8248621998e-36	1.2364303943e-05	7.4976037408e-52	6.5122933662e-45	8.8719943433e-51	7.6328442545e-77	2.5497947605e-72	3.2013503599e-101	6.1912092051e-105	2.7591512528e-32	1.1264205477e-34	3.7955059140e-05	8.2198525848e-47	3.9497247597e-15	2.1491196670e-65	8.0893104737e-82	3.2186197545e-05	7.6188802084e-124	1.9538885730e-126	6.8662815649e-130	3.8508456011e-82	5.0726064396e-61	1.2136840139e-49	1.0575224234e-59	1.1262279554e-96	3.6578605268e-50	6.7820681978e-59	1.0163859041e-86	4.6521941669e-71	4.4179426995e-83	3.1571640409e-60	5.0584623264e-68	2.0612581142e-21	6.2840048486e-93	4.1252882418e-107	9.5181778500e-44	1.5518038197e-54	3.8224371397e-40	2.4896796377e-51	1.0078518146e-52	1.2781897655e-70	2.4775836201e-28	3.1504288254e-07	1.5967033522e-21	7.0428751430e-26	1.5709456866e-49	3.1931478932e-44	3.8789573503e-51	1.4387799313e-71	7.4595363970e-55	3.5218487850e-46	1.8115165639e-59	3.0219902990e-58	1.8786138715e-68	3.3766919228e-22	1.5967033522e-21	5.3478059598e-48	2.0554079885e-60
1.0903404100e-02	2.6297545893e+02	5.8731311110e+17	3.0030541505e+17	2.1607574697e+00	3.3299432841e-173	1.7865596332e-40	4.7311821935e-02	5.8161121695e-96	1.7021315276e-93	5.3373524611e-66	5.7922392157e-65	8.8254920965e-63	3.1741780899e-59	8.4623665650e-31	1.3764156959e-46	1.4271501662e-07	2.1901288812e-06	3.9090360223e-05	1.1422448083e-74	2.2922905949e-06	1.8925423749e-51	0.0000000000e+00	1.3026297740e-152	9.7529437859e-71	1.3101340049e-72	6.9789200913e-94	2.6092411435e-115	3.2349384707e-123	1.3469416192e-68	2.4598570065e-71	3.3608444821e-32	5.5096548626e-127	3.7546108795e-118	3.3299432841e-173	2.2826317490e-149	1.7216862985e-60	4.2250765268e-57	3.3299432841e-173	3.3299432841e-173	4.0947686519e-123	5.1438599582e-140	4.4486988789e-96	3.5573135330e-112	2.6845002683e-77	1.2616866604e-127	1.0439922875e-89	3.0022300966e-96	5.6755037176e-58	3.0289578114e-130	5.8386845842e-119	9.9217069262e-160	3.3299432841e-173	7.4479527036e-151	3.3299432841e-173	3.3299432841e-173	3.3299432841e-173	3.3299432841e-173	3.3299432841e-173	3.3299432841e-173	6.1061485443e-76	7.0583339454e-77	5.9239624366e-93	6.2976806690e-135	1.2453872547e-54	6.6443602278e-101	9.4959878696e-01	2.7787956860e-46	6.6260084591e-61	2.4434528694e-03	4.0576036930e-04	1.6996306729e-45	7.3246285640e-71	1.2032694233e-111	5.4580731682e-172	2.1204546486e-11	8.8016333393e-80	3.3299432841e-173	3.3299432841e-173	3.3299432841e-173	2.3328407430e-95	3.3299432841e-173	4.2312009684e-64	6.2402103173e-67	4.8378157629e-56	2.8229780412e-91	1.0309169577e-69	6.1582178183e-85	6.3169382448e-95	3.3299432841e-173	1.1856425728e-162	7.7365158020e-161	1.6007874317e-155	3.4743357655e-120	3.3299432841e-173	3.3299432841e-173	3.3299432841e-173	3.3299432841e-173	3.3299432841e-173	3.3299432841e-173	3.3299432841e-173	3.3299432841e-173	4.2740635621e-163	1.9130810806e-137	5.1014944831e-106	9.9922771179e-67	3.3299432841e-173	2.5427322735e-136	7.8230372414e-166	5.7602658402e-104	1.7080828459e-134	5.8386845842e-119	2.2916828459e-135	1.1849747161e-75	3.3299432841e-173	3.3299432841e-173	3.3299432841e-173	3.5585012395e-167	1.3149951858e-78	1.8048025816e-148	5.1737186120e-122	3.3299432841e-173	3.3299432841e-173	3.3200975262e-161	5.3318364905e-26	9.3749653777e-08	1.0871004425e-08	9.7821856188e-65	3.3299432841e-173	3.3273468038e-68	7.5943783879e-160	6.1710045753e-41	7.6159770419e-140	1.8239912192e-19	1.9623192875e-07	8.6618392983e-62	1.1303969907e-145	1.2836579997e-122	2.6912410371e-91	3.3445519335e-56	3.0622794059e-17	3.0518955961e-08	1.2236429732e-23	3.4937136820e-38	1.2364303944e-05	1.1409395325e-54	4.6968651818e-47	3.8598194496e-53	1.3531821907e-80	2.0073633463e-65	2.4300763159e-96	3.3833590035e-100	5.0922353100e-34	3.3092815099e-36	3.7955059146e-05	1.8582059407e-49	1.3267215021e-15	3.0696077832e-69	2.0737801006e-86	3.2186197550e-05	2.5099100704e-131	3.2349384707e-123	4.8396409662e-138	1.1565156214e-75	1.7166316903e-64	9.0119291168e-52	5.8706588125e-62	1.8827224829e-99	8.8327559140e-53	7.9733419482e-62	4.8354126780e-91	6.2579141875e-74	1.0049515428e-76	2.2828043075e-52	5.1020457128e-73	2.8893041371e-23	8.0443804359e-100	1.1046260526e-114	3.0411071253e-47	1.1603202755e-58	2.7076812578e-43	3.6228697362e-55	2.1059840881e-56	3.8675020969e-75	2.0733053841e-30	3.1504288259e-07	3.2691599549e-23	1.5804239341e-27	3.8658484375e-53	2.0297140046e-47	8.3280317126e-56	1.0847526972e-78	1.6087708325e-59	4.7058579981e-50	2.4662493392e-64	9.3013600145e-63	4.0406878296e-74	2.1462935893e-23	3.2691599549e-23	2.0732035574e-51	2.1292991355e-64
7.0082928100e-03	2.5158438904e+02	3.9458742749e+17	2.0176453282e+17	2.1603343591e+00	4.9562724729e-173	2.4539633361e-42	4.7311236965e-02	2.5064394107e-100	1.0318316887e-97	4.9562724729e-173	1.5656874083e-68	1.5268966472e-65	7.0375830473e-62	6.1229367011e-32	2.0711225623e-48	1.4271325210e-07	2.1901018030e-06	3.9089876904e-05	9.6593937471e-78	2.2922622527e-06	8.0416726674e-54	0.0000000000e+00	1.8294625808e-151	9.9985406004e-66	1.6341003680e-67	6.4204721688e-90	2.1204853147e-112	1.1850236961e-120	2.2379219778e-63	2.4683571920e-66	2.6031389775e-25	1.2667306804e-124	3.3316653112e-115	4.9562724729e-173	7.1539671407e-148	4.7254137211e-55	2.7238116108e-51	4.9562724729e-173	4.9562724729e-173	2.5216227064e-112	5.7006125979e-130	6.5278699051e-84	1.0572507707e-100	4.1925717709e-64	1.0910147535e-116	2.1170302354e-85	3.2142584208e-92	4.0323087343e-52	1.3770135731e-119	7.5869880483e-108	1.5042894136e-150	4.9562724729e-173	3.2568364893e-141	4.9562724729e-173	4.9562724729e-173	4.9562724729e-173	4.9562724729e-173	4.9562724729e-173	4.9562724729e-173	2.3018602439e-79	3.4942221932e-80	8.2793061278e-97	1.8588632764e-140	4.8441372726e-57	2.9147666366e-105	9.4959941011e-01	2.6947601812e-48	1.9478883509e-63	2.4434226582e-03	4.0575537893e-04	3.5474319803e-47	5.7026542981e-74	2.0456441853e-116	4.9562724729e-173	7.9530311443e-12	4.0868752440e-83	4.9562724729e-173	4.9562724729e-173	4.9562724729e-173	1.6499427186e-99	4.9562724729e-173	6.8687283705e-67	1.1163456106e-69	4.7829286619e-50	5.6548069840e-87	1.6648168171e-64	2.2909597671e-80	5.7820065820e-91	4.9562724729e-173	2.6275068125e-145	2.3988403586e-143	1.1574972856e-137	1.3957286808e-100	4.9562724729e-173	4.9562724729e-173	4.9562724729e-173	4.9562724729e-173	4.9562724729e-173	4.8984372958e-169	5.4180258574e-152	4.9562724729e-173	4.4591020077e-137	3.1239400560e-127	2.9578700406e-94	3.4448994989e-61	4.9562724729e-173	1.2229195637e-117	9.5165665806e-157	5.2678653011e-92	6.8339142625e-124	7.5869880483e-108	6.4892548771e-125	8.8576112527e-79	4.9562724729e-173	4.9562724729e-173	4.9562724729e-173	5.5715574105e-150	6.1145311283e-82	1.3213309981e-146	6.8845269575e-119	4.9562724729e-173	4.9562724729e-173	8.3494457108e-144	5.0958739027e-27	9.3748494645e-08	1.0870870015e-08	1.1290554467e-67	4.9562724729e-173	4.4449040900e-71	1.9637689274e-150	1.8801468973e-42	5.4765284847e-138	3.4177559950e-20	1.9622950252e-07	4.1190328029e-64	7.1309441762e-144	1.0655900157e-119	7.0742258462e-87	4.4671176772e-50	1.1510467689e-17	3.0518578621e-08	1.7618988016e-24	4.9562724729e-173	7.8337656596e-110	4.5228609444e-161	6.4392297496e-153	4.9562724729e-173	4.9562724729e-173	4.3662812143e-164	4.9562724729e-173	4.9562724729e-173	1.4070498256e-139	4.9562724729e-173	3.7954589865e-05	1.3818423340e-51	5.3105455684e-16	2.6277505939e-72	4.5282161369e-90	3.2185799595e-05	3.0127983714e-137	1.1850236961e-120	1.7911595346e-144	4.9562724729e-173	2.1574592776e-171	4.9562724729e-173	4.9562724729e-173	4.9562724729e-173	4.8238732060e-159	2.4601797478e-168	4.9562724729e-173	4.9562724729e-173	4.9562724729e-173	2.3981264801e-150	6.0929133959e-77	9.5536259620e-25	3.0919851233e-105	1.2271116643e-120	5.9782137164e-50	6.5258733903e-62	8.7106361802e-46	3.6346933762e-58	2.8215645820e-59	1.1149524307e-78	4.5506256419e-32	3.1503898736e-07	1.6123141175e-24	8.3977354068e-29	5.6183093885e-56	5.9932784269e-50	1.8912808162e-59	2.9695409478e-84	3.3356290176e-63	3.7994221890e-53	3.3721858346e-68	3.1003578677e-66	1.4006020369e-78	2.3847622392e-24	1.6123141175e-24	4.7606685996e-54	1.7158274176e-67
4.5046636600e-03	2.4366463581e+02	2.6186928456e+17	1.3390171652e+17	2.1603343591e+00	7.4681641581e-173	1.0398523091e-43	4.7311236966e-02	1.5741685241e-103	7.9083835282e-101	7.4681641581e-173	3.8839009159e-71	1.2919919592e-67	7.1674118670e-64	8.5364515537e-33	9.3978395664e-50	1.4271325210e-07	2.1901018033e-06	3.9089876905e-05	5.0548514887e-80	2.2922622528e-06	1.3298547611e-55	0.0000000000e+00	1.4043661137e-150	6.4380378121e-62	1.2195400559e-63	6.3963604351e-87	3.2321584580e-110	9.9325929703e-119	1.8464627713e-59	1.3188522341e-62	3.4243416311e-20	8.8752624320e-123	6.4346940098e-113	7.4681641581e-173	1.1907542670e-146	6.3669857482e-51	6.9663082771e-47	7.4681641581e-173	1.9984391766e-171	3.1390608063e-104	1.8500343062e-122	7.8225438210e-75	3.6139545375e-92	2.6456071274e-54	1.5616412191e-108	3.4087731160e-82	3.2038852284e-89	8.8364795454e-48	1.2901089655e-111	1.6545961447e-99	1.2311724484e-143	7.4681641581e-173	7.0079899478e-134	1.2085601702e-167	7.4681641581e-173	4.3589482849e-166	7.4681641581e-173	7.4681641581e-173	7.4681641581e-173	6.9581370278e-82	1.2957396538e-82	1.1894238739e-99	1.4775187052e-144	7.9698498849e-59	1.6567174574e-108	9.4959941011e-01	8.8026450200e-50	2.7492576746e-65	2.4434226582e-03	4.0575538527e-04	1.9463612859e-48	3.1437739219e-76	6.3979292976e-120	7.4681641581e-173	4.7832988973e-12	1.6189514137e-85	7.4681641581e-173	7.4681641581e-173	7.4681641581e-173	1.4201296435e-102	7.4681641581e-173	6.5746942469e-69	1.0257984257e-71	1.3434570718e-45	9.0180567887e-84	1.3446657038e-60	5.8148684757e-77	5.7390266080e-88	7.4681641581e-173	2.4230644938e-132	2.6888968880e-130	2.1865183232e-124	5.0752365526e-86	7.4681641581e-173	7.4681641581e-173	7.4681641581e-173	7.4681641581e-173	7.4681641581e-173	6.5110842692e-151	3.2832314665e-133	3.4075714942e-156	9.4181322871e-118	1.5219520664e-119	1.9812855831e-85	4.9172606352e-57	1.8268902793e-161	1.0130453686e-103	5.8823257220e-150	4.4318285833e-83	5.1967857005e-116	1.6545961447e-99	4.2598628632e-117	3.9952814774e-81	3.5924439093e-168	7.4681641581e-173	7.4681641581e-173	4.4361374401e-137	2.1632411658e-84	3.1267153901e-145	1.3573160039e-116	7.4681641581e-173	7.4681641581e-173	8.4691739031e-131	8.7446630773e-28	9.3748494645e-08	1.0870870015e-08	6.6062151036e-70	7.4681641581e-173	3.2980222382e-73	2.2781190557e-143	1.4512738947e-43	1.3610606830e-136	1.0307573780e-20	1.9622950252e-07	7.4468412388e-66	1.6903228411e-142	1.6505474452e-117	1.3840341159e-83	1.5721466975e-45	5.2235504995e-18	3.0518578621e-08	3.8913561054e-25	7.4681641581e-173	1.4112736959e-107	2.0262463611e-160	7.3230971157e-152	7.4681641581e-173	7.4681641581e-173	1.2545064846e-157	7.4681641581e-173	7.4681641581e-173	2.5584215274e-138	7.4681641581e-173	3.7954589865e-05	3.3015223960e-53	2.5262158684e-16	1.3060499486e-74	8.0838508874e-93	3.2185799596e-05	1.2169257078e-141	9.9325929703e-119	3.1740128794e-149	7.4681641581e-173	4.3233843208e-171	7.4681641581e-173	7.4681641581e-173	7.4681641581e-173	2.5973192345e-158	8.6413683317e-168	7.4681641581e-173	7.4681641581e-173	7.2847535468e-170	1.7894255862e-143	8.1844022008e-80	7.3660541426e-26	3.3290355000e-109	5.2203153428e-125	6.9537783704e-52	2.6511915639e-64	1.2376208369e-47	2.4132665828e-60	2.3285033696e-61	2.9103976474e-81	2.5812798546e-33	3.1503898736e-07	1.8817159324e-25	1.0372416396e-29	4.6538834942e-58	7.9866404957e-52	4.3404747033e-62	2.7585405669e-88	6.3861349759e-66	1.8027649660e-55	4.4587119900e-71	1.0637530442e-68	7.4162917597e-82	4.5823840699e-25	1.8817159324e-25	6.2261679128e-56	1.0250551683e-69
2.8954262100e-03	2.3829377547e+02	1.7211332612e+17	8.8006769642e+16	2.1603343591e+00	1.1362762252e-172	1.1520496371e-44	4.7311236966e-02	9.7087325077e-106	5.2782568826e-103	1.1362762252e-172	6.3930825442e-73	4.2393912535e-69	2.6846143690e-65	2.0830416226e-33	1.0934473458e-50	1.4271325210e-07	2.1901018034e-06	3.9089876905e-05	1.2528069700e-81	2.2922622528e-06	7.0364631326e-57	0.0000000000e+00	6.4354060604e-150	3.8976147791e-59	8.2077073286e-61	9.5507536320e-85	1.1811713925e-108	2.3653931600e-117	1.1751891964e-56	5.7728420731e-60	1.3935414642e-16	2.2495115026e-121	3.3716439566e-111	1.1362762252e-172	1.1498470998e-145	6.5383339745e-48	1.1319469296e-43	1.1362762252e-172	3.6555198609e-167	1.9603441017e-98	4.1392593255e-117	2.1754725737e-68	3.8428994915e-86	2.1287923970e-47	9.4836431763e-103	6.3227116308e-80	4.2148920153e-87	9.9676573803e-45	6.1693912050e-106	1.5439762883e-93	1.1674009863e-138	1.1362762252e-172	1.6076991638e-128	3.3169445769e-163	1.1362762252e-172	2.0125924193e-157	1.1362762252e-172	1.1362762252e-172	1.1362762252e-172	1.2409781736e-83	2.6749005723e-84	1.2456788453e-101	1.9479001411e-147	4.4865112266e-60	8.3789532588e-111	9.4959941011e-01	8.0986297596e-51	1.4777578198e-66	2.4434226582e-03	4.0575538627e-04	2.4360780048e-49	9.1863021541e-78	2.3961085626e-122	1.1362762252e-172	4.2865747686e-12	3.9797885648e-87	1.1362762252e-172	1.1362762252e-172	1.1362762252e-172	1.0300505621e-104	1.1362762252e-172	2.8524384121e-70	3.8058361128e-73	1.8104375375e-42	1.6608827081e-81	8.4288594392e-58	1.4938556795e-74	8.5470274684e-86	1.1362762252e-172	4.0840316446e-123	4.8904245734e-121	5.0889888495e-115	9.2109335534e-76	1.1362762252e-172	1.1362762252e-172	1.1362762252e-172	2.9024050225e-168	1.1362762252e-172	4.7705117844e-138	6.2778587533e-120	1.9172168288e-143	3.8787407986e-104	5.1768864748e-114	4.1287371431e-79	4.6344347060e-54	6.5204563352e-153	7.2394567423e-94	4.0136226661e-145	9.5721539696e-77	1.8854442410e-110	1.5439762883e-93	1.5786691491e-111	8.3574469476e-83	1.2639363677e-159	1.1362762252e-172	1.1362762252e-172	7.6438328666e-128	4.3178387743e-86	2.8254877750e-144	5.2536558490e-115	1.1362762252e-172	1.1362762252e-172	1.5284757526e-121	2.4746179797e-28	9.3748494646e-08	1.0870870015e-08	1.5883457195e-71	3.5563397767e-170	1.0527592846e-74	2.6089335929e-138	2.4725843969e-44	1.3616131362e-135	4.6586152541e-21	1.9622950252e-07	4.2090692606e-67	1.7366375333e-141	6.1019160759e-116	2.9514795464e-81	2.4895868882e-42	2.7853585023e-18	3.0518578621e-08	1.2389770950e-25	1.1362762252e-172	5.8128334309e-106	6.7281735870e-160	4.7388827294e-151	1.1362762252e-172	1.1362762252e-172	5.9887803377e-153	1.1362762252e-172	1.1362762252e-172	2.1743283910e-137	1.1362762252e-172	3.7954589865e-05	2.1382317596e-54	1.3932146631e-16	2.9222015123e-76	8.6942664078e-95	3.2185799596e-05	9.8732249790e-145	2.3653931600e-117	1.5229439708e-152	1.1362762252e-172	8.6023470304e-171	1.1362762252e-172	1.1362762252e-172	1.1362762252e-172	9.2330479274e-158	2.2637950497e-167	1.1362762252e-172	1.1362762252e-172	1.3835428609e-165	1.3119002580e-138	8.6815465039e-82	1.1735909999e-26	6.1710395768e-112	4.9842984216e-128	3.6874083316e-53	5.8309458340e-66	6.2607354083e-49	8.0404427458e-62	9.0667962382e-63	4.9748073056e-83	3.3019457293e-34	3.1503898736e-07	4.5827997042e-26	2.6316141770e-30	1.7047074119e-59	3.8591794571e-53	7.1885636891e-64	5.2093963973e-91	8.1825592707e-68	3.8978138557e-57	4.1109240206e-73	2.6690938528e-70	4.0347776632e-84	1.4061884425e-25	4.5827997042e-26	3.5915280371e-57	3.3778615248e-71
1.8610696800e-03	2.3471539230e+02	1.1231448165e+17	5.7429804751e+16	2.1603343591e+00	1.7412561375e-172	2.6932726308e-45	4.7311236966e-02	3.5308020514e-107	1.8930122326e-104	1.7412561375e-172	4.5808716071e-74	3.9892357213e-70	2.7679307063e-66	7.8530636170e-34	2.6443159481e-51	1.4271325211e-07	2.1901018035e-06	3.9089876905e-05	1.0396920977e-82	2.2922622527e-06	9.2062181106e-58	0.0000000000e+00	1.9745170066e-149	3.7535174297e-57	8.5055182603e-59	3.2614050119e-83	1.4228423583e-107	2.1188603080e-116	1.0213826000e-54	3.6169057687e-58	3.8106360825e-14	2.5838147343e-120	6.4005274192e-110	1.7412561375e-172	7.2578195257e-145	9.0737085039e-46	2.1576662630e-41	1.7412561375e-172	3.4721589612e-164	1.9983407798e-94	1.9368800462e-113	5.4315998659e-64	4.6083679430e-82	9.6640030060e-43	8.2650993414e-99	2.1876237715e-78	1.1498065669e-85	1.1222293572e-42	4.8829224563e-102	2.0780063619e-89	3.4607067667e-135	1.7412561375e-172	1.0788421891e-124	4.4686940318e-160	1.7412561375e-172	2.2696241397e-151	1.7412561375e-172	1.7412561375e-172	1.7412561375e-172	8.7854528230e-85	2.0952074801e-85	6.1029173166e-103	2.2759904747e-149	6.5675512000e-61	2.3164627467e-112	9.4959941011e-01	1.6653356667e-51	2.2437138481e-67	2.4434226582e-03	4.0575538439e-04	5.7874392395e-50	9.7990679519e-79	6.1721393526e-124	1.7412561375e-172	5.2265824237e-12	4.0344137694e-88	1.7412561375e-172	1.7412561375e-172	1.7412561375e-172	3.9132166966e-106	1.7412561375e-172	3.9996691406e-71	4.1756601273e-74	2.3052938761e-40	5.7179086046e-80	7.2490132650e-56	6.4743582774e-73	2.9134781012e-84	1.7412561375e-172	8.5710701094e-117	1.0101385239e-114	1.0870624783e-108	7.6048227525e-69	1.7412561375e-172	1.7412561375e-172	1.7412561375e-172	7.0352250257e-160	1.2880841031e-170	2.8661726124e-129	6.3858066602e-111	7.8157396381e-135	5.8498385940e-95	3.7133429789e-110	9.6862784186e-75	5.2848739608e-52	5.0100010821e-147	3.5977454898e-87	8.2590988988e-142	2.0070244256e-72	1.0751224653e-106	2.0780063619e-89	1.0473555928e-107	5.7606192909e-84	1.1810370757e-153	1.7412561375e-172	1.7412561375e-172	1.8681627830e-121	3.3041977140e-87	1.2091185255e-143	5.7428473969e-114	6.9082844274e-171	1.7412561375e-172	3.3634078744e-115	1.0333358588e-28	9.3748494645e-08	1.0870870015e-08	1.1455917630e-72	3.0645056287e-167	1.0423064500e-75	8.2393811316e-135	7.7881171619e-45	6.7046762863e-135	2.8811092602e-21	1.9622950252e-07	5.7697695086e-68	9.3141442753e-141	7.4094740797e-115	1.1246665665e-79	3.5441881802e-40	1.6839694685e-18	3.0518578621e-08	5.2433034527e-26	1.7412561375e-172	7.6061156880e-105	1.7691184084e-159	1.9770024823e-150	1.7412561375e-172	1.7412561375e-172	1.1825923857e-149	1.7412561375e-172	1.7412561375e-172	1.0228419102e-136	1.7412561375e-172	3.7954589865e-05	3.0074188571e-55	8.6215412295e-17	2.1081121764e-77	3.7799682128e-96	3.2185799596e-05	8.2429805880e-147	2.1188603080e-116	9.4732805437e-155	1.7412561375e-172	1.7000717643e-170	1.7412561375e-172	1.7412561375e-172	1.7412561375e-172	2.3766001736e-157	4.7192693234e-167	1.7412561375e-172	1.7412561375e-172	1.1758542978e-162	2.6499980647e-135	4.5898708157e-83	3.2913999507e-27	1.0451279109e-113	5.3383030178e-130	6.3549887709e-54	4.7676579543e-67	8.5046619608e-50	9.3836450761e-63	1.1787036022e-63	3.6608835220e-84	7.9565382034e-35	3.1503898736e-07	1.9771946699e-26	1.1681282608e-30	1.9835544289e-60	5.0788249142e-54	5.5353716797e-65	1.0236315922e-92	4.6009635866e-69	2.7450062932e-58	1.7186682532e-74	3.1423180076e-71	1.3435039398e-85	6.2104235341e-26	1.9771946699e-26	6.5615344408e-58	4.1917661644e-72
1.1962247000e-03	2.3236013503e+02	7.2923220431e+16	3.7287856826e+16	2.1603343591e+00	2.6818382313e-172	1.0850869817e-45	4.7311236965e-02	4.6786845554e-108	2.3123407830e-105	2.6818382313e-172	9.5907927228e-75	8.0919896429e-71	5.9714664748e-67	4.0652652899e-34	1.0899868653e-51	1.4271325211e-07	2.1901018035e-06	3.9089876905e-05	2.0820402696e-83	2.2922622527e-06	2.3318389818e-58	0.0000000000e+00	4.5218516071e-149	9.4595945761e-56	2.2523802286e-57	3.7986490752e-82	7.6327292087e-107	9.3064954764e-116	2.0796199325e-53	5.4948898645e-57	1.4563590969e-12	1.6657739354e-119	5.7926161189e-109	2.6818382313e-172	3.3571229342e-144	2.9262053866e-44	8.6207350110e-40	2.6818382313e-172	3.8168621098e-162	1.0143615258e-91	5.4085009777e-111	4.3698832406e-61	2.1031631091e-79	1.0079608874e-39	3.2675867768e-96	2.2260842792e-77	9.9654093063e-85	2.3562754129e-41	1.9443298694e-99	1.2724342676e-86	8.2019900371e-133	2.6818382313e-172	5.5089206890e-122	6.6846785124e-158	2.6818382313e-172	3.1889220732e-147	2.6818382313e-172	2.6818382313e-172	2.6818382313e-172	1.6984562854e-85	4.3366661345e-86	9.2031075547e-104	1.3042399630e-150	1.9292062336e-61	2.2089495912e-113	9.4959941011e-01	6.1534714303e-52	7.2596803569e-68	2.4434226582e-03	4.0575537890e-04	2.1936479218e-50	2.6847978078e-79	6.4805319106e-125	2.6818382313e-172	7.9690887833e-12	1.1477696215e-88	2.6818382313e-172	2.6818382313e-172	2.6818382313e-172	4.9696513722e-107	2.6818382313e-172	1.3180554830e-71	1.0096826500e-74	5.2597295461e-39	5.7985906593e-79	1.4655157213e-54	7.6697451770e-72	3.3893800649e-83	9.2494964140e-172	1.3729740888e-112	1.4896037583e-110	1.4199420676e-104	2.3023079197e-64	2.6818382313e-172	2.6818382313e-172	2.6818382313e-172	2.7805048256e-154	3.4768169237e-165	1.8100347654e-123	4.9823446323e-105	3.0614735846e-129	5.1561932011e-89	1.5979736842e-107	8.6306747492e-72	1.2925880315e-50	4.3776025242e-143	8.9293701311e-83	1.3245012269e-139	1.4353318636e-69	2.9712233172e-104	1.2724342676e-86	3.7019587852e-105	9.4710421501e-85	1.4615920328e-149	2.6818382313e-172	5.8902911014e-170	3.8303327854e-117	6.7322977356e-88	3.0014690830e-143	2.4984952421e-113	8.3507727502e-162	2.6818382313e-172	5.5630347427e-111	5.7306736091e-29	9.3748494645e-08	1.0870870015e-08	1.8282734938e-73	2.9369113313e-165	2.3528921088e-76	1.8974995169e-132	3.8379572431e-45	1.9676320974e-134	2.2387164104e-21	1.9622950252e-07	1.5087722639e-68	3.1097648933e-140	3.9963150430e-114	1.2214874793e-78	8.7185848458e-39	1.1158121266e-18	3.0518578621e-08	2.7308134941e-26	2.6818382313e-172	4.3145687421e-104	3.9230517469e-159	5.9870254466e-150	2.6818382313e-172	2.6818382313e-172	2.2894128890e-147	2.6818382313e-172	2.6818382313e-172	3.1258436848e-136	2.6818382313e-172	3.7954589865e-05	7.4463875795e-56	5.8031745001e-17	3.5726815702e-78	4.5518468227e-97	3.2185799595e-05	3.7642012950e-148	9.3064954764e-116	3.8122440430e-156	2.6818382313e-172	3.3413702389e-170	2.6818382313e-172	2.6818382313e-172	2.6818382313e-172	4.8342140591e-157	8.3269071222e-167	2.6818382313e-172	2.6818382313e-172	1.0382570636e-160	3.9059119163e-133	7.8264461359e-84	1.3948411452e-27	8.8800909422e-115	3.3299879968e-131	2.5856363931e-54	1.0154501377e-67	2.3744783900e-50	2.7308552154e-63	3.6895596254e-64	7.8056447388e-85	3.0436488563e-35	3.1503898736e-07	1.2942420768e-26	7.7950532861e-31	5.3607487929e-61	1.3879846949e-54	1.3070200858e-65	1.1098318709e-93	7.6086926508e-70	4.5762681075e-59	2.1650456188e-75	1.1413324394e-71	1.6764214438e-86	3.5770139402e-26	1.2942420768e-26	2.7770060228e-58	1.3667346984e-72
7.6888766900e-04	2.3082257988e+02	4.7184493715e+16	2.4126864332e+16	2.1603343593e+00	4.1447574215e-172	6.3923191464e-46	4.7311236966e-02	1.5287084930e-108	6.6448816219e-106	4.1447574215e-172	4.2448862385e-75	2.8062711778e-71	2.1572844514e-67	2.6258843797e-34	6.5193045520e-52	1.4271325211e-07	2.1901018035e-06	3.9089876905e-05	7.7116559318e-84	2.2922622528e-06	9.3697528963e-59	0.0000000000e+00	8.4424787154e-149	9.3487584071e-55	2.3004157181e-56	2.0877970923e-81	2.3277608849e-106	2.4854018649e-115	1.5373193142e-52	3.1048116903e-56	1.4092723145e-11	7.1738439841e-119	3.1246632071e-108	4.1447574215e-172	1.2493918908e-143	3.4061490533e-43	1.1568162510e-38	4.1447574215e-172	9.3093024336e-161	6.3409197648e-90	2.1107286087e-109	3.1959061940e-59	9.8009328119e-78	7.5478645165e-38	1.4911084744e-94	9.6401277626e-77	3.8793623346e-84	1.5320657929e-40	9.6039580249e-98	9.0090646957e-85	3.3313021546e-131	4.1447574215e-172	4.6555033727e-120	2.1549246582e-156	4.1447574215e-172	2.0968164004e-144	4.1447574215e-172	4.1447574215e-172	4.1447574215e-172	6.6201685195e-86	1.7686528359e-86	3.0418214558e-104	2.2678112006e-151	9.2151285119e-62	4.9997384981e-114	9.4959941012e-01	3.4229150147e-52	3.9828981633e-68	2.4434226582e-03	4.0575536645e-04	1.1521005363e-50	1.4208442604e-79	1.8143711284e-125	4.1447574215e-172	1.4197209327e-11	6.7087841370e-89	4.1447574215e-172	4.1447574215e-172	4.1447574215e-172	1.4654805641e-107	4.1447574215e-172	7.8850382232e-72	4.2384474798e-75	3.6139224768e-38	2.5053636116e-78	1.0782608744e-53	3.6740016767e-71	1.8613953405e-82	2.6856024549e-169	7.3140278800e-110	6.9728367899e-108	5.2851270294e-102	1.3899003896e-61	4.1447574215e-172	4.1447574215e-172	4.1447574215e-172	1.2439546985e-150	1.1211137073e-161	9.5253143218e-120	2.6001698339e-101	9.3879308572e-126	2.5146872205e-85	9.6435569139e-106	7.8383797415e-70	1.0792057898e-49	1.6800278390e-140	5.4821875543e-80	3.5769283840e-138	9.7083517451e-68	9.9253582365e-103	9.0090646957e-85	1.6894529279e-103	2.8570176800e-85	8.8337396789e-147	4.1447574215e-172	2.1992381477e-167	2.7892328882e-114	2.7171555837e-88	5.0949431699e-143	5.7143560532e-113	6.6299298351e-156	4.1447574215e-172	3.0272194455e-108	3.8746150259e-29	9.3748494646e-08	1.0870870015e-08	5.0517619705e-74	6.0724116598e-164	9.4388720438e-77	7.0212092080e-131	2.5846834241e-45	4.0219594293e-134	2.0397863802e-21	1.9622950252e-07	6.1933212783e-69	7.4571529148e-140	1.2231463109e-113	5.5235180009e-78	6.2973716442e-38	7.8823939848e-19	3.0518578621e-08	1.6441470739e-26	4.1447574215e-172	1.3655066056e-103	7.7229383993e-159	1.4494988795e-149	4.1447574215e-172	4.1447574215e-172	8.7573967178e-146	4.1447574215e-172	4.1447574215e-172	7.0682445027e-136	4.1447574215e-172	3.7954589865e-05	2.7366209108e-56	4.1424886911e-17	1.0994474688e-78	1.1165458421e-97	3.2185799596e-05	5.6291558663e-149	2.4854018649e-115	5.6472863671e-157	4.1447574215e-172	6.5403610073e-170	4.1447574215e-172	4.1447574215e-172	4.1447574215e-172	8.3425969378e-157	1.3076226165e-166	4.1447574215e-172	4.1447574215e-172	1.8868772017e-159	9.2594459566e-132	3.0226834588e-84	7.8875612791e-28	2.3264582389e-115	7.1069469075e-132	1.9161165733e-54	4.2201199885e-68	1.0964288134e-50	1.5040420981e-63	2.1327821641e-64	3.4972023334e-85	1.6080358230e-35	3.1503898736e-07	1.1333997685e-26	6.9143129916e-31	2.6094519054e-61	6.3187303375e-55	6.7484098978e-66	3.9655708383e-94	2.6728235492e-70	1.3929270081e-59	5.8932753441e-76	9.1011116282e-72	5.2619319744e-87	2.4800181618e-26	1.1333997685e-26	2.1125311323e-58	8.7448168800e-73
4.9421170500e-04	2.2982426853e+02	3.0460135775e+16	1.5575192303e+16	2.1603343599e+00	6.4204664735e-172	4.8728510021e-46	4.7311236968e-02	9.2124437400e-109	3.4114852275e-106	6.4204664735e-172	3.1218855477e-75	1.4002666576e-71	1.1056987711e-67	1.9709543881e-34	5.0193641040e-52	1.4271325212e-07	2.1901018037e-06	3.9089876907e-05	4.3348666921e-84	2.2922622529e-06	5.1494649749e-59	0.0000000000e+00	1.3722840891e-148	4.8955930113e-54	1.2309389918e-55	6.8940418625e-81	4.8397298937e-106	4.7362610807e-115	5.7155618628e-52	8.9689149511e-56	5.3713847247e-11	2.3495089543e-118	1.1863900434e-107	6.4204664735e-172	4.0114016635e-143	1.9859571473e-42	7.4047944056e-38	6.4204664735e-172	8.1756743221e-160	9.5739184393e-89	2.1680372048e-108	4.5951234710e-58	9.7163458652e-77	9.4686986036e-37	1.5730406056e-93	2.3385521362e-76	8.7749216978e-84	4.4979860075e-40	1.1514985652e-96	1.4761266609e-83	4.0889629478e-130	6.4204664735e-172	1.1609697111e-118	2.4522215014e-155	6.4204664735e-172	1.7271831382e-142	6.4204664735e-172	6.4204664735e-172	6.4204664735e-172	4.1517669299e-86	1.1426646176e-86	1.7119402040e-104	8.3722874349e-152	6.1213561177e-62	2.0340641656e-114	9.4959941013e-01	2.5128794101e-52	3.1262387685e-68	2.4434226584e-03	4.0575533866e-04	7.5491818408e-51	1.1751260415e-79	9.8796790976e-126	6.4204664735e-172	2.8104875630e-11	6.3899695964e-89	6.4204664735e-172	6.4204664735e-172	6.4204664735e-172	7.6524872066e-108	6.4204664735e-172	7.0679135097e-72	2.5865853334e-75	1.1001518976e-37	6.0684791386e-78	3.9964581129e-53	9.5228064563e-71	6.1432934612e-82	1.1111975954e-167	3.8722379777e-108	3.1431441805e-106	1.7607114525e-100	5.8953038197e-60	6.4204664735e-172	6.4204664735e-172	6.4204664735e-172	2.6624922449e-148	1.7939058881e-159	1.9483798609e-117	4.5440945771e-99	1.0726215849e-123	3.6112463252e-83	1.5350808879e-104	1.5123658008e-68	4.3461322633e-49	7.7380655397e-139	2.7368319657e-78	2.8851930970e-137	1.3261194374e-66	7.9082952890e-102	1.4761266609e-83	1.9230702035e-102	1.3008962455e-85	6.8848827008e-145	6.4204664735e-172	1.1580112643e-165	2.1104692487e-112	1.7434650774e-88	6.6834370069e-143	8.4498073895e-113	3.6509349502e-152	6.4204664735e-172	1.6252369255e-106	2.9966887976e-29	9.3748494651e-08	1.0870870015e-08	2.0189157262e-74	4.4353996456e-163	5.5918368417e-77	7.5146469229e-130	2.1512821077e-45	6.4314482086e-134	2.0703735336e-21	1.9622950253e-07	3.4520401603e-69	1.4285627624e-139	2.5490923271e-113	1.3785183269e-77	1.9809568556e-37	5.8156734094e-19	3.0518578623e-08	1.0922247413e-26	6.4204664735e-172	2.9089996134e-103	1.4023026208e-158	3.0148183731e-149	6.4204664735e-172	6.4204664735e-172	1.1149575938e-144	6.4204664735e-172	6.4204664735e-172	1.3028687001e-135	6.4204664735e-172	3.7954589867e-05	1.3147832137e-56	3.0773402074e-17	5.0717642143e-79	4.4382911079e-98	3.2185799598e-05	1.8822871888e-149	4.7362610807e-115	2.0248254074e-157	6.4204664735e-172	1.2765087159e-169	6.4204664735e-172	6.4204664735e-172	6.4204664735e-172	1.2877710860e-156	1.8972736404e-166	6.4204664735e-172	6.4204664735e-172	1.1735371097e-158	6.3551034360e-131	2.0327739414e-84	5.4248599250e-28	1.3083434699e-115	3.4936875539e-132	2.1325604321e-54	2.7602091389e-68	7.1226781747e-51	1.2768629043e-63	1.8690690022e-64	2.5928075850e-85	1.0577125253e-35	3.1503898738e-07	1.2091997468e-26	7.4390929919e-31	1.8933739012e-61	4.0667179970e-55	5.9242707876e-66	3.1822430037e-94	1.5654498189e-70	6.3793226903e-60	2.7059276803e-76	1.2371456962e-71	3.0881775013e-87	1.9499845482e-26	1.2091997468e-26	2.3919428978e-58	8.8384779065e-73
3.1766045900e-04	2.2917838158e+02	1.9633792880e+16	1.0039354453e+16	2.1603343607e+00	9.9607998174e-172	4.4097329166e-46	4.7311236971e-02	8.3439724593e-109	2.5772167145e-106	9.9607998174e-172	3.2193621762e-75	8.9017129302e-72	7.1529936709e-68	1.6348835486e-34	4.5718749253e-52	1.4271325212e-07	2.1901018038e-06	3.9089876909e-05	3.2166078936e-84	2.2922622530e-06	3.4861775897e-59	0.0000000000e+00	2.0340244672e-148	1.6797053633e-53	4.2832839604e-55	1.6216687783e-80	7.7975242868e-106	7.2095998714e-115	1.3448341209e-51	1.6576753203e-55	1.1011540054e-10	6.4125158034e-118	3.5654443483e-107	9.9607998174e-172	1.1672671741e-142	7.3079806566e-42	2.8957326798e-37	9.9607998174e-172	3.6377555111e-159	5.6143878244e-88	9.1583581488e-108	2.2376208806e-57	3.4382484278e-76	3.6165765484e-36	6.2604046859e-93	3.8573449819e-76	1.3828848640e-83	7.7789134590e-40	5.3801290950e-96	9.1300700304e-83	2.2628922692e-129	9.9607998174e-172	1.2847113546e-117	1.3952029848e-154	9.9607998174e-172	3.5692518456e-141	9.9607998174e-172	9.9607998174e-172	9.9607998174e-172	3.5733403893e-86	1.0027057874e-86	1.3730902316e-104	5.1018856054e-152	5.0643776202e-62	1.2226246739e-114	9.4959941016e-01	2.2189667036e-52	3.1143614950e-68	2.4434226585e-03	4.0575527553e-04	5.7315167636e-51	1.3082012288e-79	8.3762509957e-126	9.9607998174e-172	5.9676684144e-11	8.4233869085e-89	9.9607998174e-172	9.9607998174e-172	9.9607998174e-172	5.8453541844e-108	9.9607998174e-172	8.2919458586e-72	2.0249245139e-75	1.9480778579e-37	9.9998363992e-78	9.3844683003e-53	1.6400111318e-70	1.4445894899e-81	1.2568541248e-166	4.4089544234e-107	2.9838685666e-105	1.1766555782e-99	4.2694656548e-59	9.9607998174e-172	9.9607998174e-172	9.9607998174e-172	7.5332954990e-147	3.8880909278e-158	4.5883376637e-116	8.2796096065e-98	1.3718375626e-122	4.9633470643e-82	1.0063477337e-103	1.0405518436e-67	1.0772758790e-48	8.6903303484e-138	2.5710729037e-77	1.0411735960e-136	6.2454868181e-66	2.4270821185e-101	9.1300700304e-83	8.6859870969e-102	7.7911886491e-86	1.3723943139e-143	9.9607998174e-172	1.6552821778e-164	3.5374890643e-111	1.5230975559e-88	7.3850755451e-143	9.3467272541e-113	7.3494687366e-150	9.9607998174e-172	1.8674337384e-105	2.5347020916e-29	9.3748494656e-08	1.0870870016e-08	1.0297738816e-74	1.6205704012e-162	4.2939877862e-77	3.5217983118e-129	2.0615931484e-45	8.7332483094e-134	2.2579046943e-21	1.9622950254e-07	2.3586512616e-69	2.3567132137e-139	4.1132846996e-113	2.3162765001e-77	3.5835073854e-37	4.4168224287e-19	3.0518578624e-08	7.7468806981e-27	9.9607998174e-172	4.7617312001e-103	2.4128347476e-158	5.6673970074e-149	9.9607998174e-172	9.9607998174e-172	6.8249379645e-144	9.9607998174e-172	9.9607998174e-172	2.0960568383e-135	9.9607998174e-172	3.7954589869e-05	7.5502984807e-57	2.3475888915e-17	3.0633102296e-79	2.4329169401e-98	3.2185799599e-05	1.0753546945e-149	7.2095998714e-115	1.3075247930e-157	9.9607998174e-172	2.4865099749e-169	9.9607998174e-172	9.9607998174e-172	9.9607998174e-172	1.8455697346e-156	2.6115818425e-166	9.9607998174e-172	9.9607998174e-172	3.5749831272e-158	1.9113395316e-130	1.9775251932e-84	4.2506229336e-28	1.2234330078e-115	2.9928221108e-132	3.1112962921e-54	2.4415478104e-68	5.8076545969e-51	1.4458272628e-63	2.1606636725e-64	2.6878866434e-85	8.0502297119e-36	3.1503898739e-07	1.4712654353e-26	9.1011702683e-31	1.7919585582e-61	3.2958176393e-55	7.4048642817e-66	4.3759126332e-94	1.2885711160e-70	3.8349243724e-60	1.7597786514e-76	2.3984322914e-71	2.7491109596e-87	1.6671871484e-26	1.4712654353e-26	3.5290568079e-58	1.2110280404e-72
2.0418004300e-04	2.2876147244e+02	1.2642853397e+16	6.4646748250e+15	2.1603343610e+00	1.5468682139e-171	4.4670980711e-46	4.7311236968e-02	9.8787914882e-109	2.5098528838e-106	1.5468682139e-171	4.1461162965e-75	6.6357940813e-72	5.3929585176e-68	1.4482295815e-34	4.6508662338e-52	1.4271325211e-07	2.1901018036e-06	3.9089876906e-05	2.8648901579e-84	2.2922622529e-06	2.7069670101e-59	0.0000000000e+00	2.8374427495e-148	4.3644071644e-53	1.1231385582e-54	3.0521290357e-80	1.0623777805e-105	9.4676383489e-115	2.3423311694e-51	2.2842691353e-55	1.5015453946e-10	1.5524439325e-117	9.1882079944e-107	1.5468682139e-171	3.1837647192e-142	1.9870218497e-41	8.1902117836e-37	1.5468682139e-171	1.0351133111e-158	1.7679549178e-87	2.1570602198e-107	5.3472115103e-57	6.1805105649e-76	6.3205822177e-36	1.3125567626e-92	4.9373048359e-76	1.7184930252e-83	9.4997490924e-40	1.3527832411e-95	2.9761016902e-82	7.4174712076e-129	1.5468682139e-171	8.3323532454e-117	5.0323434015e-154	1.5468682139e-171	2.9714076965e-140	1.5468682139e-171	1.5468682139e-171	1.5468682139e-171	3.7870325594e-86	1.0761029199e-86	1.3901465509e-104	4.3222767685e-152	4.8404010930e-62	9.4988534395e-115	9.4959941024e-01	2.2123762603e-52	3.6289028519e-68	2.4434226583e-03	4.0575512948e-04	4.7939305345e-51	1.7705380232e-79	9.5011406453e-126	1.5468682139e-171	1.3268766982e-10	1.3748467538e-88	1.5468682139e-171	1.5468682139e-171	1.5468682139e-171	5.7335245763e-108	1.5468682139e-171	1.1610659501e-71	1.8672515273e-75	2.4157306072e-37	1.2791334062e-77	1.6323808644e-52	2.1587409294e-70	2.7182608891e-81	6.0596893397e-166	1.8276425915e-106	1.0171682236e-104	2.7347668844e-99	9.6725463734e-59	1.5468682139e-171	1.5468682139e-171	1.5468682139e-171	5.6350787278e-146	2.2638373974e-157	2.6085379173e-115	3.4120863789e-97	4.1581432232e-122	1.4584922501e-81	3.6816869925e-103	3.6344084217e-67	1.9407585561e-48	3.8588882492e-137	8.0544896575e-77	2.2141600274e-136	1.4605011005e-65	3.9781068434e-101	2.9761016902e-82	2.1365731163e-101	5.5876170266e-86	1.1161195506e-142	1.5468682139e-171	1.0039391578e-163	2.2010872785e-110	1.6298575118e-88	7.2900237873e-143	8.5426386761e-113	1.6799366474e-148	1.5468682139e-171	7.7869276139e-105	2.2739021263e-29	9.3748494650e-08	1.0870870015e-08	6.1613617656e-75	3.7548903636e-162	3.9104986491e-77	9.5897741894e-129	2.1674594471e-45	1.0649917591e-133	2.5814646607e-21	1.9622950253e-07	1.8424561008e-69	3.5239463153e-139	5.6097558488e-113	3.0005679998e-77	4.5057591932e-37	3.4188873149e-19	3.0518578622e-08	5.7364716165e-27	1.5468682139e-171	6.5546913562e-103	4.0072090152e-158	9.9683687769e-149	1.5468682139e-171	1.5468682139e-171	2.5812252779e-143	1.5468682139e-171	1.5468682139e-171	3.0835745324e-135	1.5468682139e-171	3.7954589867e-05	4.8754274544e-57	1.8224375615e-17	2.2089636633e-79	1.6474496109e-98	3.2185799597e-05	8.7369703574e-150	9.4676383489e-115	1.2430782529e-157	1.5468682139e-171	4.8371047536e-169	1.5468682139e-171	1.5468682139e-171	1.5468682139e-171	2.5189542769e-156	3.4724411627e-166	1.5468682139e-171	1.5468682139e-171	6.8116476394e-158	3.3417191878e-130	2.4522995939e-84	3.6286908091e-28	1.5982024416e-115	3.6936379357e-132	5.4233859889e-54	2.6338435491e-68	5.4986035353e-51	1.9784704659e-63	2.9966108253e-64	3.4735179018e-85	6.7440377671e-36	3.1503898737e-07	1.9516934822e-26	1.2116153622e-30	2.0197492791e-61	3.1081631479e-55	1.1675918729e-65	8.5742791166e-94	1.3266653278e-70	2.7569145132e-60	1.4388408728e-76	5.8721616991e-71	3.2184496111e-87	1.5061087519e-26	1.9516934822e-26	6.1964797335e-58	2.0267829362e-72
1.3123915400e-04	2.2849276812e+02	8.1359010368e+15	4.1601332371e+15	2.1603343604e+00	2.4037691656e-171	4.8706483075e-46	4.7311236952e-02	1.3928584011e-108	2.8845493013e-106	2.4037691656e-171	6.1725514240e-75	5.4880542125e-72	4.4929614297e-68	1.3390676853e-34	5.0848212641e-52	1.4271325207e-07	2.1901018029e-06	3.9089876894e-05	2.8742905230e-84	2.2922622521e-06	2.2985688907e-59	0.0000000000e+00	3.8046711691e-148	9.4594905984e-53	2.4487178325e-54	4.9667963718e-80	1.2975104881e-105	1.1291084439e-114	3.3529590136e-51	2.5991431689e-55	1.5694292833e-10	3.4757005441e-117	2.1418814648e-106	2.4037691656e-171	8.3248412405e-142	4.4349490761e-41	1.8752347753e-36	2.4037691656e-171	2.2004308554e-158	3.7111681097e-87	3.4708470338e-107	8.0322539509e-57	7.1427571925e-76	6.6337763137e-36	1.8117291114e-92	5.3561992018e-76	1.8290015063e-83	9.2459688944e-40	2.2706763869e-95	6.3883291047e-82	1.7277939798e-128	2.4037691656e-171	3.8140940081e-116	1.3483243821e-153	2.4037691656e-171	1.3671291187e-139	2.4037691656e-171	2.4037691656e-171	2.4037691656e-171	4.5969668901e-86	1.3169001119e-86	1.6382968709e-104	4.5396509498e-152	5.0829407004e-62	8.7244687234e-115	9.4959941042e-01	2.3875742560e-52	4.6834848634e-68	2.4434226575e-03	4.0575478669e-04	4.2711151747e-51	2.7218696097e-79	1.3030230984e-125	2.4037691656e-171	3.0401627063e-10	2.5794636815e-88	2.4037691656e-171	2.4037691656e-171	2.4037691656e-171	6.6200952404e-108	2.4037691656e-171	1.8245963462e-71	1.9159160545e-75	2.3745805693e-37	1.3870817595e-77	2.3347165572e-52	2.3846392072e-70	4.4228640400e-81	1.6752499278e-165	3.9195983695e-106	1.7778654547e-104	3.1917493216e-99	1.0269236827e-58	2.4037691656e-171	2.4037691656e-171	2.4037691656e-171	1.7700002725e-145	5.5930469430e-157	5.8690077505e-115	5.3332540989e-97	4.9282690450e-122	1.5669675695e-81	9.2071022703e-103	8.1576319716e-67	2.8394318328e-48	9.3552634317e-137	1.2328016452e-76	3.3350789901e-136	2.1633785133e-65	4.3311123851e-101	6.3883291047e-82	3.5357315897e-101	4.5070697354e-86	5.0581778193e-142	2.4037691656e-171	3.4809826545e-163	7.1759326518e-110	1.9908333786e-88	6.6858759132e-143	6.8939883886e-113	9.2918921295e-148	2.4037691656e-171	1.6763897262e-104	2.1197661464e-29	9.3748494619e-08	1.0870870012e-08	4.0894226525e-75	6.4640985699e-162	3.9801940201e-77	1.8325028323e-128	2.4207146279e-45	1.2107504634e-133	3.0436706479e-21	1.9622950246e-07	1.5705610542e-69	4.9420928551e-139	6.8557622057e-113	3.2804947654e-77	4.4688576565e-37	2.6794824152e-19	3.0518578612e-08	4.3688016358e-27	2.4037691656e-171	8.0588041009e-103	6.5032308933e-158	1.6789003896e-148	2.4037691656e-171	2.4037691656e-171	7.1311880652e-143	2.4037691656e-171	2.4037691656e-171	4.2792253427e-135	2.4037691656e-171	3.7954589854e-05	3.3984903831e-57	1.4309700152e-17	1.7880880988e-79	1.2804329850e-98	3.2185799586e-05	8.9314605657e-150	1.1291084439e-114	1.5209239530e-157	2.4037691656e-171	9.4016604364e-169	2.4037691656e-171	2.4037691656e-171	2.4037691656e-171	3.3302835780e-156	4.5139189907e-166	2.4037691656e-171	2.4037691656e-171	9.5567333562e-158	4.1015870132e-130	3.5627201769e-84	3.2759337662e-28	2.5964624170e-115	5.7843302512e-132	1.0617138553e-53	3.2339861222e-68	5.7389362174e-51	3.0632435945e-63	4.6800582598e-64	5.1826921142e-85	6.0146961146e-36	3.1503898727e-07	2.7391040487e-26	1.7043627956e-30	2.5512738430e-61	3.2357629001e-55	2.1422489033e-65	2.1165867963e-93	1.5805316546e-70	2.2272161932e-60	1.3658798762e-76	1.6740859270e-70	4.5049966664e-87	1.4103582337e-26	2.7391040487e-26	1.2187741258e-57	3.8647288348e-72
8.4355529000e-05	2.2831975189e+02	5.2334100400e+15	2.6760014620e+15	2.1603343583e+00	3.7369187356e-171	5.5702820936e-46	4.7311236912e-02	2.1995702424e-108	3.6913058385e-106	3.7369187356e-171	1.0095634584e-74	4.8552438831e-72	3.9937125993e-68	1.2730501247e-34	5.8254262232e-52	1.4271325195e-07	2.1901018011e-06	3.9089876860e-05	3.1153495738e-84	2.2922622501e-06	2.0684044907e-59	0.0000000000e+00	4.9723212366e-148	1.8226883639e-52	4.7362751307e-54	7.3546781228e-80	1.4761450931e-105	1.2649822912e-114	4.2259767779e-51	2.6118765156e-55	1.3804260783e-10	7.3965888646e-117	4.6784196760e-106	3.7369187356e-171	2.1179263163e-141	8.7087359917e-41	3.7434038699e-36	3.7369187356e-171	3.8713349429e-158	5.9878297278e-87	4.3615839079e-107	8.9273352472e-57	6.1977104704e-76	5.0012276670e-36	1.9066831243e-92	5.2193267577e-76	1.7604219264e-83	7.7669145239e-40	2.9322767640e-95	1.0456926168e-81	3.2245370072e-128	3.7369187356e-171	1.3925674088e-115	2.9788263500e-153	3.7369187356e-171	4.2810760333e-139	3.7369187356e-171	3.7369187356e-171	3.7369187356e-171	6.0938291835e-86	1.7548778252e-86	2.1307270553e-104	5.4813373994e-152	5.6737747798e-62	8.9324589700e-115	9.4959941087e-01	2.7124855358e-52	6.4589480086e-68	2.4434226554e-03	4.0575397385e-04	3.9644798435e-51	4.5449484411e-79	2.0212694177e-125	3.7369187356e-171	7.1026623240e-10	5.2973864640e-88	3.7369187356e-171	3.7369187356e-171	3.7369187356e-171	8.4969863634e-108	3.7369187356e-171	3.0902070605e-71	2.1068915949e-75	2.0074988424e-37	1.3512714647e-77	2.9410028904e-52	2.3509723773e-70	6.5486372193e-81	3.2284174156e-165	5.4813815742e-106	2.0145231381e-104	2.3824837131e-99	6.6674316893e-59	3.7369187356e-171	3.7369187356e-171	3.7369187356e-171	3.1661805913e-145	7.9229000518e-157	7.2364574676e-115	4.4440536528e-97	3.1760881433e-122	8.7637833433e-82	1.7988455268e-102	1.3743267325e-66	3.6294899270e-48	1.5314845558e-136	1.1855378345e-76	4.0161944670e-136	2.3828411696e-65	3.6161318286e-101	1.0456926168e-81	4.5242986762e-101	3.9235773026e-86	1.5685638858e-141	3.7369187356e-171	8.3970957791e-163	1.5381102282e-109	2.6497405265e-88	5.8460350443e-143	5.1318921078e-113	2.0468357657e-147	3.7369187356e-171	2.3501390005e-104	2.0259166060e-29	9.3748494539e-08	1.0870870002e-08	2.9027535957e-75	9.1770600951e-162	4.3542477124e-77	2.7827965984e-128	2.8116647202e-45	1.3152116751e-133	3.6610350404e-21	1.9622950230e-07	1.4168360262e-69	6.6485622287e-139	7.8028720284e-113	3.2127036436e-77	3.7999262242e-37	2.1169735273e-19	3.0518578586e-08	3.3884083282e-27	3.7369187356e-171	9.2076947971e-103	1.0397036124e-157	2.7491656759e-148	3.7369187356e-171	3.7369187356e-171	1.6069416416e-142	3.7369187356e-171	3.7369187356e-171	5.7178562025e-135	3.7369187356e-171	3.7954589822e-05	2.4895317807e-57	1.1319277960e-17	1.5601438575e-79	1.0882848264e-98	3.2185799559e-05	1.0597602688e-149	1.2649822912e-114	2.1918065696e-157	3.7369187356e-171	1.8263233593e-168	3.7369187356e-171	3.7369187356e-171	3.7369187356e-171	4.3128976732e-156	5.7823628775e-166	3.7369187356e-171	3.7369187356e-171	1.0993158858e-157	4.0016587679e-130	5.7359103436e-84	3.0667657435e-28	4.8593372777e-115	1.0572018123e-131	2.2410443352e-53	4.3188378264e-68	6.3807982812e-51	5.1385005074e-63	7.8947372023e-64	8.4887925639e-85	5.5865737920e-36	3.1503898700e-07	3.9873719783e-26	2.4847675723e-30	3.4699911222e-61	3.5917549818e-55	4.3365692858e-65	6.0696049200e-93	2.0700262390e-70	1.9408061378e-60	1.4285283994e-76	5.2680620804e-70	7.0809084750e-87	1.3518407887e-26	3.9873719783e-26	2.5803769205e-57	8.0203222788e-72
5.4220520800e-05	2.2820841799e+02	3.3654777011e+15	1.7208709423e+15	2.1603343536e+00	5.8110110145e-171	6.5701074912e-46	4.7311236817e-02	3.7376749451e-108	5.0636488043e-106	5.8110110145e-171	1.7547539598e-74	4.4867314906e-72	3.7018388870e-68	1.2322500997e-34	6.8788156446e-52	1.4271325166e-07	2.1901017967e-06	3.9089876782e-05	3.5496122748e-84	2.2922622456e-06	1.9324683494e-59	0.0000000000e+00	6.3913419543e-148	3.2547091723e-52	8.4781687898e-54	1.0245807974e-79	1.6040610293e-105	1.3610662435e-114	4.9054327098e-51	2.4220358633e-55	1.0859972787e-10	1.5232395057e-116	9.7977380727e-106	5.8110110145e-171	5.2935561133e-141	1.5741771131e-40	6.8386173324e-36	5.8110110145e-171	6.0266850748e-158	8.1494092158e-87	4.6711489863e-107	8.1659275091e-57	4.4678869787e-76	3.0442086993e-36	1.6838097384e-92	4.7449508863e-76	1.5877559374e-83	5.9319056925e-40	3.1960499154e-95	1.4364571900e-81	5.2142680815e-128	5.8110110145e-171	4.3927403609e-115	5.8092672696e-153	5.8110110145e-171	1.0452835645e-138	5.8110110145e-171	5.8110110145e-171	5.8110110145e-171	8.5514721782e-86	2.4709464578e-86	2.9535298766e-104	7.2428266007e-152	6.5884142597e-62	9.8107637416e-115	9.4959941194e-01	3.1857070003e-52	9.2977045593e-68	2.4434226506e-03	4.0575203277e-04	3.7786543615e-51	8.0057931424e-79	3.3953852082e-125	5.8110110145e-171	1.6803988162e-09	1.1533940774e-87	5.8110110145e-171	5.8110110145e-171	5.8110110145e-171	1.1678449235e-107	5.8110110145e-171	5.4932552358e-71	2.4230683914e-75	1.5395212437e-37	1.2282386417e-77	3.4126447942e-52	2.1534157323e-70	9.1223391028e-81	4.9266753699e-165	5.8136742304e-106	1.7247311891e-104	1.3320128672e-99	3.1496771069e-59	5.8110110145e-171	5.8110110145e-171	5.8110110145e-171	3.9353180741e-145	7.8325879128e-157	6.0474648946e-115	2.4655068961e-97	1.3803352590e-122	3.2134943036e-82	2.9959658353e-102	1.9232539365e-66	4.2514230809e-48	1.9448563402e-136	8.4414828859e-77	4.1847998674e-136	2.1669658859e-65	2.5429767980e-101	1.4364571900e-81	4.9022672704e-101	3.5882954942e-86	3.8058626213e-141	5.8110110145e-171	1.6019935967e-162	2.5137141339e-109	3.7280319754e-88	4.9563477131e-143	3.6258108504e-113	2.4860065853e-147	5.8110110145e-171	2.4965697059e-104	1.9676626376e-29	9.3748494352e-08	1.0870869981e-08	2.1517321011e-75	1.1501701606e-161	4.9909671791e-77	3.6423343563e-128	3.3496025453e-45	1.3872435368e-133	4.4608690638e-21	1.9622950190e-07	1.3258583871e-69	8.7068776214e-139	8.4813046556e-113	2.9301395648e-77	2.9249898994e-37	1.6812890199e-19	3.0518578525e-08	2.6591835850e-27	5.8110110145e-171	1.0033270341e-102	1.6461972951e-157	4.4204966564e-148	5.8110110145e-171	5.8110110145e-171	3.1740139682e-142	5.8110110145e-171	5.8110110145e-171	7.4553513041e-135	5.8110110145e-171	3.7954589746e-05	1.8831750172e-57	8.9966964294e-18	1.4289158282e-79	9.8004545389e-99	3.2185799495e-05	1.3846740241e-149	1.3610662435e-114	3.5112723300e-157	5.8110110145e-171	3.5464205443e-168	5.8110110145e-171	5.8110110145e-171	5.8110110145e-171	5.5113047746e-156	7.3373484485e-166	5.8110110145e-171	5.8110110145e-171	1.1121518245e-157	3.3655762227e-130	9.8689886424e-84	2.9391275526e-28	9.9656739762e-115	2.1352953736e-131	4.9664162013e-53	6.0895714554e-68	7.3905975172e-51	9.0781468603e-63	1.3997972136e-63	1.4768257643e-84	5.3270162562e-36	3.1503898637e-07	5.9433999669e-26	3.7072333384e-30	4.9506872541e-61	4.1557696071e-55	9.3547906063e-65	1.9176716020e-92	2.8823533557e-70	1.7760935552e-60	1.5906549821e-76	1.7671014844e-69	1.1996143088e-86	1.3154309020e-26	5.9433999669e-26	5.7296006612e-57	1.7580702121e-71
3.4850885400e-05	2.2813680479e+02	2.1638798969e+15	1.1064575033e+15	2.1603343431e+00	9.0378527596e-171	7.9052854196e-46	4.7311236594e-02	6.6589204804e-108	7.2647787329e-106	9.0378527596e-171	3.1720712142e-74	4.2644387087e-72	3.5253326912e-68	1.2066798350e-34	8.2827511857e-52	1.4271325099e-07	2.1901017864e-06	3.9089876598e-05	4.1769205032e-84	2.2922622348e-06	1.8497238510e-59	0.0000000000e+00	8.1277996341e-148	5.5333299446e-52	1.4436511954e-53	1.3722265167e-79	1.6922120466e-105	1.4267469972e-114	5.3995785286e-51	2.1325147081e-55	7.9501843796e-11	3.0711837164e-116	1.9968999080e-105	1.0109335321e-170	1.3080130233e-140	2.6973829726e-40	1.1798330741e-35	9.0378527596e-171	8.6698035623e-158	9.9379219791e-87	4.5123455925e-107	6.5871669789e-57	2.8578029126e-76	1.6140424061e-36	1.3278734479e-92	4.1247735162e-76	1.3731912444e-83	4.2604727823e-40	3.1225070303e-95	1.7622101949e-81	7.6868995337e-128	9.0378527596e-171	1.2608734909e-114	1.0452969174e-152	9.0378527596e-171	2.1736273537e-138	9.0378527596e-171	9.0378527596e-171	9.0378527596e-171	1.2449386971e-85	3.6050727248e-86	4.2659204201e-104	1.0143660799e-151	7.8479683246e-62	1.1274967887e-114	9.4959941451e-01	3.8225391640e-52	1.3759451848e-67	2.4434226390e-03	4.0574737568e-04	3.6636031255e-51	1.4596766007e-78	6.0044521603e-125	9.0378527596e-171	4.0079890974e-09	2.6077664720e-87	9.0378527596e-171	9.0378527596e-171	9.0378527596e-171	1.6775776247e-107	9.0378527596e-171	1.0074697964e-70	2.8684048314e-75	1.1086500479e-37	1.0675736762e-77	3.7555233838e-52	1.8810191864e-70	1.2217001180e-80	6.4672897739e-165	5.1584808416e-106	1.2323249121e-104	6.1800312876e-100	1.2118620177e-59	9.0378527596e-171	9.0378527596e-171	9.0378527596e-171	3.8671797005e-145	6.1393884784e-157	3.9321041264e-115	1.0520569877e-97	4.6522883405e-123	8.9733707514e-83	4.5013414097e-102	2.3877304455e-66	4.7070479312e-48	2.0965265958e-136	4.9511014526e-77	3.9717340784e-136	1.7414809080e-65	1.6008021348e-101	1.7622101949e-81	4.7713029475e-101	3.3877765335e-86	7.8821159642e-141	9.0378527596e-171	2.6268753946e-162	3.4485869719e-109	5.4363535843e-88	4.1192087251e-143	2.4768433268e-113	2.0562686633e-147	9.0378527596e-171	2.2174748262e-104	1.9310511095e-29	9.3748493910e-08	1.0870869930e-08	1.6402288351e-75	1.3301081126e-161	5.8956099825e-77	4.3314439654e-128	4.0562534753e-45	1.4356884469e-133	5.4809330464e-21	1.9622950098e-07	1.2704068781e-69	1.1206213440e-138	8.9489369675e-113	2.5524556249e-77	2.1114408071e-37	1.3397669735e-19	3.0518578382e-08	2.1028303409e-27	9.0378527596e-171	1.0603487906e-102	2.5902324956e-157	7.0248917018e-148	9.0378527596e-171	9.0378527596e-171	5.7582246813e-142	9.0378527596e-171	9.0378527596e-171	9.5684497981e-135	9.0378527596e-171	3.7954589567e-05	1.4543194747e-57	7.1727740393e-18	1.3503379315e-79	9.1613200260e-99	3.2185799343e-05	1.9252859491e-149	1.4267469972e-114	6.0226291432e-157	9.0378527596e-171	6.8848869086e-168	9.0378527596e-171	9.0378527596e-171	9.0378527596e-171	6.9822493217e-156	9.2537069955e-166	9.0378527596e-171	9.0378527596e-171	1.0356615107e-157	2.5720471745e-130	1.7723885015e-83	2.8597848834e-28	2.1680839364e-114	4.6000202300e-131	1.1357506906e-52	8.8926124521e-68	8.7891100307e-51	1.6583663188e-62	2.5630490508e-63	2.6712468224e-84	5.1663419065e-36	3.1503898489e-07	8.9951854828e-26	5.6142645326e-30	7.2845437108e-61	4.9387930483e-55	2.1025139355e-64	6.4498180328e-92	4.1752484359e-70	1.6775325344e-60	1.8442590319e-76	6.1768947483e-69	2.1330615938e-86	1.2925126609e-26	8.9951854828e-26	1.3119295343e-56	3.9922666745e-71
2.2400821600e-05	2.2809075304e+02	1.3911403718e+15	7.1133232584e+14	2.1603343185e+00	1.4058126753e-170	9.6346591065e-46	4.7311236062e-02	1.2230255202e-107	1.0728292004e-105	1.4058126753e-170	5.8810172460e-74	4.1272742345e-72	3.4162445453e-68	1.1905093224e-34	1.0099424622e-51	1.4271324938e-07	2.1901017617e-06	3.9089876158e-05	5.0182641852e-84	2.2922622090e-06	1.7983690330e-59	0.0000000000e+00	1.0264937322e-147	9.1141070309e-52	2.3802967019e-53	1.7917797193e-79	1.7514724723e-105	1.4706717451e-114	5.7435198016e-51	1.8159105080e-55	5.5562008025e-11	6.1081606293e-116	3.9992662264e-105	2.4447028341e-170	3.2082059474e-140	4.4655597422e-40	1.9618255485e-35	1.4058126753e-170	1.1853489080e-157	1.1291105352e-86	4.0786119362e-107	4.9002137049e-57	1.6923610486e-76	7.8292563004e-37	9.7352876794e-93	3.4836629417e-76	1.1559471884e-83	2.9412237591e-40	2.8429768821e-95	2.0098727271e-81	1.0676417557e-127	1.4058126753e-170	3.4055578350e-114	1.7857957757e-152	1.4058126753e-170	4.0757105829e-138	1.4058126753e-170	1.4058126753e-170	1.4058126753e-170	1.8558028089e-85	5.3815205041e-86	6.3268290069e-104	1.4748789848e-151	9.5030983992e-62	1.3341651774e-114	9.4959942068e-01	4.6504026914e-52	2.0727936871e-67	2.4434226115e-03	4.0573616811e-04	3.5912932593e-51	2.7211622721e-78	1.0975761470e-124	1.4058126753e-170	9.6094906081e-09	6.0408892000e-87	1.4058126753e-170	1.4058126753e-170	1.4058126753e-170	2.4793473292e-107	1.4058126753e-170	1.8852184879e-70	3.4593354806e-75	7.6664235194e-38	9.0155204205e-78	3.9940507284e-52	1.5935644257e-70	1.5951480842e-80	7.7046173688e-165	4.0800032993e-106	7.8363947077e-105	2.5426171717e-100	4.0852008912e-60	1.4058126753e-170	1.4058126753e-170	1.4058126753e-170	3.2663544280e-145	4.1437252728e-157	2.1749157322e-115	3.7906826449e-98	1.3310770033e-123	2.1023211424e-83	6.3286889658e-102	2.7442424999e-66	5.0255894723e-48	2.0335647053e-136	2.5628042180e-77	3.5493866336e-136	1.2923751267e-65	9.3828892303e-102	2.0098727271e-81	4.3335655723e-101	3.2647278477e-86	1.4740733748e-140	1.4058126753e-170	3.9069983938e-162	4.2265558758e-109	8.1123492884e-88	3.3798163537e-143	1.6556252032e-113	1.3278486316e-147	1.4058126753e-170	1.7550236868e-104	1.9078563712e-29	9.3748492855e-08	1.0870869807e-08	1.2730256827e-75	1.4604986895e-161	7.1005346809e-77	4.8422815504e-128	4.9639579637e-45	1.4677487309e-133	6.7705154336e-21	1.9622949877e-07	1.2359619495e-69	1.4262571412e-138	9.2633518775e-113	2.1586103176e-77	1.4623753124e-37	1.0699338603e-19	3.0518578038e-08	1.6710473873e-27	1.4058126753e-170	1.0987381264e-102	4.0592497573e-157	1.1079515891e-147	1.4058126753e-170	1.4058126753e-170	9.8894493860e-142	1.4058126753e-170	1.4058126753e-170	1.2156083627e-134	1.4058126753e-170	3.7954589140e-05	1.1382191802e-57	5.7299990862e-18	1.3020808582e-79	8.7723140671e-99	3.2185798981e-05	2.7864170498e-149	1.4706717451e-114	1.0794791692e-156	1.4058126753e-170	1.3363796328e-167	1.4058126753e-170	1.4058126753e-170	1.4058126753e-170	8.7967750417e-156	1.1624654585e-165	1.4058126753e-170	1.4058126753e-170	9.1428566095e-158	1.8479596764e-130	3.2722082027e-83	2.8098720330e-28	4.8996744498e-114	1.0330114830e-130	2.6504329611e-52	1.3282543924e-67	1.0631521064e-50	3.0954348171e-62	4.7912296967e-63	4.9543832804e-84	5.0655358712e-36	3.1503898134e-07	1.3748507434e-25	8.5844128606e-30	1.0933865516e-60	5.9714649774e-55	4.8520428706e-64	2.2585082290e-91	6.2040809755e-70	1.6170297671e-60	2.1947372624e-76	2.2172362710e-68	3.9129384676e-86	1.2779787127e-26	1.3748507434e-25	3.0640495434e-56	9.2744211357e-71
1.4398394900e-05	2.2806114384e+02	8.9428811010e+14	4.5727668569e+14	2.1603342599e+00	2.1868597969e-170	1.1839776635e-45	4.7311234782e-02	2.2907191295e-107	1.6140539693e-105	2.1868597969e-170	1.1082372481e-73	4.0413947565e-72	3.3478729926e-68	1.1802236758e-34	1.2414649927e-51	1.4271324552e-07	2.1901017025e-06	3.9089875101e-05	6.1102531207e-84	2.2922621470e-06	1.7660951300e-59	0.0000000000e+00	1.2906537217e-147	1.4708859984e-51	3.8439681391e-53	2.3016973502e-79	1.7906789793e-105	1.4996347232e-114	5.9762224442e-51	1.5134076659e-55	3.7688390314e-11	1.2041566801e-115	7.9194462342e-105	5.9132815481e-170	7.8310154481e-140	7.2307051208e-40	3.1856006850e-35	2.1868597969e-170	1.5684082601e-157	1.2257284286e-86	3.5321311625e-107	3.4600674837e-57	9.5368783640e-77	3.5863523802e-37	6.8100573123e-93	2.8880440918e-76	9.5628327053e-84	1.9793806749e-40	2.4736035016e-95	2.1872600323e-81	1.4270396883e-127	2.1868597969e-170	8.8444606335e-114	2.9506756648e-152	2.1868597969e-170	7.1497983835e-138	2.1868597969e-170	2.1868597969e-170	2.1868597969e-170	2.8087910881e-85	8.1523547137e-86	9.5444729358e-104	2.1967643315e-151	1.1629593837e-61	1.6086753773e-114	9.4959943555e-01	5.7078785259e-52	3.1583659318e-67	2.4434225455e-03	4.0570914503e-04	3.5451954674e-51	5.1457602537e-78	2.0494594614e-124	2.1868597969e-170	2.3115541168e-08	1.4213287906e-86	2.1868597969e-170	2.1868597969e-170	2.1868597969e-170	3.7320522576e-107	2.1868597969e-170	3.5734290117e-70	4.2220205608e-75	5.1646527994e-38	7.4732512198e-78	4.1552070493e-52	1.3236653553e-70	2.0489388047e-80	8.6228400418e-165	2.9967651478e-106	4.6229896809e-105	9.6821133029e-101	1.2647430527e-60	2.1868597969e-170	2.1868597969e-170	2.1868597969e-170	2.5026796261e-145	2.5400332862e-157	1.0840344626e-115	1.2249134232e-98	3.4271754848e-124	4.3990888393e-84	8.5253105408e-102	3.0010452332e-66	5.2415102678e-48	1.8428670055e-136	1.2240252799e-77	3.0514234515e-136	9.1113991736e-66	5.2526699618e-102	2.1872600323e-81	3.7646047749e-101	3.1879586692e-86	2.5813916177e-140	2.1868597969e-170	5.4569947909e-162	4.8171077014e-109	1.2285864788e-87	2.7503293038e-143	1.0913261727e-113	7.3114428204e-148	2.1868597969e-170	1.2896114003e-104	1.8930856822e-29	9.3748490319e-08	1.0870869513e-08	9.9953964209e-76	1.5510400146e-161	8.6588569785e-77	5.2022421847e-128	6.1159172224e-45	1.4887464176e-133	8.3924819516e-21	1.9622949346e-07	1.2143031090e-69	1.8022269918e-138	9.4713863976e-113	1.7910800422e-77	9.8620399944e-38	8.5563841023e-20	3.0518577213e-08	1.3321211087e-27	2.1868597969e-170	1.1241602240e-102	6.3449210543e-157	1.7389434248e-147	2.1868597969e-170	2.1868597969e-170	1.6395909963e-141	2.1868597969e-170	2.1868597969e-170	1.5342611192e-134	2.1868597969e-170	3.7954588114e-05	8.9851240592e-58	4.5832945464e-18	1.2719585839e-79	8.5308902868e-99	3.2185798110e-05	4.1381016571e-149	1.4996347232e-114	1.9903558943e-156	2.1868597969e-170	2.5936004556e-167	2.1868597969e-170	2.1868597969e-170	2.1868597969e-170	1.1043284232e-155	1.4566055712e-165	2.1868597969e-170	2.1868597969e-170	7.7985969220e-158	1.2759933605e-130	6.1495850666e-83	2.7782310930e-28	1.1347366538e-113	2.3826873065e-130	6.2663140773e-52	2.0130214083e-67	1.3001711301e-50	5.8585143763e-62	9.0767454404e-63	9.3384902801e-84	5.0017425206e-36	3.1503897282e-07	2.1147069187e-25	1.3207360580e-29	1.6622794215e-60	7.3006832121e-55	1.1389426564e-63	8.1163943678e-91	9.3711552899e-70	1.5792745668e-60	2.6559975762e-76	8.0961536435e-68	7.3234950140e-86	1.2687174156e-26	2.1147069187e-25	7.2479828150e-56	2.1863380810e-70
9.2547397500e-06	2.2804210849e+02	5.7486227417e+14	2.9394456846e+14	2.1603341188e+00	3.4020019667e-170	1.4627143461e-45	4.7311231697e-02	4.3446046827e-107	2.4575588826e-105	3.4020019667e-170	2.1103895372e-73	3.9871186631e-72	3.3046333782e-68	1.1736567916e-34	1.5340322595e-51	1.4271323621e-07	2.1901015596e-06	3.9089872551e-05	7.5041609121e-84	2.2922619975e-06	1.7456490044e-59	0.0000000000e+00	1.6181599174e-147	2.3426714582e-51	6.1248380083e-53	2.9258128319e-79	1.8163521061e-105	1.5185592352e-114	6.1308120550e-51	1.2439622978e-55	2.5077908224e-11	2.3602599452e-115	1.5567552497e-104	1.4303248727e-169	1.9053129385e-139	1.1542239679e-39	5.0943551474e-35	3.4020019667e-170	2.0319821445e-157	1.2921801513e-86	2.9757933739e-107	2.3625583568e-57	5.2054131490e-77	1.5833662033e-37	4.6220343020e-93	2.3658113471e-76	7.8229729521e-84	1.3104138495e-40	2.0902721687e-95	2.3095099542e-81	1.8609064234e-127	3.4020019667e-170	2.2394142870e-113	4.7717736858e-152	3.4020019667e-170	1.2016312913e-137	3.4020019667e-170	3.4020019667e-170	3.4020019667e-170	4.2926558400e-85	1.2466390885e-85	1.4556075353e-103	3.3228766381e-151	1.4329071431e-61	1.9632720487e-114	9.4959947143e-01	7.0453601894e-52	4.8472416443e-67	2.4434223861e-03	4.0564392078e-04	3.5150371689e-51	9.8197885492e-78	3.8793718387e-124	3.4020019667e-170	5.5714434409e-08	3.3773705800e-86	3.4020019667e-170	3.4020019667e-170	3.4020019667e-170	5.6842985591e-107	3.4020019667e-170	6.8288536365e-70	5.1918005378e-75	3.4210273609e-38	6.1207299209e-78	4.2617502754e-52	1.0855354153e-70	2.6040732800e-80	9.2702980437e-165	2.0987511554e-106	2.5987458284e-105	3.5078375270e-101	3.7068311897e-61	3.4020019667e-170	3.4020019667e-170	3.4020019667e-170	1.8009962946e-145	1.4634617642e-157	5.0530083214e-116	3.6903328987e-99	8.2451458610e-125	8.5594752079e-85	1.1171840732e-101	3.1783579588e-66	5.3845926104e-48	1.5985820973e-136	5.5511742002e-78	2.5587427445e-136	6.2151300725e-66	2.8548530861e-102	2.3095099542e-81	3.1779943343e-101	3.1395501943e-86	4.3330554533e-140	3.4020019667e-170	7.3193487041e-162	5.2391241299e-109	1.8781734329e-87	2.2262187344e-143	7.1292012254e-114	3.6334839753e-148	3.4020019667e-170	9.0341067609e-105	1.8836482901e-29	9.3748484205e-08	1.0870868804e-08	7.9067599630e-76	1.6122040555e-161	1.0643371265e-76	5.4477187983e-128	7.5674689427e-45	1.5024070557e-133	1.0426178360e-20	1.9622948066e-07	1.2005767358e-69	2.2667777753e-138	9.6076183929e-113	1.4680172858e-77	6.5377589938e-38	6.8487815545e-20	3.0518575222e-08	1.0640950213e-27	3.4020019667e-170	1.1408171238e-102	9.9010619488e-157	2.7207476992e-147	3.4020019667e-170	3.4020019667e-170	2.6573057263e-141	3.4020019667e-170	3.4020019667e-170	1.9282945006e-134	3.4020019667e-170	3.7954585638e-05	7.1322015961e-58	3.6690920049e-18	1.2529583876e-79	8.3791700063e-99	3.2185796011e-05	6.2483485841e-149	1.5185592352e-114	3.7370064261e-156	3.4020019667e-170	5.0327781550e-167	3.4020019667e-170	3.4020019667e-170	3.4020019667e-170	1.3831634888e-155	1.8221936081e-165	3.4020019667e-170	3.4020019667e-170	6.5064632966e-158	8.5881635284e-131	1.1690144546e-82	2.7580743283e-28	2.6697279855e-113	5.5911791245e-130	1.4939990694e-51	3.0794914106e-67	1.6012714439e-50	1.1187416368e-61	1.7343661011e-62	1.7785870419e-83	4.9611477049e-36	3.1503895227e-07	3.2659817915e-25	2.0400970453e-29	2.5480687865e-60	8.9897816044e-55	2.7029318823e-63	2.9658863948e-90	1.4305087149e-69	1.5554647517e-60	3.2490771848e-76	2.9889803630e-67	1.3884871096e-85	1.2627976980e-26	3.2659817915e-25	1.7286243992e-55	5.2028597072e-70
5.9485941800e-06	2.2802987178e+02	3.6951934239e+14	1.8894651053e+14	2.1603337787e+00	5.2925031387e-170	1.8132620681e-45	4.7311224249e-02	8.3053222423e-107	3.7707986209e-105	5.2925031387e-170	4.0459349435e-73	3.9526088227e-72	3.2771295691e-68	1.1694541384e-34	1.9019078767e-51	1.4271321375e-07	2.1901012149e-06	3.9089866398e-05	9.2672058239e-84	2.2922616366e-06	1.7326291874e-59	0.0000000000e+00	2.0250440358e-147	3.6989983608e-51	9.6735211641e-53	3.6940984781e-79	1.8330523021e-105	1.5308524006e-114	6.2323070400e-51	1.0134278199e-55	1.6481890703e-11	4.6084929663e-115	3.0452445230e-104	3.4585824914e-169	4.6244933250e-139	1.8256381194e-39	8.0671597977e-35	5.2925031387e-170	2.5971322424e-157	1.3367946485e-86	2.4630722226e-107	1.5787313747e-57	2.7834718641e-77	6.8267842418e-38	3.0766432953e-93	1.9231684095e-76	6.3537342999e-84	8.5843364892e-41	1.7334739318e-95	2.3916928685e-81	2.3884527526e-127	5.2925031387e-170	5.5765360796e-113	7.6109051133e-152	5.2925031387e-170	1.9646120414e-137	5.2925031387e-170	5.2925031387e-170	5.2925031387e-170	6.6004544379e-85	1.9175638273e-85	2.2351366576e-103	5.0755612259e-151	1.7732567108e-61	2.4147452474e-114	9.4959955807e-01	8.7263243559e-52	7.4712352934e-67	2.4434220015e-03	4.0548646090e-04	3.4937917322e-51	1.8846364165e-77	7.4065660813e-124	5.2925031387e-170	1.3441244250e-07	8.0737891263e-86	5.2925031387e-170	5.2925031387e-170	5.2925031387e-170	8.7236519584e-107	5.2925031387e-170	1.3114199934e-69	6.4131868628e-75	2.2412125159e-38	4.9735170250e-78	4.3304546585e-52	8.8282017139e-71	3.2865770040e-80	9.7120204769e-165	1.4254942399e-106	1.4161841776e-105	1.2308443083e-101	1.0488246976e-61	5.2925031387e-170	5.2925031387e-170	5.2925031387e-170	1.2448111498e-145	8.1024686795e-158	2.2560262059e-116	1.0628080858e-99	1.8989119225e-125	1.5893520873e-85	1.4380039599e-101	3.2969130041e-66	5.4770791292e-48	1.3482128183e-136	2.4351185799e-78	2.1114858785e-136	4.1504727052e-66	1.5224004812e-102	2.3916928685e-81	2.6338154150e-101	3.1088149622e-86	7.0767022224e-140	5.2925031387e-170	9.5632207431e-162	5.5282045143e-109	2.8876130884e-87	1.7958337435e-143	4.6303589798e-114	1.6904382901e-148	5.2925031387e-170	6.1371350150e-105	1.8776056968e-29	9.3748469447e-08	1.0870867093e-08	6.2846045078e-76	1.6527966126e-161	1.3147520393e-76	5.6116271907e-128	9.3877317340e-45	1.5112564163e-133	1.2971231091e-20	1.9622944977e-07	1.1918333492e-69	2.8425893717e-138	9.6962379477e-113	1.1937753413e-77	4.2864917515e-38	5.4851308504e-20	3.0518570418e-08	8.5110714061e-28	5.2925031387e-170	1.1516565313e-102	1.5433734781e-156	4.2482988120e-147	5.2925031387e-170	5.2925031387e-170	4.2443115285e-141	5.2925031387e-170	5.2925031387e-170	2.4169598301e-134	5.2925031387e-170	3.7954579663e-05	5.6815614153e-58	2.9387959724e-18	1.2408928359e-79	8.2830516744e-99	3.2185790945e-05	9.5359969692e-149	1.5308524006e-114	7.0975852606e-156	5.2925031387e-170	9.7632837882e-167	5.2925031387e-170	5.2925031387e-170	5.2925031387e-170	1.7298397499e-155	2.2771452265e-165	5.2925031387e-170	5.2925031387e-170	5.3517397264e-158	5.6860439193e-131	2.2386707005e-82	2.7451939121e-28	6.3451399816e-113	1.3266227136e-129	3.5812253409e-51	4.7393996381e-67	1.9810584250e-50	2.1486490888e-61	3.3323368794e-62	3.4101638426e-83	4.9352243631e-36	3.1503890268e-07	5.0572583863e-25	3.1593513135e-29	3.9266205978e-60	1.1120664074e-54	6.4599273015e-63	1.0954926878e-89	2.1985435604e-69	1.5403484135e-60	4.0022799341e-76	1.1113234951e-66	2.6544384735e-85	1.2590064150e-26	5.0572583863e-25	4.1445302083e-55	1.2456623589e-69
3.8235297500e-06	2.2802200586e+02	2.3752106102e+14	1.2145180927e+14	2.1603329585e+00	8.2337184273e-170	2.2527686300e-45	4.7311206290e-02	1.5951152539e-106	5.8145036067e-105	8.2337184273e-170	7.7903551070e-73	3.9305820123e-72	3.2595711540e-68	1.1667605181e-34	2.3630884014e-51	1.4271315957e-07	2.1901003835e-06	3.9089851559e-05	1.1485266497e-83	2.2922607665e-06	1.7243114924e-59	0.0000000000e+00	2.5312436497e-147	5.8058324552e-51	1.5185885355e-52	4.6438918477e-79	1.8438696484e-105	1.5388080557e-114	6.2984389061e-51	8.2090464459e-56	1.0746598326e-11	8.9723112354e-115	5.9358571117e-104	8.3544940427e-169	1.1197907452e-138	2.8706272098e-39	1.2694289528e-34	8.2337184273e-170	3.2906596627e-157	1.3662863207e-86	2.0156058943e-107	1.0404166695e-57	1.4688735277e-77	2.8988914142e-38	2.0225296433e-93	1.5556336178e-76	5.1365884581e-84	5.5854643522e-41	1.4203182738e-95	2.4460629737e-81	3.0344086552e-127	8.2337184273e-170	1.3727574546e-112	1.2031872627e-151	8.2337184273e-170	3.1556134858e-137	8.2337184273e-170	8.2337184273e-170	8.2337184273e-170	1.0184627066e-84	2.9595429009e-85	3.4458549933e-103	7.7983849040e-151	2.2006293207e-61	2.9849332516e-114	9.4959976699e-01	1.0828019955e-51	1.1538254581e-66	2.4434210739e-03	4.0510671542e-04	3.4754199351e-51	3.6288432095e-77	1.4213402482e-123	8.2337184273e-170	3.2420816912e-07	1.9360097066e-85	8.2337184273e-170	8.2337184273e-170	8.2337184273e-170	1.3453541284e-106	8.2337184273e-170	2.5243912933e-69	7.9385172657e-75	1.4573214039e-38	4.0192178481e-78	4.3722000854e-52	7.1381664436e-71	4.1277074366e-80	1.0007044879e-164	9.4932581672e-107	7.5649221377e-106	4.2308251464e-102	2.9011117047e-62	8.2337184273e-170	8.2337184273e-170	8.2337184273e-170	8.3835930832e-146	4.3724521166e-158	9.7972768811e-117	2.9734425794e-100	4.2522853253e-126	2.8637316396e-86	1.8290194825e-101	3.3731341178e-66	5.5335657825e-48	1.1166723394e-136	1.0455810414e-78	1.7245369042e-136	2.7341194684e-66	8.0197999795e-103	2.4460629737e-81	2.1571097297e-101	3.0892130640e-86	1.1351108536e-139	8.2337184273e-170	1.2281142408e-161	5.7184824008e-109	4.4522867312e-87	1.4454712356e-143	2.9962129296e-114	7.5380033634e-149	8.2337184273e-170	4.0875617143e-105	1.8737316360e-29	9.3748433860e-08	1.0870862966e-08	5.0106658910e-76	1.6794314833e-161	1.6285974783e-76	5.7195949506e-128	1.1660487898e-44	1.5169738334e-133	1.6152385710e-20	1.9622937529e-07	1.1862452912e-69	3.5578444163e-138	9.7536372571e-113	9.6585460768e-78	2.7905866297e-38	4.3946246602e-20	3.0518558833e-08	6.8132243126e-28	8.2337184273e-170	1.1586793717e-102	2.4041431721e-156	6.6248842671e-147	8.2337184273e-170	8.2337184273e-170	6.7157704823e-141	8.2337184273e-170	8.2337184273e-170	3.0241826427e-134	8.2337184273e-170	3.7954565256e-05	4.5363345275e-58	2.3546595238e-18	1.2331978745e-79	8.2218408150e-99	3.2185778727e-05	1.4653739003e-148	1.5388080557e-114	1.3574806928e-155	8.2337184273e-170	1.8929285799e-166	8.2337184273e-170	8.2337184273e-170	8.2337184273e-170	2.1613481195e-155	2.8437622860e-165	8.2337184273e-170	8.2337184273e-170	4.3618631837e-158	3.7250116996e-131	4.3074096893e-82	2.7369493033e-28	1.5179124927e-112	3.1701759141e-129	8.6143000955e-51	7.3223203488e-67	2.4580764618e-50	4.1419488256e-61	6.4253796696e-62	6.5666099964e-83	4.9186357020e-36	3.1503878309e-07	7.8441934122e-25	4.9007242480e-29	6.0716450431e-60	1.3797360548e-54	1.5509150995e-62	4.0744086064e-89	3.3937157834e-69	1.5307125167e-60	4.9521569000e-76	4.1508270808e-66	5.1018041612e-85	1.2565753277e-26	7.8441934122e-25	9.9706501501e-55	2.9940015852e-69
2.4576192800e-06	2.2801694969e+02	1.5267273661e+14	7.8066327784e+13	2.1603309874e+00	1.2809620081e-169	2.8027646609e-45	4.7311163124e-02	3.0698190811e-106	8.9944360164e-105	1.2809620081e-169	1.5042029580e-72	3.9164888732e-72	3.2483384552e-68	1.1650327043e-34	2.9401650905e-51	1.4271302937e-07	2.1900983853e-06	3.9089815895e-05	1.4266809194e-83	2.2922586751e-06	1.7189881949e-59	0.0000000000e+00	3.1615735942e-147	9.0689817990e-51	2.3723677524e-52	5.8215876715e-79	1.8508577728e-105	1.5439446117e-114	6.3413163411e-51	6.6251327724e-56	6.9713348228e-12	1.7419033661e-114	1.1532788366e-103	2.0128856580e-168	2.7021611722e-138	4.4966707944e-39	1.9894433060e-34	1.2809620081e-169	4.1460851411e-157	1.3855876718e-86	1.6373982519e-107	6.7956624109e-58	7.6859146833e-78	1.2189681839e-38	1.3189363255e-93	1.2543440679e-76	4.1402550954e-84	3.6184106445e-41	1.1547313981e-95	2.4816629854e-81	3.8298345521e-127	1.2809620081e-169	3.3478705377e-112	1.8912477078e-151	1.2809620081e-169	5.0111863022e-137	1.2809620081e-169	1.2809620081e-169	1.2809620081e-169	1.5735349215e-84	4.5732188029e-85	5.3208878242e-103	1.2015583352e-150	2.7359455598e-61	3.7016402493e-114	9.4960026916e-01	1.3438625390e-51	1.7807179799e-66	2.4434188446e-03	4.0419397658e-04	3.4522255206e-51	6.9951787367e-77	2.7339465064e-123	1.2809620081e-169	7.8039248510e-07	4.6425242427e-85	1.2809620081e-169	1.2809620081e-169	1.2809620081e-169	2.0813032591e-106	1.2809620081e-169	4.8572304683e-69	9.8208847348e-75	9.4214125792e-39	3.2334658656e-78	4.3919802295e-52	5.7446744826e-71	5.1628308759e-80	1.0201414905e-164	6.2425949552e-107	3.9894622970e-106	1.4351536544e-102	7.9086215046e-63	1.2809620081e-169	1.2809620081e-169	1.2809620081e-169	5.5528389241e-146	2.3210163040e-158	4.1795593243e-117	8.1653257003e-101	9.3519824358e-127	5.0611325684e-87	2.3063674044e-101	3.4174045973e-66	5.5609768230e-48	9.1420195469e-137	4.4281032000e-79	1.3991944800e-136	1.7853623364e-66	4.1916382033e-103	2.4816629854e-81	1.7532784365e-101	3.0766723649e-86	1.7980106978e-139	1.2809620081e-169	1.5582373351e-161	5.8345886891e-109	6.8641358440e-87	1.1618188145e-143	1.9341559998e-114	3.2709301540e-149	1.2809620081e-169	2.6881009318e-105	1.8712462161e-29	9.3748348326e-08	1.0870853048e-08	4.0028895198e-76	1.6967818636e-161	2.0190139285e-76	5.7900966025e-128	1.4481192012e-44	1.5206627811e-133	2.0125595973e-20	1.9622919625e-07	1.1826649181e-69	4.4475864947e-138	9.7907080523e-113	7.7890564685e-78	1.8084602895e-38	3.5217624091e-20	3.0518530989e-08	5.4570188779e-28	1.2809620081e-169	1.1632169175e-102	3.7433160582e-156	1.0322352222e-146	1.2809620081e-169	1.2809620081e-169	1.0562404952e-140	1.2809620081e-169	1.2809620081e-169	3.7797200217e-134	1.2809620081e-169	3.7954530627e-05	3.6272810269e-58	1.8870427476e-18	1.2282770039e-79	8.1827261635e-99	3.2185749361e-05	2.2617648701e-148	1.5439446117e-114	2.6054888546e-155	1.2809620081e-169	3.6651546647e-166	1.2809620081e-169	1.2809620081e-169	1.2809620081e-169	2.6988422138e-155	3.5498219214e-165	1.2809620081e-169	1.2809620081e-169	3.5342305475e-158	2.4237765747e-131	8.3131295387e-82	2.7316721985e-28	3.6464803840e-112	7.6104122122e-129	2.0767201538e-50	1.1341114721e-66	3.0556820632e-50	8.0034167679e-61	1.2417671766e-61	1.2679636009e-82	4.9080137090e-36	3.1503849566e-07	1.2180137563e-24	7.6099617773e-29	9.4090475710e-60	1.7150912781e-54	3.7343510761e-62	1.5221294720e-88	5.2533504222e-69	1.5245603613e-60	6.1451143707e-76	1.5548951280e-65	9.8393924046e-85	1.2550155148e-26	1.2180137563e-24	2.4039169206e-54	7.2142746523e-69
1.5796640600e-06	2.2801369966e+02	9.8133405038e+13	5.0178777096e+13	2.1603262908e+00	1.9928743941e-169	3.4902098007e-45	4.7311060269e-02	5.9021031041e-106	1.3941934516e-104	1.9928743941e-169	2.9096168435e-72	3.9074599729e-72	3.2411495388e-68	1.1639244735e-34	3.6614194195e-51	1.4271271911e-07	2.1900936240e-06	3.9089730913e-05	1.7748056891e-83	2.2922536917e-06	1.7155808945e-59	0.0000000000e+00	3.9469399738e-147	1.4090152972e-50	3.6861148957e-52	7.2848337466e-79	1.8553654822e-105	1.5472569058e-114	6.3690221987e-51	5.3342023621e-56	4.5074898669e-12	3.3679071339e-114	2.2309105276e-103	4.8195291920e-168	6.4763591803e-138	7.0266032470e-39	3.1097042065e-34	1.9928743941e-169	5.2050997041e-157	1.3981397566e-86	1.3239122146e-107	4.4133249506e-58	3.9997919754e-78	5.0935180131e-39	8.5567676165e-94	1.0093416200e-76	3.3307931318e-84	2.3375379227e-41	9.3413049102e-96	2.5048160933e-81	4.8134039955e-127	1.9928743941e-169	8.0787757503e-112	2.9618805476e-151	1.9928743941e-169	7.8997555783e-137	1.9928743941e-169	1.9928743941e-169	1.9928743941e-169	2.4275713922e-84	7.0560069050e-85	8.2057939788e-103	1.8504254566e-150	3.4054328617e-61	4.5999199822e-114	9.4960146573e-01	1.6642623617e-51	2.7344550740e-66	2.4434135326e-03	4.0201909841e-04	3.4103777198e-51	1.3463192835e-76	5.2545411815e-123	1.9928743941e-169	1.8673905135e-06	1.1082031085e-84	1.9928743941e-169	1.9928743941e-169	1.9928743941e-169	3.2263201029e-106	1.9928743941e-169	9.3006192720e-69	1.2089469849e-74	6.0543413210e-39	2.5878874096e-78	4.3873981818e-52	4.5987546674e-71	6.4257401196e-80	1.0328355885e-164	4.0717370082e-107	2.0866084110e-106	4.8269956383e-103	2.1358549966e-63	1.9928743941e-169	1.9928743941e-169	1.9928743941e-169	3.6386883036e-146	1.2190806264e-158	1.7627185099e-117	2.2155782074e-101	2.0330510448e-127	8.8341791346e-88	2.8855832953e-101	3.4325987062e-66	5.5566880211e-48	7.4286823426e-137	1.8588128503e-79	1.1304015482e-136	1.1592712677e-66	2.1797615644e-103	2.5048160933e-81	1.4180857193e-101	3.0686254253e-86	2.8186739675e-139	1.9928743941e-169	1.9573318495e-161	5.8871914597e-109	1.0533453625e-86	9.3297816327e-144	1.2466411663e-114	1.3946781168e-149	1.9928743941e-169	1.7533971936e-105	1.8696520285e-29	9.3748144517e-08	1.0870829415e-08	3.2018870801e-76	1.7080352177e-161	2.4986109774e-76	5.8358792097e-128	1.7941237369e-44	1.5230440254e-133	2.5085644529e-20	1.9622876965e-07	1.1803642984e-69	5.5554233650e-138	9.8145962468e-113	6.2682646420e-78	1.1685555456e-38	2.8226988916e-20	3.0518464641e-08	4.3722861407e-28	1.9928743941e-169	1.1661441407e-102	5.8267700885e-156	1.6074760740e-146	1.9928743941e-169	1.9928743941e-169	1.6547934171e-140	1.9928743941e-169	1.9928743941e-169	4.7206119640e-134	1.9928743941e-169	3.7954448114e-05	2.9031423043e-58	1.5125025234e-18	1.2251253263e-79	8.1576682924e-99	3.2185679389e-05	3.5008861524e-148	1.5472569058e-114	5.0007398189e-155	1.9928743941e-169	7.0742700895e-166	1.9928743941e-169	1.9928743941e-169	1.9928743941e-169	3.3686717731e-155	4.4299315152e-165	1.9928743941e-169	1.9928743941e-169	2.8528308826e-158	1.5702178838e-131	1.6075512412e-81	2.7283084385e-28	8.7836498582e-112	1.8323730118e-128	5.0137302723e-50	1.7593814094e-66	3.8031782338e-50	1.5488536496e-60	2.4033635458e-61	2.4526942450e-82	4.9012270057e-36	3.1503781076e-07	1.8926022621e-24	1.1824977342e-28	1.4601522315e-59	2.1345720065e-54	9.0086592251e-62	5.7027940352e-88	8.1467743648e-69	1.5206430433e-60	7.6396270654e-76	5.8356443843e-65	1.9018510255e-84	1.2540150303e-26	1.8926022621e-24	5.8039782730e-54	1.7411403437e-68
1.0153478800e-06	2.2801161063e+02	6.3076672159e+13	3.2253301842e+13	2.1603153283e+00	3.1004577606e-169	4.3488109785e-45	4.7310820192e-02	1.1280450760e-105	2.1639211640e-104	3.1004577606e-169	5.6346992790e-72	3.9016756161e-72	3.2365626913e-68	1.1632151522e-34	4.5621989909e-51	1.4271199492e-07	2.1900825105e-06	3.9089532554e-05	2.2099571634e-83	2.2922420598e-06	1.7134078939e-59	0.0000000000e+00	4.9258553261e-147	2.1700556250e-50	5.6772834834e-52	9.1053055513e-79	1.8582727367e-105	1.5493930602e-114	6.3868715728e-51	4.2882983330e-56	2.9082909921e-12	6.4602523416e-114	4.2806048076e-103	1.1372231910e-167	1.5291535487e-137	1.0962685382e-38	4.8525909111e-34	3.1004577606e-169	6.5195028329e-157	1.4062710498e-86	1.0672126684e-107	2.8556181285e-58	2.0742326210e-78	2.1197602603e-39	5.5329066361e-94	8.1112592209e-77	2.6762881788e-84	1.5073574973e-41	7.5325030968e-96	2.5198032812e-81	6.0331579655e-127	3.1004577606e-169	1.9158724294e-111	4.6276362100e-151	3.1004577606e-169	1.2394736716e-136	3.1004577606e-169	3.1004577606e-169	3.1004577606e-169	3.7218532145e-84	1.0818581241e-84	1.2577679218e-102	2.8337205744e-150	4.2418979990e-61	5.7237419201e-114	9.4960425870e-01	2.0473197366e-51	4.1413874953e-66	2.4434011336e-03	3.9694261174e-04	3.3217832602e-51	2.5748849478e-76	1.0040457412e-122	3.1004577606e-169	4.4046043625e-06	2.6098121267e-84	3.1004577606e-169	3.1004577606e-169	3.1004577606e-169	5.0076977016e-106	3.1004577606e-169	1.7566268083e-68	1.4678427431e-74	3.8551505564e-39	2.0534177243e-78	4.3441303221e-52	3.6495135744e-71	7.9301390893e-80	1.0410806916e-164	2.6419383317e-107	1.0855887515e-106	1.6146635690e-103	5.7336533249e-64	3.1004577606e-169	3.1004577606e-169	3.1004577606e-169	2.3680080137e-146	6.3596263646e-159	7.3797282023e-118	5.9656766079e-102	4.3868969083e-128	1.5297410789e-88	3.5731422301e-101	3.4107401853e-66	5.5028198942e-48	6.0075177380e-137	7.7586344766e-80	9.1074521025e-137	7.5001215965e-67	1.1298557179e-103	2.5198032812e-81	1.1433680631e-101	3.0634350104e-86	4.3662029052e-139	3.1004577606e-169	2.4299113614e-161	5.8667945135e-109	1.5946265279e-86	7.4876922369e-144	8.0271178037e-115	5.8801010168e-150	3.1004577606e-169	1.1377221965e-105	1.8686320040e-29	9.3747668797e-08	1.0870774251e-08	2.5632851798e-76	1.7153217277e-161	3.0723261477e-76	5.8655111566e-128	2.2076626294e-44	1.5245887333e-133	3.1275648180e-20	1.9622777389e-07	1.1788766701e-69	6.9356499639e-138	9.8299458997e-113	5.0376009016e-78	7.5365218712e-39	2.2626166791e-20	3.0518309777e-08	3.5039484094e-28	3.1004577606e-169	1.1680321009e-102	9.0681275226e-156	2.5023999768e-146	3.1004577606e-169	3.1004577606e-169	2.5860653074e-140	3.1004577606e-169	3.1004577606e-169	5.8929948903e-134	3.1004577606e-169	3.7954255516e-05	2.3249864956e-58	1.2124082527e-18	1.2231063445e-79	8.1415719945e-99	3.2185516065e-05	5.4287366680e-148	1.5493930602e-114	9.5471224415e-155	3.1004577606e-169	1.3554734945e-165	3.1004577606e-169	3.1004577606e-169	3.1004577606e-169	4.2036682947e-155	5.5272090852e-165	3.1004577606e-169	3.1004577606e-169	2.2972201373e-158	1.0143981196e-131	3.1125532533e-81	2.7262017550e-28	2.1195198511e-111	4.4202641088e-128	1.2115728108e-49	2.7322269612e-66	4.7372654993e-50	3.0003709395e-60	4.6559683241e-61	4.7498014220e-82	4.8969368730e-36	3.1503621212e-07	2.9421370789e-24	1.8382653807e-28	2.2680240740e-59	2.6587636262e-54	2.1759005060e-61	2.1406363707e-87	1.2648832372e-68	1.5181864981e-60	9.5091509311e-76	2.1928656875e-64	3.6813963062e-84	1.2533750235e-26	2.9421370789e-24	1.4025773056e-53	4.2065502976e-68
6.5262694400e-07	2.2801026786e+02	4.0543062603e+13	2.0731316026e+13	2.1602908968e+00	4.8236204530e-169	5.4206754921e-45	4.7310285143e-02	2.1232047758e-105	3.3614199022e-104	4.8236204530e-169	1.0920413987e-71	3.8979802407e-72	3.2336739659e-68	1.1627648653e-34	5.6866339612e-51	1.4271038096e-07	2.1900577424e-06	3.9089090482e-05	2.7534513439e-83	2.2922161363e-06	1.7120423306e-59	0.0000000000e+00	6.1463296345e-147	3.2853617679e-50	8.5952405017e-52	1.1372171934e-78	1.8601525477e-105	1.5507749311e-114	6.3983197345e-51	3.4441201134e-56	1.8739350823e-12	1.2187759973e-113	8.0771826785e-103	2.5978240412e-167	3.4945761378e-137	1.7086241833e-38	7.5639937461e-34	4.8236204530e-169	8.1536895975e-157	1.4115292305e-86	8.5861873468e-108	1.8433515103e-58	1.0732529014e-78	8.7989294342e-40	3.5700068077e-94	6.5128299508e-77	2.1486843850e-84	9.7088910164e-42	6.0614031214e-96	2.5294637265e-81	7.5487697359e-127	4.8236204530e-169	4.3906805308e-111	7.2191727106e-151	4.8236204530e-169	1.9388203538e-136	4.8236204530e-169	4.8236204530e-169	4.8236204530e-169	5.6183219952e-84	1.6331559409e-84	1.8983132149e-102	4.2743029198e-150	5.2863183099e-61	7.1280893143e-114	9.4961048325e-01	2.4790491146e-51	6.0752758734e-66	2.4433735006e-03	3.8562889474e-04	3.1332869672e-51	4.8484643540e-76	1.8894829942e-122	4.8236204530e-169	1.0059168491e-05	5.9541614284e-84	4.8236204530e-169	4.8236204530e-169	4.8236204530e-169	7.7789645541e-106	4.8236204530e-169	3.2138130952e-68	1.7262664638e-74	2.4124763154e-39	1.6017864415e-78	4.2279078563e-52	2.8470996325e-71	9.6222392166e-80	1.0464200921e-164	1.7084711736e-107	5.6287585632e-107	5.3822697294e-104	1.5332641152e-64	4.8236204530e-169	4.8236204530e-169	4.8236204530e-169	1.5342664151e-146	3.3031935435e-159	3.0750154165e-118	1.5984136977e-102	9.4208871824e-129	2.6354012991e-89	4.3449370996e-101	3.3270140860e-66	5.3561124256e-48	4.8432721703e-137	3.2266481320e-80	7.3247776664e-137	4.8410329156e-67	5.8442613384e-104	2.5294637265e-81	9.2000232820e-102	3.0600398178e-86	6.6347676045e-139	4.8236204530e-169	2.9596247223e-161	5.7335203211e-109	2.3386164413e-86	6.0069667494e-144	5.1653108714e-115	2.4612423887e-150	4.8236204530e-169	7.3574877149e-106	1.8679853576e-29	9.3746608583e-08	1.0870651311e-08	2.0531606666e-76	1.7200516542e-161	3.7191767596e-76	5.8846648678e-128	2.6736650842e-44	1.5256089796e-133	3.8998878838e-20	1.9622555471e-07	1.1778969872e-69	8.6558861538e-138	9.8397458615e-113	4.0450336963e-78	4.8547342837e-39	1.8137733856e-20	3.0517964638e-08	2.8084532459e-28	4.8236204530e-169	1.1692527142e-102	1.4110807520e-155	3.8946118339e-146	4.8236204530e-169	4.8236204530e-169	4.0349167589e-140	4.8236204530e-169	4.8236204530e-169	7.3543658207e-134	4.8236204530e-169	3.7953826282e-05	1.8627069446e-58	9.7190765495e-19	1.2218160358e-79	8.1311769249e-99	3.2185152071e-05	8.4280001231e-148	1.5507749311e-114	1.7956780205e-154	4.8236204530e-169	2.5553883869e-165	4.8236204530e-169	4.8236204530e-169	4.8236204530e-169	5.2447414352e-155	6.8953592218e-165	4.8236204530e-169	4.8236204530e-169	1.8469408371e-158	6.5414752597e-132	6.0315900378e-81	2.7249651017e-28	5.1203922006e-111	1.0676430339e-127	2.9295886780e-49	4.2459356990e-66	5.9038931994e-50	5.8159559788e-60	9.0254186575e-61	9.2050337873e-82	4.8943284950e-36	3.1503264930e-07	4.5750482726e-24	2.8585003947e-28	3.5249941246e-59	3.3134252682e-54	5.2599055733e-61	8.0455993483e-87	1.9654612574e-68	1.5167323236e-60	1.1845921931e-75	8.2469855130e-64	7.1329580188e-84	1.2529696556e-26	4.5750482726e-24	3.3914579500e-53	1.0169750778e-67
4.1948374000e-07	2.2800940477e+02	2.6059037016e+13	1.3325350693e+13	2.1602413305e+00	7.5044929250e-169	6.7583797392e-45	4.7309199643e-02	3.8708740423e-105	5.2243488146e-104	7.5044929250e-169	2.1175639100e-71	3.8956421873e-72	3.2319279114e-68	1.1624860855e-34	7.0897762240e-51	1.4270710657e-07	2.1900074931e-06	3.9088193612e-05	3.4318961692e-83	2.2921635431e-06	1.7112230715e-59	0.0000000000e+00	7.6682299058e-147	4.8121739271e-50	1.2589505960e-51	1.4196408823e-78	1.8613787566e-105	1.5516779101e-114	6.4055887431e-51	2.7644139285e-56	1.2064188538e-12	2.2253052776e-113	1.4749133638e-102	5.5613875041e-167	7.4831290858e-137	2.6612572404e-38	1.1781795830e-33	7.5044929250e-169	1.0187784763e-156	1.4149322852e-86	6.8993970645e-108	1.1881202268e-58	5.5452925716e-79	3.6463219196e-40	2.3003128153e-94	5.2265111524e-77	1.7242012776e-84	6.2488121173e-42	4.8711049154e-96	2.5356530125e-81	9.4344000216e-127	7.5044929250e-169	9.4190247203e-111	1.1250814485e-150	7.5044929250e-169	3.0267510945e-136	7.5044929250e-169	7.5044929250e-169	7.5044929250e-169	8.2139426480e-84	2.3876372409e-84	2.7748528993e-102	6.2453978078e-150	6.5898271634e-61	8.8815806005e-114	9.4962311153e-01	2.9067194992e-51	8.3548804264e-66	2.4433174392e-03	3.6267578896e-04	2.7703231765e-51	8.8415197486e-76	3.4442116123e-122	7.5044929250e-169	2.1531066597e-05	1.2735853028e-83	7.5044929250e-169	7.5044929250e-169	7.5044929250e-169	1.2089878947e-105	7.5044929250e-169	5.5123035962e-68	1.9032605458e-74	1.4603728263e-39	1.2089410762e-78	3.9808554117e-52	2.1489639894e-71	1.1297178634e-79	1.0498761099e-164	1.1024509853e-107	2.9121599876e-107	1.7901005209e-104	4.0901012513e-65	7.5044929250e-169	7.5044929250e-169	7.5044929250e-169	9.9126005831e-147	1.7108896995e-159	1.2774442211e-118	4.2692220751e-103	2.0169779390e-129	4.5253929226e-90	5.1083443241e-101	3.1371666635e-66	5.0433212905e-48	3.8969476161e-137	1.3387698736e-80	5.8843280362e-137	3.1200021688e-67	3.0189268092e-104	2.5356530125e-81	7.3930446391e-102	3.0577358182e-86	9.7413322827e-139	7.5044929250e-169	3.4833060158e-161	5.4128729465e-109	3.2155555926e-86	4.8177702003e-144	3.3223533135e-115	1.0254407880e-150	7.5044929250e-169	4.7477357360e-106	1.8675867948e-29	9.3744457636e-08	1.0870401892e-08	1.6451601092e-76	1.7231571339e-161	4.3601201913e-76	5.8970629697e-128	3.1352566898e-44	1.5263167860e-133	4.8633471824e-20	1.9622105246e-07	1.1772200996e-69	1.0800354751e-137	9.8458958472e-113	3.2461992041e-78	3.1247821783e-39	1.4540159551e-20	3.0517264426e-08	2.2511951409e-28	7.5044929250e-169	1.1700485966e-102	2.1955595556e-155	6.0602959482e-146	7.5044929250e-169	7.5044929250e-169	6.2888913786e-140	7.5044929250e-169	7.5044929250e-169	9.1764075477e-134	7.5044929250e-169	3.7952955460e-05	1.4927327577e-58	7.7913689659e-19	1.2209984696e-79	8.1243748949e-99	3.2184413607e-05	1.3093919144e-147	1.5516779101e-114	3.2722517984e-154	7.5044929250e-169	4.6636324036e-165	7.5044929250e-169	7.5044929250e-169	7.5044929250e-169	6.5428629815e-155	8.6012425017e-165	7.5044929250e-169	7.5044929250e-169	1.4834453832e-158	4.2135157689e-132	1.1694858106e-80	2.7243976199e-28	1.2379887972e-110	2.5809067484e-127	7.0868004743e-49	6.6014373760e-66	7.3606061895e-50	1.1278667399e-59	1.7502515382e-60	1.7847554124e-81	4.8929393735e-36	3.1502542111e-07	7.1156858004e-24	4.4457683667e-28	5.4808448873e-59	4.1307884823e-54	1.2722655818e-60	3.0268647663e-86	3.0558671248e-68	1.5160373311e-60	1.4765840589e-75	3.1033974420e-63	1.3830180049e-83	1.2527205455e-26	7.1156858004e-24	8.2039092381e-53	2.4597190165e-67
2.6962816900e-07	2.2800886464e+02	1.6749132412e+13	8.5650481229e+12	2.1601557435e+00	1.1675357636e-168	8.4276105254e-45	4.7307325290e-02	6.6861979593e-105	8.1224875463e-104	1.1675357636e-168	4.1077618677e-71	3.8942367258e-72	3.2310119030e-68	1.1623286714e-34	8.8403528794e-51	1.4270145263e-07	2.1899207267e-06	3.9086644968e-05	4.2785419095e-83	2.2920727293e-06	1.7108038731e-59	0.0000000000e+00	9.5661797657e-147	6.6728740843e-50	1.7456545443e-51	1.7715959003e-78	1.8621738074e-105	1.5522659986e-114	6.4099800623e-51	2.2179431237e-56	7.7623805156e-13	3.8473851023e-113	2.5500625828e-102	1.0678985698e-166	1.4371504804e-136	4.1431086197e-38	1.8341977591e-33	1.1675357636e-168	1.2721187182e-156	1.4170868808e-86	5.5393985729e-108	7.6502482122e-59	2.8624208518e-79	1.5093970295e-40	1.4808143446e-94	4.1926650429e-77	1.3830869131e-84	4.0198007191e-42	3.9110095434e-96	2.5394699024e-81	1.1781897966e-126	1.1675357636e-168	1.8109916091e-110	1.7522004026e-150	1.1675357636e-168	4.7187169204e-136	1.1675357636e-168	1.1675357636e-168	1.1675357636e-168	1.1376651281e-83	3.3068239346e-84	3.8425757455e-102	8.6459815084e-150	8.2162891462e-61	1.1069989694e-113	9.4964491703e-01	3.2283952388e-51	1.0308311818e-65	2.4432206369e-03	3.2304220199e-04	2.1973564064e-51	1.5273755797e-75	5.9481423610e-122	1.1675357636e-168	4.1339822572e-05	2.4441537157e-83	1.1675357636e-168	1.1675357636e-168	1.1675357636e-168	1.8795579929e-105	1.1675357636e-168	8.4826051635e-68	1.8826441303e-74	8.3683029078e-40	8.6385521426e-79	3.5483887446e-52	1.5356109643e-71	1.2557811129e-79	1.0520601384e-164	7.1037384081e-108	1.5044832606e-107	5.9448800693e-105	1.0892828532e-65	1.1675357636e-168	1.1675357636e-168	1.1675357636e-168	6.3921978581e-147	8.8450012573e-160	5.2961432173e-119	1.1378757371e-103	4.3095147897e-130	7.7539208224e-91	5.6833102987e-101	2.7989035512e-66	4.4953565988e-48	3.1313804208e-137	5.5460727555e-81	4.7234923341e-137	2.0087716422e-67	1.5580523600e-104	2.5394699024e-81	5.9357043140e-102	3.0560956798e-86	1.3528118278e-138	1.1675357636e-168	3.8779272242e-161	4.8328776896e-109	3.9669343282e-86	3.8632230004e-144	2.1362951794e-115	4.2591002218e-151	1.1675357636e-168	3.0592682602e-106	1.8673647497e-29	9.3740743554e-08	1.0869971215e-08	1.3185907130e-76	1.7251975272e-161	4.8423685537e-76	5.9049215996e-128	3.4824651776e-44	1.5268431805e-133	6.0651091376e-20	1.9621327833e-07	1.1767200125e-69	1.3473910177e-137	9.8494977348e-113	2.6041156182e-78	2.0102189118e-39	1.1656336870e-20	3.0516055356e-08	1.8045997850e-28	1.1675357636e-168	1.1705640827e-102	3.4158986466e-155	9.4288553960e-146	1.1675357636e-168	1.1675357636e-168	9.7949180043e-140	1.1675357636e-168	1.1675357636e-168	1.1448438685e-133	1.1675357636e-168	3.7951451793e-05	1.1964630840e-58	6.2460913220e-19	1.2205049718e-79	8.1199158681e-99	3.2183138485e-05	2.0352779909e-147	1.5522659986e-114	5.6505721693e-154	1.1675357636e-168	8.0607651212e-165	1.1675357636e-168	1.1675357636e-168	1.1675357636e-168	8.1615317003e-155	1.0728105195e-164	1.1675357636e-168	1.1675357636e-168	1.1907010977e-158	2.7119548882e-132	2.2685180279e-80	2.7244085203e-28	2.9949697233e-110	6.2429322729e-127	1.7148859832e-48	1.0267439383e-65	9.1794913469e-50	2.1879316962e-59	3.3951336640e-60	3.4615280374e-81	4.8925322784e-36	3.1501294005e-07	1.1068871984e-23	6.9152562333e-28	8.5244987982e-59	5.1512019564e-54	3.0788423035e-60	1.1396674567e-85	4.7534961729e-68	1.5159876367e-60	1.8414567078e-75	1.1683846996e-62	2.6830204592e-83	1.2525830117e-26	1.1068871984e-23	1.9851020564e-52	5.9510431677e-67
1.7330671600e-07	2.2800853211e+02	1.0765127530e+13	5.5052946912e+12	2.1600368667e+00	1.8164331904e-168	1.0510264294e-44	4.7304721893e-02	1.0759066461e-104	1.2630994083e-103	1.8164331904e-168	7.9706397035e-71	3.8934408355e-72	3.2306618009e-68	1.1622524065e-34	1.1024083620e-50	1.4269359954e-07	2.1898002119e-06	3.9084493968e-05	5.3348505045e-83	2.2919465930e-06	1.7106590054e-59	0.0000000000e+00	1.1933270544e-146	8.6157292965e-50	2.2537350383e-51	2.2103064206e-78	1.8626965231e-105	1.5526557347e-114	6.4124885887e-51	1.7790388858e-56	4.9927001112e-13	6.1945661168e-113	4.1056331731e-102	1.7787436486e-166	2.3940324169e-136	6.4481251712e-38	2.8544952634e-33	1.8164331904e-168	1.5878066032e-156	1.4184401753e-86	4.4451343969e-108	4.9227984468e-59	1.4766573814e-79	6.2438015732e-41	9.5269455295e-95	3.3624952255e-77	1.1092020214e-84	2.5850491169e-42	3.1383129142e-96	2.5417447465e-81	1.4706078632e-126	1.8164331904e-168	3.0188866640e-110	2.7276562297e-150	1.8164331904e-168	7.3499470346e-136	1.8164331904e-168	1.8164331904e-168	1.8164331904e-168	1.4678453370e-83	4.2662230738e-84	4.9567476542e-102	1.1150354712e-149	1.0245350692e-60	1.3800289784e-113	9.4967520394e-01	3.3399533852e-51	1.1034092015e-65	2.4430861826e-03	2.6799284030e-04	1.5120011251e-51	2.4578206266e-75	9.5694339176e-122	1.8164331904e-168	6.8853339659e-05	4.0694824160e-83	1.8164331904e-168	1.8164331904e-168	1.8164331904e-168	2.9225971827e-105	1.8164331904e-168	1.1324872093e-67	1.6156405387e-74	4.4647263618e-40	5.7477791589e-79	2.9450216600e-52	1.0217633424e-71	1.2998388718e-79	1.0534256997e-164	4.5731547832e-108	7.7652807284e-108	1.9724112482e-105	2.8979793905e-66	1.8164331904e-168	1.8164331904e-168	1.8164331904e-168	4.1170425029e-147	4.5672492010e-160	2.1928926524e-119	3.0287153939e-104	9.1958923653e-131	1.3267381492e-91	5.8858501208e-101	2.3242816611e-66	3.7307483017e-48	2.5140830339e-137	2.2952766379e-81	3.7897631090e-137	1.2924739046e-67	8.0363400255e-105	2.5417447465e-81	4.7629053870e-102	3.0548449075e-86	1.7482965126e-138	1.8164331904e-168	4.0177606911e-161	4.0152106226e-109	4.2459445372e-86	3.0973678251e-144	1.3733668240e-115	1.7654749733e-151	1.8164331904e-168	1.9694663528e-106	1.8672612151e-29	9.3735584853e-08	1.0869373024e-08	1.0570409221e-76	1.7265691110e-161	5.0097686530e-76	5.9098699098e-128	3.6029565444e-44	1.5272683753e-133	7.5640139087e-20	1.9620248041e-07	1.1763192619e-69	1.6807421762e-137	9.8514140317e-113	2.0885071348e-78	1.2927597397e-39	9.3445396697e-21	3.0514376009e-08	1.4466425466e-28	1.8164331904e-168	1.1709023450e-102	5.3142246954e-155	1.4668179336e-145	1.8164331904e-168	1.8164331904e-168	1.5248363065e-139	1.8164331904e-168	1.8164331904e-168	1.4281893078e-133	1.8164331904e-168	3.7949363265e-05	9.5911250295e-59	5.0073178668e-19	1.2202229147e-79	8.1169231688e-99	3.2181367396e-05	3.1645278397e-147	1.5526557347e-114	9.0909893624e-154	1.8164331904e-168	1.2976127216e-164	1.8164331904e-168	1.8164331904e-168	1.8164331904e-168	1.0179987468e-154	1.3379864330e-164	1.8164331904e-168	1.8164331904e-168	9.5532464907e-159	1.7446561092e-132	4.4016645876e-80	2.7248592007e-28	7.2485583818e-110	1.5107417564e-126	4.1506845019e-48	1.5973399719e-65	1.1450314847e-49	4.2452680425e-59	6.5871138836e-60	6.7149644823e-81	4.8928421072e-36	3.1499560439e-07	1.7220085450e-23	1.0757310604e-27	1.3261163608e-58	6.4249279411e-54	7.4533262488e-60	4.2936324010e-85	7.3968243027e-68	1.5164242372e-60	2.2973244559e-75	4.4003162407e-62	5.2070510889e-83	1.2525205857e-26	1.7220085450e-23	4.8043219302e-52	1.4400841103e-66
1.1139495600e-07	2.2800833301e+02	6.9189976945e+12	3.5385968274e+12	2.1599050393e+00	2.8259789085e-168	1.3108491995e-44	4.7301834878e-02	1.6117866384e-104	1.9644797403e-103	2.8259789085e-168	1.5468569214e-70	3.8930277184e-72	3.2306480386e-68	1.1622256552e-34	1.3748034375e-50	1.4268489093e-07	2.1896665681e-06	3.9082108635e-05	6.6526176294e-83	2.2918067151e-06	1.7106759734e-59	0.0000000000e+00	1.4885571182e-146	1.0353051387e-49	2.7079411746e-51	2.7572698918e-78	1.8630398781e-105	1.5529143999e-114	6.4138109142e-51	1.4267465316e-56	3.2105071015e-13	9.2831093088e-113	6.1522491722e-102	2.5670509723e-166	3.4552363174e-136	1.0033633402e-37	4.4414060708e-33	2.8259789085e-168	1.9813112940e-156	1.4192741629e-86	3.5658115964e-108	3.1664129189e-59	7.6147324629e-80	2.5816483004e-41	6.1268880292e-95	2.6962847966e-77	8.8942340733e-85	1.6620421044e-42	2.5173381060e-96	2.5430363591e-81	1.8350154214e-126	2.8259789085e-168	4.3588880101e-110	4.2449591159e-150	2.8259789085e-168	1.1441979391e-135	2.8259789085e-168	2.8259789085e-168	2.8259789085e-168	1.7630679758e-83	5.1238107677e-84	5.9524022710e-102	1.3387670540e-149	1.2776499915e-60	1.7206323172e-113	9.4970879035e-01	3.2165874303e-51	1.0234446886e-65	2.4429370807e-03	2.0694633218e-04	9.0150570318e-52	3.6818768820e-75	1.4332650784e-121	2.8259789085e-168	9.9364213765e-05	5.8713455817e-83	2.8259789085e-168	2.8259789085e-168	2.8259789085e-168	4.5450495128e-105	2.8259789085e-168	1.3101485624e-67	1.2014412707e-74	2.2168296387e-40	3.5593039222e-79	2.2747769287e-52	6.3273419262e-72	1.2522104290e-79	1.0542613230e-164	2.9422976168e-108	4.0055846779e-108	6.5400948676e-106	7.7046956468e-67	2.8259789085e-168	2.8259789085e-168	2.8259789085e-168	2.6495950963e-147	2.3565433602e-160	9.0721885948e-120	8.0545966888e-105	1.9606222596e-131	2.2680767468e-92	5.6719978493e-101	1.7959113068e-66	2.8814543450e-48	2.0173708367e-137	9.4930351386e-82	3.0396412660e-137	8.3124851783e-68	4.1435448105e-105	2.5430363591e-81	3.8204336958e-102	3.0538750512e-86	2.1019871944e-138	2.8259789085e-168	3.8727249237e-161	3.1033104977e-109	3.9380776987e-86	2.4831369155e-144	8.8278978013e-116	7.3088203181e-152	2.8259789085e-168	1.2671280378e-106	1.8672296070e-29	9.3729864155e-08	1.0868709664e-08	8.4746313710e-77	1.7274955814e-161	4.8249804015e-76	5.9129308709e-128	3.4699648565e-44	1.5276156187e-133	9.4335435490e-20	1.9619050614e-07	1.1759941965e-69	2.0964271314e-137	9.8522849136e-113	1.6747213612e-78	8.3118393545e-40	7.4912934045e-21	3.0512513712e-08	1.1597138788e-28	2.8259789085e-168	1.1711239787e-102	8.2672596440e-155	2.2817497684e-145	2.8259789085e-168	2.8259789085e-168	2.3731053398e-139	2.8259789085e-168	2.8259789085e-168	1.7815700808e-133	2.8259789085e-168	3.7947047209e-05	7.6890449091e-59	4.0142522656e-19	1.2200739164e-79	8.1149039550e-99	3.2179403363e-05	4.9213136740e-147	1.5529143999e-114	1.3617526373e-153	2.8259789085e-168	1.9443834632e-164	2.8259789085e-168	2.8259789085e-168	2.8259789085e-168	1.2697166930e-154	1.6686450402e-164	2.8259789085e-168	2.8259789085e-168	7.6626703419e-159	1.1220183868e-132	8.5421266060e-80	2.7255360378e-28	1.7547544258e-109	3.6567998632e-126	1.0047569863e-47	2.4853996613e-65	1.4284596453e-49	8.2382108812e-59	1.2781561188e-59	1.3027941831e-80	4.8935412881e-36	3.1497638016e-07	2.6791294209e-23	1.6734817504e-27	2.0632308139e-58	8.0144942094e-54	1.8046627645e-59	1.6181153619e-84	1.1512244552e-67	1.5171140500e-60	2.8666046207e-75	1.6575396171e-61	1.0107749053e-82	1.2525035883e-26	2.6791294209e-23	1.1628750920e-51	3.4852740294e-66
