P               	T               	n_<tot>         	n_g             	m               	C               	H               	He              	N               	O               	S               	P               	Si              	Ti              	V               	Cl              	K               	Na              	Mg              	F               	Ca              	Fe              	e-              	CH              	HCN             	HNCO            	HCO             	CH2             	CH2_1           	H2CO            	CH3             	CH4             	CN              	NCO             	CN2_cnn         	CN2_ncn         	CO              	CO2             	C2              	C2H             	C2H2            	C2H3            	C2H4            	C2H5            	C2H6            	C2H4O           	CH2OH           	CH3O            	CH3OH           	CH3CO           	H2CCO           	HCCO            	C2N             	C2N2            	CCO             	C3              	C3O2            	C4              	C4H2            	C4N2            	NH              	HNO             	HNO2            	HNO3            	OH              	HO2             	H2              	NH2             	N2H2            	H2O             	NH3             	N2H4            	NO              	NO2             	NO3             	N2              	N2O             	N2O3            	N2O4            	N2O5            	O2              	O3              	N2H             	N2H3            	CH3NH2          	CH3NH           	CH2NH           	CH2NH2          	H2CN            	C3H2            	C3H4            	C3H5            	C3H7            	C3H8            	C4H             	C4H2            	C4H3            	C4H4            	C4H5            	C4H6            	C4H8            	C4H9            	C4H10           	CH2CN           	CH3CN           	CH3NO           	C3H3            	C3H6            	C2H3O           	CH3CHO          	C2H4OH          	CH2CO           	CH2CHO          	H2O2            	HC3N            	HC2N            	C2H2CN          	C2H3CN          	H2NN            	CH3O2           	CH3OOH          	C6H6            	C6H5            	CH3C2H          	TiO             	TiO2            	VO              	TiH             	TiC2            	TiN             	VC2             	VN              	TiC             	Cl2             	HCl             	HOCl            	CCl             	CHCl            	CH2Cl           	CH3Cl           	KH              	HF              	MgH             	S2              	H2S             	SO              	SO2             	S2O             	SO3             	COS             	CS              	HCS             	SH              	HS2             	SiO             	SiH             	NaH             	FeO             	FeO2            	Fe(OH)2         	O_1             	CH2_1           	N_2D            	CS2             	NS              	S3              	S4              	S8              	HSO             	HSO2            	HSO3            	H2SO4           	CH3S            	CH3SH           	P               	PH3             	P2O             	P2O2            	P2O3            	PH              	PH2             	PO              	PO2             	PO3             	H2POH           	H3PO4           	HOPO            	HOPO2           	HPO             	HPOH            	P2              	P4              	P2H2            	P2H4            	P2H3            	P4O6            	P2H             	H3PO3           	HPO2            	P2O4            	P2O5            
1.0533907600e+02	1.7096219286e+03	8.8564205206e+20	4.4627822984e+20	2.0946874622e+00	2.0925741810e-19	1.5570319516e-05	1.7717537374e-02	3.9873527647e-15	1.9072420346e-14	3.7404688828e-12	2.1955278200e-09	5.0694922352e-11	1.9468927356e-10	2.8019044064e-09	1.3028852534e-14	2.2788097201e-07	3.5152811816e-06	6.3888154943e-05	7.7801027822e-17	3.7532142626e-06	3.6285238309e-09	0.0000000000e+00	4.0706630513e-17	2.9349905944e-08	1.5605838245e-11	5.2055825825e-11	7.4334648388e-13	2.2656958590e-14	1.8445826582e-09	3.8831473874e-08	1.1957831275e-04	4.8559467110e-15	8.4960560853e-17	2.0523486449e-25	1.0392576366e-21	4.1765013483e-05	2.2140523087e-08	5.7495838957e-24	8.8830228111e-18	9.5470780029e-11	3.7706317023e-14	4.5196264466e-10	2.9410142233e-13	1.0092415761e-10	1.7948769771e-18	2.6200188397e-13	1.6934346523e-14	6.9442219142e-11	1.8743956608e-15	1.4953750892e-12	5.4893679376e-17	6.3012156762e-24	3.3504473650e-18	7.7777888667e-18	7.8792802004e-26	1.7787822358e-20	5.6255293130e-34	3.6173868503e-21	1.1270700375e-28	8.2383200901e-13	5.7404788845e-16	2.4288228510e-21	1.0388169584e-31	1.7440529706e-09	2.5952972075e-19	9.8000437066e-01	1.0901184391e-09	1.3072866614e-15	1.7953880564e-03	2.2278194539e-05	4.1714572477e-16	1.7811545492e-13	4.8713452323e-23	3.9560539940e-36	3.7026391428e-05	7.3291515867e-19	2.4185005540e-39	3.0511114217e-50	2.4232435639e-60	1.5666219462e-17	8.4079180593e-33	8.9512488398e-14	1.3768442034e-17	1.4394145904e-12	5.5028325826e-16	1.9957826228e-11	1.4332440439e-14	4.4591716136e-13	1.2317602646e-20	4.6211430491e-16	5.5151813429e-17	6.4710202673e-19	2.2897639507e-16	1.6969127863e-28	1.5852696825e-21	3.1149028097e-25	1.8133252234e-20	5.4367156699e-23	9.2177622408e-20	2.7472939111e-21	1.3342021109e-25	5.3165276539e-22	4.8330761753e-15	5.5088233780e-13	2.6479094627e-14	2.3816608800e-17	4.2488162576e-15	6.6640927800e-22	7.6677436706e-14	9.4415364401e-19	1.4953750892e-12	8.9043267623e-17	4.4546973104e-17	2.4111555627e-19	9.0141926784e-24	2.4387141589e-23	1.0820683910e-18	2.3168309089e-18	2.7594571058e-26	2.6017462886e-23	1.0265027054e-26	1.0039383904e-30	1.2261423314e-15	1.1525902468e-07	3.8038794604e-08	1.4997139731e-08	5.7081321071e-12	2.0224551611e-21	8.3640801819e-15	1.2617472930e-20	2.7369263119e-13	1.4861608740e-17	3.2023513264e-07	1.0594034764e-09	1.7385486244e-20	1.9439187162e-24	3.3890519567e-22	3.3680448626e-19	2.4642929878e-16	5.7892429158e-09	4.9957806018e-08	1.1529114785e-07	1.4219268304e-11	5.8804301809e-05	1.7955649324e-12	1.0377882348e-14	1.1249485696e-16	6.1550696931e-24	1.0544925167e-10	5.8575651874e-12	2.2826116753e-13	1.0745120301e-07	5.3104617625e-12	6.2143177928e-05	1.3658015484e-09	7.0661620375e-08	5.8490218699e-14	1.1913612898e-19	5.2695490792e-05	1.7831853681e-20	2.2656958590e-14	6.5160824131e-18	7.2836773200e-14	6.8785771548e-14	6.5683922647e-18	5.9415147163e-25	8.0708321946e-49	2.8723192274e-13	2.7286009466e-17	2.0593450535e-25	6.6565465152e-29	2.4779701740e-13	3.4642886748e-11	6.5325390645e-11	4.6343129372e-07	7.8067219122e-21	9.4139362182e-25	8.5527839808e-18	3.3837478335e-09	4.1891451820e-08	3.5837216102e-10	1.5986653169e-13	3.6436576484e-19	1.5672430004e-10	7.8536057272e-17	1.7222315329e-09	4.8546094175e-14	2.9909334994e-11	3.3767715441e-11	4.1675509065e-10	8.3710683029e-19	4.8281309790e-13	1.9140210075e-14	4.9697583927e-15	6.4681315467e-39	4.1813303270e-13	1.5250025663e-15	1.7222315329e-09	8.0568529468e-23	1.2429403248e-26
7.1228625400e+01	1.6929058842e+03	6.0474052038e+20	3.0474600824e+20	2.0945838431e+00	2.1409586788e-19	1.6187248375e-05	1.7716660904e-02	3.6140621544e-15	1.9614423442e-14	4.3492393344e-12	3.2053666099e-09	4.1581641940e-11	1.7175066943e-10	2.6282256295e-09	1.2155411103e-14	2.2899717846e-07	3.5287750871e-06	6.3910659613e-05	7.3602688612e-17	3.7530285994e-06	3.2570251403e-09	0.0000000000e+00	3.7337007021e-17	3.1762360138e-08	1.6701315603e-11	5.8442282006e-11	6.4927195578e-13	1.9291583567e-14	1.8962802513e-09	3.3121149536e-08	9.8008350153e-05	5.1719134991e-15	9.2618172120e-17	1.6218595565e-25	9.0093807916e-22	6.3318698495e-05	3.3826768146e-08	6.2087942869e-24	9.4816195312e-18	1.0617173634e-10	3.3014389871e-14	3.8692560751e-10	1.9813373718e-13	6.4468838128e-11	1.3694414301e-18	2.0797103614e-13	1.3085202359e-14	5.1704109907e-11	1.6825285206e-15	1.6767331810e-12	6.3803810230e-17	6.4208955474e-24	3.7811387094e-18	9.8204769104e-18	9.7048880630e-26	2.8573918874e-20	6.8629440519e-34	4.4659007399e-21	1.4149660354e-28	6.6839078787e-13	4.6220148809e-16	1.8346247126e-21	6.7475778117e-32	1.7175841342e-09	2.1623506289e-19	9.8002932521e-01	8.2024234750e-10	8.2614477274e-16	1.7737141279e-03	1.6284570291e-05	1.9394502895e-16	1.7538943596e-13	4.1403725466e-23	2.7074371862e-36	4.0019751249e-05	6.1888753592e-19	1.3961021552e-39	1.5332747826e-50	1.0085291643e-60	1.5959454074e-17	6.4243210652e-33	6.6917035814e-14	7.1103142090e-18	7.9911824711e-13	3.2268773985e-16	1.5160169428e-11	8.5774341516e-15	3.7009856587e-13	1.3023206610e-20	4.0836595994e-16	4.0816770132e-17	3.4066768282e-19	1.1448940744e-16	2.0288218318e-28	1.9430428925e-21	2.9787227365e-25	1.7078832280e-20	4.1156685904e-23	6.6794604394e-20	1.4690692375e-21	5.5117355436e-26	2.0790976546e-22	4.4981539079e-15	4.8116464234e-13	2.0210473816e-14	2.2795979756e-17	2.8740834965e-15	5.3109575948e-22	6.3385278220e-14	5.8177602105e-19	1.6767331810e-12	7.8720626593e-17	3.3858481003e-17	2.8727312756e-19	7.9471049521e-24	2.2859868520e-23	1.0015210399e-18	1.3798173914e-18	1.7758916970e-26	1.5309799120e-23	9.8162372475e-27	9.7652585629e-31	1.0888215827e-15	1.1354562900e-07	3.9769158784e-08	1.5169992490e-08	4.0871015667e-12	1.9372392333e-21	6.2918647361e-15	1.2886953394e-20	2.1921724065e-13	1.2947227035e-17	3.2033056096e-07	9.4808237713e-10	1.2780555637e-20	1.6734445539e-24	2.6306233857e-22	2.4461439024e-19	1.6981707012e-16	4.6614773239e-09	4.9955334721e-08	8.9620369950e-08	1.8534699457e-11	5.8792447250e-05	2.1569154046e-12	1.2758593758e-14	1.3834856358e-16	6.7066838131e-24	1.5979057895e-10	8.0113795197e-12	2.5660707880e-13	1.1633216040e-07	5.8003981518e-12	6.2140501267e-05	9.7742038641e-10	5.6990326275e-08	4.9045836038e-14	9.3509692058e-20	5.2693255391e-05	1.6082063643e-20	1.9291583567e-14	4.9722511441e-18	1.0901646064e-13	7.0854263867e-14	8.3073888653e-18	7.3902500157e-25	9.2385358460e-49	2.8956778995e-13	2.6470045893e-17	1.7940572228e-25	5.1080032124e-29	2.1067999991e-13	2.6855282228e-11	9.2891886781e-11	4.5518032311e-07	1.2939474455e-20	1.4543983650e-24	1.6625447958e-17	4.2127046334e-09	4.5942612548e-08	5.3856271448e-10	2.3809631685e-13	5.0274968848e-19	1.4889380341e-10	7.9423798484e-17	2.3967712676e-09	6.6259208759e-14	3.7771420040e-11	3.6166128528e-11	8.0445851381e-10	2.4282663832e-18	6.3756889362e-13	1.8101615230e-14	5.4115967910e-15	1.9142120330e-38	6.2809353322e-13	1.4648341500e-15	2.3967712676e-09	1.5391604458e-22	2.2360132308e-26
4.8163675700e+01	1.6744069521e+03	4.1341227397e+20	2.0834106599e+20	2.0944750445e+00	1.8849413717e-19	1.6490213600e-05	1.7715740638e-02	3.1004877591e-15	1.9247632161e-14	4.9017702106e-12	4.5501661684e-09	3.3232136579e-11	1.4889638492e-10	2.4423616798e-09	1.1234957065e-14	2.2990903791e-07	3.5397852948e-06	6.3927805279e-05	6.7400166874e-17	3.7528336561e-06	2.8794635529e-09	0.0000000000e+00	2.9802155880e-17	3.0826833330e-08	1.6010786717e-11	5.8631426824e-11	5.0300222346e-13	1.4521033505e-14	1.7666058447e-09	2.5623762689e-08	7.4358447198e-05	4.8059167814e-15	8.8385388869e-17	1.0850566408e-25	6.6921846320e-22	8.6955991297e-05	4.6877482724e-08	5.2446575337e-24	8.1089364932e-18	9.7558814182e-11	2.3749155899e-14	2.7835818413e-10	1.1153083892e-13	3.5054102872e-11	8.6527117309e-19	1.4837987122e-13	9.0571902366e-15	3.5200765487e-11	1.2453137382e-15	1.5555280473e-12	6.0096193407e-17	5.1238049628e-24	3.4158101528e-18	9.9049104725e-18	8.5857552945e-26	3.4151650071e-20	5.4228088033e-34	3.7632931951e-21	1.1749854083e-28	5.1893924768e-13	3.5589689703e-16	1.3146842115e-21	4.0785551910e-32	1.6461970932e-09	1.7161699178e-19	9.8005596263e-01	5.9992030777e-10	5.0046900315e-16	1.7499482971e-03	1.1824056658e-05	8.7386581343e-17	1.6527348201e-13	3.3048758399e-23	1.6923912287e-36	4.2248086644e-05	4.9449746304e-19	7.2622510827e-40	6.8217715432e-51	3.6272672211e-61	1.5497869570e-17	4.5090444073e-33	4.7775171245e-14	3.5167631932e-18	4.0391502206e-13	1.6915098720e-16	1.0378398503e-11	4.6007862111e-15	2.7299750470e-13	1.0202752492e-20	2.7489256587e-16	2.3066945053e-17	1.3785574737e-19	4.4836399887e-17	1.6073041552e-28	1.6240507850e-21	1.9292375074e-25	1.1153431103e-20	2.1540000152e-23	3.4129620324e-20	5.6031235651e-22	1.6110082273e-26	5.8590473355e-23	3.4092426228e-15	3.4818673727e-13	1.3915524265e-14	1.6371863259e-17	1.5051022175e-15	3.4363642402e-22	4.3844270669e-14	2.9616674072e-19	1.5555280473e-12	5.7269922536e-17	2.4847103258e-17	2.5329747497e-19	5.5234281239e-24	1.5766611345e-23	6.9848537794e-19	7.8161305078e-19	1.0000393444e-26	7.9921805554e-24	5.5927621266e-27	5.5291286243e-31	7.3698191164e-16	1.1153855541e-07	4.1792331586e-08	1.5354979276e-08	2.8711209366e-12	1.5017144444e-21	4.5946733233e-15	1.0742396332e-20	1.7187836694e-13	9.9872497904e-18	3.2040444447e-07	8.5751169471e-10	9.2584281579e-21	1.2748809584e-24	1.8288515025e-22	1.6181475216e-19	1.0859133127e-16	3.7374809517e-09	4.9952739900e-08	6.9150341205e-08	2.3768588465e-11	5.8781590914e-05	2.5226878214e-12	1.5322306259e-14	1.6617102199e-16	7.0298072379e-24	2.1934442818e-10	9.7911563385e-12	2.5776126426e-13	1.2406266888e-07	6.2482618581e-12	6.2137572422e-05	6.8680170950e-10	4.5793863425e-08	4.0158225582e-14	7.1075167453e-20	5.2690895750e-05	1.3605343305e-20	1.4521033505e-14	3.5124201497e-18	1.4753734053e-13	7.0237970801e-14	1.0296381856e-17	8.9895962122e-25	1.0237294747e-48	2.8498251026e-13	2.4949748639e-17	1.4980266545e-25	3.7923084521e-29	1.6241774844e-13	1.9131496828e-11	1.2799584820e-10	4.4562330347e-07	2.0651044947e-20	2.1447758539e-24	3.1793343986e-17	5.1236404612e-09	4.9664244472e-08	7.9010184329e-10	3.4586616831e-13	6.7014506853e-19	1.4042446867e-10	8.0459390341e-17	3.3078369840e-09	8.9489432310e-14	4.6697889213e-11	3.8074391392e-11	1.5247716641e-09	6.9177629375e-18	8.2803862148e-13	1.6965583842e-14	5.7974122876e-15	5.5897831847e-38	9.1983553251e-13	1.3995747987e-15	3.3078369840e-09	2.8871469009e-22	3.9203679932e-26
3.2567519600e+01	1.6545727385e+03	2.8288049796e+20	1.4256571474e+20	2.0943758319e+00	1.4474792783e-19	1.6513789483e-05	1.7714901482e-02	2.5440397500e-15	1.8189920226e-14	5.3810865091e-12	6.2944843451e-09	2.5934466843e-11	1.2683328530e-10	2.2473187627e-09	1.0301659765e-14	2.3064947792e-07	3.5487265328e-06	6.3940900742e-05	6.0049998369e-17	3.7526558898e-06	2.5029517298e-09	0.0000000000e+00	2.0945416970e-17	2.7071535567e-08	1.3900858575e-11	5.3064679455e-11	3.4867765906e-13	9.7525102589e-15	1.5024206052e-09	1.8075285716e-08	5.2333763554e-05	3.9479044284e-15	7.4921015103e-17	6.2682053878e-26	4.3361093067e-22	1.0897228830e-04	5.9463846643e-08	3.5298833900e-24	5.6387973644e-18	7.4806341283e-11	1.4188081425e-14	1.6950647313e-10	5.2887042250e-14	1.6310000790e-11	4.5798548368e-19	9.5974393184e-14	5.6675150920e-15	2.2043679720e-11	7.6928792038e-16	1.2078879012e-12	4.6554720854e-17	3.2669582364e-24	2.5163223104e-18	8.1186729242e-18	5.5755803464e-26	3.0988231766e-20	2.8540554385e-34	2.2079094866e-21	6.6398072755e-29	3.8893671783e-13	2.6490820175e-16	9.0628225880e-22	2.3378154551e-32	1.5449706739e-09	1.3123437023e-19	9.8008057203e-01	4.2918874253e-10	2.9364687292e-16	1.7278112875e-03	8.5526681382e-06	3.8488125756e-17	1.5063047632e-13	2.5160668622e-23	9.8752280629e-37	4.3883465253e-05	3.7922931574e-19	3.4928795294e-40	2.7701984367e-51	1.1688738485e-61	1.4508997965e-17	2.9629736030e-33	3.2930522840e-14	1.6833899099e-18	1.8710111345e-13	8.0012426436e-17	6.4554097851e-12	2.2318111024e-15	1.8082155986e-13	6.0238727051e-21	1.4275259843e-16	1.0077528158e-17	4.3365727900e-20	1.3868013391e-17	8.6463491331e-29	9.4433900490e-22	8.6426401348e-26	5.1389478678e-21	7.9342720233e-24	1.2479847626e-20	1.5442708999e-22	3.3795368260e-27	1.2035251018e-23	2.1339098397e-15	2.1112207983e-13	8.7293477796e-15	8.9559292098e-18	6.1641502862e-16	1.8316632861e-22	2.5628266368e-14	1.2604588072e-19	1.2078879012e-12	3.4715752624e-17	1.7769991580e-17	1.6845261032e-19	3.0846936581e-24	8.1617343910e-24	3.7304764101e-19	4.2599727942e-19	5.0007779253e-27	3.7482389445e-24	1.9391809965e-27	1.8681437997e-31	3.8502706210e-16	1.0919621832e-07	4.4150354913e-08	1.5549218695e-08	1.9790543384e-12	9.5171368042e-22	3.2687569383e-15	7.3799257197e-21	1.3233413208e-13	6.8627673152e-18	3.2046425752e-07	7.8248190546e-10	6.6363049584e-21	8.6728941356e-25	1.1469386815e-22	9.7937726982e-20	6.4541593369e-17	2.9859734448e-09	4.9950373718e-08	5.3023435169e-08	3.0064116252e-11	5.8772163945e-05	2.8902789445e-12	1.8110468698e-14	1.9602726134e-16	7.1726780724e-24	2.7478063445e-10	1.0774481852e-11	2.3312099129e-13	1.3063526153e-07	6.6525525035e-12	6.2134848817e-05	4.7430299624e-10	3.6682781721e-08	3.2155735862e-14	5.2563331448e-20	5.2688776242e-05	1.0926399660e-20	9.7525102589e-15	2.3292828729e-18	1.8159135744e-13	6.7533768754e-14	1.2545938514e-17	1.0732032564e-24	1.1040978183e-48	2.7536219512e-13	2.3040586484e-17	1.2138572005e-25	2.7594515334e-29	1.1414454790e-13	1.2565693287e-11	1.7137232221e-10	4.3414529071e-07	3.1846055655e-20	3.0396760366e-24	6.0055516836e-17	6.0967679798e-09	5.2923775237e-08	1.1355336692e-09	4.9276816419e-13	8.7077169813e-19	1.3159444865e-10	8.2082047325e-17	4.5408618027e-09	1.2023137736e-13	5.6694959115e-11	3.9496683877e-11	2.8336416715e-09	1.9243336330e-17	1.0558868246e-12	1.5713721615e-14	6.0995723750e-15	1.6189868176e-37	1.3128670538e-12	1.3360625760e-15	4.5408618027e-09	5.3512160720e-22	6.7622661800e-26
2.2021644300e+01	1.6336711867e+03	1.9371930375e+20	9.7634064884e+19	2.0942968230e+00	9.8809409163e-20	1.6283427701e-05	1.7714233223e-02	2.0084355130e-15	1.6642710477e-14	5.7683299266e-12	8.4816034714e-09	1.9774490437e-11	1.0604441463e-10	2.0457122046e-09	9.3771528360e-15	2.3124857581e-07	3.5559705515e-06	6.3951081279e-05	5.2190174081e-17	3.7525143240e-06	2.1348023983e-09	0.0000000000e+00	1.3198356132e-17	2.1885431933e-08	1.1138567307e-11	4.4090857168e-11	2.1987911460e-13	5.9433597740e-15	1.1856985772e-09	1.1799276035e-08	3.4621969360e-05	2.9232018295e-15	5.7591240467e-17	3.2007309176e-26	2.5063344469e-22	1.2667916492e-04	7.0286890071e-08	1.9576037511e-24	3.2909381032e-18	4.9286779538e-11	7.2514977683e-15	8.9846129453e-11	2.1734249483e-14	6.6708747841e-12	2.0938402041e-19	5.7245467412e-14	3.2621809297e-15	1.2898257686e-11	4.0910974526e-16	8.0952482479e-13	3.0636021723e-17	1.7237725708e-24	1.5652899877e-18	5.5926070730e-18	2.7867876829e-26	2.2389024438e-20	1.0652547253e-34	9.5625028305e-22	2.7225541511e-29	2.8282103910e-13	1.9188012932e-16	6.0631454070e-22	1.2859406049e-32	1.4250490389e-09	9.7361915283e-20	9.8010048461e-01	3.0148017502e-10	1.6796876684e-16	1.7100028573e-03	6.1756806192e-06	1.6663549395e-17	1.3365539303e-13	1.8446368526e-23	5.4513136336e-37	4.5072801600e-05	2.8167884002e-19	1.5783395324e-40	1.0463859100e-51	3.4513049699e-62	1.3185361501e-17	1.8436779524e-33	2.2062935340e-14	7.8498461031e-19	8.0714725530e-14	3.4757312844e-17	3.7103065131e-12	9.9621969154e-16	1.0949534545e-13	2.8035816124e-21	5.9688439072e-17	3.5516659561e-18	1.1060357445e-20	3.5281428568e-18	3.3565162256e-29	4.0506321321e-22	2.8412052982e-26	1.7690395436e-21	2.1787866455e-24	3.4536670264e-21	3.2497161460e-23	5.3798791045e-28	1.9025533183e-24	1.1388654603e-15	1.1059867909e-13	5.0814171671e-15	3.8993350230e-18	2.0579997707e-16	8.3060024932e-23	1.3041988225e-14	4.6249939770e-20	8.0952482479e-13	1.8088499596e-17	1.2457693404e-17	8.8527899760e-20	1.4329369701e-24	3.3238615228e-24	1.5962408267e-19	2.2498330948e-19	2.2671635281e-27	1.6105792643e-24	4.4481192855e-28	4.1020277456e-32	1.6203713753e-16	1.0646614622e-07	4.6896068878e-08	1.5750186010e-08	1.3373379312e-12	5.0731080402e-22	2.2687430193e-15	4.2993283312e-21	1.0021282729e-13	4.2608524562e-18	3.2051493352e-07	7.1968810152e-10	4.7189687327e-21	5.3571392367e-25	6.5913152988e-23	5.5020545808e-20	3.6117872752e-17	2.3780618610e-09	4.9948489391e-08	4.0428782599e-08	3.7557208683e-11	5.8764539035e-05	3.2557398708e-12	2.1171695200e-14	2.2789911296e-16	7.1789137312e-24	3.1934935865e-10	1.0847581541e-11	1.9288546708e-13	1.3598190281e-07	7.0086334767e-12	6.2132663369e-05	3.2190894458e-10	2.9303506501e-08	2.5183726546e-14	3.7911248879e-20	5.2687156665e-05	8.3853806962e-21	5.9433597740e-15	1.4614181411e-18	2.0635495805e-13	6.3272639823e-14	1.5053211515e-17	1.2597341816e-24	1.1622602866e-48	2.6212291340e-13	2.0958345818e-17	9.6215133217e-26	1.9853304620e-29	7.4222717244e-14	7.7147784083e-12	2.2291109372e-10	4.1988841639e-07	4.7410053414e-20	4.1458670809e-24	1.1211048703e-16	7.0918455148e-09	5.5508789664e-08	1.5999472812e-09	6.9018914757e-13	1.1080883130e-18	1.2246468077e-10	8.4605428766e-17	6.2065259598e-09	1.6112780051e-13	6.7628171104e-11	4.0380466788e-11	5.1428752388e-09	5.1782453649e-17	1.3166377163e-12	1.4316725408e-14	6.2768536994e-15	4.6488847976e-37	1.8200686744e-12	1.2772790514e-15	6.2065259598e-09	9.8218981773e-22	1.1525557748e-25
1.4890689400e+01	1.6180488773e+03	1.3225071103e+20	6.6656030258e+19	2.0942343354e+00	7.2992756636e-20	1.6870757567e-05	1.7713704698e-02	1.7549500644e-15	1.7048459799e-14	6.6699957269e-12	1.1908368023e-08	1.6077128485e-11	9.2416847127e-11	1.9028939764e-09	8.7257559533e-15	2.3171133502e-07	3.5615970987e-06	6.3958221059e-05	4.9099566190e-17	3.7524023605e-06	1.8901316728e-09	0.0000000000e+00	8.7580525704e-18	1.6771075256e-08	8.4759791986e-12	3.6134968342e-11	1.3940887886e-13	3.6710217384e-15	8.9217933191e-10	7.3352352520e-09	2.0766337142e-05	2.1933757079e-15	4.4459637598e-17	1.7258217605e-26	1.4856949993e-22	1.4053131689e-04	7.8958359043e-08	1.1127236950e-24	1.8575160518e-18	2.9145184537e-11	3.3723658579e-15	4.1028375609e-11	7.8025859708e-15	2.2787116917e-12	8.5383264435e-20	3.3208537680e-14	1.8417706900e-15	7.0414131382e-12	1.9609385204e-16	4.8487634890e-13	1.8948935132e-17	9.0041407466e-25	8.8517406155e-19	3.7523076756e-18	1.3194328989e-26	1.4044583804e-20	3.6393862464e-35	3.3380381615e-22	9.1075980768e-30	2.2160972718e-13	1.4987636766e-16	4.4558980245e-22	8.1357942948e-33	1.4025870379e-09	8.1118222809e-20	9.8011527070e-01	2.1969837755e-10	9.9880116129e-17	1.6960664024e-03	4.3891468903e-06	7.3028842441e-18	1.2766024067e-13	1.5224570828e-23	3.6214000102e-37	4.5967231556e-05	2.2420203266e-19	8.5889806717e-41	4.9645506736e-52	1.3561983292e-62	1.3433639623e-17	1.4060104948e-33	1.5501064394e-14	3.8127800086e-19	3.1828795794e-14	1.4429030218e-17	1.9977516429e-12	4.2224526753e-16	6.4247929771e-14	1.1463630434e-21	2.0508012848e-17	1.0226591719e-18	2.2681192917e-21	6.8960983392e-19	1.1284493882e-29	1.4035774510e-22	7.6715102216e-27	4.7249134784e-22	4.6756767123e-25	7.1195413980e-22	4.9555537976e-24	6.3294419751e-29	2.1261865548e-25	5.4725568971e-16	5.0035335322e-14	2.7622196990e-15	1.4469948559e-18	5.4293392610e-17	3.5246556782e-23	5.7719113732e-15	1.5223049425e-20	4.8487634890e-13	8.5356899377e-18	9.4918635130e-18	3.9707333261e-20	6.4848769618e-25	1.1715121369e-24	5.5795747417e-20	1.2585474328e-19	1.0663096009e-27	6.9430704480e-25	6.4628429225e-29	6.0360932107e-33	5.5949619015e-17	1.0432236205e-07	4.9049293672e-08	1.5892496172e-08	9.4585447937e-13	2.5490221017e-22	1.6368518324e-15	2.3124721997e-21	7.7301113248e-14	2.6669863627e-18	3.2058046171e-07	6.4457591819e-10	3.4710847425e-21	3.3426719803e-25	3.7168075816e-23	2.9118210606e-20	1.8199378817e-17	1.9083319430e-09	4.9946999084e-08	3.1379691400e-08	4.8809965375e-11	5.8751893161e-05	3.9090562336e-12	2.6145687266e-14	2.8028118220e-16	7.8718824564e-24	3.5418238110e-10	1.0782438955e-11	1.5758842035e-13	1.4681363262e-07	7.6360130238e-12	6.2130906468e-05	2.2864829660e-10	2.3569985679e-08	2.0884478439e-14	2.9514519011e-20	5.2685829253e-05	7.5098546481e-21	3.6710217384e-15	1.0714924554e-18	2.2498964337e-13	6.3006533727e-14	1.8966848762e-17	1.5607636249e-24	1.3249278631e-48	2.6425613671e-13	2.0402898212e-17	8.4296991211e-26	1.5423954076e-29	4.6002605614e-14	4.3698748471e-12	3.0464222425e-10	3.9845013797e-07	7.3201653671e-20	5.9862981844e-24	2.0572981474e-16	8.4975147237e-09	5.8683033615e-08	2.3237203296e-09	9.9765505899e-13	1.4882797326e-18	1.1281558101e-10	8.4219595495e-17	8.4087256517e-09	2.1500118632e-13	8.2586845772e-11	4.1855341194e-11	9.2414335072e-09	1.3065214092e-16	1.6195442930e-12	1.2636093117e-14	6.3661861978e-15	1.2315026870e-36	2.5420521920e-12	1.2005627651e-15	8.4087256517e-09	1.7789343584e-21	1.9722870971e-25
1.0068849800e+01	1.6060965179e+03	9.0089500240e+19	4.5407176635e+19	2.0941914601e+00	5.6643690280e-20	1.8112091036e-05	1.7713342255e-02	1.6491846837e-15	1.8963056543e-14	8.1442332086e-12	1.7001543719e-08	1.3673322719e-11	8.2885350489e-11	1.7965197192e-09	8.2497898080e-15	2.3207514292e-07	3.5660417820e-06	6.3963620670e-05	4.8899862144e-17	3.7523255384e-06	1.7156562757e-09	0.0000000000e+00	5.9864911253e-18	1.2271247224e-08	6.1735361095e-12	2.9135907794e-11	8.8067001545e-14	2.2723338427e-15	6.4453208762e-10	4.3696250383e-09	1.1520438646e-05	1.6487369244e-15	3.4199616022e-17	9.6001974977e-27	8.8967750145e-23	1.4977559765e-04	8.5057815269e-08	6.3416783720e-25	1.0082107801e-18	1.5706570514e-11	1.4434700233e-15	1.6579090919e-11	2.5035478292e-15	6.7355583136e-13	3.1622597804e-20	1.8762006036e-14	1.0188773399e-15	3.6335169822e-12	8.6010539549e-17	2.6415668787e-13	1.1053788787e-17	4.5985286505e-25	4.6020598015e-19	2.4357835244e-18	5.8741715399e-27	7.7979378284e-21	1.1320806708e-35	9.6814288361e-23	2.5525115145e-30	1.8319183399e-13	1.2370309016e-16	3.5105400342e-22	5.7096529123e-33	1.4480546984e-09	7.3628031630e-20	9.8012436705e-01	1.6435322657e-10	6.1043516568e-17	1.6867579034e-03	3.0833827152e-06	3.2271770340e-18	1.2868358173e-13	1.3710077519e-23	2.7568943147e-37	4.6621406762e-05	1.8767595086e-19	5.3576526790e-41	2.7859588826e-52	6.5782555721e-63	1.4892186402e-17	1.2452471629e-33	1.1264549279e-14	1.9061567597e-19	1.1674786401e-14	5.7528048522e-18	1.0183756395e-12	1.7108889959e-16	3.6569130370e-14	4.1751456373e-22	5.9812782888e-18	2.4891721510e-19	3.8867841557e-22	1.0901293652e-19	3.3193709600e-30	4.0475265492e-23	1.7445338350e-27	1.0201898796e-22	8.1535676577e-26	1.1521868149e-22	5.8158098802e-25	5.8126689655e-30	1.7963909408e-26	2.4014991670e-16	2.0060820010e-14	1.4198687303e-15	4.6794964930e-19	1.1820979672e-17	1.4061542196e-23	2.2782263600e-15	4.5695031158e-21	2.6415668787e-13	3.6986291477e-18	7.6953526089e-18	1.5532925159e-20	2.8364343897e-25	3.6375060152e-25	1.6482336549e-20	7.3343104740e-20	5.1218381131e-28	2.9840555509e-25	6.4619891541e-30	6.3653256134e-34	1.6380901659e-17	1.0258767170e-07	5.0790629458e-08	1.5998523038e-08	6.9047926916e-13	1.2078278816e-22	1.2127442088e-15	1.1560835774e-21	6.0369814617e-14	1.6647866614e-18	3.2065204303e-07	5.6641872477e-10	2.6191864790e-21	2.0853336832e-25	2.0521236126e-23	1.4652387336e-20	8.4408107407e-18	1.5397412001e-09	4.9945976531e-08	2.4670036520e-08	6.5262164934e-11	5.8734717045e-05	4.9192472386e-12	3.3660996002e-14	3.5932012153e-16	9.2476491900e-24	3.7737595377e-10	1.0539911377e-11	1.2662718194e-13	1.6272586086e-07	8.5227418165e-12	6.2129697902e-05	1.6762122169e-10	1.9051904071e-08	1.8030654672e-14	2.4280780712e-20	5.2684925067e-05	7.5239115880e-21	2.2723338427e-15	8.7849809971e-19	2.3631969679e-13	6.5538831611e-14	2.4752744976e-17	2.0102042635e-24	1.5989833217e-48	2.7793293396e-13	2.0901379932e-17	7.9630966642e-26	1.2718076586e-29	2.7337189138e-14	2.3182629245e-12	4.2590006072e-10	3.6820218280e-07	1.1321295752e-19	8.7963065743e-24	3.6463783011e-16	1.0268447741e-08	6.1596983598e-08	3.4091038524e-09	1.4595480309e-12	2.0582686087e-18	1.0196311721e-10	8.1069974854e-17	1.1200499366e-08	2.8327354432e-13	1.0137510584e-10	4.3303268956e-11	1.6069813049e-08	2.9896684911e-16	1.9226337112e-12	1.0623690784e-14	6.2276316990e-15	2.9432932295e-36	3.4789695979e-12	1.1041760207e-15	1.1200499366e-08	3.1239439183e-21	3.3168887440e-25
6.8083978200e+00	1.5963945291e+03	6.1286538716e+19	3.0890217781e+19	2.0941646757e+00	4.5161463108e-20	1.9879591911e-05	1.7713115564e-02	1.6209612503e-15	2.2213737698e-14	1.0286667020e-11	2.4079390853e-08	1.1952553277e-11	7.5622899848e-11	1.7110585818e-09	7.8773695784e-15	2.3236540883e-07	3.5696013719e-06	6.3967922127e-05	5.0457512105e-17	3.7522775458e-06	1.5798636874e-09	0.0000000000e+00	4.1532340124e-18	8.6898443450e-09	4.3609424255e-12	2.3185339417e-11	5.5308335236e-14	1.4033828832e-15	4.5260704325e-10	2.5257355362e-09	6.0663374439e-06	1.2358450232e-15	2.6160164975e-17	5.4214344016e-27	5.3383784645e-23	1.5522929501e-04	8.9050539723e-08	3.5943458045e-25	5.3024525975e-19	7.9321633909e-12	5.8256493942e-16	6.1642103730e-12	7.4371661059e-16	1.8065635523e-13	1.0958170488e-20	1.0395705118e-14	5.5486894650e-16	1.8049378333e-12	3.5464146991e-17	1.3477419677e-13	6.1765580517e-18	2.2984381865e-25	2.2528547480e-19	1.5387578825e-18	2.4900367671e-27	3.9745683743e-21	3.2745443004e-36	2.4665283611e-23	6.3119765325e-31	1.5650378996e-13	1.0568455604e-16	2.8902457511e-22	4.2796675486e-33	1.5409806953e-09	7.0566257918e-20	9.8012880912e-01	1.2492678169e-10	3.7922233482e-17	1.6812561882e-03	2.1497078834e-06	1.4324456161e-18	1.3416442017e-13	1.3044357218e-23	2.2874384277e-37	4.7089439704e-05	1.6207842884e-19	3.6417911290e-41	1.7381572019e-52	3.6449941376e-63	1.7418930860e-17	1.2124622989e-33	8.3535761513e-15	9.6953019891e-20	4.0775700834e-15	2.2278540992e-18	4.9977492681e-13	6.7142491342e-17	2.0344100779e-14	1.3998316713e-22	1.5585200273e-18	5.3988015339e-20	5.8928328036e-23	1.4938959027e-20	8.8571899837e-31	1.0263227041e-23	3.5143188049e-28	1.9022360157e-23	1.2317993583e-26	1.5811331656e-23	5.7165195762e-26	4.5103564086e-31	1.2571542368e-27	9.8849131525e-17	7.4047927986e-15	7.0252220424e-16	1.3743064447e-19	2.2594188937e-18	5.3628430276e-24	8.3191909203e-16	1.2866518131e-21	1.3477419677e-13	1.5098303404e-18	6.4918602800e-18	5.5187912963e-21	1.2054731885e-25	1.0322455919e-25	4.3364786665e-21	4.3811888442e-20	2.4864645699e-28	1.2769449897e-25	5.0115831992e-31	5.3395955732e-35	4.2818241972e-18	1.0109333742e-07	5.2290440468e-08	1.6083769471e-08	5.1371214769e-13	5.4749073798e-23	9.1253925029e-16	5.4806825404e-22	4.7473158827e-14	1.0330087436e-18	3.2072246990e-07	4.9188381309e-10	2.0091457025e-21	1.2961393209e-25	1.1142389373e-23	7.1198947722e-21	3.7047112433e-18	1.2464873333e-09	4.9945337715e-08	1.9550162820e-08	8.8811471307e-11	5.8713295540e-05	6.3775550175e-12	4.4523001595e-14	4.7294999917e-16	1.1358737253e-23	3.9098962242e-10	1.0159442662e-11	1.0033868215e-13	1.8332898671e-07	9.6558411476e-12	6.2128947346e-05	1.2525093741e-10	1.5446460448e-08	1.5953427726e-14	2.0673677375e-20	5.2684386995e-05	8.0871545007e-21	1.4033828832e-15	7.7183007483e-19	2.4164251965e-13	7.0021474470e-14	3.3015360919e-17	2.6520387363e-24	1.9989456516e-48	3.0028475000e-13	2.2126749320e-17	7.8962251624e-26	1.0906888006e-29	1.5768289014e-14	1.1764820623e-12	5.9287357877e-10	3.2857128272e-07	1.6903664351e-19	1.2608669118e-23	6.1064099336e-16	1.2246480021e-08	6.3194586586e-08	4.9439234876e-09	2.1144852063e-12	2.8507879142e-18	8.9456503139e-11	7.5201941046e-17	1.4509558952e-08	3.6415589525e-13	1.2262927988e-10	4.3957850065e-11	2.6388919103e-08	5.9807547974e-16	2.1518578128e-12	8.3523775915e-15	5.7413264105e-15	6.1505388562e-36	4.5314114325e-12	9.8527240954e-16	1.4509558952e-08	5.1985932233e-21	5.3336940848e-25
4.6037314800e+00	1.5876726748e+03	4.1668326917e+19	2.1002224256e+19	2.0941485085e+00	3.6212380796e-20	2.2023533843e-05	1.7712978776e-02	1.6225518021e-15	2.6609105425e-14	1.3178511039e-11	3.3102430091e-08	1.0563894592e-11	6.9434394334e-11	1.6347616400e-09	7.5528365455e-15	2.3259970035e-07	3.5724819845e-06	6.3971433553e-05	5.2846691711e-17	3.7522485778e-06	1.4619643733e-09	0.0000000000e+00	2.8830082466e-18	6.0314297142e-09	3.0236457081e-12	1.8254327113e-11	3.4453295009e-14	8.6099391712e-16	3.1245818645e-10	1.4333846387e-09	3.1074018687e-06	9.1942610882e-16	1.9848680909e-17	3.0597357190e-27	3.1837227779e-23	1.5818824621e-04	9.1697773990e-08	2.0095218608e-25	2.7209136667e-19	3.8540143200e-12	2.2678416511e-16	2.1880707471e-12	2.1147500599e-16	4.5989657208e-14	3.6529637874e-21	5.6838805393e-15	2.9865362291e-16	8.7784740578e-13	1.4094458342e-17	6.6173322382e-14	3.3529748801e-18	1.1248699738e-25	1.0617925295e-19	9.5072889533e-19	1.0165006193e-27	1.9233503478e-21	8.9802256153e-37	5.8170375918e-24	1.4457489873e-31	1.3548119702e-13	9.1601948098e-17	2.4251369984e-22	3.3012050936e-33	1.6617979343e-09	6.9272571076e-20	9.8013014277e-01	9.5535954042e-11	2.3690877039e-17	1.6782595843e-03	1.4930278689e-06	6.3619721626e-19	1.4186333717e-13	1.2707167609e-23	1.9698720160e-37	4.7418752565e-05	1.4171768168e-19	2.5674698851e-41	1.1349005550e-52	2.1390857665e-63	2.0862009620e-17	1.2305429246e-33	6.2399170102e-15	4.9608800862e-20	1.3863367535e-15	8.4691811395e-19	2.3986208432e-13	2.5834262556e-17	1.1138937391e-14	4.4562548533e-23	3.8076376577e-19	1.0967102466e-20	8.3426148148e-24	1.8953585157e-21	2.2175636322e-31	2.4100903443e-24	6.5767653203e-29	3.2599060292e-24	1.7126831565e-27	1.9789820326e-24	5.0983112795e-27	3.1873281365e-32	7.9456064978e-29	3.9135179272e-17	2.6083977717e-15	3.4009489055e-16	3.8104718680e-20	4.0194454011e-19	1.9853864627e-24	2.9084823818e-16	3.4888680606e-22	6.6173322382e-14	5.9460585081e-19	5.5749903017e-18	1.8500848945e-21	5.0013410135e-26	2.7711384428e-26	1.0676633977e-21	2.6411189032e-20	1.2069591984e-28	5.4294548409e-26	3.3760683604e-32	3.9321408655e-36	1.0491055365e-18	9.9674209251e-08	5.3714701428e-08	1.6159939113e-08	3.8492026896e-13	2.4061736026e-23	6.9006931439e-16	2.5107097048e-22	3.7394534256e-14	6.3518092936e-19	3.2078685568e-07	4.2501854416e-10	1.5526683871e-21	7.9977493190e-26	5.9733457854e-24	3.3897926460e-21	1.5796795218e-18	1.0103923082e-09	4.9944952129e-08	1.5544746264e-08	1.2174939294e-10	5.8688135015e-05	8.3766301041e-12	5.9626051752e-14	6.2975384188e-16	1.4238535191e-23	3.9829428803e-10	9.6796987564e-12	7.8592200537e-14	2.0795509370e-07	1.1007909656e-11	6.2128500048e-05	9.4293690424e-11	1.2538170924e-08	1.4253185432e-14	1.7857626358e-20	5.2684098154e-05	8.9583427343e-21	8.6099391712e-16	6.9768554775e-19	2.4291230913e-13	7.5606216176e-14	4.4437038774e-17	3.5338921499e-24	2.5357239280e-48	3.2829201840e-13	2.3774817486e-17	8.0041873451e-26	9.5301018939e-30	8.9309273505e-15	5.8267511251e-13	8.0232977000e-10	2.8139483113e-07	2.3599886721e-19	1.6983426900e-23	9.4865392183e-16	1.4146121300e-08	6.2538186862e-08	6.9525957988e-09	2.9743920489e-12	3.8542108140e-18	7.5529029122e-11	6.7037055217e-17	1.8112703431e-08	4.5197362720e-13	1.4366168493e-10	4.3135967503e-11	4.0125163527e-08	1.0172418337e-15	2.2285014804e-12	6.0554092197e-15	4.8967899887e-15	1.0964736235e-35	5.4830402935e-12	8.4681290665e-16	1.8112703431e-08	8.0397967071e-21	8.0053759559e-25
3.1129707800e+00	1.5787252574e+03	2.8335017177e+19	1.4281859752e+19	2.0941385987e+00	2.8485753498e-20	2.4314285965e-05	1.7712894947e-02	1.6104549016e-15	3.1654175569e-14	1.6792694887e-11	4.3467892726e-08	9.2850563907e-12	6.3443533750e-11	1.5575608708e-09	7.2296007811e-15	2.3279058902e-07	3.5748324264e-06	6.3974331159e-05	5.5042317872e-17	3.7522308217e-06	1.3462038713e-09	0.0000000000e+00	1.9670684035e-18	4.1399280257e-09	2.0750797574e-12	1.4206202109e-11	2.1164120161e-14	5.2060023733e-16	2.1373105718e-10	8.0524919044e-10	1.5811890522e-06	6.7325708565e-16	1.4847968667e-17	1.6925610110e-27	1.8648604793e-23	1.5971434426e-04	9.3677056467e-08	1.0914439743e-25	1.3620105734e-19	1.8363299141e-12	8.6491230780e-17	7.6386799150e-13	5.9082660216e-17	1.1539856984e-14	1.1959727628e-21	3.0748920444e-15	1.5896339337e-16	4.2369138732e-13	5.4973108287e-18	3.1904422992e-14	1.7809784078e-18	5.3543446650e-26	4.8901993776e-20	5.7339028021e-19	3.9989520241e-28	9.0439532909e-22	2.3471217112e-37	1.3192774440e-24	3.1733830276e-32	1.1651172842e-13	7.8952657124e-17	2.0229619146e-22	2.5260029369e-33	1.7857212283e-09	6.7587065201e-20	9.8012973851e-01	7.2773994693e-11	1.4721529735e-17	1.6767021134e-03	1.0367311322e-06	2.8157682288e-19	1.4918211908e-13	1.2284820358e-23	1.6773968785e-37	4.7647630676e-05	1.2311566075e-19	1.7873578023e-41	7.3032255542e-53	1.2334588372e-63	2.4836021988e-17	1.2349354022e-33	4.6331868989e-15	2.5244558709e-20	4.6733551503e-16	3.1821835665e-19	1.1394075031e-13	9.8291884874e-18	6.0219860399e-15	1.3744485437e-23	9.0558182961e-20	2.1697116555e-21	1.1515564857e-24	2.3521672821e-22	5.3120848475e-32	5.4416630192e-25	1.1820148440e-29	5.3868379611e-25	2.2950386709e-28	2.3952871658e-25	4.4057975141e-28	2.1794503938e-33	4.8745820523e-30	1.5170795911e-17	9.0232389858e-16	1.6316380816e-16	1.0258361543e-20	6.9802381874e-20	7.1942494826e-25	1.0004314566e-16	9.2874408480e-23	3.1904422992e-14	2.2973330972e-19	4.7693853167e-18	6.0134758263e-22	2.0204567352e-26	7.2058242625e-27	2.5565532282e-22	1.5815341591e-20	5.7767990762e-29	2.2816456088e-26	2.1651039086e-33	2.7456666372e-37	2.5025558413e-19	9.8150388753e-08	5.5243884748e-08	1.6237063728e-08	2.8694347094e-13	1.0313797438e-23	5.1869831630e-16	1.1241860673e-22	2.9341442893e-14	3.8428950892e-19	3.2084247289e-07	3.6788164725e-10	1.1981076697e-21	4.8642151484e-26	3.1628769095e-24	1.5986236724e-21	6.6933847407e-19	8.1839815775e-10	4.9944715781e-08	1.2344345030e-08	1.6642228796e-10	5.8660440280e-05	1.0963632367e-11	7.9704011578e-14	8.3600021852e-16	1.7788294271e-23	4.0197862718e-10	9.1057356500e-12	6.0778087265e-14	2.3526970804e-07	1.2518419555e-11	6.2128230931e-05	7.0688864613e-11	1.0170764189e-08	1.2666527967e-14	1.5338348558e-20	5.2683964601e-05	9.8261368555e-21	5.2060023733e-16	6.2300071018e-19	2.4157542174e-13	8.1174467531e-14	5.9595044223e-17	4.6902567875e-24	3.1980543232e-48	3.5781196332e-13	2.5474697618e-17	8.0812187340e-26	8.3166213036e-30	5.0068683095e-15	2.8629869228e-13	1.0365319951e-09	2.3117743140e-07	3.0189475423e-19	2.0952645065e-23	1.3583635847e-15	1.5620870804e-08	5.9253895836e-08	9.3559226338e-09	4.0074523281e-12	4.9883358770e-18	6.1197563043e-11	5.7627449373e-17	2.1718389536e-08	5.3923136709e-13	1.6112563775e-10	4.0552894720e-11	5.6028905275e-08	1.4637678795e-15	2.1200181784e-12	4.0381557229e-15	3.8366984417e-15	1.6661688106e-35	6.0852698592e-12	7.0022939970e-16	2.1718389536e-08	1.1469183908e-20	1.1081376712e-24
2.1049418600e+00	1.5683028552e+03	1.9286964470e+19	9.7213470726e+18	2.0941324051e+00	2.1311302790e-20	2.6382668560e-05	1.7712842559e-02	1.5394938667e-15	3.6238414937e-14	2.0836245946e-11	5.3969334771e-08	7.9695082619e-12	5.6958437966e-11	1.4699447913e-09	6.8651753311e-15	2.3294738947e-07	3.5767642139e-06	6.3976744603e-05	5.5760465267e-17	3.7522197241e-06	1.2195945867e-09	0.0000000000e+00	1.2887120558e-18	2.8256080785e-09	1.4169337713e-12	1.0875949420e-11	1.2687784704e-14	3.0633166425e-16	1.4554972311e-10	4.4997759011e-10	8.1433699818e-07	4.7883914685e-16	1.0836663859e-17	8.9463494240e-28	1.0545145980e-23	1.6048063685e-04	9.5503322615e-08	5.6186670028e-26	6.5956631994e-20	8.6894065994e-13	3.2600974052e-17	2.6867588364e-13	1.6550186792e-17	2.9495476333e-15	3.9024752847e-22	1.6445508819e-15	8.3408529317e-17	2.0514792861e-13	2.1290567118e-18	1.5318517774e-14	9.2553017057e-19	2.4405459247e-26	2.2179317609e-20	3.3423587980e-19	1.4987992464e-28	4.1887554945e-22	5.7847807111e-38	2.9505215098e-25	6.8125532395e-33	9.7409954380e-14	6.6226259380e-17	1.6336974987e-22	1.8437161067e-33	1.8779821020e-09	6.3470351551e-20	9.8012869036e-01	5.4615385654e-11	8.9895680732e-18	1.6759082764e-03	7.2246495189e-07	1.2361031171e-19	1.5276028014e-13	1.1399093407e-23	1.3409806121e-37	4.7805287916e-05	1.0411352399e-19	1.1655801557e-41	4.3437560734e-53	6.4498623605e-64	2.8475716328e-17	1.1583718655e-33	3.3698114047e-15	1.2614165214e-20	1.5867828882e-16	1.1856394212e-19	5.4044913050e-14	3.7166780966e-18	3.2123977476e-15	4.1474641665e-24	2.1574264662e-20	4.3087831565e-22	1.6045375500e-25	2.9942062891e-23	1.2234947656e-32	1.2106302197e-25	2.0810517591e-30	8.8962567155e-26	3.0659936754e-29	2.9393254249e-26	3.8980343314e-29	1.5152992091e-34	3.0886673028e-31	5.8225056262e-18	3.1360363337e-16	7.8354377076e-17	2.7310307413e-21	1.2311135959e-20	2.5546394408e-25	3.4600961455e-17	2.4590503365e-23	1.5318517774e-14	8.7986439240e-20	3.9727010583e-18	1.9281076662e-22	7.8606303251e-27	1.8392162687e-27	6.1321882820e-23	9.2445611968e-21	2.6759349570e-29	9.3893297022e-27	1.4249673798e-34	1.9289117459e-38	5.9829409733e-20	9.6306430248e-08	5.7093951682e-08	1.6324633737e-08	2.0988237676e-13	4.3015853788e-24	3.8264499185e-16	4.9390703318e-23	2.2783127851e-14	2.2594246860e-19	3.2088809078e-07	3.2131411670e-10	9.1446885640e-22	2.8815797313e-26	1.6480429547e-24	7.5258635056e-22	2.8764731250e-19	6.6090678755e-10	4.9944568064e-08	9.7416547835e-09	2.2433611733e-10	5.8632640110e-05	1.4048899104e-11	1.0477239237e-13	1.0893871915e-15	2.1604631135e-23	4.0376319669e-10	8.4126234837e-12	4.6158999741e-14	2.6276865221e-07	1.4068459918e-11	6.2128067097e-05	5.2089377392e-11	8.2283737430e-09	1.1011283957e-14	1.2817296986e-20	5.2683935391e-05	1.0222519680e-20	3.0633166425e-16	5.2576611217e-19	2.3833812322e-13	8.5134088628e-14	7.8553847011e-17	6.1075619126e-24	3.9232188945e-48	3.8267895993e-13	2.6719934862e-17	7.9072989471e-26	7.1018735404e-30	2.7913528137e-15	1.4149825700e-13	1.2624459868e-09	1.8341409661e-07	3.5125007065e-19	2.3374661969e-23	1.8075933135e-15	1.6375061917e-08	5.3704272444e-08	1.1963889865e-08	5.1352117515e-12	6.1003904345e-18	4.7798258590e-11	4.8356066256e-17	2.5121799036e-08	6.2045762829e-13	1.7214173575e-10	3.6441663588e-11	7.2239241668e-08	1.8242201034e-15	1.8647947110e-12	2.5061882964e-15	2.7802586263e-15	2.2231675483e-35	6.1981181942e-12	5.6090641543e-16	2.5121799036e-08	1.5205267069e-20	1.4188130892e-24
1.4233285600e+00	1.5549962272e+03	1.3153120487e+19	6.6296728963e+18	2.0941288635e+00	1.4569328649e-20	2.7677414266e-05	1.7712812604e-02	1.3690277185e-15	3.8472337845e-14	2.4548822226e-11	6.2882981315e-08	6.5352620473e-12	4.9455880083e-11	1.3626086892e-09	6.4186977636e-15	2.3307719018e-07	3.5783632192e-06	6.3978783509e-05	5.3514548831e-17	3.7522133783e-06	1.0718132936e-09	0.0000000000e+00	7.8601349510e-19	1.9238512757e-09	9.6568226459e-13	8.1208143346e-12	7.3089573099e-15	1.7225065894e-16	9.8949759034e-11	2.5076457722e-10	4.3264783704e-07	3.2453137601e-16	7.5979049937e-18	4.3689091213e-28	5.6203687109e-24	1.6086111774e-04	9.7590918289e-08	2.6455847932e-26	3.0402981073e-20	4.1191396462e-13	1.2194622539e-17	9.7364222808e-14	4.7314161369e-18	7.9350534955e-16	1.2836692055e-22	8.6618184874e-16	4.2858196145e-17	1.0064969251e-13	8.2524856081e-19	7.4029483177e-15	4.6768069316e-19	1.0389981956e-26	9.9316739818e-21	1.8499548406e-19	5.2295537414e-29	1.9246813449e-22	1.3109505012e-38	6.6201411154e-26	1.4466631028e-33	7.7154658242e-14	5.2701841570e-17	1.2381707829e-22	1.2261818222e-33	1.8925504787e-09	5.5254316196e-20	9.8012795448e-01	3.9852536878e-11	5.3157361595e-18	1.6755023660e-03	5.0746431548e-07	5.3508539630e-20	1.4856465225e-13	9.7608247275e-24	9.4698492851e-38	4.7913165288e-05	8.3646103144e-20	6.6917387457e-42	2.2142812067e-53	2.7835619878e-64	3.0301561235e-17	9.5062138812e-34	2.3586520044e-15	6.0945455922e-21	5.5109362978e-17	4.3830440608e-20	2.5781122223e-14	1.4004986347e-18	1.6839337080e-15	1.2269980394e-24	5.2760422843e-21	8.8193609418e-23	2.3296911599e-26	4.0976355026e-24	2.6912028488e-33	2.6978714104e-26	3.6285921257e-31	1.5129398928e-26	4.1975489946e-30	3.8196167673e-27	3.7224455181e-30	1.1219688052e-35	2.1486858116e-32	2.2273360710e-18	1.1178593213e-16	3.7996939311e-17	7.2786568956e-22	2.2895964733e-21	8.8484023335e-26	1.2273298422e-17	6.5375122371e-24	7.4029483177e-15	3.3614749615e-20	3.1371994477e-18	6.1648770166e-23	2.8881651684e-27	4.6364304870e-28	1.5113321863e-23	5.1652117019e-21	1.1703506400e-29	3.7326251827e-27	1.0325939261e-35	1.4354573559e-39	1.4697998120e-20	9.3864855392e-08	5.9542831486e-08	1.6431945166e-08	1.4807022649e-13	1.7285690869e-24	2.7265138768e-16	2.1246982794e-23	1.7361163773e-14	1.2671380742e-19	3.2092322862e-07	2.8563347711e-10	6.8285153821e-22	1.6341934592e-26	8.3864804831e-25	3.5579877113e-22	1.2804461567e-19	5.3071099663e-10	4.9944483599e-08	7.5945329518e-09	2.9433731320e-10	5.8608925742e-05	1.7264409492e-11	1.3313465463e-13	1.3684477558e-15	2.4788343118e-23	4.0463346249e-10	7.5616512590e-12	3.4103036738e-14	2.8623374938e-07	1.5451639212e-11	6.2127978405e-05	3.7142700459e-11	6.6233054039e-09	9.1763130409e-15	1.0152110461e-20	5.2683994072e-05	9.5865527481e-21	1.7225065894e-16	3.9784234000e-19	2.3332362055e-13	8.5387732782e-14	1.0013536099e-16	7.6655424935e-24	4.5625314546e-48	3.9423117867e-13	2.6851298860e-17	7.2649597895e-26	5.7985798926e-30	1.5512659896e-15	7.1280767165e-14	1.4347507635e-09	1.4230970604e-07	3.7194361763e-19	2.3450348748e-23	2.2801113597e-15	1.6235284143e-08	4.6725287751e-08	1.4488456026e-08	6.2381373796e-12	6.9782859288e-18	3.6354611467e-11	4.0411484028e-17	2.8319364049e-08	6.9497657863e-13	1.7499327286e-10	3.1369249700e-11	8.7354472180e-08	2.0619837614e-15	1.5425548702e-12	1.4813909903e-15	1.8956516256e-15	2.7526816127e-35	5.8511050789e-12	4.4117246397e-16	2.8319364049e-08	1.9095689495e-20	1.7039074148e-24
9.6243237700e-01	1.5371299056e+03	8.9973044576e+18	4.5349857787e+18	2.0941278505e+00	8.6335450418e-21	2.7493346859e-05	1.7712804037e-02	1.0835472329e-15	3.6141119648e-14	2.6599411290e-11	6.8109966832e-08	4.9788919750e-12	4.0670506787e-11	1.2270245779e-09	5.8520368612e-15	2.3318546668e-07	3.5796965483e-06	6.3980542108e-05	4.7055887340e-17	3.7522115633e-06	8.9698432807e-10	0.0000000000e+00	4.2827013047e-19	1.3092523214e-09	6.5822730259e-13	5.8390307144e-12	3.9590162143e-15	9.0261211844e-17	6.7267631359e-11	1.3954527848e-10	2.4245849382e-07	2.0413974551e-16	5.0082013207e-18	1.8844580048e-28	2.7328345378e-24	1.6104923310e-04	1.0034813715e-07	1.0846225642e-26	1.3016461188e-20	1.9700261943e-13	4.5323066503e-18	3.7251442252e-14	1.4063490861e-18	2.3331565131e-16	4.3024803602e-23	4.4625461785e-16	2.1347309391e-17	5.0584746360e-14	3.2215043052e-19	3.6361772212e-15	2.2713595542e-19	3.9860893756e-27	4.3867155757e-21	9.4706748132e-20	1.6396414680e-29	8.8048187186e-23	2.6245803782e-39	1.5111131815e-26	3.0576239957e-34	5.6019151746e-14	3.8522844876e-17	8.4676485864e-23	7.0134700880e-34	1.7795663163e-09	4.2527969833e-20	9.8012844725e-01	2.7801307459e-11	2.9869802931e-18	1.6752891714e-03	3.6122010209e-07	2.2665888930e-20	1.3294950898e-13	7.3390326734e-24	5.4699062389e-38	4.7986577605e-05	6.1899808601e-20	3.1267379440e-42	8.7943701675e-54	8.8027436656e-65	2.8562368213e-17	6.2791588499e-34	1.5529924424e-15	2.7913437255e-21	1.9922678623e-17	1.6054913720e-20	1.2455476878e-14	5.2660364681e-19	8.6106668250e-16	3.5471330005e-25	1.3582161354e-21	1.9128209212e-23	3.6483500981e-27	6.3618058932e-25	5.5604287283e-34	6.1009618581e-27	6.3033650913e-32	2.7305343115e-27	6.0512302498e-31	5.5113848629e-28	4.0709438846e-31	9.3092016556e-37	1.7597703638e-33	8.5302283924e-19	4.1781843807e-17	1.8781012038e-17	1.9608139854e-22	4.6816806398e-22	2.9607039960e-26	4.5612697337e-18	1.7596303258e-24	3.6361772212e-15	1.2864436496e-20	2.2713648217e-18	1.9808699163e-23	9.7360543061e-28	1.1563556145e-28	3.9289468295e-24	2.6852567038e-21	4.6759404241e-30	1.4066858640e-27	8.9024666230e-37	1.1938509051e-40	3.8072785862e-21	9.0450277401e-08	6.2966170274e-08	1.6567525192e-08	9.8506504039e-14	6.5774444811e-25	1.8370367179e-16	8.8861238734e-24	1.2839418425e-14	6.6007948178e-20	3.2094745861e-07	2.6124868928e-10	4.9197664859e-22	8.6611127657e-27	4.1193392326e-25	1.6986160693e-22	6.0517000026e-20	4.2232150044e-10	4.9944459447e-08	5.8049833799e-09	3.6969227785e-10	5.8595530584e-05	1.9822419556e-11	1.6007351548e-13	1.6197056559e-15	2.5921770320e-23	4.0514667998e-10	6.5208400168e-12	2.4169306280e-14	2.9944387242e-07	1.6353918077e-11	6.2127961933e-05	2.5119102669e-11	5.2882422170e-09	7.1418904417e-15	7.3719556125e-21	5.2684143418e-05	7.5982285523e-21	9.0261211844e-17	2.5244775004e-19	2.2626109795e-13	7.9714641000e-14	1.2093628404e-16	9.0665476111e-24	4.8698847081e-48	3.8217620651e-13	2.5165633676e-17	6.0240819351e-26	4.3992256713e-30	8.6031607230e-16	3.7148167575e-14	1.5018497630e-09	1.0972838210e-07	3.5885576404e-19	2.1019691561e-23	2.7977594141e-15	1.5153581343e-08	3.9202783869e-08	1.6548373254e-08	7.1572554064e-12	7.3760419269e-18	2.7283280788e-11	3.4533671491e-17	3.1531389570e-08	7.6730275952e-13	1.6906763934e-10	2.5944033370e-11	1.0106878522e-07	2.2422115878e-15	1.2262293499e-12	8.5897478953e-16	1.2431272280e-15	3.3979361514e-35	5.1843974779e-12	3.4684057684e-16	3.1531389570e-08	2.3297432996e-20	1.9559502808e-24
6.5078162900e-01	1.5126949217e+03	6.1821148503e+18	3.1160198292e+18	2.0941296305e+00	4.1323173792e-21	2.5160451082e-05	1.7712819094e-02	7.2005505548e-16	2.8246859710e-14	2.5413511093e-11	6.7477544410e-08	3.3962842943e-12	3.0776914335e-11	1.0574006369e-09	5.1363404583e-15	2.3327643290e-07	3.5808164546e-06	6.3982093961e-05	3.6278671781e-17	3.7522147525e-06	6.9722142208e-10	0.0000000000e+00	1.9721421589e-19	8.9181074776e-10	4.4944730212e-13	3.9716508796e-12	1.9574580698e-15	4.2595138719e-17	4.5784719501e-11	7.7587951325e-11	1.4742764689e-07	1.1497166299e-16	3.0133462877e-18	6.7578562680e-29	1.1598218960e-24	1.6114097504e-04	1.0427822502e-07	3.6205648898e-27	5.0004109819e-21	9.5738767275e-14	1.6727678218e-18	1.5505854839e-14	4.4442296438e-19	7.8623729079e-17	1.4873141003e-23	2.2267914205e-16	1.0160401867e-17	2.6393954205e-14	1.2744072833e-19	1.8349170714e-15	1.0419675954e-19	1.3116766914e-27	1.9043231396e-21	4.3240258396e-20	4.3945256979e-30	4.0169407852e-23	4.3846133636e-40	3.5586082398e-27	6.4556886521e-35	3.5697749026e-14	2.4788293353e-17	4.9629805983e-23	3.1984891558e-34	1.5076727487e-09	2.7196118247e-20	9.8013094610e-01	1.8131794947e-11	1.5556081487e-18	1.6751702656e-03	2.6239326154e-07	9.2994064348e-21	1.0501071591e-13	4.5392298606e-24	2.3359809544e-38	4.8036245664e-05	4.0506611769e-20	1.0724711304e-42	2.4011970172e-54	1.7450666313e-65	2.2433180032e-17	2.9922932706e-34	9.3329785541e-16	1.1805253902e-21	7.6628821137e-18	5.8100464366e-21	6.1436133463e-15	1.9770851335e-19	4.2486213540e-16	9.9441509347e-26	3.7922719789e-22	4.5447619053e-24	6.4277795371e-28	1.1989491889e-25	1.0512976668e-34	1.4180276361e-27	1.0947225772e-32	5.4177496989e-28	9.4789925707e-32	9.3585838705e-29	5.4887385165e-32	9.2167599224e-38	1.8522825812e-34	3.2823704804e-19	1.6821161999e-17	9.5686361648e-18	5.3899048444e-23	1.1084890238e-22	9.4300340630e-27	1.8230557108e-18	4.8377547517e-25	1.8349170714e-15	4.9490375728e-21	1.4430305595e-18	6.4399611995e-24	2.8921590472e-28	2.8502416856e-29	1.1114704367e-24	1.2534256087e-21	1.6326994061e-30	4.8983524612e-28	1.0048055755e-37	1.1831414035e-41	1.0723255597e-21	8.5546528851e-08	6.7879981514e-08	1.6737168021e-08	5.9912621519e-14	2.3082193670e-25	1.1364629436e-16	3.5699404203e-24	9.0762913184e-15	3.0763123648e-20	3.2095963944e-07	2.4934158529e-10	3.3579438506e-22	4.1507105820e-27	1.9207613303e-25	8.2386351351e-23	3.1333093826e-20	3.3155383349e-10	4.9944501909e-08	4.3075172019e-09	4.3489324927e-10	5.8600088033e-05	2.0548985342e-11	1.7709140369e-13	1.7530813003e-15	2.3575739157e-23	4.0564909908e-10	5.2906766675e-12	1.6112177034e-14	2.9480731441e-07	1.6373219095e-11	6.2128025752e-05	1.5689634428e-11	4.1713830921e-09	5.0133693957e-15	4.6952084067e-21	5.2684387964e-05	4.6764930295e-21	4.2595138719e-17	1.2299941499e-19	2.1661811565e-13	6.6834646428e-14	1.3468594791e-16	9.8103549131e-24	4.5727178104e-48	3.3811839151e-13	2.1235856049e-17	4.2807706691e-26	2.9884943191e-30	4.7631344408e-16	2.0402020799e-14	1.4181598000e-09	8.5560161795e-08	3.1361968513e-19	1.6571710946e-23	3.4310700030e-15	1.3185056429e-08	3.1790089581e-08	1.7667327659e-08	7.6914895919e-12	7.0659165167e-18	2.0484198345e-11	3.1145103924e-17	3.5171826765e-08	8.4607893354e-13	1.5444726763e-10	2.0623449198e-11	1.1401603138e-07	2.4976082300e-15	9.5677499182e-13	5.0428577117e-16	8.0113692263e-16	4.5329894321e-35	4.3516065123e-12	2.7810947125e-16	3.5171826765e-08	2.8352102215e-20	2.1856747790e-24
4.4004829700e-01	1.4793702265e+03	4.2744235628e+18	2.1544665101e+18	2.0941342173e+00	1.4537606906e-21	2.0455793862e-05	1.7712857891e-02	3.7182133590e-16	1.6927051640e-14	2.0245035105e-11	5.9476867322e-08	1.9749501443e-12	2.0579146093e-11	8.5439254741e-10	4.2655676329e-15	2.3335321682e-07	3.5817622053e-06	6.3983479190e-05	2.3133998506e-17	3.7522229712e-06	4.8653660665e-10	0.0000000000e+00	7.1263344111e-20	6.0877423609e-10	3.0793201986e-13	2.4947415099e-12	8.4879335457e-16	1.7288358122e-17	3.1236877293e-11	4.3111710420e-11	1.0093369657e-07	5.5236678953e-17	1.5906352100e-18	1.8581088077e-29	4.0487193556e-25	1.6118233103e-04	1.1010414290e-07	8.9914653479e-28	1.6447013354e-21	4.7676347222e-14	6.1193707917e-19	7.2997354029e-15	1.5364121287e-19	3.2308384686e-17	5.3840424198e-24	1.0616913202e-16	4.5321876841e-18	1.4547878288e-14	5.1465615024e-20	9.6406353565e-16	4.4075720100e-20	3.4630409557e-28	8.0769766581e-22	1.6763750963e-20	9.4055155816e-31	1.8291353361e-23	5.6538269207e-41	8.7898509402e-28	1.3651409041e-35	1.8843708755e-14	1.3271653162e-17	2.3285739407e-23	1.0521565452e-34	1.0987428706e-09	1.3307772043e-20	9.8013573174e-01	1.0731618322e-11	7.2636963914e-19	1.6750958033e-03	1.9631196070e-07	3.6453616580e-21	6.9270039968e-14	2.1180970718e-24	6.4522299411e-39	4.8069537147e-05	2.2205085763e-20	2.3552499798e-43	3.8188607906e-55	1.7636815300e-66	1.3538052139e-17	8.8993133962e-35	4.9176845710e-16	4.4520060657e-22	3.2266778425e-18	2.0681005538e-21	3.1251749162e-15	7.4134610782e-20	1.9926386403e-16	2.6717107728e-26	1.1930451237e-22	1.2344476920e-24	1.3454114089e-28	2.9961648434e-26	1.7529215212e-35	3.4380724518e-28	1.9055436808e-33	1.2358847107e-28	1.6787166157e-32	2.0159449822e-29	1.0042160516e-32	1.1812849444e-38	2.8097461051e-35	1.2736205358e-19	7.5511419142e-18	5.0983322799e-18	1.5283913622e-23	3.2506232768e-23	2.8009387288e-27	8.1050043597e-19	1.3733743714e-25	9.6406353565e-16	1.9210352150e-21	7.5911339806e-19	2.1340674062e-24	7.1679415078e-29	6.9211083444e-30	3.5600666084e-25	5.0098528979e-22	4.6965805519e-31	1.5229103479e-28	1.6806442154e-38	1.5166517410e-42	3.4152725477e-22	7.8467984712e-08	7.4969087610e-08	1.6940218156e-08	3.1900322424e-14	7.1875034923e-26	6.1929472930e-17	1.3533992466e-24	6.0063757870e-15	1.2166089265e-20	3.2095673008e-07	2.5295537127e-10	2.1187009380e-22	1.7201355169e-27	8.3090533646e-26	4.0889723539e-23	1.8511670424e-20	2.5528160051e-10	4.9944611317e-08	3.0624401680e-09	4.6537437483e-10	5.8629117058e-05	1.8379181550e-11	1.7373030880e-13	1.6674302678e-15	1.7530112056e-23	4.0640112819e-10	3.9326890623e-12	9.8370622301e-15	2.6585690372e-07	1.5127499963e-11	6.2128170207e-05	8.7369261812e-12	3.2334847244e-09	3.0280908110e-15	2.4715071109e-21	5.2684714049e-05	1.9975385324e-21	1.7288358122e-17	4.0940452417e-20	2.0370424136e-13	4.7985220033e-14	1.3341220111e-16	9.3344748856e-24	3.5708815388e-48	2.6213073088e-13	1.5399371314e-17	2.4345057822e-26	1.7315917163e-30	2.6324762401e-16	1.2094406164e-14	1.1677790373e-09	6.8623807053e-08	2.4329175828e-19	1.1117584134e-23	4.3071866482e-15	1.0489971817e-08	2.4835247653e-08	1.7314388442e-08	7.6103516424e-12	5.9437844298e-18	1.5575522108e-11	3.0739702951e-17	3.9811206945e-08	9.4262163492e-13	1.3169063253e-10	1.5668598948e-11	1.2698976099e-07	3.0213088943e-15	7.4429110567e-13	3.0877555811e-16	5.1560180438e-16	7.1025311964e-35	3.4592024523e-12	2.3224811590e-16	3.9811206945e-08	3.5223715292e-20	2.4074987893e-24
2.9755373400e-01	1.4346988796e+03	2.9803007099e+18	1.5021763574e+18	2.0941407572e+00	3.3199501233e-22	1.4087412464e-05	1.7712913208e-02	1.3476129900e-16	6.9870049747e-15	1.2493019439e-11	4.4621464797e-08	9.1778616743e-13	1.1476746669e-11	6.2976489272e-10	3.2750709242e-15	2.3341794493e-07	3.5825608683e-06	6.3984691119e-05	1.1302391056e-17	3.7522346891e-06	2.9108324948e-10	0.0000000000e+00	1.8323595070e-20	4.1701046331e-10	2.1211000507e-13	1.4016923127e-12	3.0615484024e-16	5.6788203099e-18	2.1391519964e-11	2.3938712268e-11	8.1670268831e-08	2.1234430875e-17	6.9910872277e-19	3.5207489240e-30	1.0749636537e-25	1.6119346159e-04	1.1896319041e-07	1.4745372913e-28	4.3525414988e-22	2.4586353734e-14	2.2121936935e-19	4.0880555116e-15	6.0301725490e-20	1.7557323048e-17	2.0816782315e-24	4.7500448842e-17	1.8469379442e-18	8.6645346160e-15	2.1416445151e-20	5.3647841724e-16	1.6649411434e-20	6.7155895386e-29	3.3194092507e-22	5.1746159339e-21	1.4683773478e-31	8.3187186498e-24	5.0736247789e-42	2.3249142313e-28	2.8984467891e-36	7.6364217437e-15	5.4906775901e-18	7.9982210364e-24	2.1897224795e-35	6.4812192549e-10	4.4726474045e-21	9.8014213447e-01	5.5428156945e-12	2.9114655266e-19	1.6750393729e-03	1.5310194168e-07	1.3410887266e-21	3.5489030645e-14	6.6566438114e-25	9.6728477169e-40	4.8091391141e-05	9.4984071348e-21	2.7682791319e-44	2.8475585406e-56	6.9320802948e-68	5.6445453707e-18	1.3658341144e-35	2.1548197299e-16	1.4299302772e-22	1.5440542764e-18	7.1975230898e-22	1.6609325133e-15	2.7767011535e-20	8.7068517832e-17	6.7677756024e-27	4.4433661029e-23	4.0519175762e-25	3.5919097404e-29	1.1145174981e-26	2.4529454996e-36	8.8580163493e-29	3.3321276173e-34	3.4345825687e-29	3.5380758823e-33	6.0749855904e-30	2.8262885698e-33	2.1799143181e-39	7.1359096513e-36	5.0045789527e-20	3.9535916055e-18	2.8953080032e-18	4.5324057156e-24	1.2889807354e-23	7.5493362056e-28	4.1885586597e-19	4.0824154622e-26	5.3647841724e-16	7.5583158611e-22	3.0645129227e-19	7.2729302911e-25	1.3787410351e-29	1.6473517360e-30	1.3590949678e-25	1.6109148725e-22	1.0300089458e-31	4.0414515390e-29	4.8970860057e-39	2.7976976112e-43	1.2941843177e-22	6.8421878245e-08	8.5024793661e-08	1.7164903771e-08	1.3986262008e-14	1.8779576458e-26	2.8022071883e-17	4.7234588075e-25	3.6176435370e-15	3.7892985218e-21	3.2093136688e-07	2.7932267895e-10	1.1960879872e-22	5.8083960959e-28	3.2332861711e-26	2.0948524224e-23	1.3157252631e-20	1.9128303205e-10	4.9944767303e-08	2.0503355948e-09	4.3584894282e-10	5.8683326651e-05	1.3360692354e-11	1.4398464183e-13	1.3225248165e-15	9.8281793334e-24	4.0764701649e-10	2.5849129170e-12	5.3080871083e-15	2.1190864004e-07	1.2482296315e-11	6.2128369882e-05	4.1403972412e-12	2.4460174011e-09	1.4773116344e-15	9.9327053974e-22	5.2685074036e-05	5.1095973695e-22	5.6788203099e-18	7.9866605025e-21	1.8681136209e-13	2.7707751611e-14	1.1204289359e-16	7.4114795322e-24	2.1541574459e-48	1.6881569106e-13	9.0270103333e-18	1.0131124861e-26	8.0345393906e-31	1.4517901415e-16	7.9834364404e-15	7.9574053317e-10	5.7443544004e-08	1.6056343870e-19	5.9835992837e-24	5.6252614092e-15	7.3812366776e-09	1.8465190172e-08	1.5091599758e-08	6.7269292885e-12	4.1808467753e-18	1.2095401709e-11	3.4576839308e-17	4.6150917618e-08	1.0694541790e-12	1.0223699032e-10	1.1206460906e-11	1.3972563226e-07	4.1526346365e-15	5.8004769179e-13	2.0187893745e-16	3.3314888160e-16	1.4151825984e-34	2.5623885362e-12	2.0609946273e-16	4.6150917618e-08	4.5373435683e-20	2.6186375224e-24
2.0120115300e-01	1.3764710629e+03	2.1004880044e+18	1.0587164384e+18	2.0941474380e+00	4.1935219803e-23	7.7307141442e-06	1.7712969717e-02	3.0076058763e-17	1.7310629237e-15	5.4314740347e-12	2.6711113897e-08	3.1362701764e-13	4.9180058092e-12	4.0854357971e-10	2.2548931359e-15	2.3347186316e-07	3.5832286374e-06	6.3985681258e-05	3.8345372499e-18	3.7522466596e-06	1.4038427181e-10	0.0000000000e+00	2.9550506427e-21	2.8708275232e-10	1.4726957463e-13	6.7605259397e-13	8.5784960452e-17	1.3954426394e-18	1.4729818669e-11	1.3279325060e-11	8.3127345285e-08	6.0132187478e-18	2.3921605317e-19	4.0071194648e-31	1.9626206660e-26	1.6117886251e-04	1.3276730231e-07	1.3688847977e-29	8.5525851942e-23	1.3305630641e-14	7.8692777393e-20	2.9057726450e-15	2.8176556221e-20	1.4004764119e-17	8.8191025917e-25	1.9483131710e-17	6.6556583411e-19	5.7413584190e-15	9.2953274608e-21	3.2322283052e-16	5.3886166527e-21	8.5349787970e-30	1.3076047013e-22	1.1716036421e-21	1.4868761779e-32	3.7822779529e-24	2.7711998381e-43	6.7603879597e-29	6.1966408417e-37	2.1541791967e-15	1.5961964724e-18	1.7935866514e-24	2.4376254188e-36	2.8616872774e-10	8.9876037053e-22	9.8014850919e-01	2.3752269320e-12	9.4741127047e-20	1.6749868798e-03	1.2639885755e-07	4.5255227895e-22	1.2863557131e-14	1.2180612770e-25	6.2857175178e-41	4.8104962954e-05	2.8947371957e-21	1.3838855059e-45	7.5390805400e-58	7.4899518543e-70	1.4185574018e-18	8.4752279767e-37	7.3344500113e-17	3.6873582033e-23	8.8107777800e-19	2.4303358380e-22	9.3767818913e-16	1.0389763728e-20	3.4533580768e-17	1.5818855353e-27	2.0873242356e-23	1.7260626689e-25	1.3400254738e-29	7.1612213419e-27	2.7010667365e-37	2.4827402777e-29	5.8681533493e-35	1.2522828030e-29	9.4776644910e-34	2.9036283525e-30	1.4378608797e-33	6.6417449216e-40	3.6805765947e-36	2.0019749988e-20	2.5577530044e-18	1.7962043667e-18	1.4300738192e-24	7.7372362581e-24	1.7826770949e-28	2.6629110946e-19	1.2937516490e-26	3.2322283052e-16	3.0322994243e-22	8.6118076827e-20	2.5777037190e-25	1.8748757643e-30	3.8165373869e-31	6.6033804713e-26	3.8456703833e-23	1.5593921252e-32	8.6434161054e-30	3.0605314953e-39	8.5161830364e-44	6.2278480818e-23	5.4858633987e-08	9.8595095601e-08	1.7386183560e-08	4.6320678780e-15	3.7995464684e-27	9.6821945178e-18	1.4683543662e-25	1.9112080652e-15	8.3722511541e-22	3.2086589108e-07	3.4582424238e-10	5.7888735925e-23	1.4786408995e-28	1.0865976617e-26	1.1191761739e-23	1.2031093167e-20	1.3811007098e-10	4.9944926646e-08	1.2643299503e-09	3.3983246440e-10	5.8753071047e-05	7.3100524016e-12	9.4744012712e-14	8.1754092696e-16	3.7459859605e-24	4.0967915569e-10	1.4347085632e-12	2.4169026951e-15	1.4256393317e-07	8.8160587664e-12	6.2128571259e-05	1.5725265372e-12	1.7896853235e-09	5.3544110427e-16	2.7464920708e-22	5.2685392815e-05	6.4754190068e-23	1.3954426394e-18	7.5013966023e-22	1.6546603808e-13	1.1866410991e-14	7.4974639775e-17	4.5884012307e-24	9.1349130834e-49	8.4315382049e-14	3.9545482816e-18	2.7508259667e-27	2.7562685731e-31	7.9838387979e-17	6.1061443551e-15	4.1624835373e-10	5.0751155553e-08	8.4053398245e-20	2.3598781194e-24	7.6938375936e-15	4.3671056236e-09	1.2764279958e-08	1.1148697061e-08	5.0724286259e-12	2.2934011288e-18	9.6271044282e-12	4.6405042336e-17	5.5050758215e-08	1.2397904124e-12	6.9475399443e-11	7.3453278973e-12	1.4966797040e-07	6.6675887474e-15	4.4884193056e-13	1.4314239164e-16	2.1427401177e-16	3.8634318845e-34	1.7058705885e-12	1.9810573203e-16	5.5050758215e-08	6.0976001656e-20	2.7816614475e-24
1.3604905400e-01	1.3032905598e+03	1.5000721213e+18	7.5608488090e+17	2.0941524368e+00	2.3951786672e-24	3.1315763342e-06	1.7713011999e-02	3.5070269147e-18	2.1662514254e-16	1.4767507370e-12	1.1716848781e-08	7.0965597024e-14	1.4449185657e-12	2.2300135453e-10	1.3381916280e-15	2.3351562169e-07	3.5837743289e-06	6.3986399978e-05	7.9865322462e-19	3.7522556163e-06	5.0324271367e-11	0.0000000000e+00	2.5496021749e-22	1.9896643374e-10	1.0341288865e-13	2.6577240283e-13	1.7127443165e-17	2.3224841494e-19	1.0220750867e-11	7.3531526459e-12	1.1509281668e-07	1.1300146487e-18	5.8579123429e-20	2.3050466391e-32	2.1708692891e-27	1.6112519778e-04	1.5494838395e-07	5.9235636338e-31	1.1275643607e-23	7.6812540437e-15	2.7382678083e-20	2.8428297985e-15	1.6631900927e-20	1.8689363620e-17	4.2288063884e-25	7.1144349265e-18	2.0366891996e-19	4.3907810088e-15	4.2734349030e-21	2.1674592256e-16	1.4184436165e-21	6.1580925194e-31	4.8703700557e-23	1.7575211721e-22	8.4149936553e-34	1.7221319436e-24	7.7776502083e-45	2.2326988862e-29	1.3385399173e-37	3.7398644225e-16	2.8945378497e-19	2.2759242630e-25	1.1772231800e-37	8.5739290117e-11	9.0750634954e-23	9.8015312331e-01	7.9242128449e-13	2.3340490922e-20	1.6749377487e-03	1.1260663120e-07	1.3613651790e-22	2.9345559053e-15	1.0814867157e-26	1.3366104872e-42	4.8112018929e-05	5.6097570832e-22	2.2076555425e-47	5.0088506523e-60	1.4423059145e-72	1.8113026114e-19	1.5664586998e-38	1.7799094577e-17	7.0887320272e-24	6.3693401328e-19	7.8850469266e-23	5.7402108436e-16	3.8840429864e-21	1.2029497458e-17	3.3182241003e-28	1.3388846807e-23	1.0436646822e-25	7.8332969474e-30	9.5822101540e-27	2.1569688420e-38	7.7930252860e-30	1.0434632889e-35	6.5721685621e-30	3.5041148890e-34	2.5763499038e-30	1.6195407975e-33	3.9681334974e-40	4.9152446740e-36	8.2052536856e-21	2.1979600398e-18	1.2561171992e-18	4.9042731588e-25	8.0999026668e-24	3.5290356769e-29	2.2367490461e-19	4.4716923697e-27	2.1674592256e-16	1.2499265422e-22	1.4911911756e-20	9.6319982892e-26	1.6028012280e-31	8.5251736932e-32	4.4315316478e-26	6.1616618589e-24	1.4395517991e-33	1.3869591008e-30	5.3275089567e-39	5.0796608423e-44	4.1290386923e-23	3.8374192084e-08	1.1508338051e-07	1.7571769327e-08	1.0289492334e-15	5.3189729094e-28	2.2744520419e-18	3.8976187473e-26	8.4529137380e-16	1.1367937968e-22	3.2071492876e-07	4.9755422353e-10	2.2736423028e-23	2.5693599979e-29	2.9920981563e-27	6.3053511111e-24	1.5375321977e-20	9.4909170727e-11	4.9945045869e-08	6.9834875386e-10	2.0713092009e-10	5.8819669947e-05	2.7337345331e-12	4.5812155850e-14	3.6188870115e-16	8.5333292425e-25	4.1295533926e-10	6.3428107727e-13	8.7563281051e-16	7.6384772825e-08	5.0523946639e-12	6.2128720933e-05	4.4375230374e-13	1.2525513535e-09	1.2932284650e-16	4.5702220546e-23	5.2685608637e-05	3.2052060562e-24	2.3224841494e-19	2.6520397424e-23	1.3982176931e-13	3.4043824894e-15	3.6967955258e-17	2.0342392447e-24	2.4251807555e-49	2.9964399325e-14	1.1737405387e-18	4.2245986618e-28	6.3385652046e-32	4.3739066837e-17	5.6874046470e-15	1.5149054651e-10	4.7813414219e-08	3.1702975517e-20	6.0431099770e-25	1.1041629221e-14	2.0304217564e-09	7.9330661465e-09	6.5451458028e-09	3.0687557892e-12	8.9642093888e-19	7.8615125268e-12	7.8572629423e-17	6.7752738946e-08	1.4710706937e-12	3.9183497093e-11	4.2504794277e-12	1.5197000772e-07	1.2746016333e-14	3.3832821464e-13	1.1142882845e-16	1.3460014723e-16	1.5691205647e-33	9.6735966695e-13	2.1073666085e-16	6.7752738946e-08	8.5667456395e-20	2.8319455419e-24
9.1994229300e-02	1.2151731775e+03	1.0878797354e+18	5.4832580831e+17	2.0941553947e+00	4.8233178338e-26	8.5260575568e-07	1.7713037019e-02	1.7454693755e-19	1.1078733175e-17	2.1688510297e-13	3.3910737999e-09	9.3404920106e-15	2.5080769997e-13	9.6991543243e-11	6.5082413164e-16	2.3354971255e-07	3.5842047246e-06	6.3986854854e-05	8.7777078182e-20	3.7522609162e-06	1.2067673011e-11	0.0000000000e+00	9.6664238151e-24	1.3903612617e-10	7.3749042052e-14	7.9869911325e-14	2.1884471530e-18	2.3138365000e-20	7.1637399764e-12	4.0564004794e-12	2.3850067156e-07	1.2380154655e-19	9.2565378286e-21	5.4164577595e-34	1.2443441350e-28	1.6096490104e-04	1.9212689053e-07	9.3901963094e-33	8.7930705597e-25	4.8212178360e-15	9.2394066891e-21	4.2248720150e-15	1.3324228712e-20	4.8966268565e-17	2.3878371314e-25	2.2299542831e-18	5.0363073370e-20	4.0530916263e-15	2.1203895267e-21	1.6728290329e-16	2.8463794270e-22	2.1113545661e-32	1.6855807541e-23	1.5433329092e-23	2.2102274654e-35	7.8689266855e-25	9.0819102089e-47	8.7029695084e-30	2.9298547057e-38	3.4328882758e-17	2.8284953313e-20	1.3720899961e-26	1.9102135891e-39	1.5451644481e-11	3.7199992158e-24	9.8015536613e-01	1.9024153477e-13	3.9949893038e-21	1.6749385877e-03	1.1079907909e-07	3.5248875152e-23	3.6497707606e-16	3.7265712968e-28	6.5929660549e-45	4.8113021025e-05	6.0151852284e-23	7.9077379794e-50	5.4655155439e-63	2.9145732648e-76	9.5297041761e-21	5.9303751016e-41	2.7706530733e-18	9.2725507509e-25	6.2816284331e-19	2.4275521934e-23	3.9054571983e-16	1.4499192927e-21	3.5311490693e-18	6.0248973121e-29	1.2911657066e-23	9.9905004389e-26	8.2496295470e-30	3.3572537151e-26	1.1272300516e-39	2.8342654676e-30	1.8756709936e-36	5.5540867674e-30	1.9760119862e-34	5.1408280148e-30	5.1768872363e-33	5.7372096886e-40	2.2892550716e-35	3.4697339023e-21	2.7398556417e-18	1.0293645627e-18	1.8738961673e-25	1.7580737731e-23	5.5444698030e-30	2.7088924347e-19	1.7327347802e-27	1.6728290329e-16	5.3415620585e-23	1.3702973818e-21	3.8539508477e-26	7.4485224907e-33	1.8113682373e-32	4.5353404986e-26	5.8506033194e-25	6.9593848947e-35	1.5301371542e-31	3.5562123740e-38	7.3200268338e-44	4.1635038353e-23	2.1778992169e-08	1.3167999219e-07	1.7697804822e-08	1.3141659099e-16	4.4414761752e-29	3.1233477412e-19	8.3820905537e-27	2.9566671195e-16	7.8686557831e-24	3.2034548025e-07	8.6745711173e-10	6.7610113699e-24	2.6886548950e-30	6.3121692580e-28	3.7875793736e-24	3.0326275785e-20	6.1148275200e-11	4.9945116414e-08	3.3385137537e-10	9.1371457205e-11	5.8866025421e-05	6.2104977020e-13	1.4820321894e-14	1.0346321160e-16	9.9377581662e-26	4.1825822634e-10	2.0773482308e-13	2.3464013754e-16	3.0348320357e-08	2.2009249701e-12	6.2128809107e-05	8.4705160476e-14	8.2721935213e-10	1.8112072791e-17	3.8636613076e-24	5.2685721309e-05	4.6260801815e-26	2.3138365000e-20	2.6096872433e-25	1.1104964893e-13	5.7728858711e-16	1.2208340317e-17	5.8253616069e-25	3.5185525056e-50	6.8200104600e-15	2.0945950367e-19	3.0848281869e-29	8.6964350261e-33	2.3837836324e-17	6.8550707270e-15	3.3978940693e-11	4.8648271252e-08	7.6513168502e-21	8.6682273002e-26	1.6708702243e-14	6.8231901925e-10	4.2521963196e-09	2.8218102582e-09	1.3825752320e-12	2.2389906018e-19	6.5993002467e-12	1.8039982216e-16	8.6431645574e-08	1.7944967679e-12	1.7183542198e-11	2.0750135743e-12	1.4148582057e-07	2.9693209417e-14	2.4264566459e-13	9.6751677311e-17	8.0603746606e-17	1.0567295027e-32	4.3722932213e-13	2.5532163411e-16	8.6431645574e-08	1.2661240497e-19	2.7130381236e-24
6.2205050300e-02	1.1139331161e+03	8.0246423804e+17	4.0446673316e+17	2.0941586753e+00	2.5239119439e-28	1.3929977238e-07	1.7713064772e-02	2.9007677199e-21	1.7920794315e-19	1.4411215014e-14	5.6678760095e-10	6.1032492133e-16	2.1592335572e-14	3.1499953983e-11	2.4324811641e-16	2.3357495535e-07	3.5845304076e-06	6.3987156467e-05	4.2378265061e-21	3.7522667943e-06	1.6906014867e-12	0.0000000000e+00	1.2638035305e-25	9.7881811385e-11	5.3599666990e-14	1.6937370396e-14	1.5653302540e-19	1.1834576111e-21	5.0756086413e-12	2.2165745855e-12	8.2801800581e-07	6.7353312445e-21	8.3117645609e-22	4.0050895082e-36	3.0505906003e-30	1.6030986952e-04	2.5793115372e-07	4.0457168918e-35	3.4611559050e-26	3.3495810539e-15	2.9734422899e-21	1.0690970047e-14	1.5712840714e-20	3.0412929496e-16	1.6589187277e-25	5.7265913957e-19	9.4610493573e-21	4.7565783951e-15	1.1568099692e-21	1.5412031456e-16	4.0081613311e-23	2.7574609216e-34	5.2833553590e-24	6.8136279794e-25	2.1305072629e-37	3.6000731909e-25	3.3771461923e-49	4.1550344963e-30	6.4628170032e-39	1.3848274062e-18	1.2473737985e-21	3.1846791580e-28	7.6626606232e-42	1.4475642469e-12	4.7835320697e-26	9.8015561428e-01	2.9849583564e-14	4.2777729351e-22	1.6753418650e-03	1.2376045576e-07	7.5252254960e-24	2.0801069000e-17	3.8061299232e-30	4.9835274166e-48	4.8106636463e-05	3.0180018426e-24	4.1645741302e-53	5.8838672504e-67	3.2679996625e-81	1.6043830657e-22	2.9270752535e-44	2.4320124085e-19	7.3821121125e-26	9.2197901654e-19	6.9634445388e-24	3.0333457028e-16	5.3848531602e-22	8.2814007217e-19	8.9889597283e-30	2.0880582788e-23	1.7158960078e-25	1.8394868818e-29	4.0355969251e-25	3.3684602430e-41	1.2328490606e-30	3.3786052802e-37	8.5736941817e-30	1.9000983270e-34	2.8816200194e-29	6.2861769575e-32	2.5657638869e-39	5.2864140530e-34	1.5190813478e-21	5.4847995066e-18	1.0343925594e-18	8.1596154384e-26	9.6833160136e-23	6.4389856717e-31	5.2363320277e-19	7.7477465970e-28	1.5412031456e-16	2.3824836943e-23	5.5813709637e-23	1.6705562627e-26	1.5694662254e-34	3.5720801233e-33	7.9184528520e-26	2.8283972535e-26	1.4631335447e-36	1.0428130414e-32	1.3234764200e-36	3.2399091905e-43	7.1433537884e-23	9.2453100671e-09	1.4421414403e-07	1.7763324507e-08	8.0610124067e-18	1.8494999853e-30	2.1020768786e-20	1.3649431238e-27	7.6376235054e-17	2.2176180880e-25	3.1929183060e-07	1.9216103629e-09	1.3953053903e-24	1.4461163718e-31	9.3508137915e-29	2.4432491407e-24	1.0349490950e-19	3.6271436911e-11	4.9945194656e-08	1.3247804715e-10	2.6597470015e-11	5.8888389651e-05	7.4383122025e-14	2.8699330293e-15	1.6894367451e-17	4.9145112650e-27	4.2635082492e-10	4.6048359131e-14	4.2449606669e-17	8.2018486105e-09	6.7403131699e-13	6.2128906519e-05	9.7467456357e-15	5.0715243827e-10	1.2338716688e-18	1.3434321038e-25	5.2685814222e-05	1.3661439782e-28	1.1834576111e-21	4.9606389371e-28	8.1338854330e-14	4.9725959088e-17	2.4096205192e-18	9.5388600162e-26	2.3919970105e-51	8.7604581970e-16	1.9487638748e-20	8.7084628979e-31	6.2179001294e-34	1.2874755236e-17	1.1481353505e-14	4.0298910331e-12	5.3968621405e-08	1.0112750639e-21	5.7673495224e-27	2.6628108827e-14	1.4879543121e-10	1.8570516358e-09	8.0763702652e-10	4.2210698700e-13	3.1244688048e-20	5.6814895693e-12	6.1304279176e-16	1.1454125240e-07	2.2586104547e-12	5.3863217085e-12	8.0487735333e-13	1.1462247866e-07	8.4776393210e-14	1.5905993459e-13	9.4499720291e-17	4.4114916693e-17	1.3306251377e-31	1.4357094977e-13	3.6416690831e-16	1.1454125240e-07	1.9726549798e-19	2.3831722985e-24
4.2062076200e-02	1.0031663192e+03	6.0253312295e+17	3.0369248150e+17	2.0941779932e+00	2.3264727400e-31	1.1927967497e-08	1.7713228236e-02	1.1990134486e-23	6.7618897646e-22	3.5056388089e-16	4.5191676434e-11	1.6318691851e-17	7.6183064331e-16	7.0578514670e-12	6.4243343205e-17	2.3359399852e-07	3.5847876069e-06	6.3987837722e-05	7.2163496044e-23	3.7523014080e-06	1.1624460851e-13	0.0000000000e+00	4.1621652668e-28	6.7815841041e-11	3.9099037649e-14	2.2569082803e-15	5.2139331197e-21	2.5242221583e-23	3.5648259247e-12	1.1637170797e-12	5.3819532060e-06	1.4670960437e-22	3.5722811023e-23	6.6656263866e-39	2.4856922714e-32	1.5563795215e-04	3.7743062847e-07	3.1652128056e-38	5.4346296326e-28	2.5166563975e-15	8.5462183163e-22	5.0452183659e-14	2.8701297566e-20	5.3584005819e-15	1.4320880409e-25	1.1163284137e-19	1.2293138435e-21	7.3939294826e-15	6.8029741525e-22	1.6983691879e-16	3.4399053034e-24	1.0065674430e-36	1.3922467038e-24	1.2119407934e-26	5.3139158735e-40	1.5494102774e-25	2.6529060585e-52	2.3255956200e-30	1.3078891288e-39	1.9653700260e-20	2.0106399475e-23	2.2239106195e-30	5.3074912949e-45	5.9316182226e-14	1.4231478105e-28	9.8015122624e-01	2.7238380322e-15	2.5230704509e-23	1.6796270974e-03	1.6194643703e-07	1.2563768724e-24	4.4219929589e-19	8.3852807929e-33	3.5427054645e-52	4.8088002869e-05	5.8125745540e-26	1.9584493641e-57	3.4354404676e-72	9.6167445835e-88	6.4168276289e-25	1.1049794679e-48	1.0305713564e-20	3.1248853005e-27	2.1825562665e-18	1.7777935773e-24	2.7128699961e-16	1.9343497188e-22	1.4221815112e-19	9.6770911755e-31	6.0342985337e-23	5.7438452441e-25	9.8406503483e-29	2.1485498203e-23	4.4791667210e-43	6.0997520800e-31	5.5196180244e-38	2.5714208842e-29	3.2574151492e-34	5.4125233499e-28	3.7585661625e-30	4.3532519098e-38	8.4293056169e-32	6.6128216608e-22	1.9038354833e-17	1.3189428257e-18	3.8909732261e-26	1.6107656023e-21	4.8636857807e-32	1.7486093156e-18	3.9646638507e-28	1.6983691879e-16	1.0718061590e-23	8.1584134322e-25	7.4457567956e-27	1.1539637030e-36	5.9340461578e-34	2.5213176294e-25	5.7938255017e-28	1.0516995892e-38	3.7940861907e-34	3.7651102964e-34	5.1417019013e-42	2.2297562060e-22	2.7223814554e-09	1.5073850911e-07	1.7787930826e-08	1.9547536927e-19	3.0254348932e-32	5.7350654571e-22	1.4839853592e-28	1.3396163982e-17	1.9367800676e-27	3.1553433602e-07	5.6820682388e-09	1.7914458928e-25	3.2087127595e-33	8.5124223373e-30	1.6562569938e-24	6.7973451704e-19	1.9383280102e-11	4.9945655388e-08	4.1489912151e-11	4.5815688545e-12	5.8895815613e-05	3.9773719684e-15	2.9316807367e-16	1.3664630198e-18	8.3471161286e-29	4.3050977625e-10	6.0670504695e-15	4.5461527074e-18	1.3603221943e-09	1.3236438940e-13	6.2129479653e-05	5.8672859382e-16	2.8302428858e-10	3.2808731869e-20	1.4822810525e-27	5.2686301810e-05	5.4111132307e-32	2.5242221583e-23	1.1768832106e-31	5.2662589009e-14	1.8156510880e-18	2.4874841170e-19	7.7554591171e-27	6.4275801424e-53	5.4761245330e-17	8.0198311171e-22	7.4902829687e-33	1.9986536087e-35	6.7091851772e-18	2.8447868159e-14	2.0376390392e-13	6.3944191583e-08	5.7151456296e-23	1.3416904075e-28	4.2360934991e-14	1.7920399102e-11	5.9763009312e-10	1.3212259593e-10	7.6030145209e-14	2.0296013847e-21	4.8608440347e-12	3.3658459821e-15	1.5422528934e-07	2.8839495274e-12	1.0598994775e-12	2.2435272506e-13	7.1251189516e-08	2.6366061109e-13	8.5270493223e-14	9.8517168093e-17	1.9660835998e-17	3.2710387551e-30	2.8768009766e-14	6.2281597836e-16	1.5422528934e-07	3.0949217634e-19	1.7799031262e-24
2.8441714100e-02	8.8782199525e+02	4.6040005586e+17	2.3203107026e+17	2.0943821604e+00	1.7478420369e-35	4.5740904064e-10	1.7714955002e-02	8.7446054534e-27	4.2695260874e-25	2.4427031727e-18	1.2596362064e-12	1.3929498830e-19	8.5937218853e-18	9.7302388875e-13	1.0542459542e-17	2.3362705799e-07	3.5852796604e-06	6.3994107876e-05	3.3577754393e-25	3.7526672288e-06	3.0430860345e-15	0.0000000000e+00	1.7414110888e-31	3.2746521865e-11	2.0938959713e-14	1.2282354736e-16	4.7435808593e-23	1.2804596986e-25	1.8032747254e-12	4.1154443271e-13	5.4069651289e-05	7.2426069723e-25	4.4819358065e-25	1.2303346562e-42	3.6544603272e-35	1.0688110759e-04	4.6246397173e-07	1.4893964426e-42	1.3705309639e-30	1.0543656061e-15	1.0745889604e-22	2.6092956517e-13	4.5498223519e-20	1.7417445832e-13	8.4014822011e-26	1.1235102782e-20	7.3657368774e-23	1.1850463789e-14	2.2809597174e-22	1.2158141905e-16	8.2785546665e-26	3.7967657795e-40	1.5005087009e-25	3.6480461239e-29	8.8019084510e-44	2.3596139905e-26	7.6645954571e-57	4.0779459529e-31	6.1282724481e-41	7.5650276598e-23	9.4623619534e-26	3.6658566670e-33	4.4712508756e-49	8.8871517214e-16	7.1789513419e-32	9.8010077990e-01	1.2594619159e-16	7.0466351982e-25	1.7282194460e-03	2.5690027920e-07	1.5376736133e-25	2.8206284554e-21	2.8772866200e-36	1.4352759676e-57	4.8045239604e-05	3.4896153975e-28	4.9241228294e-63	5.9373984015e-79	3.4789002992e-96	4.5066656114e-28	1.8314990353e-54	1.7566268910e-22	5.9914356894e-29	6.6375289060e-18	2.7786685444e-25	2.0490949771e-16	4.7210187307e-23	1.1742199343e-20	2.4902046442e-32	1.2925412023e-22	1.5888846680e-24	5.6133403402e-28	2.6190684208e-21	5.5619587712e-46	9.1050970965e-32	2.0443682526e-39	4.5169011545e-29	2.9413068961e-34	1.1712010269e-26	4.1884978120e-28	9.9430657108e-37	3.8139001992e-29	1.4465634355e-22	6.6281509168e-17	1.6501182023e-18	7.4818556303e-27	3.8100199862e-20	1.1135953069e-33	5.9811641338e-18	1.2431502470e-28	1.2158141905e-16	2.5297293913e-24	3.4957624765e-27	1.2400246408e-27	1.1568570273e-39	2.8589550552e-35	6.0944511926e-25	4.0487320277e-30	1.4837044661e-41	4.7235021239e-36	1.7579098531e-31	5.2111262348e-41	5.2718543092e-22	5.0772935755e-10	1.5296812323e-07	1.7795750541e-08	1.4476950273e-21	7.6285612161e-35	4.9746034919e-24	4.8353632056e-30	1.4141842945e-18	2.7087524672e-30	2.9823798852e-07	2.3009731931e-08	1.2477598014e-26	1.6035652752e-35	2.8785536689e-31	8.1070794336e-25	6.8460183157e-18	9.0993283064e-12	4.9950524708e-08	9.6657246904e-12	4.1250923979e-13	5.8902918649e-05	8.0127754161e-17	1.4289759835e-17	4.7592160023e-20	4.0783963597e-31	3.1553302611e-10	2.9771916722e-16	1.8014198660e-19	1.2292461148e-10	1.5008625818e-14	6.2135536803e-05	1.5298837693e-17	1.4048774460e-10	2.5596397372e-22	3.8139868943e-30	5.2691438435e-05	1.7968357153e-36	1.2804596986e-25	2.0972533990e-36	2.0963855316e-14	2.2788080124e-20	1.1551943130e-20	2.6748575125e-28	5.6952972268e-55	1.4347235337e-18	1.2628370130e-23	1.5943881551e-35	2.6696882007e-37	2.3791981303e-18	8.1533980117e-14	3.1284692452e-15	7.2179980939e-08	8.8664958462e-25	6.8904542820e-31	5.6819632309e-14	9.0345402978e-13	1.1522609791e-10	9.7168965696e-12	6.5873270232e-15	4.8684578700e-23	3.7266538076e-12	3.3230898034e-14	1.9712209069e-07	3.5946846562e-12	1.0532737491e-13	3.7414825772e-14	2.4594915284e-08	5.4763498431e-13	2.7496077338e-14	8.6298338556e-17	5.2097944702e-18	1.3393626409e-28	2.4041105382e-15	1.2806817500e-15	1.9712209069e-07	4.2667446204e-19	9.7570388364e-25
1.9231839500e-02	7.7350618048e+02	3.5739527179e+17	1.8008324786e+17	2.0947982063e+00	1.0501526931e-41	6.6303772414e-12	1.7718474177e-02	7.7584634662e-31	3.0807684884e-29	3.7457855755e-21	9.0373287802e-15	2.9655669754e-22	2.4727273307e-20	7.4528006802e-14	7.6872406732e-19	2.3367891901e-07	3.5860719275e-06	6.4006828334e-05	3.2403744595e-28	3.7534126920e-06	2.3954938034e-17	0.0000000000e+00	9.9586913886e-37	1.7125588762e-12	1.2957638213e-15	3.7796998542e-19	1.4921052722e-26	1.8962291460e-29	1.0242595404e-13	1.5036529690e-14	1.5325767845e-04	9.8821233239e-29	2.1239912489e-28	2.6440493262e-48	1.1304730043e-39	8.1107958688e-06	7.7135459940e-08	6.5127631227e-50	1.0579865215e-35	6.1351819914e-18	1.3889283015e-25	4.2257423789e-14	1.6960120517e-21	3.3204974452e-13	8.6559417327e-28	8.4768305237e-23	2.8924817820e-25	3.2806843090e-15	1.0890886233e-24	1.4562863072e-18	1.2041786648e-29	2.5747355594e-46	1.5488174213e-28	3.6397103355e-34	2.5622638630e-51	4.8787889125e-30	3.2006527193e-66	1.4010538626e-35	3.9119221266e-46	5.9516021065e-26	9.9457929467e-29	1.0478594701e-36	2.9292261450e-54	3.9203518828e-18	4.1886723168e-36	9.7999720493e-01	2.5351467159e-18	7.8709671625e-27	1.8280368529e-03	5.1066154716e-07	1.2791157615e-26	4.1685345856e-24	1.0327088792e-40	1.8017454897e-64	4.7927944151e-05	5.0929318145e-31	3.5525585865e-70	1.4430431600e-87	6.0911162822e-107	3.8315783341e-32	6.8342683034e-62	9.8594577871e-25	4.3500296155e-31	4.5485259531e-18	3.9830774327e-27	2.1004367337e-17	1.2007200153e-24	6.6589570382e-23	5.3332878847e-37	9.0974227199e-25	1.6476035527e-26	1.6240407555e-29	4.0884243891e-21	3.1040830026e-53	2.5435788072e-36	9.9635536510e-45	3.2974276250e-32	9.7055165347e-38	2.3797460971e-28	7.8550899379e-29	2.5687442851e-38	4.8195511325e-29	3.8726523008e-25	6.5070475798e-18	3.3736413692e-19	2.2667148696e-30	6.4939107922e-21	1.6821148142e-37	5.9121512317e-19	6.0345108935e-31	1.4562863072e-18	7.6859598508e-27	3.3665822093e-30	2.9773953506e-31	2.9194562163e-45	1.4498057215e-39	4.9759262351e-27	7.5956032593e-33	4.8477668164e-46	2.6748255292e-39	3.3701068082e-33	6.9039068165e-45	4.2016461471e-24	5.5493171131e-11	1.5345084723e-07	1.7800184338e-08	2.6832377547e-24	5.7711517602e-40	1.1069889372e-26	1.0392871144e-33	8.0483631139e-20	7.0256487831e-35	2.1361715851e-07	1.0769437746e-07	3.2618369739e-28	1.7399685543e-39	3.8947411789e-34	3.5351130524e-26	1.5281697384e-17	3.6498758338e-12	4.9960447326e-08	1.5694282426e-12	1.7039731666e-14	5.8915027193e-05	4.9595792724e-19	2.8578420331e-19	6.0246118870e-22	4.4368560370e-34	2.6568441309e-11	7.4284216849e-19	3.5918175629e-22	5.3278149419e-12	8.7980429257e-16	6.2147879960e-05	1.4382642981e-19	6.0460459478e-11	4.3708896395e-25	1.6303632213e-33	5.2701905535e-05	2.9413949338e-42	1.8962291460e-29	1.6226515109e-42	7.8650152066e-16	7.8469093722e-23	2.0634669300e-22	3.3312774393e-30	1.3953513298e-57	1.3117782889e-20	6.2306503863e-26	6.2845533265e-39	1.2483935702e-39	8.8759509168e-20	4.6654414093e-14	1.0408318971e-17	7.0430531539e-08	2.4251508966e-27	4.8278424041e-34	5.3278712309e-14	1.4538199097e-14	1.0935927514e-11	2.4966615836e-13	2.1698578865e-16	3.2405404756e-25	2.3016119845e-12	6.2615702841e-13	2.1917443638e-07	4.0489962774e-12	4.2042612533e-15	3.0814469808e-15	3.5268445645e-09	5.0499453300e-13	4.0525401700e-15	5.1870194371e-17	6.1678265913e-19	7.6523279417e-27	5.8863960445e-17	3.0664824784e-15	2.1917443638e-07	4.3450354984e-19	3.1943614152e-25
1.3004267300e-02	6.6568145655e+02	2.8081391236e+17	1.4149324455e+17	2.0948340299e+00	3.8167495687e-50	3.1175683792e-14	1.7718777117e-02	5.9667664591e-36	1.6621511180e-34	9.9797469657e-25	1.6758734897e-17	1.3608443387e-25	1.7151660075e-23	3.1256466111e-15	9.9596434430e-21	2.3368534642e-07	3.5861717003e-06	6.4007924326e-05	5.0520046060e-32	3.7534768797e-06	5.3182800536e-20	0.0000000000e+00	6.3919757634e-44	1.1106846802e-14	9.9203635365e-18	6.2725038598e-23	1.5422772193e-31	7.5721358925e-35	6.9179506520e-16	6.4097256061e-17	1.6137404772e-04	3.4254838469e-34	3.4109740268e-33	5.3017320369e-56	6.4886548530e-46	7.2561114430e-08	1.7906319151e-09	2.3292352197e-60	2.6554556239e-43	6.7108534588e-22	2.3586661431e-30	3.2629257416e-16	2.1523902317e-24	6.1988231313e-14	2.0098780078e-31	4.7629288274e-26	7.2525752823e-29	1.7660941262e-16	9.2476301543e-29	3.7602467498e-22	1.1629852035e-35	3.0693718687e-55	1.9581817329e-33	1.2170672607e-41	1.4435523651e-62	1.8101763986e-36	2.3449108211e-80	1.7462581594e-43	5.9538134692e-55	7.3823723458e-30	1.6842853824e-32	3.3429533823e-41	7.8227243452e-61	3.8650194102e-21	1.7030298366e-41	9.7998828568e-01	1.9261370883e-20	2.9865925763e-29	1.8362465578e-03	1.3017688506e-06	6.6777226289e-28	1.0411542239e-27	2.3009340332e-46	3.1755024683e-73	4.7533215340e-05	1.3274530452e-34	3.2907701646e-79	1.8267785918e-98	1.4898656472e-120	2.4030054982e-37	2.4711751207e-71	1.5101285670e-27	1.0069158225e-33	8.8876541537e-19	5.7531111780e-30	3.4302297256e-19	3.5771204547e-27	2.7421499819e-26	1.3381884528e-44	3.6779812295e-29	1.1413466438e-30	4.4107613214e-33	1.7475184962e-22	1.1362719409e-64	2.4438833463e-44	1.1013378060e-53	2.0636599274e-38	2.3623321507e-44	1.0559085100e-32	6.3069662401e-32	1.7896584362e-42	4.6604712772e-31	1.6782062812e-29	2.7036052698e-20	1.2629016908e-20	1.6936330214e-36	1.5655588047e-23	1.8450510182e-43	2.3488296330e-21	5.7065872167e-35	3.7602467498e-22	3.6945572087e-31	4.8765364171e-34	1.5973083406e-37	1.9123135590e-53	1.1296486969e-46	2.4034787834e-31	3.0484410072e-36	2.7825420039e-52	5.8202758658e-44	1.0105187784e-38	3.8047020199e-53	1.9799382422e-28	3.5520605605e-12	1.5350541348e-07	1.7800560145e-08	1.0006791229e-27	1.6587610807e-47	6.0747453188e-30	1.9413928843e-39	2.4101369185e-21	3.4653468975e-41	5.1039447174e-08	2.7027758360e-07	1.1449683700e-30	1.6521023066e-45	9.4002402353e-39	6.9008970287e-29	4.3714295608e-18	1.2187011491e-12	4.9961301706e-08	1.6710408578e-13	2.8846959649e-16	5.8916066304e-05	7.2640786225e-22	1.7518280230e-21	2.2095732829e-24	6.7452870240e-38	2.7831786293e-13	9.6449664224e-23	3.6692573249e-26	9.8863634453e-14	2.4212685368e-17	6.2148942760e-05	4.4554090666e-22	2.2014659637e-11	1.3428409789e-28	8.4433097268e-38	5.2702806798e-05	1.3548858106e-49	7.5721358925e-35	3.3158920569e-50	3.1735219618e-18	6.0460488232e-26	1.2407964913e-24	1.3108133312e-32	8.2804670441e-61	3.2783171605e-23	6.8789119592e-29	2.7899008877e-43	1.2804754305e-42	3.9680716349e-22	6.6950950936e-15	7.3186175415e-21	7.1644429776e-08	1.2680304859e-30	4.4781261496e-38	4.0938529070e-14	7.7223000578e-17	5.6426881618e-13	2.1831327130e-15	2.4849445270e-18	4.8409315513e-28	1.2679458874e-12	2.3050475588e-11	2.2181024625e-07	4.0244731753e-12	6.6921335231e-17	1.2864528147e-16	2.8328075447e-10	4.4042138513e-13	3.7217374805e-16	3.1044514832e-17	4.3822261199e-20	1.0082893575e-24	5.3698883201e-19	8.7068034700e-15	2.2181024625e-07	3.5887643726e-19	6.1664662228e-26
8.7932808900e-03	5.6888818115e+02	2.2219003491e+17	1.1195417967e+17	2.0948405432e+00	1.6211586792e-60	4.3875431150e-17	1.7718832208e-02	3.2949807450e-42	5.8760235021e-41	4.0953098935e-29	7.0409328364e-21	1.1336707211e-29	2.2983681519e-27	6.4912119786e-17	1.8560736651e-23	2.3368695803e-07	3.5861981820e-06	6.4008123497e-05	1.1155652329e-36	3.7534885501e-06	2.6331292431e-23	0.0000000000e+00	9.2716991980e-53	2.1340198969e-17	2.3771974046e-20	1.3429790587e-27	1.1378890611e-37	1.7421004271e-41	1.3984531194e-18	7.5671207220e-20	1.6144869070e-04	6.4108148635e-41	4.2810566300e-39	1.9454903515e-65	1.4273059878e-53	1.9530029124e-10	1.5849006493e-11	3.2094455864e-73	1.1241305037e-52	8.1361917782e-27	2.9859537658e-36	7.4513174649e-19	5.5940229123e-28	7.3239053271e-15	6.5238081073e-36	4.8498812871e-30	2.7974341551e-33	4.7718151100e-18	8.5950680071e-34	1.3176046519e-26	4.3286020879e-43	3.1755854963e-66	1.7175307194e-39	7.6336429503e-51	1.8668042249e-76	1.9098792523e-44	8.4568313112e-98	2.7778648881e-53	7.2977672430e-66	1.2448301584e-34	4.1829701687e-37	1.1218365868e-46	7.8882589065e-69	8.0652024422e-25	4.4190970264e-48	9.7998668362e-01	5.0513201334e-23	3.4359101858e-32	1.8363247877e-03	4.2358659548e-06	2.0356533064e-29	4.0431006631e-32	2.8741161145e-53	6.7501720749e-84	4.6066316609e-05	5.6610702405e-39	3.3210190771e-90	1.0145658725e-111	4.1207667688e-137	1.0278649260e-43	7.2923167946e-83	5.5945689127e-31	6.5955243123e-37	1.2253984104e-19	1.9285501359e-33	2.1362990522e-21	2.9170350085e-30	1.8654071717e-30	5.2848171009e-54	1.2825343499e-34	7.9896629315e-36	1.7197050402e-37	3.3630826359e-24	8.4479896093e-79	2.8295298166e-54	9.2844643463e-65	4.0781921809e-46	1.5402429009e-52	3.9753384207e-38	8.7895610306e-36	1.3150815752e-47	1.4441798769e-33	6.7924302256e-35	2.9150621013e-23	2.2202582345e-22	4.4507925732e-44	8.4460656324e-27	8.4322885870e-51	2.4329414140e-24	6.4638720374e-40	1.3176046519e-26	1.7150709174e-36	1.0274072687e-38	2.7109425631e-45	1.6490838898e-63	1.8402478733e-55	1.0250223168e-36	2.2580255482e-40	6.4606292268e-60	1.1860554690e-49	1.2042767466e-45	2.0216141752e-63	8.2974477851e-34	1.2071801898e-13	1.5350932211e-07	1.7800618552e-08	8.6304140552e-32	8.6420627099e-57	6.6908441582e-34	1.6900383247e-46	3.3850945005e-23	6.1609396737e-49	3.4866228103e-09	3.1783140701e-07	4.4987794061e-34	2.4974978757e-53	7.7640955144e-45	1.2273403431e-32	3.4942556092e-19	3.3368247691e-13	4.9961457047e-08	1.1263245033e-14	1.9060282853e-18	5.8916249869e-05	2.4177668160e-25	3.4144503266e-24	2.3109120754e-27	1.4873502154e-42	9.3890456359e-16	1.4876650568e-27	4.3595948244e-31	7.4259078437e-16	2.9968757124e-19	6.2149135995e-05	3.9355345058e-25	6.6832173286e-12	5.9900242150e-33	4.4092471419e-43	5.2702970663e-05	1.4288258851e-58	1.7421004271e-41	1.3678285482e-59	3.3577024285e-21	9.3243117397e-30	2.3816691676e-27	1.5566917344e-35	1.1754035716e-64	2.1619873431e-26	1.7189101423e-32	1.4216252403e-48	3.2798840444e-46	5.0871034704e-25	6.0520327970e-16	9.3742597453e-25	7.2610961597e-08	1.1066964267e-34	4.9927051554e-43	2.8466885461e-14	1.2007421852e-19	1.4486664016e-14	6.1446066115e-18	9.9352508895e-21	1.6812230539e-31	6.2626502153e-13	2.1401440695e-09	2.2054195142e-07	4.0347397824e-12	4.0431700400e-19	2.6352266990e-18	1.1402095904e-11	3.1772223868e-13	1.9056753506e-17	1.7033761758e-17	1.6452322979e-21	4.1615241903e-22	1.5783286189e-21	3.4325857977e-14	2.2054195142e-07	2.8188624815e-19	8.5680978359e-27
5.9458781700e-03	4.8612453937e+02	1.7582245923e+17	8.8590007539e+16	2.0948663323e+00	1.1144544915e-72	1.9833388333e-20	1.7719050341e-02	1.4508640237e-49	1.6071116070e-48	2.9033489380e-34	3.7239857991e-25	1.8661637660e-34	6.3720218267e-32	6.8830327111e-19	9.7998646115e-27	2.3369009302e-07	3.5862473113e-06	6.4008911497e-05	3.9052774580e-42	3.7535347584e-06	3.0176454860e-27	0.0000000000e+00	4.0384524844e-63	1.3381053146e-20	1.9773854296e-23	4.5080796149e-33	7.4335388140e-45	2.8926605001e-49	9.7148045130e-22	2.8263709966e-23	1.6145088918e-04	7.8595868831e-49	5.0529449023e-46	1.6130121409e-76	1.4264799427e-62	1.8479439276e-13	6.2318221447e-14	2.7243605254e-88	1.1715251916e-63	1.4312486616e-32	3.7179439353e-43	6.0962095808e-22	3.6576956965e-32	6.2654709147e-16	3.7629184718e-41	1.0572092449e-34	1.9807403214e-38	7.1176835101e-20	1.1420091706e-39	8.1692904771e-32	8.7521256842e-52	4.1483961457e-79	1.2984470919e-46	1.3382614880e-61	9.7505541885e-93	9.0254469704e-54	3.1143319077e-118	9.7511897484e-65	1.1803708943e-78	3.0445107267e-40	1.6255600150e-42	4.3661548329e-53	3.5360724032e-78	3.9251737062e-29	8.6601771085e-56	9.7998096753e-01	4.5998591301e-26	1.1501344019e-35	1.8357710074e-03	1.6328079791e-05	3.3304698665e-31	2.6181144409e-37	2.3020005960e-61	2.1818606024e-96	4.0020802876e-05	4.0381962675e-44	4.4510689389e-103	3.2030145829e-127	1.8218507312e-156	3.5576517114e-51	2.3669814090e-96	4.9267881264e-35	1.1748205115e-40	1.2100567572e-20	1.6323450468e-37	5.3937235872e-24	7.0461772619e-34	2.3593718540e-35	5.1224120579e-65	5.4248502606e-41	7.8339248865e-42	1.2863926316e-42	3.6229753271e-26	2.4438145085e-95	6.8462717823e-66	1.0487011631e-77	4.0909260138e-55	4.3450630400e-62	1.8940534259e-44	3.0158371057e-40	1.4818392368e-53	1.9405730623e-36	3.2368408132e-41	9.5910502157e-27	1.9492267232e-24	6.1694413142e-53	1.3357206606e-30	2.2012999840e-59	8.0971442250e-28	1.1286677184e-45	8.1692904771e-32	1.0111643884e-42	3.5453427493e-44	2.1228863442e-54	2.6548367875e-75	9.2220927046e-66	5.1903848336e-43	3.0466288400e-45	7.8161530423e-69	2.7776331962e-56	1.0286382234e-53	2.0376320377e-75	4.3420159587e-40	2.2267571675e-15	1.5351133042e-07	1.7800837755e-08	1.3520991049e-36	1.1866494222e-67	1.5512685606e-38	9.5471334604e-55	2.1998829149e-25	5.1013293748e-58	1.3047403820e-10	3.2119151146e-07	3.9602683999e-38	1.4391891842e-62	5.0187269759e-52	4.2720983148e-37	1.5571311624e-20	7.5559440770e-14	4.9962072111e-08	4.9046502743e-16	5.2787264906e-21	5.8916975176e-05	2.0265902874e-29	2.3251646908e-27	7.6167392696e-31	5.5198324017e-48	1.1990532861e-18	3.3415016222e-33	7.3547082172e-37	2.3943187387e-18	1.7684803466e-21	6.2149901098e-05	1.0467121201e-28	1.7028688381e-12	4.1478062738e-38	2.5667271355e-49	5.2703619477e-05	4.3106882392e-69	2.8926605001e-49	1.3685535780e-70	1.1060072741e-24	3.0390327495e-34	1.6022041784e-30	6.2215497294e-39	4.7764268011e-69	4.1073212607e-30	1.0862821056e-36	9.7526535874e-55	2.3858036010e-50	2.1430719296e-28	3.7511824097e-17	1.2273065196e-29	3.6724842109e-08	4.6683649445e-40	2.0127534869e-49	4.8704297573e-15	2.9718184586e-23	9.7042176043e-17	3.0574439090e-21	7.6626993603e-24	7.7988527660e-36	1.4176894834e-13	2.5453651954e-07	1.1230313269e-07	2.1488085963e-12	5.0104827810e-22	1.4077859260e-20	6.2079115299e-14	1.3012856596e-14	1.4450337427e-19	2.1943206998e-18	8.5670303409e-24	3.7446037710e-20	4.1169633641e-25	9.7449575079e-14	1.1230313269e-07	5.7819277088e-20	2.4318514526e-28
4.0205092600e-03	4.1855613532e+02	1.3803045479e+17	6.9573464689e+16	2.0923345075e+00	1.4373295975e-172	3.8419617712e-24	1.7714032973e-02	7.6542758664e-58	6.5329214973e-57	5.5842561332e-40	5.7235846424e-32	9.0466779617e-40	5.3340602843e-37	4.3905113571e-21	2.2420669517e-30	2.3362398154e-07	3.5852331448e-06	6.3990786584e-05	3.4521489967e-48	3.7524718988e-06	1.1055682692e-31	0.0000000000e+00	5.2183446681e-161	1.1832985052e-110	2.4442944261e-113	1.5557250051e-125	3.2220283950e-139	2.7278942340e-144	1.2351170146e-111	1.8047233776e-113	6.4373144690e-91	4.0889055619e-144	3.3477917728e-140	1.4373295975e-172	3.6621331196e-159	3.3239106566e-103	5.5862811469e-103	1.4373295975e-172	1.4373295975e-172	1.4373295975e-172	1.4373295975e-172	1.4373295975e-172	1.4373295975e-172	1.4373295975e-172	1.4373295975e-172	2.9560767691e-126	1.6048350492e-130	2.7251465992e-108	1.4373295975e-172	1.4373295975e-172	1.4373295975e-172	1.4373295975e-172	1.4373295975e-172	1.4373295975e-172	1.4373295975e-172	1.4373295975e-172	1.4373295975e-172	1.4373295975e-172	1.4373295975e-172	1.3901190582e-46	1.2487017519e-48	2.7117848033e-60	1.2379223196e-88	6.4646706492e-34	2.4664604663e-64	9.7996751742e-01	1.4926133491e-29	9.4469190042e-40	1.8346577517e-03	5.5747817751e-05	2.0952231854e-33	3.5494481122e-43	1.8915371197e-70	2.4778446701e-110	2.0297289763e-05	4.7994727621e-50	1.5177462732e-117	1.3690697087e-144	1.4373295975e-172	1.8991123099e-59	2.6677521156e-111	9.2671773778e-40	4.8602244804e-45	2.9188711329e-108	1.5589474908e-128	2.2026989516e-113	2.1733830538e-124	2.7248155479e-127	1.4373295975e-172	1.4373295975e-172	1.4373295975e-172	1.4373295975e-172	1.4373295975e-172	1.4373295975e-172	1.4373295975e-172	1.4373295975e-172	1.4373295975e-172	1.4373295975e-172	1.4373295975e-172	1.4373295975e-172	1.4373295975e-172	1.4373295975e-172	1.4373295975e-172	1.4373295975e-172	3.2631966197e-113	1.4373295975e-172	1.4373295975e-172	1.4373295975e-172	1.4373295975e-172	1.4373295975e-172	1.4373295975e-172	1.4373295975e-172	3.1619261777e-50	1.4373295975e-172	1.4373295975e-172	1.4373295975e-172	1.4373295975e-172	7.1022587371e-51	4.2002009623e-165	5.2157495947e-150	1.4373295975e-172	1.4373295975e-172	1.4373295975e-172	2.5708580631e-17	1.5346786400e-07	1.7795797229e-08	5.2259287108e-42	1.4373295975e-172	9.0098761679e-44	1.4373295975e-172	6.3320603913e-28	1.7575909643e-154	3.5115779255e-12	3.2122748763e-07	1.2635594067e-42	3.2776904644e-159	2.1861174671e-146	1.9766530951e-128	1.9941520086e-108	1.4784470335e-14	4.9947924734e-08	1.5295615367e-17	7.7737791146e-24	5.8900292108e-05	6.1499512132e-34	7.3757976888e-31	1.0862516389e-34	5.5584916422e-54	3.1068519266e-108	7.3620661270e-126	1.1865320780e-129	4.1348821150e-21	6.0753229424e-24	6.2132302587e-05	1.1176960794e-32	3.7870089892e-13	6.8151443484e-44	2.7936554470e-56	5.2688695797e-05	9.1487176300e-81	2.7278942340e-144	6.7876438739e-83	6.3980592385e-115	2.4810321896e-39	5.0699259996e-34	1.1494021233e-42	8.4900861703e-74	3.1000484352e-34	2.5026733384e-41	1.5313697241e-61	7.0079801981e-55	1.5952327510e-118	7.0667102741e-105	3.9826754498e-37	1.4781386415e-10	3.8225318418e-50	1.2906536212e-60	5.6180672898e-20	2.5270889144e-29	3.2097703401e-21	5.7259800627e-27	2.3909209334e-29	1.1263679065e-42	2.4208753471e-16	5.1461622281e-07	4.8003809770e-10	9.9559169519e-15	2.5903929640e-27	3.7426065178e-25	1.4106145065e-20	2.1848515865e-24	4.8343116477e-26	1.7434923491e-23	1.8425357096e-30	4.0558223448e-26	3.2512367204e-33	3.0270865459e-15	4.8003809770e-10	8.4364587361e-25	4.1482205883e-34
2.7186051000e-03	3.6565815947e+02	1.0684005494e+17	5.3850177023e+16	2.0924100505e+00	1.8570041090e-172	5.2895884351e-28	1.7714672532e-02	8.8518062007e-67	1.2376714153e-65	6.3988588689e-46	2.0274955800e-39	2.6306331777e-45	2.6679403506e-42	2.2621863437e-23	3.6865501541e-34	2.3363242852e-07	3.5853628878e-06	6.3993096948e-05	1.7483759352e-54	3.7526073804e-06	2.3772386907e-36	0.0000000000e+00	8.0922140362e-159	1.2390571101e-100	3.6902090665e-103	1.0800516779e-117	2.3127851949e-133	3.9854429866e-139	3.9398815385e-101	2.7825639986e-103	8.5931814341e-77	1.5451952290e-139	1.8318550280e-134	1.8570041090e-172	2.9026200440e-156	1.5674275556e-92	1.4287135770e-91	1.8570041090e-172	1.8570041090e-172	1.8570041090e-172	1.8570041090e-172	1.8570041090e-172	1.8570041090e-172	7.6337013986e-163	1.8570041090e-172	1.7896352447e-117	2.6916395790e-122	2.9371867944e-96	1.8570041090e-172	1.8570041090e-172	1.8570041090e-172	1.8570041090e-172	1.8570041090e-172	1.8570041090e-172	1.8570041090e-172	1.8570041090e-172	1.8570041090e-172	1.8570041090e-172	1.8570041090e-172	1.6568554135e-53	2.5684129173e-55	4.1954056124e-68	8.1133433395e-100	6.9082180656e-39	3.2267447223e-73	9.7994874483e-01	1.6299781650e-33	1.1500198629e-44	1.8347214835e-03	9.1853494802e-05	2.3158117032e-36	1.3369917723e-49	3.2412248187e-80	3.8231212393e-125	2.2461904407e-06	7.5023008122e-57	3.2464908096e-133	2.8584556414e-163	1.8570041090e-172	4.8241213911e-68	7.8245625428e-127	2.4826733198e-45	2.8949931642e-50	9.8945244340e-96	1.5431971629e-119	1.0888066278e-102	7.3464679422e-115	3.0632510506e-119	1.8570041090e-172	1.8570041090e-172	1.8570041090e-172	1.8570041090e-172	1.8570041090e-172	1.8570041090e-172	1.8570041090e-172	1.8570041090e-172	1.8570041090e-172	1.8570041090e-172	1.8570041090e-172	1.8570041090e-172	1.8570041090e-172	1.8570041090e-172	1.8570041090e-172	1.8570041090e-172	7.1611584132e-102	1.8570041090e-172	1.8570041090e-172	1.8570041090e-172	1.8570041090e-172	1.8570041090e-172	1.8570041090e-172	1.8570041090e-172	1.6299336103e-56	1.8570041090e-172	1.8570041090e-172	1.8570041090e-172	1.8570041090e-172	2.1252211694e-57	3.1650423997e-161	1.7438140270e-143	1.8570041090e-172	1.8570041090e-172	1.8570041090e-172	2.4133393590e-19	1.5347340492e-07	1.7796439740e-08	1.3941924028e-47	1.8570041090e-172	1.5718144560e-49	1.8570041090e-172	6.7308379217e-31	8.4452055137e-151	8.5204343909e-14	3.2124251193e-07	2.6848176143e-47	1.0186588004e-155	1.6058735119e-140	2.0151486653e-119	7.5770290274e-96	2.7133526478e-15	4.9949728085e-08	4.1280101573e-19	9.0973791514e-27	5.8902418681e-05	1.2632315181e-38	1.7747131721e-34	1.1446767189e-38	3.4402007635e-60	2.1984968429e-97	3.2356555297e-118	3.7444052596e-122	5.6063455066e-24	1.7072757681e-26	6.2134545851e-05	8.0649836214e-37	7.9213685414e-14	5.8328873676e-50	1.4581131628e-63	5.2690598102e-05	6.6374528575e-93	3.9854429866e-139	5.2141274332e-96	9.5525800024e-105	6.0679765404e-45	1.2325261399e-37	1.6506078822e-46	1.2653154172e-78	1.6277497975e-38	3.9379208279e-46	1.3726344370e-68	1.5029439806e-59	2.9284988870e-108	4.0494287116e-92	2.7794053484e-45	2.0033432003e-13	2.3285956202e-61	5.8338328272e-73	8.3495825933e-26	5.2438345211e-36	2.9740754238e-26	2.7671168261e-33	2.0038732789e-35	4.0060265795e-50	1.3818834512e-19	5.1574106333e-07	7.4120101923e-13	1.7132339555e-17	3.5631096760e-33	2.8307053771e-30	3.2338582126e-28	5.3583059575e-36	1.6417558229e-33	1.5919291106e-29	3.8238895737e-38	1.1069966981e-33	2.2553604220e-42	3.8366204531e-17	7.4120101923e-13	1.6440334939e-30	9.0272056377e-41
1.8382779900e-03	3.2571023141e+02	8.1104485919e+16	4.0878604651e+16	2.0924189411e+00	2.4462674510e-172	9.6355723062e-32	1.7714747801e-02	1.2955246457e-75	4.4281685059e-74	1.1417959490e-51	1.1619670414e-46	1.1063454081e-50	1.8666792348e-47	1.3569876674e-25	7.9998367328e-38	2.3363342342e-07	3.5853781841e-06	6.3993368855e-05	1.3869370804e-60	3.7526233252e-06	6.4811223049e-41	0.0000000000e+00	1.0917513035e-156	4.4174185578e-91	1.8972934970e-93	4.4561536462e-110	1.1034123504e-127	4.0439985022e-134	6.0541601144e-91	2.0728786821e-93	4.0896676135e-63	2.9256206315e-135	4.7137629975e-129	2.4462674510e-172	8.7162419114e-154	3.6981393344e-82	1.7584739277e-80	2.4462674510e-172	2.4462674510e-172	5.1605247619e-169	2.4462674510e-172	1.8813526852e-149	2.1390479287e-163	1.2128185034e-136	2.4462674510e-172	5.8258111869e-109	2.5277297679e-114	1.3141821005e-84	2.4462674510e-172	2.2528995087e-166	2.4462674510e-172	2.4462674510e-172	2.4462674510e-172	2.4462674510e-172	2.4462674510e-172	2.4462674510e-172	2.4462674510e-172	2.4462674510e-172	2.4462674510e-172	2.1422451813e-60	5.6473921656e-62	7.6382601903e-76	7.9591964492e-111	1.0611085683e-43	7.9460595733e-82	9.7994653513e-01	1.5426312145e-37	8.5326983833e-50	1.8347292755e-03	9.6102893513e-05	1.3209836421e-39	5.4139534258e-56	7.5601440246e-90	1.1506954038e-139	1.2169577267e-07	8.6660516805e-64	9.8179974282e-149	2.4462674510e-172	2.4462674510e-172	2.3085652382e-76	7.0323484688e-142	4.3644450448e-51	1.0577539792e-55	8.7309215698e-84	5.1872783015e-111	1.6522878925e-92	8.1787804789e-106	1.3039982597e-111	2.4462674510e-172	2.4462674510e-172	2.4462674510e-172	2.4462674510e-172	2.4462674510e-172	2.4462674510e-172	2.4462674510e-172	2.4462674510e-172	2.4462674510e-172	2.4462674510e-172	2.4462674510e-172	2.4462674510e-172	2.4462674510e-172	2.4462674510e-172	2.4462674510e-172	1.0676475701e-156	4.6808925566e-91	2.4462674510e-172	2.4462674510e-172	2.4462674510e-172	1.3551973546e-156	2.4462674510e-172	2.2528995087e-166	2.4462674510e-172	1.3036909241e-62	2.4462674510e-172	2.4462674510e-172	2.4462674510e-172	2.4462674510e-172	4.3302047810e-64	1.7967181588e-157	3.6211949664e-137	2.4462674510e-172	2.4462674510e-172	2.4462674510e-172	2.5565875291e-21	1.5347405703e-07	1.7796515357e-08	6.4528638585e-53	2.4462674510e-172	2.8102167198e-55	2.4462674510e-172	5.8277584036e-34	3.2296165935e-147	2.4100598429e-15	3.2124395969e-07	7.9147547024e-52	2.5394581664e-152	7.9111516630e-135	1.0868745037e-110	1.1548534196e-83	5.1752968800e-16	4.9949940322e-08	1.2206890281e-20	1.3681369163e-29	5.8902668958e-05	3.7479171733e-43	5.8031557703e-38	1.6898400765e-42	3.5048353515e-66	7.8251870372e-87	8.7463208186e-111	7.2061040530e-115	9.4883942010e-27	5.9055216210e-29	6.2134809861e-05	7.5217987809e-41	1.7123666773e-14	6.9883123135e-56	1.1800168769e-70	5.2690821985e-05	1.1456488117e-104	4.0439985022e-134	6.8927726384e-109	7.5465077501e-95	1.5127202674e-50	4.1213778958e-41	3.3923915387e-50	3.2833404299e-83	1.1763772465e-42	9.0271847379e-51	2.1214717831e-75	4.7645794479e-64	2.6073632864e-98	9.2640845667e-80	3.2765548382e-53	3.0079183980e-16	2.8259423844e-72	5.8857976704e-85	1.7904860617e-31	1.6346769241e-42	3.6213956982e-31	2.0168991807e-39	2.5230119317e-41	2.4142047634e-57	9.1242933622e-23	5.1574493450e-07	1.3584153484e-15	3.5445314606e-20	7.0114504726e-39	2.8714696671e-35	1.1414830794e-35	2.4228343997e-47	8.1971213066e-41	1.8799235240e-35	1.1406849148e-45	4.7915353847e-41	2.6342981642e-51	5.4349983102e-19	1.3584153484e-15	4.6632654098e-36	3.1458995992e-47
1.2430146500e-03	2.9641474669e+02	6.0261734606e+16	3.0373351637e+16	2.0924194121e+00	3.2923597367e-172	4.0964618909e-35	1.7714751788e-02	1.3896008172e-83	1.0730773355e-81	7.6140444368e-57	3.3858496255e-53	1.5080880735e-55	3.9909665807e-52	1.3242725810e-27	3.9901073013e-41	2.3363347641e-07	3.5853790040e-06	6.3993383257e-05	4.3213241283e-66	3.7526241698e-06	4.5796041953e-45	0.0000000000e+00	9.4268295928e-155	1.9731782721e-82	1.1879814019e-84	3.5340825144e-103	1.5018856389e-122	1.3544131654e-129	9.8175233534e-82	1.6994006553e-84	8.9261115525e-51	2.2702733603e-131	3.9114759000e-124	3.2923597367e-172	1.6028575962e-151	9.4284486751e-73	2.0093748860e-70	3.2923597367e-172	3.2923597367e-172	5.4600218438e-150	9.5573421164e-166	8.3115731528e-128	6.9699086379e-143	5.2959550103e-113	1.9835273876e-156	2.8310147800e-101	3.9918309722e-107	4.2312396437e-74	1.2257818054e-157	8.8394423728e-147	3.2923597367e-172	3.2923597367e-172	3.2923597367e-172	3.2923597367e-172	3.2923597367e-172	3.2923597367e-172	3.2923597367e-172	3.2923597367e-172	3.2923597367e-172	1.2897564833e-66	5.4987902140e-68	7.8989958162e-83	9.1402085446e-121	4.8410982566e-48	1.3388568827e-89	9.7994641809e-01	3.5151932633e-41	1.9262541992e-54	1.8347296885e-03	9.6327972937e-05	1.4349775943e-42	9.4499529696e-62	1.5549165142e-98	9.0114052202e-153	9.1669020055e-09	4.8706820665e-70	9.8065877552e-163	3.2923597367e-172	3.2923597367e-172	7.3058272353e-84	1.8450645827e-155	2.7743256857e-56	1.2256227834e-60	5.0191817071e-73	2.4870790517e-103	2.5515317766e-83	1.1626938796e-97	1.0253055424e-104	3.2923597367e-172	3.2923597367e-172	3.2923597367e-172	3.2923597367e-172	3.2923597367e-172	3.2923597367e-172	3.2923597367e-172	3.2923597367e-172	3.2923597367e-172	3.2923597367e-172	3.2923597367e-172	3.2923597367e-172	3.2923597367e-172	3.2923597367e-172	8.2718010554e-163	5.8736090838e-136	2.7295844931e-81	3.2923597367e-172	3.2923597367e-172	3.2923597367e-172	2.5644086520e-135	3.6505914784e-163	8.8394423728e-147	3.0072520162e-162	4.0020173709e-68	3.2923597367e-172	3.2923597367e-172	3.2923597367e-172	3.2923597367e-172	3.7855315620e-70	4.3329131918e-154	1.7761626885e-131	3.2923597367e-172	3.2923597367e-172	3.2923597367e-172	4.1350706184e-23	1.5347409157e-07	1.7796519362e-08	8.9353236496e-58	3.2923597367e-172	1.8286894639e-60	3.2923597367e-172	9.8851007093e-37	5.7506970328e-144	1.0002115508e-16	3.2124403430e-07	6.3423398086e-56	3.0809887691e-149	1.1135571823e-129	8.3389136142e-103	1.1288860306e-72	1.1294129613e-16	4.9949951564e-08	4.9226669649e-22	4.0786949532e-32	5.8902682214e-05	3.1987228084e-47	4.3727744379e-41	6.2286818545e-46	1.4394453709e-71	2.9237688805e-77	4.8728863783e-104	2.8713154875e-108	3.0522759184e-29	3.6404415698e-31	6.2134823845e-05	1.6472941001e-44	4.1805460043e-15	2.9285383066e-61	4.3733753557e-77	5.2690833844e-05	2.7706946966e-115	1.3544131654e-129	1.6482423600e-120	7.2506706272e-86	1.3689477069e-55	3.1984559262e-44	1.7214464156e-53	2.7960835764e-87	2.1816500782e-46	6.0058086451e-55	1.5474539062e-81	4.2388379318e-68	2.5236447698e-89	1.3145924261e-68	2.2755826696e-60	7.9410404282e-19	3.8711287796e-82	8.7098092972e-96	1.4068399736e-36	2.1399332033e-48	1.2671138679e-35	5.8912278310e-45	1.2169862259e-46	7.5777356139e-64	1.1571550452e-25	5.1574505358e-07	4.6421684724e-18	1.3647452939e-22	4.8772669731e-44	8.5808750728e-40	2.1045915437e-42	1.3248303429e-57	1.9575390552e-47	7.4538851858e-41	1.6421446232e-52	1.1282474203e-47	2.1699886577e-59	1.1446041233e-20	4.6421684724e-18	4.7648403663e-41	4.9232256040e-53
8.4050694600e-04	2.7541645733e+02	4.3854747358e+16	2.2103838363e+16	2.0924194454e+00	4.5241011248e-172	5.8831164673e-38	1.7714752071e-02	2.7222180429e-90	4.0437737850e-88	3.3508293680e-61	1.0598636385e-58	1.1302259169e-59	4.3558856765e-56	2.6162501718e-29	6.5650834462e-44	2.3363348022e-07	3.5853790642e-06	6.3993384278e-05	9.6300259411e-71	3.7526242296e-06	1.3493704399e-48	0.0000000000e+00	4.2593567861e-153	4.5510714593e-75	3.6609266356e-77	2.5734142435e-97	3.3600489568e-118	9.2225734778e-126	6.2427479254e-74	5.8533016881e-77	2.3580566246e-40	5.0065961196e-128	6.4593892610e-120	4.5241011248e-172	1.5475598605e-149	9.5024430372e-65	7.2406240437e-62	4.5241011248e-172	4.5241011248e-172	7.2496269349e-134	1.1358476695e-150	1.6919315389e-109	1.5030231772e-125	4.9131568996e-93	5.8831491568e-140	8.9180367516e-95	4.8482995476e-101	3.1430793594e-65	1.1923513683e-141	3.5729418212e-130	2.2836290495e-168	4.5241011248e-172	3.7828648198e-159	4.5241011248e-172	4.5241011248e-172	4.5241011248e-172	4.5241011248e-172	4.5241011248e-172	4.5241011248e-172	7.4184833871e-72	4.7536950562e-73	1.0266585947e-88	3.7274667125e-129	1.0517547360e-51	3.5817495975e-96	9.7994640979e-01	2.9844951307e-44	2.3858032616e-58	1.8347297177e-03	9.6343929641e-05	4.4132594811e-45	1.3915499705e-66	7.5517700754e-106	7.8830370995e-164	1.1893186371e-09	2.8584384934e-75	4.5241011248e-172	4.5241011248e-172	4.5241011248e-172	3.4593733355e-90	6.1389579417e-167	1.2219784784e-60	8.3267272191e-65	6.0962559227e-64	7.7137199577e-97	1.5545576528e-75	9.0775075214e-91	7.4047018672e-99	4.5241011248e-172	4.5241011248e-172	4.5241011248e-172	4.5241011248e-172	1.3024092305e-143	4.5241011248e-172	4.5241011248e-172	4.5241011248e-172	4.5241011248e-172	4.5241011248e-172	4.5241011248e-172	4.5241011248e-172	4.5241011248e-172	4.5241011248e-172	1.3008238926e-147	2.2197306546e-118	5.1482576232e-73	4.5241011248e-172	1.5557206378e-157	4.5241011248e-172	2.5593249102e-117	3.8938943294e-147	3.5729418212e-130	1.4456768389e-146	8.5221152736e-73	4.5241011248e-172	4.5241011248e-172	4.5241011248e-172	4.5241011248e-172	2.9810599106e-75	3.0658056892e-151	1.0998562399e-126	4.5241011248e-172	4.5241011248e-172	4.5241011248e-172	1.2464115924e-24	1.5347409402e-07	1.7796519646e-08	5.4671535900e-62	4.5241011248e-172	7.8026182451e-65	6.9932027698e-169	4.6183596818e-39	3.3324986750e-141	7.0479377469e-18	3.2124403952e-07	2.1438555529e-59	1.3106286563e-146	2.5681078930e-125	3.8693542680e-96	2.1516074376e-63	3.0070716164e-17	4.9949952361e-08	3.1288737960e-23	3.1826789558e-34	5.8902683154e-05	1.2262273864e-50	1.0661380660e-43	8.3065717525e-49	4.2513598976e-76	4.0962732651e-69	2.7287715783e-98	1.1675912207e-102	2.4486190870e-31	5.0762640612e-33	6.2134824836e-05	1.2547649902e-47	1.2233986332e-15	7.8756259646e-66	1.5160778739e-82	5.2690834684e-05	2.9828595222e-124	9.2225734778e-126	2.6164062000e-130	3.2206922463e-78	8.1417563953e-60	8.0436768937e-47	3.0470513566e-56	1.1495772595e-90	1.5565615932e-49	1.8111761968e-58	1.0228386647e-86	1.5995268996e-71	1.0027575402e-81	3.4479324552e-59	2.1075783781e-66	5.0231773509e-21	1.8613791209e-90	6.4463939576e-105	7.4207516965e-41	2.3075463064e-53	2.1335231055e-39	1.3045539687e-49	4.1380498584e-51	2.5680437451e-69	3.9515012734e-28	5.1574506182e-07	3.9731561744e-20	1.2991140778e-24	2.1700335648e-48	1.2682192375e-43	4.5161429391e-48	3.0093719389e-66	4.8693400423e-53	1.8717144500e-45	2.5474837154e-58	3.2137482671e-53	3.2290523503e-66	4.3180076871e-22	3.9731561744e-20	3.1559125862e-45	6.7294767003e-58
5.6833757100e-04	2.6062095420e+02	3.1337347346e+16	1.5794770257e+16	2.0924194493e+00	6.3312095315e-172	3.2327097391e-40	1.7714752103e-02	1.3043204343e-95	3.1326885738e-93	1.1767761072e-64	4.6112998368e-63	5.5824421148e-63	2.8996694121e-59	1.1273691130e-30	4.0235114567e-46	2.3363348066e-07	3.5853790715e-06	6.3993384395e-05	1.8794816738e-74	3.7526242365e-06	1.9693477939e-51	0.0000000000e+00	9.3955466670e-152	3.9388909630e-69	4.0033823304e-71	1.3357667252e-92	1.0252959716e-114	1.0843228399e-122	1.1134288398e-67	6.1259869093e-71	4.8303812630e-32	2.7175629632e-125	1.7641057562e-116	6.3312095315e-172	7.1787664181e-148	2.6764888822e-58	5.6668407434e-55	6.3312095315e-172	6.3312095315e-172	6.0092723051e-121	1.2998751126e-138	7.2252024722e-95	1.0184237646e-111	4.1075612245e-77	8.4749433760e-127	1.3749231438e-89	3.4808996406e-96	3.6847855874e-58	7.3802268602e-129	7.2360702176e-117	2.0867370872e-157	6.3312095315e-172	9.8796764863e-148	6.3312095315e-172	6.3312095315e-172	6.3312095315e-172	6.3312095315e-172	6.3312095315e-172	6.3312095315e-172	5.1168812259e-76	4.5442705882e-77	2.1559669639e-93	7.7238608298e-136	1.2746611160e-54	2.0221815077e-101	9.7994640884e-01	1.0791622287e-46	1.9247929799e-61	1.8347297211e-03	9.6345756935e-05	4.2903082421e-47	2.1290832287e-70	1.1865436433e-111	6.3312095315e-172	2.7575988361e-10	2.1900826747e-79	6.3312095315e-172	6.3312095315e-172	6.3312095315e-172	3.2215246533e-95	6.3312095315e-172	4.5031719876e-64	3.9798182911e-68	1.0608795540e-56	1.1728588795e-91	2.6795642080e-69	2.8948406056e-85	3.8194147964e-94	6.3312095315e-172	2.0793900734e-160	3.5174515943e-159	5.0648735577e-155	5.9407521998e-120	6.3312095315e-172	6.3312095315e-172	6.3312095315e-172	6.3312095315e-172	6.3312095315e-172	6.3312095315e-172	6.3312095315e-172	6.3312095315e-172	8.1818295378e-163	2.0443180801e-135	2.6945490315e-104	2.1984140443e-66	6.3312095315e-172	4.8434866409e-135	9.2568574662e-165	6.1934884535e-103	2.3842716120e-134	7.2360702176e-117	5.0808005399e-134	1.5394098798e-76	6.3312095315e-172	6.3312095315e-172	6.3312095315e-172	2.2795501246e-164	2.6439486328e-79	5.6309798960e-149	6.9793394834e-123	6.3312095315e-172	6.3312095315e-172	5.9713334946e-159	7.5098598800e-26	1.5347409430e-07	1.7796519679e-08	1.9085859353e-65	6.3312095315e-172	2.6052952277e-68	1.2898706079e-157	6.5649924696e-41	5.5233623425e-139	8.8169898383e-19	3.2124404011e-07	3.5489059026e-62	1.7454078602e-144	8.0356202400e-122	8.1379183456e-91	5.3695391121e-56	9.9968198616e-18	4.9949952452e-08	3.2986130349e-24	7.1048501879e-36	5.8902683262e-05	2.4449699540e-53	9.3803183243e-46	4.5136793972e-51	1.0911423162e-79	1.5062419218e-62	1.1978930176e-93	3.8013292596e-98	5.3557620269e-33	1.7300496844e-34	6.2134824950e-05	3.8115259827e-50	4.3858211958e-16	1.6882274624e-69	6.3177197124e-87	5.2690834781e-05	2.1121881506e-131	1.0843228399e-122	4.1996368093e-138	4.7243080483e-72	3.8151583510e-63	7.2804551910e-49	2.0912971310e-58	2.5230951981e-93	4.8916014385e-52	2.8664995446e-61	7.5979498420e-91	2.9239195650e-74	1.1778300214e-75	1.1134492097e-51	3.4510908459e-71	8.5518003305e-23	4.6575820605e-97	3.6313743802e-112	3.2349723185e-44	2.5919193493e-57	2.0765672817e-42	2.7261842253e-53	1.2215292177e-54	1.2010479766e-73	4.1142610362e-30	5.1574506276e-07	9.4388525646e-22	3.3696210054e-26	7.5937561803e-52	1.1133938195e-46	1.4956626771e-52	4.3997429342e-73	1.6674285739e-57	3.7593861927e-49	5.7037428366e-63	1.4583754279e-57	1.2089571804e-71	3.1152367641e-23	9.4388525646e-22	1.6550743809e-48	1.0033440237e-61
3.8430092300e-04	2.5032510347e+02	2.2059402469e+16	1.1119449841e+16	2.0904078993e+00	8.9932506937e-172	6.3066958511e-42	1.7713708724e-02	1.2742769925e-99	4.2117355070e-97	8.9932506937e-172	2.4226852175e-66	1.6413299183e-65	1.0700386025e-61	1.0154853027e-31	8.5334104740e-48	2.3361971992e-07	3.5851678969e-06	6.3989615256e-05	2.8482176065e-77	3.7524032111e-06	1.3182066196e-53	0.0000000000e+00	1.0513857825e-150	1.5223221580e-64	1.8520186666e-66	5.7011719680e-89	4.7643510148e-112	2.4271676067e-120	6.7859378348e-63	2.3676531420e-66	1.0092968135e-25	3.8916407237e-123	8.7124573868e-114	8.9932506937e-172	1.6443068658e-146	2.5506975032e-53	1.1812955118e-49	8.9932506937e-172	8.9932506937e-172	4.6592050173e-111	2.1059906300e-129	1.0378943596e-83	3.4078655843e-101	5.2243027695e-65	9.0839748470e-117	1.2271239671e-85	1.7298723874e-92	8.6195380762e-53	4.3611182030e-119	1.1124145092e-106	5.3903127786e-149	8.9932506937e-172	6.6090243801e-139	1.0020281466e-171	8.9932506937e-172	8.9932506937e-172	8.9932506937e-172	8.9932506937e-172	8.9932506937e-172	3.6740300658e-79	4.1883146111e-80	6.2346458408e-97	6.5071264338e-141	7.8239925260e-57	2.0346429173e-105	9.7994758981e-01	1.5304571616e-48	9.0802073829e-64	1.8346216575e-03	9.6340415093e-05	1.2365302907e-48	2.9523380173e-73	4.9422829122e-116	8.9932506937e-172	1.0933610067e-10	1.8788061463e-82	8.9932506937e-172	8.9932506937e-172	8.9932506937e-172	4.9888183047e-99	8.9932506937e-172	1.2247301981e-66	1.1987506672e-70	3.3596883589e-51	1.0349969650e-87	1.5910921033e-64	4.5058009410e-81	1.6226351486e-90	8.9932506937e-172	1.6688400911e-144	3.8658560391e-143	1.2256018941e-138	5.7502387115e-102	8.9932506937e-172	8.9932506937e-172	8.9932506937e-172	8.9932506937e-172	8.9932506937e-172	1.1855127400e-168	1.0049949826e-152	8.9932506937e-172	6.0811463035e-139	4.6652832917e-126	1.6315596878e-93	2.6161305205e-61	8.9932506937e-172	6.6122095311e-118	1.9789965906e-156	5.7689910209e-92	1.2699662927e-124	1.1124145092e-106	1.9451604699e-124	2.0973774275e-79	8.9932506937e-172	8.9932506937e-172	8.9932506937e-172	1.3132388741e-148	2.3008449781e-82	2.8999653509e-147	5.1641350410e-120	8.9932506937e-172	8.9932506937e-172	5.3817289531e-143	8.7281255582e-27	1.5346505485e-07	1.7795471483e-08	3.8766410079e-68	8.9932506937e-172	6.0120217181e-71	5.4772839698e-149	2.6593196945e-42	2.7837445169e-137	1.8877048779e-19	3.2122511920e-07	2.6361785850e-64	7.7401686456e-143	3.8073179209e-119	9.2135956191e-87	2.2402504245e-50	4.1045228862e-18	4.9947010456e-08	5.6201449574e-25	8.9932506937e-172	1.8062362983e-109	7.0678897348e-160	8.4567464362e-152	8.9932506937e-172	8.9932506937e-172	5.4049431370e-162	8.9932506937e-172	8.9932506937e-172	9.2405817348e-139	8.9932506937e-172	6.2131165278e-05	4.2939504339e-52	1.9075552192e-16	2.6019622417e-72	2.7840391477e-90	5.2687731349e-05	7.7982378583e-137	2.4271676067e-120	5.2416808874e-144	8.9932506937e-172	3.8235625376e-170	8.9932506937e-172	8.9932506937e-172	8.9932506937e-172	1.9093227451e-158	6.6312235324e-168	8.9932506937e-172	8.9932506937e-172	8.9932506937e-172	1.7371348280e-150	8.5742274101e-75	3.7542005626e-24	4.9258582546e-102	1.2317763048e-117	1.0405917363e-46	2.6830914611e-60	1.0701691483e-44	4.7655428802e-56	2.7837432540e-57	6.6968439767e-77	1.2406873974e-31	5.1571468595e-07	5.9007487810e-23	2.2557878669e-27	1.8766158998e-54	5.3044472501e-49	6.6495695631e-56	3.3608412926e-78	6.9107380464e-61	5.4897427361e-52	1.6242503699e-66	9.0981190744e-61	9.6607630799e-76	4.1566965511e-24	5.9007487810e-23	6.1394257606e-51	1.4259356238e-64
2.5985823700e-04	2.4322377308e+02	1.5351725192e+16	7.7383210390e+15	2.0904078995e+00	1.2922699833e-171	3.6199227605e-43	1.7713708726e-02	1.6202726845e-102	6.4340361812e-100	1.2922699833e-171	1.0643213141e-68	2.2084134698e-67	1.7018611746e-63	1.7146314738e-32	5.2101390567e-49	2.3361971994e-07	3.5851678973e-06	6.3989615262e-05	2.4741069570e-79	3.7524032114e-06	3.2467757517e-55	0.0000000000e+00	6.5950684863e-150	4.1480482419e-61	5.7659004353e-63	2.8922424173e-86	4.4549632311e-110	1.3226904993e-118	2.3301295084e-59	5.5127542501e-63	4.2533125551e-21	1.7837953734e-121	9.9756047361e-112	1.2922699833e-171	2.0514490156e-145	1.3535873371e-49	1.1180661025e-45	1.2922699833e-171	1.8282607346e-170	9.4744651103e-104	1.2769846047e-122	1.6423711372e-75	1.7443011182e-93	3.7320493511e-56	2.1108140631e-109	9.6753337315e-83	8.8460373927e-90	7.2027891443e-49	6.8871566023e-112	3.7528133972e-99	9.3545545314e-143	1.2922699833e-171	2.7147753008e-132	3.3462969211e-166	1.2922699833e-171	1.9205310664e-164	1.2922699833e-171	1.2922699833e-171	1.2922699833e-171	1.9373524757e-81	2.6559994851e-82	1.6796811425e-99	1.2850728058e-144	1.9116674250e-58	2.3819695750e-108	9.7994758977e-01	6.9458688363e-50	1.9246221163e-65	1.8346216577e-03	9.6340497639e-05	8.9963286523e-50	2.6680868240e-75	3.3490412238e-119	1.2922699833e-171	6.8066745197e-11	1.2552440407e-84	1.2922699833e-171	1.2922699833e-171	1.2922699833e-171	8.4627799076e-102	1.2922699833e-171	1.8214725164e-68	1.7311706322e-72	3.5127908325e-47	8.0897023561e-85	5.3594283976e-61	5.3577518865e-78	8.2043716224e-88	1.2922699833e-171	8.5164528115e-133	2.3616941705e-131	1.2083960055e-126	8.2175730916e-89	1.2922699833e-171	1.2922699833e-171	1.2922699833e-171	1.2922699833e-171	1.2922699833e-171	2.7690566832e-152	9.3041157406e-136	2.1736114921e-159	1.7511544100e-121	4.0524138750e-119	1.5158957938e-85	1.4735175410e-57	2.2818304324e-161	2.4670085999e-105	2.6851384309e-150	6.6337154043e-84	1.6737571242e-117	3.7528133972e-99	2.2279651240e-117	1.5992457437e-81	6.7305286243e-167	1.2922699833e-171	1.2922699833e-171	5.8258058380e-137	1.3984133103e-84	5.0641619352e-146	6.1376251322e-118	1.2922699833e-171	1.2922699833e-171	2.9930941719e-131	1.7775359718e-27	1.5346505486e-07	1.7795471485e-08	3.7565045950e-70	1.2922699833e-171	7.1609794648e-73	1.3078218224e-142	2.6234599163e-43	5.0646798303e-136	6.3732491604e-20	3.2122511922e-07	7.0396981549e-66	1.3436583510e-141	3.6121460721e-117	8.6613157891e-84	2.8711703611e-46	2.0190201484e-18	4.9947010460e-08	1.4429996522e-25	1.2922699833e-171	1.9639997313e-107	2.7162576745e-159	7.5363308838e-151	1.2922699833e-171	1.2922699833e-171	3.6317503410e-156	1.2922699833e-171	1.2922699833e-171	1.2626439045e-137	1.2922699833e-171	6.2131165283e-05	1.4803887847e-53	9.7908975249e-17	2.1648719338e-74	9.1914523610e-93	5.2687731354e-05	8.3571835756e-141	1.3226904993e-118	2.6603853504e-148	1.2922699833e-171	7.0812715279e-170	1.2922699833e-171	1.2922699833e-171	1.2922699833e-171	8.6952346513e-158	2.0537867571e-167	1.2922699833e-171	1.2922699833e-171	4.1235663133e-170	2.8044263833e-144	2.1649486334e-77	3.7120255624e-25	1.2690990129e-105	1.3726806320e-121	1.8377419761e-48	1.8469794206e-62	2.2897902707e-46	5.0923690955e-58	3.6200901045e-59	3.0811653996e-79	9.2987831653e-33	5.1571468599e-07	8.4202088621e-24	3.3881200569e-28	2.4577512482e-56	1.0711647271e-50	2.7122001716e-58	7.5187167279e-82	2.4112936033e-63	4.3793779746e-54	4.0722192539e-69	5.2957789546e-63	1.0524049899e-78	9.3755354774e-25	8.4202088621e-24	1.2053323979e-52	1.3802231713e-66
1.7571205100e-04	2.3835617263e+02	1.0592582767e+16	5.3393872714e+15	2.0904078995e+00	1.8728740756e-171	4.8892773300e-44	1.7713708726e-02	1.5748559921e-104	6.7515342494e-102	1.8728740756e-171	2.5216652409e-70	9.9331621384e-69	8.6317430875e-65	4.7657639370e-33	7.3570138592e-50	2.3361971995e-07	3.5851678974e-06	6.3989615263e-05	8.5834880676e-81	3.7524032115e-06	2.2531619520e-56	0.0000000000e+00	2.6130674834e-149	1.3766664150e-58	2.1066418642e-60	2.7072521597e-84	1.1679266458e-108	2.3507955755e-117	8.1725706354e-57	1.3833201664e-60	8.1169106297e-18	3.3055829593e-120	3.5738857289e-110	1.8728740756e-171	1.5755089134e-144	7.2573015620e-47	9.0918607902e-43	1.8728740756e-171	1.3451012105e-166	1.7264994419e-98	9.2106309707e-118	1.1726274182e-69	5.2295120819e-88	7.0588624973e-50	3.7871776196e-104	1.1136536653e-80	7.4542769344e-88	4.2891094097e-46	9.8986473443e-107	9.8466497737e-94	3.0649536268e-138	1.8728740756e-171	1.9544134191e-127	3.5407692082e-162	1.8728740756e-171	1.3925582862e-156	1.8728740756e-171	1.8728740756e-171	1.8728740756e-171	4.9613773081e-83	7.7674242160e-84	2.6531426554e-101	3.0938268734e-147	1.3965589635e-59	1.9527872917e-110	9.7994758976e-01	7.9254642955e-51	1.3416327249e-66	1.8346216577e-03	9.6340512942e-05	1.3640696515e-50	1.0643401418e-76	2.0697988153e-121	1.8728740756e-171	6.0416071070e-11	4.2592732448e-86	1.8728740756e-171	1.8728740756e-171	1.8728740756e-171	9.5769381340e-104	1.8728740756e-171	1.0401925229e-69	8.6622328713e-74	2.4583099169e-44	9.2516558779e-83	1.8539368952e-58	8.2884311531e-76	7.6615422896e-86	1.8728740756e-171	2.0400882298e-124	6.0918835919e-123	3.9376705747e-118	1.7360245615e-79	1.8728740756e-171	1.8728740756e-171	1.8728740756e-171	1.3362920316e-169	1.8728740756e-171	1.3439776564e-140	1.0893454832e-123	8.4250294696e-148	4.1549100206e-109	4.2333108544e-114	8.2474162822e-80	7.3808203538e-55	1.3292461777e-153	2.2145752432e-96	6.5904443532e-146	3.7653416952e-78	1.8908017063e-112	9.8466497737e-94	2.5406226576e-112	4.7802764191e-83	3.8132567857e-159	1.8728740756e-171	1.8728740756e-171	1.4098217740e-128	3.9664893929e-86	3.7532842066e-145	1.7120372049e-116	1.8728740756e-171	1.8728740756e-171	7.6289606826e-123	5.6517077764e-28	1.5346505486e-07	1.7795471485e-08	1.2812046799e-71	9.7921337773e-170	3.1261395353e-74	5.1113672187e-138	5.2369976742e-44	4.0967922024e-135	3.0843216192e-20	3.2122511923e-07	5.1872342590e-67	1.1079036741e-140	9.5695604944e-116	1.1315250616e-81	2.3262098428e-43	1.1465848288e-18	4.9947010461e-08	5.1315463600e-26	1.8728740756e-171	5.7394928602e-106	7.9943188926e-159	4.0644686254e-150	1.8728740756e-171	1.8728740756e-171	6.3510415644e-152	1.8728740756e-171	1.8728740756e-171	8.7642206222e-137	1.8728740756e-171	6.2131165284e-05	1.2404195978e-54	5.7328346707e-17	6.8781727262e-76	1.5019605668e-94	5.2687731355e-05	1.2949131747e-143	2.3507955755e-117	2.5464303322e-151	1.8728740756e-171	1.3028703935e-169	1.8728740756e-171	1.8728740756e-171	1.8728740756e-171	2.7359928016e-157	4.8985290023e-167	1.8728740756e-171	1.8728740756e-171	3.1701539592e-166	7.3834478051e-140	3.4422393397e-79	7.0064489544e-26	4.1218293188e-108	2.4414081249e-124	1.2529225656e-49	5.7208241624e-64	1.5180500582e-47	2.2882590092e-59	1.8739594143e-60	7.5546244984e-81	1.4380322069e-33	5.1571468600e-07	2.3132281520e-24	9.6601459165e-29	1.2095501346e-57	6.8120461037e-52	6.4297522860e-60	2.4589506896e-84	4.5734029595e-65	1.3487973160e-55	5.7573905188e-71	1.8125579421e-64	9.1274716332e-81	3.2084634077e-25	2.3132281520e-24	8.8701936118e-54	6.1103616279e-68
1.1881372400e-04	2.3503403994e+02	7.2637780220e+15	3.6614416679e+15	2.0904078995e+00	2.7311646360e-171	1.2595254221e-44	1.7713708726e-02	7.0989204732e-106	3.0321152426e-103	2.7311646360e-171	2.1313066507e-71	1.1110090391e-69	1.0507917274e-65	1.9295082113e-33	1.9556684493e-50	2.3361971994e-07	3.5851678974e-06	6.3989615261e-05	8.4668506253e-82	3.7524032114e-06	3.4206831670e-57	0.0000000000e+00	7.3189090000e-149	9.3207413733e-57	1.5265907081e-58	7.0761416875e-83	1.1728451477e-107	1.7939112986e-116	5.1247927336e-55	6.4638774767e-59	1.5000474524e-15	3.0897512209e-119	5.3218442845e-109	2.7311646360e-171	8.3771766762e-144	6.8940724474e-45	1.1590876284e-40	2.7311646360e-171	7.6685304588e-164	8.9630223140e-95	2.3450020224e-114	1.4224606449e-65	3.2444061236e-84	1.5180078938e-45	1.7318728761e-100	3.0012004047e-79	1.6116414797e-86	3.4823141497e-44	4.1019932634e-103	6.6133563456e-90	5.0180673935e-135	2.7311646360e-171	6.6374257282e-124	2.7653222605e-159	2.7311646360e-171	5.5658852592e-151	2.7311646360e-171	2.7311646360e-171	2.7311646360e-171	4.1849114358e-84	7.1956491310e-85	1.5909725532e-102	4.9134338984e-149	2.3311455042e-60	6.9539199619e-112	9.7994758977e-01	1.8127494731e-51	2.2953872670e-67	1.8346216577e-03	9.6340493812e-05	3.5997051258e-51	1.3007534421e-77	6.7771393216e-123	2.7311646360e-171	6.9980226764e-11	4.9197765121e-87	2.7311646360e-171	2.7311646360e-171	2.7311646360e-171	4.5368323158e-105	2.7311646360e-171	1.6379751724e-70	1.1068136280e-74	2.2370847705e-42	2.4817245447e-81	1.1512667320e-56	2.7522334151e-74	1.9992608111e-84	2.7311646360e-171	1.5044967927e-118	4.4677132900e-117	3.0345086590e-112	4.7275551039e-73	2.7311646360e-171	2.7311646360e-171	2.7311646360e-171	8.0430361270e-162	2.7311646360e-171	1.9111840716e-132	2.5704991592e-115	8.5969300088e-140	1.4386235324e-100	1.5721204737e-110	9.2712948405e-76	5.9532541624e-53	3.8270469982e-148	3.6985780056e-90	7.8355965167e-143	3.8850241298e-74	5.8894348325e-109	6.6133563456e-90	8.9398420568e-109	4.0065906853e-84	1.2803479328e-153	2.7311646360e-171	2.7311646360e-171	1.1755262195e-122	3.5959970833e-87	1.4575615952e-144	1.6004248933e-115	2.7311646360e-171	2.7311646360e-171	5.8786411523e-117	2.5156188459e-28	1.5346505486e-07	1.7795471485e-08	1.1292342153e-72	5.1476557530e-167	3.6314746130e-75	8.9557568540e-135	1.7784547987e-44	1.7952661776e-134	1.9575813149e-20	3.2122511922e-07	8.2225269240e-68	5.2072988657e-140	9.6814397617e-115	3.3347167660e-80	2.3474713975e-41	7.2582367152e-19	4.9947010460e-08	2.3339316407e-26	2.7311646360e-171	6.2230458181e-105	1.9228982240e-158	1.4996556797e-149	2.7311646360e-171	2.7311646360e-171	7.0699356268e-149	2.7311646360e-171	2.7311646360e-171	3.6478401431e-136	2.7311646360e-171	6.2131165283e-05	2.0322831918e-55	3.7082494382e-17	6.0138541942e-77	8.2126805110e-96	5.2687731354e-05	1.5060169047e-145	1.7939112986e-116	2.2338335828e-153	2.7311646360e-171	2.3830509457e-169	2.7311646360e-171	2.7311646360e-171	2.7311646360e-171	6.5119849263e-157	9.5891759120e-167	2.7311646360e-171	2.7311646360e-171	1.6606390454e-163	8.7085498292e-137	2.1949273678e-80	2.1564754732e-26	9.0663401806e-110	3.5116367087e-126	2.3668695011e-50	5.5150523375e-65	2.3643964975e-48	3.0396715640e-60	2.7511460611e-61	6.5446698449e-82	3.8452350864e-34	5.1571468599e-07	1.0419500954e-24	4.4674180492e-29	1.6171128726e-58	1.0302782436e-52	5.7563780959e-61	6.0945954631e-86	3.1161944206e-66	1.1532848630e-56	3.0082555377e-72	2.3612968838e-65	3.7916963275e-82	1.5042723225e-25	1.0419500954e-24	1.7687314654e-54	8.5132801256e-69
8.0339970500e-05	2.3277340357e+02	4.9593531191e+15	2.4998536715e+15	2.0904078993e+00	4.0002341393e-171	5.1948074378e-45	1.7713708725e-02	9.7887707702e-107	3.9294243118e-104	4.0002341393e-171	4.5527927840e-72	2.4143419253e-70	2.4221770088e-66	1.0276393480e-33	8.2442915601e-51	2.3361971993e-07	3.5851678972e-06	6.3989615258e-05	1.7889263198e-82	3.7524032112e-06	9.1939234004e-58	0.0000000000e+00	1.5918370973e-148	1.9798649093e-55	3.4000412167e-57	7.2965774381e-82	5.8515390423e-107	7.3916457754e-116	9.1615923620e-54	8.8710202746e-58	5.0560599764e-14	1.7527590527e-118	4.1764064654e-108	4.0002341393e-171	3.4044811554e-143	1.8540691275e-43	3.8263921735e-39	4.0002341393e-171	6.7736868347e-162	3.4767368025e-92	5.2166736904e-112	8.8489220558e-63	1.1919803437e-81	1.2495211949e-42	5.4591941134e-98	2.8069591562e-78	1.2927736473e-85	6.6172722341e-43	1.2814509779e-100	3.0696258594e-87	9.2446628408e-133	4.0002341393e-171	2.4304714719e-121	3.2284548093e-157	4.0002341393e-171	5.0165025642e-147	4.0002341393e-171	4.0002341393e-171	4.0002341393e-171	8.4148642330e-85	1.5445097344e-85	2.5222426426e-103	3.0863386789e-150	7.1063059155e-61	7.2241701263e-113	9.7994758980e-01	6.8825753736e-52	7.5547581367e-68	1.8346216576e-03	9.6340437071e-05	1.4227755061e-51	3.5940372296e-78	7.4794189372e-124	4.0002341393e-171	9.8348198201e-11	1.3870764337e-87	4.0002341393e-171	4.0002341393e-171	4.0002341393e-171	6.1023758662e-106	4.0002341393e-171	5.4002430399e-71	2.8007954762e-75	4.6028439156e-41	2.3135394909e-80	2.0441815205e-55	2.9770934250e-73	2.0591963015e-83	4.0002341393e-171	1.6377032859e-114	4.5647447971e-113	2.8494655206e-108	1.0080473571e-68	4.0002341393e-171	4.0002341393e-171	4.0002341393e-171	1.8809265731e-156	6.3700478661e-168	7.2235794136e-127	1.2276608887e-109	2.1574158469e-134	7.9694438387e-95	5.1251075296e-108	6.1612583347e-73	1.2683514445e-51	2.2959612147e-144	6.3179584360e-86	1.0253464161e-140	2.1592578896e-71	1.3389269741e-106	3.0696258594e-87	2.4918487964e-106	7.1212571382e-85	1.0219938771e-149	4.0002341393e-171	1.1622946894e-170	1.5699899542e-118	7.6033180475e-88	3.5344390898e-144	6.7446884215e-115	8.7522938400e-166	4.0002341393e-171	6.5981695291e-113	1.4310922882e-28	1.5346505485e-07	1.7795471484e-08	1.9787695568e-73	4.0510011311e-165	8.6038988097e-76	1.6306881764e-132	8.8940699233e-45	5.0289454136e-134	1.5136042101e-20	3.2122511920e-07	2.2783584606e-68	1.6245141344e-139	4.8553103961e-114	3.3195108632e-79	5.1907010397e-40	4.9736246575e-19	4.9947010457e-08	1.2702108403e-26	4.0002341393e-171	3.2751934255e-104	3.9916595332e-158	4.1944964758e-149	4.0002341393e-171	4.0002341393e-171	1.0564030319e-146	4.0002341393e-171	4.0002341393e-171	1.0456303743e-135	4.0002341393e-171	6.2131165280e-05	5.4297741156e-56	2.5795287793e-17	1.1004225186e-77	1.0836576128e-96	5.2687731351e-05	7.6129785762e-147	7.3916457754e-116	9.8481391013e-155	4.0002341393e-171	4.3381794665e-169	4.0002341393e-171	4.0002341393e-171	4.0002341393e-171	1.2644543419e-156	1.6250657774e-166	4.0002341393e-171	4.0002341393e-171	1.2276913148e-161	1.0679455252e-134	3.8526632732e-81	9.4843321375e-27	8.0436673699e-111	2.3179457070e-127	9.3976942865e-51	1.2166830196e-65	6.8659565125e-49	8.8981909680e-61	8.6350290235e-62	1.4225973282e-82	1.5333100358e-34	5.1571468596e-07	6.7302394368e-25	2.9392635840e-29	4.4805401063e-59	2.9312081859e-53	1.3579989525e-61	6.6152176449e-87	5.3966027277e-67	2.0774313443e-57	4.0794794420e-73	8.1489730632e-66	4.9365183564e-83	8.8730831373e-26	6.7302394368e-25	7.2926655652e-55	2.7347467071e-69
5.4324623800e-05	2.3123821000e+02	3.3757000470e+15	1.7015840483e+15	2.0904078991e+00	5.8768769077e-171	2.9951131251e-45	1.7713708722e-02	2.9911244866e-107	1.0826294692e-104	5.8768769077e-171	1.8816389659e-72	8.4182014815e-71	8.7961070504e-67	6.6526345687e-34	4.8255850123e-51	2.3361971990e-07	3.5851678968e-06	6.3989615250e-05	6.5002211053e-83	3.7524032108e-06	3.7116388467e-58	0.0000000000e+00	2.8916772358e-148	1.8424581143e-54	3.2693038090e-56	3.8804746395e-81	1.7744467623e-106	1.9641756655e-115	6.7039024265e-53	5.0903015213e-57	5.0765519554e-13	6.9671369501e-118	2.0769550636e-107	5.8768769077e-171	1.1422801900e-142	2.0305111764e-42	4.8274247890e-38	5.8768769077e-171	1.5865084789e-160	2.1280454083e-90	2.0472436620e-110	6.6461561032e-61	5.8578746755e-80	1.0085005098e-40	2.5645627433e-96	1.2361151024e-77	5.1204375313e-85	4.4734265642e-42	6.3573620331e-99	2.1266807295e-85	3.5963589437e-131	5.8768769077e-171	1.8224843006e-119	9.7410130495e-156	5.8768769077e-171	3.0402029509e-144	5.8768769077e-171	5.8768769077e-171	5.8768769077e-171	3.1397706532e-85	6.0285620213e-86	7.9870428359e-104	5.1584137042e-151	3.3256645014e-61	1.6081131757e-113	9.7994758986e-01	3.7479971112e-52	3.9607886881e-68	1.8346216574e-03	9.6340316645e-05	7.4969333540e-52	1.7744028955e-78	1.9598756807e-124	5.8768769077e-171	1.5855535990e-10	7.3786614385e-88	5.8768769077e-171	5.8768769077e-171	5.8768769077e-171	1.7250849635e-106	5.8768769077e-171	3.0119276767e-71	1.1526556271e-75	3.2872132165e-40	1.0165133217e-79	1.4888098969e-54	1.4494715516e-72	1.0942674619e-82	5.9388935703e-170	8.8692555963e-112	2.2270233842e-110	1.1616466740e-105	6.8121082997e-66	5.8768769077e-171	5.8768769077e-171	5.8768769077e-171	8.4624969108e-153	2.1198371495e-164	4.0094325565e-123	7.0933467091e-106	7.5244661164e-131	4.5183866066e-91	2.9564357607e-106	5.4685401277e-71	1.0475856155e-50	8.7578580357e-142	4.1362204159e-83	2.7897600819e-139	1.5004542569e-69	4.7247114377e-105	2.1266807295e-85	1.1426374054e-104	2.1613522962e-85	5.6955872977e-147	5.8768769077e-171	4.1097831286e-168	1.1055025104e-115	2.9370646285e-88	6.1303207070e-144	1.6123874524e-114	7.1440957156e-160	5.8768769077e-171	3.6497624821e-110	9.6952770459e-29	1.5346505483e-07	1.7795471482e-08	5.6304430496e-74	8.2472242233e-164	3.3844374826e-76	5.9236112100e-131	5.8580404310e-45	1.0241501540e-133	1.3467136803e-20	3.2122511916e-07	9.3949308273e-69	3.7853965516e-139	1.4776172915e-113	1.5261116533e-78	3.8959760034e-39	3.6060423840e-19	4.9947010451e-08	7.8554246342e-27	5.8768769077e-171	1.0304947877e-103	7.4605116335e-158	9.6312645428e-149	5.8768769077e-171	5.8768769077e-171	3.7789260641e-145	5.8768769077e-171	5.8768769077e-171	2.2982298355e-135	5.8768769077e-171	6.2131165272e-05	2.0548996588e-56	1.8897484520e-17	3.4069503891e-78	2.6773486620e-97	5.2687731344e-05	1.0951869548e-147	1.9641756655e-115	1.3698190842e-155	5.8768769077e-171	7.8691111245e-169	5.8768769077e-171	5.8768769077e-171	5.8768769077e-171	2.1239805169e-156	2.4851122661e-166	5.8768769077e-171	5.8768769077e-171	2.2523634727e-160	2.6149178164e-133	1.3903994737e-81	5.3790066901e-27	1.9258523022e-111	4.5256124204e-128	6.3307595395e-51	4.8389733131e-66	3.1068011659e-49	4.5711327033e-61	4.6546637847e-62	5.9511960042e-83	8.1275149323e-35	5.1571468590e-07	5.6189431285e-25	2.4853886159e-29	2.0855172629e-59	1.3077464634e-53	6.3857508697e-62	2.0547894423e-87	1.8158269304e-67	6.3620915655e-58	1.0911437283e-73	5.6255177836e-66	1.4494407557e-83	6.1634316649e-26	5.6189431285e-25	5.0423499339e-55	1.5917635092e-69
3.6733455800e-05	2.3019710405e+02	2.2929186828e+15	1.1557880740e+15	2.0904078986e+00	8.6521051958e-171	2.1833432769e-45	1.7713708718e-02	1.5954634774e-107	5.0581121999e-105	8.6521051958e-171	1.2345223951e-72	4.0872707002e-71	4.3914947649e-67	4.9373722809e-34	3.5542801328e-51	2.3361971984e-07	3.5851678959e-06	6.3989615235e-05	3.4525491057e-83	3.7524032099e-06	1.9924687246e-58	0.0000000000e+00	4.6305820189e-148	9.6193502281e-54	1.7456212983e-55	1.2980203530e-80	3.7970233781e-106	3.8391016183e-115	2.6244825775e-52	1.5861495385e-56	2.1831051310e-12	2.1586418234e-117	7.5036893913e-107	8.6521051958e-171	3.3507654571e-142	1.1853443035e-41	3.1052092420e-37	8.6521051958e-171	1.4667580581e-159	3.5749028853e-89	2.3842929695e-109	1.1359429367e-59	7.0387322553e-79	1.6012703469e-39	3.1771851483e-95	3.2124570484e-77	1.2374027955e-84	1.4666939407e-41	8.6952864764e-98	3.8894387520e-84	4.7085460418e-130	8.6521051958e-171	4.5007457970e-118	1.1393990962e-154	8.6521051958e-171	2.7823934087e-142	8.6521051958e-171	8.6521051958e-171	8.6521051958e-171	1.8060375002e-85	3.5765377580e-86	4.1054156991e-104	1.7106941537e-151	2.1011519092e-61	6.1037674700e-114	9.7994758999e-01	2.6273172595e-52	2.8767351425e-68	1.8346216569e-03	9.6340070993e-05	4.8314085137e-52	1.3152095336e-78	9.4083860382e-125	8.6521051958e-171	2.8136964148e-10	6.1215477804e-88	8.6521051958e-171	8.6521051958e-171	8.6521051958e-171	8.2030315182e-107	8.6521051958e-171	2.4272153489e-71	6.6681034360e-76	1.1191206238e-39	2.6376100255e-79	5.8097559745e-54	4.0353357175e-72	3.6583653557e-82	2.8445593532e-168	5.8752567569e-110	1.2913769815e-108	5.2660681770e-104	4.1066860760e-64	8.6521051958e-171	8.6521051958e-171	8.6521051958e-171	2.3942195727e-150	4.5861707915e-162	1.1583909532e-120	1.8627564005e-103	1.3144315249e-128	1.0356909193e-88	5.0713362105e-105	1.1853095961e-69	4.4562747882e-50	4.8515687907e-140	2.7592986747e-81	2.5273354974e-138	2.4314477795e-68	4.5237281212e-104	3.8894387520e-84	1.4806959781e-103	9.5416822135e-86	4.9213401245e-145	8.6521051958e-171	2.4442451323e-166	9.9154875258e-114	1.7300835799e-88	8.4093742753e-144	2.5917675394e-114	6.3247465820e-156	8.6521051958e-171	2.4530652108e-108	7.4231633430e-29	1.5346505480e-07	1.7795471477e-08	2.2433203364e-74	6.5134769182e-163	1.8983766001e-76	6.9588634672e-130	4.6786448544e-45	1.6681407763e-133	1.3219238700e-20	3.2122511909e-07	5.1176147434e-69	7.1904069614e-139	3.1696175343e-113	4.0849029115e-78	1.3723617348e-38	2.7199681621e-19	4.9947010439e-08	5.3130168285e-27	8.6521051958e-171	2.2615628672e-103	1.2955255960e-157	1.9260262075e-148	8.6521051958e-171	8.6521051958e-171	4.9672737676e-144	8.6521051958e-171	8.6521051958e-171	4.1941068413e-135	8.6521051958e-171	6.2131165257e-05	9.9242899975e-57	1.4355763532e-17	1.5245898776e-78	1.0263674625e-97	5.2687731332e-05	3.2769098406e-148	3.8391016183e-115	4.2593618601e-156	8.6521051958e-171	1.4236768143e-168	8.6521051958e-171	8.6521051958e-171	8.6521051958e-171	3.2234271464e-156	3.5364177277e-166	8.6521051958e-171	8.6521051958e-171	1.5573332684e-159	2.0722942370e-132	8.3123090202e-82	3.6455900305e-27	9.2406277781e-112	1.8881060948e-128	6.1749671454e-51	2.9077929473e-66	1.9179489846e-49	3.4815190827e-61	3.6641172298e-62	3.9372852725e-83	5.2588087052e-35	5.1571468578e-07	5.6145352941e-25	2.5052537933e-29	1.3959362937e-59	7.9953865489e-54	4.8674648266e-62	1.3327858724e-87	9.7288004424e-68	2.8257196914e-58	4.6966620605e-74	6.3101427025e-66	7.5218315201e-84	4.8006053949e-26	5.6145352941e-25	5.0069424438e-55	1.4046007651e-69
2.4838584800e-05	2.2949173176e+02	1.5552009954e+15	7.8392782851e+14	2.0904078976e+00	1.2756276326e-170	1.8722440444e-45	1.7713708709e-02	1.2515653059e-107	3.4064628516e-105	1.2756276326e-170	1.1154092503e-72	2.4958477225e-71	2.7331302170e-67	4.0280272693e-34	3.0694384957e-51	2.3361971973e-07	3.5851678941e-06	6.3989615203e-05	2.3851439879e-83	3.7524032080e-06	1.3029690932e-58	0.0000000000e+00	6.7951203229e-148	3.3656423695e-53	6.2019369696e-55	3.1494793820e-80	6.3823797151e-106	6.0662205799e-115	6.6630123209e-52	3.2384805807e-56	5.2192730295e-12	5.6280924075e-117	2.1727329773e-106	1.2756276326e-170	8.9552742372e-142	4.4757945265e-41	1.2527995761e-36	1.2756276326e-170	7.1241134816e-159	2.4531798958e-88	1.1974133097e-108	6.9662923674e-59	3.1893485761e-78	8.2476372761e-39	1.5641441984e-94	5.7946274405e-77	2.1239406959e-84	2.9137459615e-41	4.8734285056e-97	2.8284271584e-83	2.9001262823e-129	1.2756276326e-170	5.1507133053e-117	6.9145256827e-154	1.2756276326e-170	6.8775521418e-141	1.2756276326e-170	1.2756276326e-170	1.2756276326e-170	1.4018570640e-85	2.8353117628e-86	2.9510826121e-104	9.1174228566e-152	1.6341268107e-61	3.3523557241e-114	9.7994759025e-01	2.1935775527e-52	2.6183179812e-68	1.8346216560e-03	9.6339566517e-05	3.5794013409e-52	1.2915528407e-78	6.8681656851e-125	1.2756276326e-170	5.3358334783e-10	6.9080870240e-88	1.2756276326e-170	1.2756276326e-170	1.2756276326e-170	5.5913480405e-107	1.2756276326e-170	2.5236040250e-71	4.8831240203e-76	2.2811308772e-39	4.7525945715e-79	1.4717343562e-53	7.6290676322e-72	8.8732776143e-82	3.9912485506e-167	9.0850715664e-109	1.7136357859e-107	5.2170665903e-103	4.6448923213e-63	1.2756276326e-170	1.2756276326e-170	1.2756276326e-170	9.9749362013e-149	1.4951589198e-160	4.3239290989e-119	5.7535299347e-102	2.8886121182e-127	2.5748807324e-87	3.7562234645e-104	9.6795127694e-69	1.1973461903e-49	7.0655294417e-139	3.7865842935e-80	1.0692241192e-137	1.4378521924e-67	1.7553980045e-103	2.8284271584e-83	7.9984499086e-103	5.4601708577e-86	1.1696324184e-143	1.2756276326e-170	4.2305322017e-165	2.1350232164e-112	1.3648667958e-88	9.8063833960e-144	3.1650099903e-114	2.4419193915e-153	1.2756276326e-170	3.8310365873e-107	6.1860766132e-29	1.5346505472e-07	1.7795471469e-08	1.1266476594e-74	2.6701510024e-162	1.3612902165e-76	3.7409972176e-129	4.2701344750e-45	2.3275259544e-133	1.3888990286e-20	3.2122511893e-07	3.3803360435e-69	1.1856068651e-138	5.3367037986e-113	7.5183092107e-78	2.8631788352e-38	2.1085954699e-19	4.9947010414e-08	3.8232930319e-27	1.2756276326e-170	3.8676344762e-103	2.1379604772e-157	3.4999887857e-148	1.2756276326e-170	1.2756276326e-170	3.2643187616e-143	1.2756276326e-170	1.2756276326e-170	6.7290276294e-135	1.2756276326e-170	6.2131165226e-05	5.6747177116e-57	1.1183158922e-17	8.8051677164e-79	5.3336348089e-98	5.2687731305e-05	1.6280148508e-148	6.0662205799e-115	2.3116317782e-156	1.2756276326e-170	2.5709435341e-168	1.2756276326e-170	1.2756276326e-170	1.2756276326e-170	4.5599518966e-156	4.7877310894e-166	1.2756276326e-170	1.2756276326e-170	5.4787083421e-159	7.5201840022e-132	7.0483629922e-82	2.7952839628e-27	7.1751864820e-112	1.3326333499e-128	7.7822904700e-51	2.3253359357e-66	1.4682088490e-49	3.4828220668e-61	3.7490378504e-62	3.5778288050e-83	3.9066106376e-35	5.1571468552e-07	6.3534089613e-25	2.8519370823e-29	1.2016150197e-59	6.0801961903e-54	5.1838968485e-62	1.4394025872e-87	7.1937500564e-68	1.6236185053e-58	2.8106404651e-74	9.9055289936e-66	5.7906321499e-84	4.0476672580e-26	6.3534089613e-25	6.3877080908e-55	1.6532414930e-69
1.6795460200e-05	2.2901413130e+02	1.0537955183e+15	5.3118512376e+14	2.0904078955e+00	1.8825828421e-170	1.7950159627e-45	1.7713708691e-02	1.2797372043e-107	2.9494517017e-105	1.8825828421e-170	1.2556414270e-72	1.7841263308e-71	1.9792042089e-67	3.5069289885e-34	2.9570038016e-51	2.3361971948e-07	3.5851678904e-06	6.3989615136e-05	1.9739533885e-83	3.7524032041e-06	9.7586037775e-59	0.0000000000e+00	9.3906848095e-148	8.9440612440e-53	1.6654212077e-54	6.1288080031e-80	9.0882450166e-106	8.2821124979e-115	1.2561780783e-51	4.9451177592e-56	8.3358004670e-12	1.3032604895e-116	5.4035406489e-106	1.8825828421e-170	2.2449644620e-141	1.2527632949e-40	3.6682375994e-36	1.8825828421e-170	2.2233462623e-158	9.0994021268e-88	3.3737208542e-108	2.1123766465e-58	7.3939276465e-78	1.9599233295e-38	4.0842285826e-94	8.1327926515e-77	2.8819364768e-84	4.1025544412e-41	1.4795936125e-96	1.0913774950e-82	1.0639003331e-128	1.8825828421e-170	3.4744806298e-116	2.6730472998e-153	1.8825828421e-170	6.9148893658e-140	1.8825828421e-170	1.8825828421e-170	1.8825828421e-170	1.3369220427e-85	2.7430753624e-86	2.6710675011e-104	6.7320958980e-152	1.4659785138e-61	2.3733996451e-114	9.7994759080e-01	2.0652029192e-52	2.7827915400e-68	1.8346216541e-03	9.6338515469e-05	2.9184284578e-52	1.5387649826e-78	6.6872389450e-125	1.8825828421e-170	1.0590573402e-09	9.6305577081e-88	1.8825828421e-170	1.8825828421e-170	1.8825828421e-170	4.8810352291e-107	1.8825828421e-170	3.1257518251e-71	4.2048232903e-76	3.2684830241e-39	6.6653426622e-79	2.7704903727e-53	1.1055244141e-71	1.7262719194e-81	2.4087880711e-166	5.1696397271e-108	8.2545201805e-107	1.8177354084e-102	1.6637981599e-62	1.8825828421e-170	1.8825828421e-170	1.8825828421e-170	1.1142856637e-147	1.3278348702e-159	3.9554773148e-118	4.0831446090e-101	1.5275654393e-126	1.3911931105e-86	1.5622386502e-103	4.0416359293e-68	2.3461406574e-49	4.1086611370e-138	1.7530865824e-79	2.6806705685e-137	4.2533899874e-67	3.6620882098e-103	1.0913774950e-82	2.3681863563e-102	3.7343879141e-86	1.1449689539e-142	1.8825828421e-170	3.1352144361e-164	1.7245540110e-111	1.3160871358e-88	1.0227982023e-143	3.1999963881e-114	1.0955000002e-151	1.8825828421e-170	2.1947211416e-106	5.4642356063e-29	1.5346505456e-07	1.7795471450e-08	6.6285860841e-75	6.9751678750e-162	1.1555885595e-76	1.1752476210e-128	4.2714866437e-45	2.9198492204e-133	1.5290564602e-20	3.2122511859e-07	2.5490659531e-69	1.7737661088e-138	7.6079074592e-113	1.0697685964e-77	4.1679808525e-38	1.6657096249e-19	4.9947010362e-08	2.8710314682e-27	1.8825828421e-170	5.5724395286e-103	3.4067995967e-157	5.9552145309e-148	1.8825828421e-170	1.8825828421e-170	1.3322105806e-142	1.8825828421e-170	1.8825828421e-170	9.8815956608e-135	1.8825828421e-170	6.2131165161e-05	3.6440669293e-57	8.8635071504e-18	6.0599358025e-79	3.4161829038e-98	5.2687731250e-05	1.1459757296e-148	8.2821124979e-115	1.8395029044e-156	1.8825828421e-170	4.6367107896e-168	1.8825828421e-170	1.8825828421e-170	1.8825828421e-170	6.1464718598e-156	6.2634615780e-166	1.8825828421e-170	1.8825828421e-170	1.2115292172e-158	1.5955710604e-131	7.5989914061e-82	2.3330240946e-27	7.7556653082e-112	1.3498736595e-128	1.1696402609e-50	2.2630545306e-66	1.3029959201e-49	4.2020770227e-61	4.5931916331e-62	4.0434131455e-83	3.1910897910e-35	5.1571468498e-07	7.8312254254e-25	3.5296378333e-29	1.2295270063e-59	5.3717726506e-54	6.9475452671e-62	2.2068161806e-87	6.6374557985e-68	1.1135108030e-58	2.1094758465e-74	1.9588841459e-65	5.8456114771e-84	3.6039447831e-26	7.8312254254e-25	9.6804942462e-55	2.3718084285e-69
1.1356825900e-05	2.2869089268e+02	7.1356709951e+14	3.5968669664e+14	2.0904078909e+00	2.7801973477e-170	1.8573970955e-45	1.7713708652e-02	1.5684275833e-107	3.0323120554e-105	2.7801973477e-170	1.6427757124e-72	1.4203913949e-71	1.5896127002e-67	3.1920154650e-34	3.0697692653e-51	2.3361971897e-07	3.5851678824e-06	6.3989614994e-05	1.8483568928e-83	3.7524031958e-06	8.0189489234e-59	0.0000000000e+00	1.2456069294e-147	1.9694022855e-52	3.6931811884e-54	1.0256734668e-79	1.1553925283e-105	1.0232439046e-114	1.9323202413e-51	6.1911145797e-56	1.0104669916e-11	2.7827907878e-116	1.2111101648e-105	2.7801973477e-170	5.3866542398e-141	2.8574466699e-40	8.6270541276e-36	2.7801973477e-170	5.1281860419e-158	2.2164072329e-87	6.4029263340e-108	3.9577384209e-58	1.0841794848e-77	2.7446993235e-38	6.9132563054e-94	9.6152430437e-77	3.3299655675e-84	4.5651534855e-41	2.9542461498e-96	2.7305951261e-82	2.7386741747e-128	2.7801973477e-170	1.6329320645e-115	7.5921912886e-153	2.7801973477e-170	3.7589933169e-139	2.7801973477e-170	2.7801973477e-170	2.7801973477e-170	1.4676879701e-85	3.0408819376e-86	2.8300653752e-104	6.2116386958e-152	1.4499769418e-61	1.9988095936e-114	9.7994759195e-01	2.1107191945e-52	3.2882147683e-68	1.8346216500e-03	9.6336296436e-05	2.5405040828e-52	2.0922247024e-78	7.9277706827e-125	2.7801973477e-170	2.1684672178e-09	1.5512602612e-87	2.7801973477e-170	2.7801973477e-170	2.7801973477e-170	5.0461604187e-107	2.7801973477e-170	4.3635883923e-71	4.0446796367e-76	3.6804238893e-39	7.8762030701e-79	4.2572976757e-53	1.3357049362e-71	2.8884141061e-81	8.1660851510e-166	1.4852333443e-107	1.9889356119e-106	3.1002623161e-102	2.7156294726e-62	2.7801973477e-170	2.7801973477e-170	2.7801973477e-170	5.0616917297e-147	4.8474912180e-159	1.3837108418e-117	1.0603102899e-100	3.0508005552e-126	2.6477017574e-86	4.3792837347e-103	1.0668670623e-67	3.7047067988e-49	1.2755515762e-137	3.8616848039e-79	4.6998612646e-137	7.8363095997e-67	4.9984651018e-103	2.7305951261e-82	4.6485572052e-102	2.8851337666e-86	6.1120937233e-142	2.7801973477e-170	1.3010939528e-163	7.1262022481e-111	1.4556599548e-88	9.8842366222e-144	2.8435979256e-114	1.1283961676e-150	2.7801973477e-170	6.3343901710e-106	5.0226316975e-29	1.5346505422e-07	1.7795471411e-08	4.3437461003e-75	1.3390091412e-161	1.1008860955e-76	2.5572628889e-128	4.5491330554e-45	3.4059654884e-133	1.7379740307e-20	3.2122511788e-07	2.1044067183e-69	2.4830263471e-138	9.6794519706e-113	1.2766012182e-77	4.7441391855e-38	1.3328942231e-19	4.9947010251e-08	2.2196716560e-27	2.7801973477e-170	7.1410215506e-103	5.3002477998e-157	9.6870740519e-148	2.7801973477e-170	2.7801973477e-170	3.9256939650e-142	2.7801973477e-170	2.7801973477e-170	1.3659163673e-134	2.7801973477e-170	6.2131165024e-05	2.5332720969e-57	7.1084775318e-18	4.7017180911e-79	2.5242483080e-98	5.2687731133e-05	1.0236151622e-148	1.0232439046e-114	1.9014911532e-156	2.7801973477e-170	8.3547679409e-168	2.7801973477e-170	2.7801973477e-170	2.7801973477e-170	8.0158795716e-156	8.0043192122e-166	2.7801973477e-170	2.7801973477e-170	1.9505139368e-158	2.3456667377e-131	9.6543831827e-82	2.0634649401e-27	1.0510121704e-111	1.7503679446e-128	1.9827661704e-50	2.5188821290e-66	1.2793543819e-49	5.7626316175e-61	6.3649682948e-62	5.3041448146e-83	2.7814030648e-35	5.1571468384e-07	1.0233748684e-24	4.6252575259e-29	1.4158976000e-59	5.2582046058e-54	1.0895467864e-61	4.2990303824e-87	7.1249286452e-68	8.6188554655e-59	1.8483538268e-74	4.5362503373e-65	7.1022742043e-84	3.3306536128e-26	1.0233748684e-24	1.6503163523e-54	3.8956568801e-69
7.6793069700e-06	2.2847218978e+02	4.8296471358e+14	2.4344729930e+14	2.0904078810e+00	4.1076652026e-170	2.0244614227e-45	1.7713708568e-02	2.1746694419e-107	3.5044500348e-105	4.1076652026e-170	2.3810052248e-72	1.2168971990e-71	1.3700188100e-67	2.9946937553e-34	3.3532947341e-51	2.3361971786e-07	3.5851678655e-06	6.3989614691e-05	1.8826303216e-83	3.7524031780e-06	7.0191637106e-59	0.0000000000e+00	1.6066747392e-147	3.8149881022e-52	7.1886313813e-54	1.5488888607e-79	1.3596639721e-105	1.1810373991e-114	2.5877446319e-51	6.7703785833e-56	1.0151177560e-11	5.6224792712e-116	2.5287814060e-105	4.1076652026e-170	1.2544492483e-140	5.6693618619e-40	1.7475752585e-35	4.1076652026e-170	9.6264159496e-158	4.0538451907e-87	9.2844860541e-108	5.3418265521e-58	1.1636078363e-77	2.6811018383e-38	8.7099217363e-94	1.0114314472e-76	3.4487149557e-84	4.3275126490e-41	4.4337432302e-96	5.0859621874e-82	5.5383425960e-128	4.1076652026e-170	5.9995182220e-115	1.7479284463e-152	4.1076652026e-170	1.3440970777e-138	4.1076652026e-170	4.1076652026e-170	4.1076652026e-170	1.7733357350e-85	3.6985232250e-86	3.3380942624e-104	6.6708047437e-152	1.5327498449e-61	1.8946130761e-114	9.7994759441e-01	2.2812871485e-52	4.1761166493e-68	1.8346216413e-03	9.6331562964e-05	2.3122951909e-52	3.1125701708e-78	1.0746998548e-124	4.1076652026e-170	4.5349750877e-09	2.7570066047e-87	4.1076652026e-170	4.1076652026e-170	4.1076652026e-170	5.8539093853e-107	4.1076652026e-170	6.6085753361e-71	4.1952799151e-76	3.5168956415e-39	8.2818051187e-79	5.6971314436e-53	1.4258105645e-71	4.3611385208e-81	1.8689871458e-165	2.6788711074e-107	2.9896228535e-106	3.2503975520e-102	2.5948564569e-62	4.1076652026e-170	4.1076652026e-170	4.1076652026e-170	1.2456364554e-146	9.6580813449e-159	2.5148435247e-117	1.3881865856e-100	3.1387348341e-126	2.4755432720e-86	9.3828059231e-103	2.0606010841e-67	5.0500318844e-49	2.5824335419e-137	5.1287307647e-79	6.4582538104e-137	1.0456930171e-66	5.1102045880e-103	5.0859621874e-82	6.8963897544e-102	2.4219820533e-86	2.1586559817e-141	4.1076652026e-170	3.6374243942e-163	1.8652578833e-110	1.7676858992e-88	9.0683997775e-144	2.3142119144e-114	4.2658456992e-150	4.1076652026e-170	1.1460733847e-105	4.7436224414e-29	1.5346505349e-07	1.7795471326e-08	3.0627370876e-75	2.0838766228e-161	1.1344609065e-76	4.3328113387e-128	5.0559886915e-45	3.7809479762e-133	2.0188685917e-20	3.2122511636e-07	1.8478567965e-69	3.3219963176e-138	1.1396741511e-112	1.3513713399e-77	4.5667537761e-38	1.0759711098e-19	4.9947010015e-08	1.7504812140e-27	4.1076652026e-170	8.4491427122e-103	8.1126402466e-157	1.5281960971e-147	4.1076652026e-170	4.1076652026e-170	9.2664176404e-142	4.1076652026e-170	4.1076652026e-170	1.8118412067e-134	4.1076652026e-170	6.2131164730e-05	1.8588645703e-57	5.7470169392e-18	3.9583052394e-79	2.0559327324e-98	5.2687730884e-05	1.0753845536e-148	1.1810373991e-114	2.3489336477e-156	4.1076652026e-170	1.5044623757e-167	4.1076652026e-170	4.1076652026e-170	4.1076652026e-170	1.0221333808e-155	1.0067059726e-165	4.1076652026e-170	4.1076652026e-170	2.5296950029e-158	2.6858222418e-131	1.3717133603e-81	1.8985956401e-27	1.6614691828e-111	2.6855034620e-128	3.6483700269e-50	3.0721147249e-66	1.3456722130e-49	8.6231997661e-61	9.5920775935e-62	7.7016078838e-83	2.5339078167e-35	5.1571468140e-07	1.3916500127e-24	6.3015264380e-29	1.7672008096e-59	5.5193160109e-54	1.9017156540e-61	9.8590362321e-87	8.4788742374e-68	7.2443754456e-59	1.7997137797e-74	1.1697280867e-64	9.7898869856e-84	3.1571968456e-26	1.3916500127e-24	3.0482925865e-54	7.0162552929e-69
5.1926265400e-06	2.2832424499e+02	3.2678474266e+14	1.6472189712e+14	2.0904078597e+00	6.0708382886e-170	2.2858671596e-45	1.7713708388e-02	3.2788355870e-107	4.3852771037e-105	6.0708382886e-170	3.6996674956e-72	1.0958560714e-71	1.2387408785e-67	2.8679780598e-34	3.7919664320e-51	2.3361971548e-07	3.5851678290e-06	6.3989614040e-05	2.0303422738e-83	3.7524031398e-06	6.4135801004e-59	0.0000000000e+00	2.0334191447e-147	6.7736416068e-52	1.2805284673e-53	2.1812585518e-79	1.5182232701e-105	1.3015605267e-114	3.1540110960e-51	6.7535737404e-56	8.9757627326e-12	1.0940729299e-115	5.0315919699e-105	6.0708382886e-170	2.8624250528e-140	1.0231497908e-39	3.1985312565e-35	6.0708382886e-170	1.5709888020e-157	6.1028478685e-87	1.1212491403e-107	5.7695148566e-58	1.0102217792e-77	2.0503235282e-38	8.9783674122e-94	9.8271664650e-77	3.3156582872e-84	3.6788438522e-41	5.4807578509e-96	7.7515758900e-82	9.5060329867e-128	6.0708382886e-170	1.8644991267e-114	3.4889848130e-152	6.0708382886e-170	3.6153910608e-138	6.0708382886e-170	6.0708382886e-170	6.0708382886e-170	2.2867635096e-85	4.7907579688e-86	4.2349185831e-104	7.9419646748e-152	1.6951382733e-61	1.9460983189e-114	9.7994759970e-01	2.5610236724e-52	5.5698560322e-68	1.8346216227e-03	9.6321390551e-05	2.1691247583e-52	4.9222825435e-78	1.5958006415e-124	6.0708382886e-170	9.6206915178e-09	5.2382644391e-87	6.0708382886e-170	6.0708382886e-170	6.0708382886e-170	7.3440170750e-107	6.0708382886e-170	1.0577355944e-70	4.5798734398e-76	3.0057863794e-39	8.0439897182e-79	6.9398448908e-53	1.3990772527e-71	6.1405528687e-81	3.2752748458e-165	3.5213952865e-107	3.2609597726e-106	2.4482828281e-102	1.7232106247e-62	6.0708382886e-170	6.0708382886e-170	6.0708382886e-170	2.0210725558e-146	1.2750800770e-158	2.9290007322e-117	1.1411501926e-100	2.0574525114e-126	1.4279160225e-86	1.6746374398e-102	3.2185694981e-67	6.2290282627e-49	3.9100813921e-137	4.8296320919e-79	7.5203648373e-137	1.1207273257e-66	4.2928896989e-103	7.7515758900e-82	8.4584405220e-102	2.1511982435e-86	5.7575955313e-141	6.0708382886e-170	7.7745745589e-163	3.5796651938e-110	2.2871064588e-88	8.0312586232e-144	1.7741484096e-114	8.1606911114e-150	6.0708382886e-170	1.5096993974e-105	4.5634401380e-29	1.5346505193e-07	1.7795471145e-08	2.2694782919e-75	2.8120461495e-161	1.2330972100e-76	6.1933538518e-128	5.7843855802e-45	4.0582219024e-133	2.3800763815e-20	3.2122511309e-07	1.6920487489e-69	4.3097436647e-138	1.2730315275e-112	1.3186370721e-77	3.9228164313e-38	8.7376349067e-20	4.9947009507e-08	1.3992100739e-27	6.0708382886e-170	9.4691090448e-103	1.2280443500e-156	2.3611345691e-147	6.0708382886e-170	6.0708382886e-170	1.8811820642e-141	6.0708382886e-170	6.0708382886e-170	2.3369573821e-134	6.0708382886e-170	6.2131164097e-05	1.4150243805e-57	4.6717929005e-18	3.5226013187e-79	1.7890518267e-98	5.2687730348e-05	1.2614716806e-148	1.3015605267e-114	3.2750407137e-156	6.0708382886e-170	2.7078339142e-167	6.0708382886e-170	6.0708382886e-170	6.0708382886e-170	1.2835864966e-155	1.2524774346e-165	6.0708382886e-170	6.0708382886e-170	2.8325542552e-158	2.5949461438e-131	2.1028553623e-81	1.7944382074e-27	2.9163366959e-111	4.6192496096e-128	7.0978073933e-50	3.9871055709e-66	1.4832279093e-49	1.3691954923e-60	1.5303438994e-61	1.1981613757e-82	2.3788532572e-35	5.1571467615e-07	1.9443539490e-24	8.8154210872e-29	2.3296907903e-59	6.0749627089e-54	3.5697326942e-61	2.5261157293e-86	1.0822491418e-67	6.4399095347e-59	1.8825780739e-74	3.2449503666e-64	1.4703061898e-83	3.0448333615e-26	1.9443539490e-24	5.9457709989e-54	1.3453277583e-68
3.5111723600e-06	2.2822417898e+02	2.2106358008e+14	1.1143119106e+14	2.0904078137e+00	8.9741479965e-170	2.6436139672e-45	1.7713707998e-02	5.2324376945e-107	5.7916547173e-105	8.9741479965e-170	6.0265500906e-72	1.0208097249e-71	1.1570698382e-67	2.7852364301e-34	4.3898784920e-51	2.3361971035e-07	3.5851677502e-06	6.3989612634e-05	2.2762323886e-83	3.7524030574e-06	6.0334791048e-59	0.0000000000e+00	2.5405614767e-147	1.1335684739e-51	2.1476931261e-53	2.9296762116e-79	1.6359568000e-105	1.3900767194e-114	3.6062433340e-51	6.3294705585e-56	7.2780049518e-12	2.0751472664e-115	9.6885681902e-105	8.9741479965e-170	6.4407260482e-140	1.7315058954e-39	5.4647745147e-35	8.9741479965e-170	2.3314985551e-157	8.0506546014e-87	1.1960565658e-107	5.3569459120e-58	7.5952618013e-78	1.3280170088e-38	8.0770492221e-94	9.0473939166e-77	3.0308480675e-84	2.9045978690e-41	5.9394545407e-96	1.0311271245e-81	1.4598139897e-127	8.9741479965e-170	5.1713874673e-114	6.3215166380e-152	8.9741479965e-170	8.0167122023e-138	8.9741479965e-170	8.9741479965e-170	8.9741479965e-170	3.0817493952e-85	6.4758629746e-86	5.6444888456e-104	1.0139615190e-151	1.9330944318e-61	2.1109819773e-114	9.7994761113e-01	2.9498138927e-52	7.6783090033e-68	1.8346215824e-03	9.6299419423e-05	2.0765998484e-52	8.1129982178e-78	2.5204060085e-124	8.9741479965e-170	2.0605196968e-08	1.0412061360e-86	8.9741479965e-170	8.9741479965e-170	8.9741479965e-170	9.7160836330e-107	8.9741479965e-170	1.7573560692e-70	5.1754200422e-76	2.3814390810e-39	7.4028716784e-79	7.9305891600e-53	1.2964993147e-71	8.2451441516e-81	4.7887175392e-165	3.7347303292e-107	2.8614471619e-106	1.4734974016e-102	8.9403156255e-63	8.9741479965e-170	8.9741479965e-170	8.9741479965e-170	2.4719109302e-146	1.2732744969e-158	2.5223656925e-117	6.8407686834e-101	9.9330688490e-127	5.9348836473e-87	2.6402228721e-102	4.3524091439e-67	7.1788435645e-49	4.8611158347e-137	3.6016587423e-79	7.8266564838e-137	1.0351591696e-66	3.1564151883e-103	1.0311271245e-81	9.1178609145e-102	1.9852525347e-86	1.2692034411e-140	8.9741479965e-170	1.3848740651e-162	5.5650116200e-110	3.0887082521e-88	6.9443665399e-144	1.3060862561e-114	9.8342483405e-150	8.9741479965e-170	1.6034469726e-105	4.4453386596e-29	1.5346504856e-07	1.7795470754e-08	1.7392369048e-75	3.4446795017e-161	1.3895743423e-76	7.8883075983e-128	6.7484260135e-45	4.2574278378e-133	2.8341837902e-20	3.2122510603e-07	1.5940787073e-69	5.4756469150e-138	1.3720814367e-112	1.2175282016e-77	3.1191151386e-38	7.1243196339e-20	4.9947008409e-08	1.1287094406e-27	8.9741479965e-170	1.0228773053e-102	1.8450127236e-156	3.5968758880e-147	8.9741479965e-170	8.9741479965e-170	3.4476663280e-141	8.9741479965e-170	8.9741479965e-170	2.9575180848e-134	8.9741479965e-170	6.2131162732e-05	1.1043383069e-57	3.8118543949e-18	3.2551459510e-79	1.6283014245e-98	5.2687729190e-05	1.5947076784e-148	1.3900767194e-114	4.9567021542e-156	8.9741479965e-170	4.8717590597e-167	8.9741479965e-170	8.9741479965e-170	8.9741479965e-170	1.5952853105e-155	1.5468233539e-165	8.9741479965e-170	8.9741479965e-170	2.8707512737e-158	2.2342686827e-131	3.3942988879e-81	1.7271752230e-27	5.4957527555e-111	8.5862364878e-128	1.4340591703e-49	5.3974759195e-66	1.6875765542e-49	2.2632512985e-60	2.5378403802e-61	1.9533563479e-82	2.2792866575e-35	5.1571466482e-07	2.7668953607e-24	1.2555507443e-28	3.1873534256e-59	6.9053546887e-54	7.0397834256e-61	6.9782123509e-86	1.4486507198e-67	5.9465462530e-59	2.0674024147e-74	9.4593766978e-64	2.3405142731e-83	2.9710301093e-26	2.7668953607e-24	1.2034100050e-53	2.6915570802e-68
2.3741995000e-06	2.2815650309e+02	1.4952404595e+14	7.5370367741e+13	2.0904077142e+00	1.3267813731e-169	3.1074008342e-45	1.7713707155e-02	8.6760167749e-107	7.9338955494e-105	1.3267813731e-169	1.0136101601e-71	9.7295591344e-72	1.1048717397e-67	2.7305950457e-34	5.1635711358e-51	2.3361969923e-07	3.5851675796e-06	6.3989609589e-05	2.6198660603e-83	3.7524028788e-06	5.7890873890e-59	0.0000000000e+00	3.1465872777e-147	1.8221051889e-51	3.4573704076e-53	3.8105533483e-79	1.7207783256e-105	1.4533766151e-114	3.9485689512e-51	5.6864788602e-56	5.5649493159e-12	3.8675708429e-115	1.8242446850e-104	1.3267813731e-169	1.4350110462e-139	2.8053434538e-39	8.9111586268e-35	1.3267813731e-169	3.2444643497e-157	9.7106971341e-87	1.1729382153e-107	4.4893918558e-58	5.1799000262e-78	7.6860222799e-39	6.6257545913e-94	8.0308591174e-77	2.6773430122e-84	2.1812561405e-41	5.8872223405e-96	1.2507884853e-81	2.0789622253e-127	1.3267813731e-169	1.3274303089e-113	1.0726111878e-151	1.3267813731e-169	1.5595029119e-137	1.3267813731e-169	1.3267813731e-169	1.3267813731e-169	4.2782824847e-85	9.0086840913e-86	7.7776858666e-104	1.3570640215e-151	2.2507350571e-61	2.3760192090e-114	9.7994763588e-01	3.4566147142e-52	1.0820656738e-67	1.8346214950e-03	9.6251823176e-05	2.0148575959e-52	1.3749712608e-77	4.1499818402e-124	1.3267813731e-169	4.4401027754e-08	2.1330939496e-86	1.3267813731e-169	1.3267813731e-169	1.3267813731e-169	1.3325514017e-106	1.3267813731e-169	2.9934460082e-70	5.9847262215e-76	1.7919762713e-39	6.5671722642e-79	8.6772619045e-53	1.1555325539e-71	1.0718565712e-80	6.1926047506e-165	3.4247307393e-107	2.1666457962e-106	7.6172962780e-103	3.9238052162e-63	1.3267813731e-169	1.3267813731e-169	1.3267813731e-169	2.4963120154e-146	1.0522604712e-158	1.7702407161e-117	3.3107597421e-101	3.8978011937e-127	1.9754464016e-87	3.8262407127e-102	5.3369027268e-67	7.8998959337e-49	5.2877103607e-137	2.2931170187e-79	7.5483060462e-137	8.6445124863e-67	2.1204116015e-103	1.2507884853e-81	9.0052947251e-102	1.8802646411e-86	2.4583687607e-140	1.3267813731e-169	2.1798279622e-162	7.4991330853e-110	4.2925984523e-88	5.9078660948e-144	9.3545399287e-115	8.6642145372e-150	1.3267813731e-169	1.4717741990e-105	4.3671454968e-29	1.5346504126e-07	1.7795469907e-08	1.3636052023e-75	3.9517893416e-161	1.6043939796e-76	9.2915513865e-128	7.9767285810e-45	4.3977746930e-133	3.3979426766e-20	3.2122509074e-07	1.5310107961e-69	6.8592001964e-138	1.4434565585e-112	1.0828526090e-77	2.3535436593e-38	5.8248289748e-20	4.9947006032e-08	9.1616688510e-28	1.3267813731e-169	1.0777211330e-102	2.7578506883e-156	5.4271373966e-147	1.3267813731e-169	1.3267813731e-169	5.8953746552e-141	1.3267813731e-169	1.3267813731e-169	3.6949614935e-134	1.3267813731e-169	6.2131159775e-05	8.7654638474e-58	3.1180372906e-18	3.0857481511e-79	1.5277813778e-98	5.2687726683e-05	2.1208215441e-148	1.4533766151e-114	7.9293386444e-156	1.3267813731e-169	8.7609241875e-167	1.3267813731e-169	1.3267813731e-169	1.3267813731e-169	1.9687873514e-155	1.9008379348e-165	1.3267813731e-169	1.3267813731e-169	2.7193931093e-158	1.7792051303e-131	5.6737269442e-81	1.6830873012e-27	1.0867281654e-110	1.6821478320e-127	2.9726007743e-49	7.5185639601e-66	1.9618379411e-49	3.8445039123e-60	4.3204077158e-61	3.2872095741e-82	2.2142742062e-35	5.1571464027e-07	3.9866960613e-24	1.8101211842e-28	4.4718477102e-59	8.0224300983e-54	1.4355199298e-60	2.0285157387e-85	2.0025981268e-67	5.6342615752e-59	2.3464582466e-74	2.8517366672e-63	3.8756417452e-83	2.9220970209e-26	3.9866960613e-24	2.4974640535e-53	5.5422353378e-68
1.6053963400e-06	2.2811225066e+02	1.0112541035e+14	5.0974143356e+13	2.0904074984e+00	1.9617789219e-169	3.6957558401e-45	1.7713705326e-02	1.4784705316e-106	1.1160104096e-104	1.9617789219e-169	1.7447608490e-71	9.4287008830e-72	1.0720043248e-67	2.6954296985e-34	6.1440018922e-51	2.3361967511e-07	3.5851672094e-06	6.3989602982e-05	3.0733193975e-83	3.7524024913e-06	5.6345861472e-59	0.0000000000e+00	3.8726066476e-147	2.8435377150e-51	5.4007657514e-53	4.8423813955e-79	1.7786349811e-105	1.4963395869e-114	4.1899174816e-51	4.9547986734e-56	4.0780294726e-12	7.1145381105e-115	3.3782542266e-104	2.4331787245e-169	3.1720534626e-139	4.4039802378e-39	1.4048344279e-34	1.9617789219e-169	4.3093136572e-157	1.0977805500e-86	1.0823023602e-107	3.4932376144e-58	3.2918100908e-78	4.1001673904e-39	5.0839333992e-94	6.9425354561e-77	2.3072101115e-84	1.5796995151e-41	5.4704077933e-96	1.4192319081e-81	2.8033718038e-127	1.9617789219e-169	3.2189964309e-113	1.7354992150e-151	1.9617789219e-169	2.7593566034e-137	1.9617789219e-169	1.9617789219e-169	1.9617789219e-169	6.0661386588e-85	1.2790498055e-85	1.0974112022e-103	1.8786486129e-151	2.6602950212e-61	2.7468478649e-114	9.7994768957e-01	4.0997062247e-52	1.5482230396e-67	1.8346213056e-03	9.6148562975e-05	1.9725011633e-52	2.3768303596e-77	7.0396196486e-124	1.9617789219e-169	9.6026154423e-08	4.4632494732e-86	1.9617789219e-169	1.9617789219e-169	1.9617789219e-169	1.8758522387e-106	1.9617789219e-169	5.1878714792e-70	7.0315910654e-76	1.2985089705e-39	5.6707241634e-79	9.1964802548e-53	1.0008556856e-71	1.3606031765e-80	7.3268685249e-165	2.8264713663e-107	1.4744083389e-106	3.5272243955e-103	1.5256202467e-63	1.9617789219e-169	1.9617789219e-169	1.9617789219e-169	2.1944597199e-146	7.5824999445e-159	1.0712891195e-117	1.3723020119e-101	1.3163491973e-127	5.5984874934e-88	5.2148442266e-102	6.0939652909e-67	8.4040571306e-49	5.2213876584e-137	1.3020485358e-79	6.8893742239e-137	6.7108208756e-67	1.3342794225e-103	1.4192319081e-81	8.3480940861e-102	1.8146032656e-86	4.3342801751e-140	1.9617789219e-169	3.1359158776e-162	9.1082456579e-110	6.0861927806e-88	4.9673270718e-144	6.5679993853e-115	6.0843695978e-150	1.9617789219e-169	1.2154405598e-105	4.3167366734e-29	1.5346502541e-07	1.7795468070e-08	1.0868778918e-75	4.3232879175e-161	1.8845525501e-76	1.0342021063e-127	9.5145953466e-45	4.4920864901e-133	4.0939344533e-20	3.2122505758e-07	1.4911073616e-69	8.5047383506e-138	1.4921478146e-112	9.3730883177e-78	1.7097964849e-38	4.7718292638e-20	4.9947000875e-08	7.4699429199e-28	1.9617789219e-169	1.1151819103e-102	4.1071339984e-156	8.1321265819e-147	1.9617789219e-169	1.9617789219e-169	9.5872704817e-141	1.9617789219e-169	1.9617789219e-169	4.5734242337e-134	1.9617789219e-169	6.2131153360e-05	7.0430204649e-58	2.5551551627e-18	2.9797255161e-79	1.4654021958e-98	5.2687721243e-05	2.9259861140e-148	1.4963395869e-114	1.3199024561e-155	1.9617789219e-169	1.5743512079e-166	1.9617789219e-169	1.9617789219e-169	1.9617789219e-169	2.4174003746e-155	2.3274511560e-165	1.9617789219e-169	1.9617789219e-169	2.4530229054e-158	1.3389259326e-131	9.7269702655e-81	1.6548557586e-27	2.2251142899e-110	3.4233989462e-127	6.2771621881e-49	1.0692188583e-65	2.3164839265e-49	6.6607297320e-60	7.4960001999e-61	5.6604595300e-82	2.1727495330e-35	5.1571458702e-07	5.7962358627e-24	2.6327283026e-28	6.3893246464e-59	9.4686720574e-54	2.9990132725e-60	6.1185383886e-85	2.8337238476e-67	5.4388936120e-59	2.7275175885e-74	8.8089331819e-63	6.6035852574e-83	2.8905215439e-26	5.7962358627e-24	5.2779298402e-53	1.1652583437e-67
1.0855437400e-06	2.2808384000e+02	6.8387913216e+13	3.4472206930e+13	2.0904070309e+00	2.9008876688e-169	4.4306351916e-45	1.7713701365e-02	2.5642995617e-106	1.5982062259e-104	2.9008876688e-169	3.0507907677e-71	9.2404091578e-72	1.0514140413e-67	2.6730852997e-34	7.3678250699e-51	2.3361962287e-07	3.5851664077e-06	6.3989588673e-05	3.6520063926e-83	3.7524016523e-06	5.5375454956e-59	0.0000000000e+00	4.7457835788e-147	4.3458846664e-51	8.2593651556e-53	6.0575216654e-79	1.8168134334e-105	1.5245986689e-114	4.3526386648e-51	4.2287342863e-56	2.9036504681e-12	1.2960889232e-114	6.1807797238e-104	5.2940922892e-169	6.9622657227e-139	6.7675163996e-39	2.1646381445e-34	2.9008876688e-169	5.5458871149e-157	1.1877454568e-86	9.5833721837e-108	2.5849539893e-58	1.9943032527e-78	2.0698600520e-39	3.7283978419e-94	5.8952447177e-77	1.9551907321e-84	1.1162959461e-41	4.8656290497e-96	1.5391872787e-81	3.6430258115e-127	2.9008876688e-169	7.4983008048e-113	2.7191681959e-151	2.9008876688e-169	4.5789175235e-137	2.9008876688e-169	2.9008876688e-169	2.9008876688e-169	8.7174179637e-85	1.8396594757e-85	1.5721019997e-103	2.6585401030e-151	3.1765673574e-61	3.2335839198e-114	9.7994780586e-01	4.8981282404e-52	2.2342180548e-67	1.8346208954e-03	9.5924936079e-05	1.9394010825e-52	4.1604835285e-77	1.2173837939e-123	2.9008876688e-169	2.0782883143e-07	9.4568839823e-86	2.9008876688e-169	2.9008876688e-169	2.9008876688e-169	2.6876758098e-106	2.9008876688e-169	9.0810889187e-70	8.3366360269e-76	9.1642147103e-40	4.8038771299e-79	9.5305646925e-53	8.4952945386e-72	1.6980475547e-80	8.1626138190e-165	2.1721791541e-107	9.3338034270e-107	1.5159922919e-103	5.4647527569e-64	2.9008876688e-169	2.9008876688e-169	2.9008876688e-169	1.7562334226e-146	4.9798743454e-159	5.8643948644e-118	5.1217282972e-102	4.0160545848e-128	1.4229743436e-88	6.8122049938e-102	6.6250123340e-67	8.7303540546e-49	4.8290942822e-137	6.8418149392e-80	6.0576370899e-137	4.9585478153e-67	8.0324877780e-104	1.5391872787e-81	7.4139841293e-102	1.7736478992e-86	7.1641343981e-140	2.9008876688e-169	4.2411695341e-162	1.0302466856e-109	8.7316859338e-88	4.1434172702e-144	4.5498329005e-115	3.6646042426e-150	2.9008876688e-169	9.3446059296e-106	4.2846707834e-29	1.5346499109e-07	1.7795464091e-08	8.7602990814e-76	4.5800889970e-161	2.2376161200e-76	1.1078466781e-127	1.1409063713e-44	4.5537209788e-133	4.9489382500e-20	3.2122498575e-07	1.4660302290e-69	1.0472149334e-137	1.5242806384e-112	7.9657069561e-78	1.2106512821e-38	3.9144435404e-20	4.9946989706e-08	6.1091399881e-28	2.9008876688e-169	1.1399238044e-102	6.1012902462e-156	1.2128259342e-146	2.9008876688e-169	2.9008876688e-169	1.5070249419e-140	2.9008876688e-169	2.9008876688e-169	5.6251098583e-134	2.9008876688e-169	6.2131139467e-05	5.7060846383e-58	2.0964699218e-18	2.9135648640e-79	1.4266905830e-98	5.2687709461e-05	4.1384093311e-148	1.5245986689e-114	2.2550459232e-155	2.9008876688e-169	2.8253150044e-166	2.9008876688e-169	2.9008876688e-169	2.9008876688e-169	2.9580255643e-155	2.8428502138e-165	2.9008876688e-169	2.9008876688e-169	2.1406686710e-158	9.6975630790e-132	1.6963931025e-80	1.6369764002e-27	4.6647733764e-110	7.1489367124e-127	1.3422831101e-48	1.5419918686e-65	2.7642406650e-49	1.1695184224e-59	1.3173921449e-60	9.8998870881e-82	2.1464943099e-35	5.1571447171e-07	8.4786632921e-24	3.8520644731e-28	9.2422568475e-59	1.1295825815e-53	6.3689561608e-60	1.8922202167e-84	4.0736242724e-67	5.3170197671e-59	3.2221071720e-74	2.7662421214e-62	1.1471292558e-82	2.8704235702e-26	8.4786632921e-24	1.1291746020e-52	2.4847879386e-67
7.3402759900e-07	2.2806614277e+02	4.6246397078e+13	2.3311372753e+13	2.0904060253e+00	4.2897516615e-169	5.3403255596e-45	1.7713692844e-02	4.4926947397e-106	2.3166665115e-104	4.2897516615e-169	5.3913599319e-71	9.1250046246e-72	1.0387867645e-67	2.6592582194e-34	8.8821652954e-51	2.3361951048e-07	3.5851646830e-06	6.3989557889e-05	4.3776525059e-83	3.7523998471e-06	5.4779364347e-59	0.0000000000e+00	5.7990192182e-147	6.5367066101e-51	1.2427872199e-52	7.4973184681e-79	1.8410134633e-105	1.5424745047e-114	4.4571976928e-51	3.5588214042e-56	2.0276057790e-12	2.3413347674e-114	1.1195213313e-103	1.1459101119e-168	1.5152090519e-138	1.0250308451e-38	3.2841691403e-34	4.2897516615e-169	6.9865429868e-157	1.2474872123e-86	8.2522727454e-108	1.8489101271e-58	1.1697754165e-78	1.0066246492e-39	2.6518792267e-94	4.9456835746e-77	1.6381899554e-84	7.7583447768e-42	4.2015411547e-96	1.6189962614e-81	4.6172318172e-127	4.2897516615e-169	1.6934766082e-112	4.1686404119e-151	4.2897516615e-169	7.2754775015e-137	4.2897516615e-169	4.2897516615e-169	4.2897516615e-169	1.2618462865e-84	2.6643366198e-85	2.2711661426e-103	3.8115408209e-151	3.8192576779e-61	3.8534988761e-114	9.7994805604e-01	5.8701982605e-52	3.2308898391e-67	1.8346200128e-03	9.5443818661e-05	1.9053781613e-52	7.3310697356e-77	2.1289679598e-123	4.2897516615e-169	4.4836436696e-07	2.0133957798e-85	4.2897516615e-169	4.2897516615e-169	4.2897516615e-169	3.8970904958e-106	4.2897516615e-169	1.5944463174e-69	9.9078331427e-76	6.3414120303e-40	4.0097835091e-79	9.7100201503e-53	7.0996886746e-72	2.0910928689e-80	8.7308469286e-165	1.5907165806e-107	5.6267834337e-107	6.1952516594e-104	1.8518075975e-64	4.2897516615e-169	4.2897516615e-169	4.2897516615e-169	1.3190067802e-146	3.0716146838e-159	2.9996205414e-118	1.7805678428e-102	1.1438588215e-128	3.3599448568e-89	8.6310712072e-102	6.9540993930e-67	8.9080929432e-49	4.2727007524e-137	3.4114707616e-80	5.1935020663e-137	3.5433568348e-67	4.6929490898e-104	1.6189962614e-81	6.3960699377e-102	1.7485984953e-86	1.1314746649e-139	4.2897516615e-169	5.4910420755e-162	1.1084699685e-109	1.2580920691e-87	3.4376034735e-144	3.1232041096e-115	1.9894039180e-150	4.2897516615e-169	6.8449132279e-106	4.2648139432e-29	1.5346491727e-07	1.7795455530e-08	7.1143542448e-76	4.7477442388e-161	2.6713217397e-76	1.1563582914e-127	1.3704349742e-44	4.5925516053e-133	5.9960014200e-20	3.2122483122e-07	1.4506187558e-69	1.2834297525e-137	1.5446488646e-112	6.6860833924e-78	8.4246273399e-39	3.2140297513e-20	4.9946965678e-08	5.0065213291e-28	4.2897516615e-169	1.1556158230e-102	9.0483625011e-156	1.8030712857e-146	4.2897516615e-169	4.2897516615e-169	2.3150461240e-140	4.2897516615e-169	4.2897516615e-169	6.8891417953e-134	4.2897516615e-169	6.2131109577e-05	4.6489004708e-58	1.7215601980e-18	2.8730898012e-79	1.4030902133e-98	5.2687684115e-05	5.9524759793e-148	1.5424745047e-114	3.9139685222e-155	4.2897516615e-169	5.0562861541e-166	4.2897516615e-169	4.2897516615e-169	4.2897516615e-169	3.6111255804e-155	3.4666380208e-165	4.2897516615e-169	4.2897516615e-169	1.8266944729e-158	6.8441540660e-132	2.9930216819e-80	1.6259375647e-27	9.9367155715e-110	1.5191405039e-126	2.8947806814e-48	2.2449904765e-65	3.3221721321e-49	2.0721426546e-59	2.3354833747e-60	1.7497622426e-81	2.1302996404e-35	5.1571422361e-07	1.2453771672e-23	5.6589124784e-28	1.3481086890e-58	1.3573465372e-53	1.3676565133e-59	5.9517110312e-84	5.9189787646e-67	5.2424901399e-59	3.8482359668e-74	8.7841095103e-62	2.0189569449e-82	2.8579730725e-26	1.2453771672e-23	2.4359447550e-52	5.3493900708e-67
