P               	T               	n_<tot>         	n_g             	m               	C               	H               	He              	N               	O               	S               	P               	Si              	Ti              	V               	Cl              	K               	Na              	Mg              	F               	Ca              	Fe              	e-              	CH              	HCN             	HNCO            	HCO             	CH2             	CH2_1           	H2CO            	CH3             	CH4             	CN              	NCO             	CN2_cnn         	CN2_ncn         	CO              	CO2             	C2              	C2H             	C2H2            	C2H3            	C2H4            	C2H5            	C2H6            	C2H4O           	CH2OH           	CH3O            	CH3OH           	CH3CO           	H2CCO           	HCCO            	C2N             	C2N2            	CCO             	C3              	C3O2            	C4              	C4H2            	C4N2            	NH              	HNO             	HNO2            	HNO3            	OH              	HO2             	H2              	NH2             	N2H2            	H2O             	NH3             	N2H4            	NO              	NO2             	NO3             	N2              	N2O             	N2O3            	N2O4            	N2O5            	O2              	O3              	N2H             	N2H3            	CH3NH2          	CH3NH           	CH2NH           	CH2NH2          	H2CN            	C3H2            	C3H4            	C3H5            	C3H7            	C3H8            	C4H             	C4H2            	C4H3            	C4H4            	C4H5            	C4H6            	C4H8            	C4H9            	C4H10           	CH2CN           	CH3CN           	CH3NO           	C3H3            	C3H6            	C2H3O           	CH3CHO          	C2H4OH          	CH2CO           	CH2CHO          	H2O2            	HC3N            	HC2N            	C2H2CN          	C2H3CN          	H2NN            	CH3O2           	CH3OOH          	C6H6            	C6H5            	CH3C2H          	TiO             	TiO2            	VO              	TiH             	TiC2            	TiN             	VC2             	VN              	TiC             	Cl2             	HCl             	HOCl            	CCl             	CHCl            	CH2Cl           	CH3Cl           	KH              	HF              	MgH             	S2              	H2S             	SO              	SO2             	S2O             	SO3             	COS             	CS              	HCS             	SH              	HS2             	SiO             	SiH             	NaH             	FeO             	FeO2            	Fe(OH)2         	O_1             	CH2_1           	N_2D            	CS2             	NS              	S3              	S4              	S8              	HSO             	HSO2            	HSO3            	H2SO4           	CH3S            	CH3SH           	P               	PH3             	P2O             	P2O2            	P2O3            	PH              	PH2             	PO              	PO2             	PO3             	H2POH           	H3PO4           	HOPO            	HOPO2           	HPO             	HPOH            	P2              	P4              	P2H2            	P2H4            	P2H3            	P4O6            	P2H             	H3PO3           	HPO2            	P2O4            	P2O5            
1.0000000000e+02	8.0000000000e+02	1.6900674362e+21	9.0537039645e+20	2.3145304503e+00	9.6517280765e-47	2.6925118402e-13	1.3558575957e-01	8.7063639324e-33	3.1936056433e-32	1.8535328546e-24	9.4284808052e-19	3.6917436269e-21	6.7870632160e-19	3.6893123806e-13	1.0625779186e-19	2.5076241205e-07	3.8479484669e-06	6.8772210443e-05	3.2237293437e-29	4.0328686500e-06	5.1196225532e-16	0.0000000000e+00	3.3022315789e-40	2.6059899339e-16	7.9270085418e-20	1.0445560824e-23	1.1365340500e-28	1.7535853494e-31	8.6110560067e-17	2.1706549630e-15	4.6527965885e-04	1.0794455336e-33	7.0640043382e-34	4.0196220657e-52	8.6557128197e-44	1.5270751152e-12	4.9754946497e-15	1.2757881899e-57	3.5253444892e-42	2.3941689315e-23	5.1426375024e-29	2.9074234524e-16	1.0961337900e-21	5.0220023886e-12	5.0749223012e-30	7.7057675241e-24	3.1065933039e-26	7.6069189759e-15	1.2085269012e-28	1.9819066351e-24	7.9145668676e-37	1.1933557347e-53	5.2240253610e-36	7.3735748557e-43	6.0583618596e-62	2.0725947082e-42	2.4453592253e-79	2.4100856254e-46	5.7488336401e-59	2.4542612690e-26	1.5989172647e-29	9.8748054833e-38	3.0574177262e-55	9.0899289786e-20	1.2406101275e-37	8.6294094288e-01	2.9246790665e-17	5.0636779644e-25	6.6707439044e-04	1.1643121344e-04	2.0334195243e-21	9.5345917018e-27	2.5793895422e-43	8.0804020415e-67	2.3433488868e-07	5.5967139903e-33	8.8023271117e-72	3.5851731201e-89	2.2591884489e-108	1.5997791033e-35	8.7432511806e-65	1.1760950819e-24	2.0121624066e-27	6.1337217647e-15	2.2558896858e-25	1.1147260083e-17	5.8672323405e-23	1.1554631143e-24	9.5589111174e-45	1.5211105709e-29	1.6041891159e-29	5.0368058670e-29	2.9265925453e-19	4.3305607231e-65	4.6145670329e-47	1.8244485124e-53	1.0720803254e-39	2.4894434333e-43	1.3637306461e-32	1.0521087995e-29	3.6864504224e-37	1.6373656169e-26	8.8421187419e-30	3.7899049661e-21	6.2900154978e-20	1.3214036455e-36	1.9832803075e-22	4.5389410674e-41	1.9385133605e-21	2.7632939787e-31	1.9819066351e-24	9.5808779326e-31	3.1202891416e-30	2.1312507970e-40	6.2090601734e-51	9.9778469507e-47	5.9686409551e-33	7.7334958589e-31	7.4959783159e-47	1.2781048512e-38	2.3076204098e-43	2.6396204441e-56	6.8058696620e-29	2.5100436111e-10	1.6468447132e-07	1.9125187415e-08	5.4900861270e-21	8.5965004222e-44	1.5515254379e-24	2.7474870638e-38	2.0630056662e-18	7.0352147301e-36	1.6355479279e-08	3.2887893156e-07	1.5879825122e-27	1.3947043996e-42	1.0487901336e-35	2.5119688013e-26	2.5413854340e-16	3.1871956218e-10	5.3692555821e-08	1.7321997292e-10	1.5898401264e-18	2.2830429100e-05	7.1990247432e-23	1.2877912365e-23	3.1978343278e-26	1.7732253457e-38	2.1391767724e-18	3.5246127615e-25	1.1623351857e-26	7.1877680554e-14	4.8285348542e-18	6.6775027773e-05	7.8677056017e-17	5.1852194045e-09	5.8140336984e-24	1.2993060867e-32	5.6625764355e-05	8.0740849620e-45	1.7535853494e-31	6.1493358029e-44	8.1632945378e-23	1.5119257466e-25	1.0497975925e-26	8.1663992705e-35	1.9274448355e-63	1.1086821278e-22	2.5900813422e-28	2.0989835854e-41	5.9502367687e-41	5.5999416142e-21	9.3949174365e-14	1.3234665127e-21	5.5410782936e-07	1.8794254360e-32	2.2246113266e-39	1.6163993676e-20	7.9365018922e-17	2.4351396471e-12	7.8810864702e-18	2.6968789610e-21	2.5471660277e-30	8.5463807206e-12	7.1216646485e-14	7.0874581977e-11	5.4734971754e-16	7.6270829369e-18	2.9848428695e-16	2.3500213089e-14	3.9572716763e-20	1.1100207183e-16	4.0950692226e-15	1.1526596026e-18	1.1270657765e-36	3.9767480710e-20	1.4137060591e-15	7.0874581977e-11	5.4118789927e-26	2.2331358542e-32
6.5512855700e+01	8.0000000000e+02	1.1072107606e+21	5.9313400137e+20	2.3145290285e+00	2.2488027043e-46	3.3265530569e-13	1.3558567628e-01	1.6332707132e-32	4.8747707287e-32	2.8292628317e-24	1.7778388863e-18	3.6917461334e-21	6.7870765882e-19	3.6893148853e-13	1.2983117819e-19	2.5082294339e-07	3.8489333270e-06	6.8772201212e-05	3.9828590928e-29	4.0328661726e-06	5.1196326502e-16	0.0000000000e+00	6.2275491932e-40	6.0399071559e-16	1.8372416975e-19	1.9698848551e-23	1.7348241359e-28	2.6767013172e-31	1.3144039527e-16	2.6818047972e-15	4.6527937100e-04	3.0909707768e-33	2.0227609508e-33	1.4145792242e-51	3.0461051623e-43	3.5580014070e-12	1.1592615120e-14	4.5373017471e-57	1.0148082989e-41	5.5782837633e-23	9.6982882530e-29	4.4379338895e-16	1.3542519462e-21	5.0219939033e-12	7.7464259709e-30	9.5203235608e-24	3.8381346611e-26	7.6069044320e-15	2.2791081592e-28	4.6177289998e-24	2.2782901861e-36	5.2159917718e-53	2.8062098076e-35	2.6223859941e-42	3.2888729913e-61	1.1251363462e-41	2.0263169009e-78	1.3083498832e-45	7.1951560634e-58	3.7265376637e-26	2.4277845956e-29	1.4993814978e-37	4.6423493090e-55	1.1230439723e-19	1.5327489655e-37	8.6294133316e-01	3.5943991376e-17	7.6482495714e-25	6.6707382943e-04	1.1581928298e-04	2.0121005945e-21	1.7886398238e-26	4.8387943962e-43	1.5158374845e-66	5.4026421035e-07	1.2903329808e-32	2.0293878912e-71	8.2656522714e-89	5.2085746934e-108	2.4419252502e-35	1.3345803912e-64	2.1946993921e-24	2.4599278388e-27	6.1014780748e-15	2.7724612078e-25	1.6925924140e-17	7.2107577618e-23	2.1675892007e-24	3.3995939143e-44	3.5441013377e-29	3.0252709412e-29	6.2228688737e-29	2.9265844663e-19	2.9045054560e-64	2.5050845393e-46	8.0165296421e-53	3.8128127796e-39	7.1661151201e-43	3.1774116382e-32	1.6059508952e-29	4.5545279343e-37	1.6373593434e-26	2.5319203717e-29	8.7838595663e-21	9.5507045389e-20	3.8037983343e-36	3.0273049684e-22	8.5597909411e-41	2.9589714580e-21	3.4139914700e-31	4.6177289998e-24	1.8068159713e-30	3.1202824821e-30	1.1509003000e-39	2.1966264334e-50	4.3611733155e-46	2.1115692370e-32	1.1680779624e-30	9.2611211611e-47	1.2781007546e-38	1.2527224739e-42	1.7703886519e-55	1.5857290216e-28	2.5100453104e-10	1.6468436983e-07	1.9125175666e-08	4.4436861393e-21	2.0029410160e-43	1.9068109815e-24	6.4014973004e-38	2.5354123647e-18	1.0738682965e-35	1.9983957011e-08	3.2525024176e-07	1.5704594563e-27	2.6011966755e-42	1.5832262288e-35	3.0692480435e-26	2.5133423345e-16	2.5803398234e-10	5.3692522839e-08	1.4020428005e-10	2.4267553532e-18	2.2830415058e-05	1.0988694772e-22	1.9657004987e-23	4.8812150409e-26	2.7066696369e-38	4.9841594344e-18	8.2121566080e-25	2.1920000610e-26	8.8803569664e-14	5.9655608020e-18	6.6774986753e-05	6.3681276352e-17	4.1979923429e-09	5.8140376459e-24	1.2993052886e-32	5.6625729570e-05	1.2324412413e-44	2.6767013172e-31	1.1535849122e-43	1.9020013309e-22	2.8362947219e-25	1.6024247760e-26	1.2465285354e-34	2.9420613064e-63	1.3697548737e-22	3.1999902085e-28	2.5932460597e-41	5.9502023285e-41	6.9186188097e-21	9.3949015969e-14	2.4955348371e-21	5.5403226490e-07	4.3777648430e-32	5.1818031582e-39	3.7650857998e-20	1.2112761544e-16	3.0081624006e-12	1.4860595426e-17	5.0852348178e-21	4.8029299079e-30	8.5452041875e-12	7.1206566217e-14	1.0816915338e-10	8.3536688798e-16	1.1640508459e-17	3.6872137868e-16	5.4739356900e-14	1.4066245032e-19	1.6938919440e-16	4.0939505465e-15	1.4237018648e-18	4.0061592079e-36	7.4975493531e-20	1.4135077860e-15	1.0816915338e-10	1.2605896044e-25	5.2016392205e-32
4.2919342600e+01	8.0000000000e+02	7.2536438636e+20	3.8857902225e+20	2.3145258339e+00	5.2395839855e-46	4.1099014704e-13	1.3558548914e-01	3.0434825988e-32	7.4409171931e-32	4.3186272616e-24	3.3520574207e-18	3.6917511765e-21	6.7871044704e-19	3.6893199247e-13	1.5824684248e-19	2.5087173734e-07	3.8497274427e-06	6.8772133012e-05	4.9207449604e-29	4.0328606063e-06	5.1196537037e-16	0.0000000000e+00	1.1744272087e-39	1.3905236480e-15	4.2297355661e-19	3.7149124747e-23	2.6480603548e-28	4.0857551454e-31	2.0063194687e-16	3.3133176441e-15	4.6527872404e-04	8.7918350054e-33	5.7534454317e-33	4.9119177311e-51	1.0577150931e-42	8.2899206584e-12	2.7009993716e-14	1.6136713758e-56	2.9212244659e-41	1.2997056537e-22	1.8289548298e-28	6.7741094022e-16	1.6731478992e-21	5.0219748270e-12	1.1824194366e-29	1.1762142210e-23	4.7419276682e-26	7.6068729643e-15	4.2980516963e-28	1.0758993735e-23	6.5582620498e-36	2.2646104625e-52	1.4873594215e-34	9.3263746375e-42	1.7854040557e-60	6.1079037335e-41	1.6790698491e-77	7.1025167858e-45	8.8854611496e-57	5.6205866762e-26	3.6617196732e-29	2.2614443061e-37	7.0018108105e-55	1.3874985062e-19	1.8936756815e-37	8.6294221132e-01	4.3879929607e-17	1.1398320142e-24	6.6707267631e-04	1.1444161528e-04	1.9645155081e-21	3.3329926173e-26	9.0166960916e-43	2.8246309447e-66	1.2290173844e-06	2.9352995803e-32	4.6165050384e-71	1.8802871904e-88	1.1848537851e-107	3.7273781045e-35	2.0371107048e-64	4.0410140164e-24	2.9673218416e-27	6.0288866156e-15	3.3845743064e-25	2.5528628232e-17	8.8027725622e-23	4.0391369746e-24	1.2090476861e-43	8.2575172741e-29	5.7052032593e-29	7.6881963801e-29	2.9265663020e-19	1.9480364519e-63	1.3599118415e-45	3.5223966370e-52	1.3560035357e-38	2.0628260545e-42	7.4031371587e-32	2.4513286891e-29	5.6269899890e-37	1.6373452380e-26	7.2016768054e-29	2.0222388721e-20	1.4404868764e-19	1.0949577384e-35	4.6208993141e-22	1.6142465124e-40	4.5165930421e-21	4.2178982907e-31	1.0758993735e-23	3.4073803910e-30	3.1202685191e-30	6.1734762682e-39	7.7192712757e-50	1.8934721080e-45	7.4203497956e-32	1.7408070227e-30	1.1441872145e-46	1.2780919575e-38	6.8005047127e-42	1.1873845893e-54	3.6946417555e-28	2.5100487287e-10	1.6468414183e-07	1.9125149267e-08	3.5967367070e-21	4.6667432462e-43	2.3278157774e-24	1.4915098415e-37	3.0951975721e-18	1.6391729812e-35	2.4357770925e-08	3.2087595134e-07	1.5493340925e-27	4.8395081660e-42	2.3841550683e-35	3.7409938725e-26	2.4795344230e-16	2.0889347221e-10	5.3692448729e-08	1.1348130651e-10	3.7042252024e-18	2.2830383526e-05	1.6773254840e-22	3.0004568822e-23	7.4507181342e-26	4.1314652167e-38	1.1612751772e-17	1.9133817720e-24	4.1337904494e-26	1.0971508339e-13	7.3703166807e-18	6.6774894587e-05	5.1543729454e-17	3.3985582906e-09	5.8140455880e-24	1.2993034952e-32	5.6625651412e-05	1.8812152883e-44	4.0857551454e-31	2.1496225813e-43	4.4315350043e-22	5.2852187052e-25	2.4459523675e-26	1.9027052965e-34	4.4907290596e-63	1.6923008618e-22	3.9535039587e-28	3.2038786805e-41	5.9501287471e-41	8.5477984115e-21	9.3948659971e-14	4.7052498029e-21	5.5391683440e-07	1.0195672189e-31	1.2068218178e-38	8.7687144261e-20	1.8485265905e-16	3.7157569554e-12	2.8019092594e-17	9.5879922602e-21	9.0556935846e-30	8.5434003644e-12	7.1190948557e-14	1.6507586427e-10	1.2748415606e-15	1.7764512446e-17	4.5545255953e-16	1.2748653514e-13	4.9984340136e-19	2.5845045562e-16	4.0922406420e-15	1.7582237398e-18	1.4235634633e-35	1.4133425908e-19	1.4132016439e-15	1.6507586427e-10	2.9358480738e-25	1.2114315788e-31
2.8117687000e+01	8.0000000000e+02	4.7520550869e+20	2.5456921426e+20	2.3145189406e+00	1.2207887878e-45	5.0777185157e-13	1.3558508533e-01	5.5903460605e-32	1.1357884802e-31	6.5919961160e-24	6.3194869677e-18	3.6917612715e-21	6.7871617440e-19	3.6893300126e-13	1.9231529129e-19	2.5091077813e-07	3.8503632745e-06	6.8771949818e-05	6.0794714082e-29	4.0328485953e-06	5.1196969509e-16	0.0000000000e+00	2.2147951953e-39	3.1555876552e-15	9.5987041337e-19	7.0057328676e-23	4.0420258849e-28	6.2365376329e-31	3.0624486647e-16	4.0935304648e-15	4.6527732725e-04	2.4650041564e-32	1.6131087394e-32	1.6572331495e-50	3.5686275931e-42	1.9314862411e-11	6.2930799165e-14	5.7389055587e-56	8.4089671230e-41	3.0282133932e-22	3.4491190924e-28	1.0340014773e-15	2.0671263739e-21	5.0219336401e-12	1.8048371927e-29	1.4531782816e-23	5.8585129967e-26	7.6068066720e-15	8.1053983598e-28	2.5067477938e-23	1.8878348979e-35	9.6917430817e-52	7.6598226280e-34	3.3168387497e-41	9.6921640488e-60	3.3156712294e-40	1.3913079261e-76	3.8556202285e-44	1.0661621739e-55	8.3562853552e-26	5.4439512174e-29	3.3621148672e-37	1.0409611980e-54	1.7142227516e-19	2.3395797388e-37	8.6294410743e-01	5.2803325807e-17	1.6505573040e-24	6.6707033121e-04	1.1146616944e-04	1.8636858281e-21	6.1220904342e-26	1.6561906934e-42	5.1882648705e-66	2.7165662252e-06	6.4880206323e-32	1.0203945766e-70	4.1560095242e-88	2.6188741325e-107	5.6894718992e-35	3.1094290878e-64	7.2296349746e-24	3.4779084995e-27	5.8721069372e-15	4.0728381339e-25	3.7953937086e-17	1.0592844042e-22	7.4191507064e-24	4.2998683094e-43	1.9239274924e-28	1.0759053672e-28	9.4984973428e-29	2.9265270843e-19	1.3065177609e-62	7.3823177940e-45	1.5476900186e-51	4.8224783705e-38	5.9379401681e-42	1.7248556173e-31	3.7416743342e-29	6.9519128966e-37	1.6373147836e-26	2.0191542435e-28	4.5891480173e-20	2.1415892564e-19	3.1519028608e-35	7.0533137142e-22	3.0441958261e-40	6.8940976902e-21	5.2110629275e-31	2.5067477938e-23	6.4257429608e-30	3.1202397245e-30	3.2641654668e-38	2.6739201227e-49	8.1033582131e-45	2.5703617305e-31	2.5208115851e-30	1.4136017759e-46	1.2780735178e-38	3.6916337789e-41	7.9635210198e-54	8.6081840487e-28	2.5100555705e-10	1.6468364993e-07	1.9125092304e-08	2.9112268939e-21	1.0873217764e-42	2.8012164827e-24	3.4751041445e-37	3.7246370967e-18	2.5020656950e-35	2.9601676325e-08	3.1563101774e-07	1.5240004767e-27	8.9773932074e-42	3.5797051966e-35	4.5463566564e-26	2.4389920813e-16	1.6910489972e-10	5.3692288818e-08	9.1851639565e-11	5.6541373597e-18	2.2830315505e-05	2.5602718737e-22	4.5798752547e-23	1.1372727303e-25	6.3062020085e-38	2.7056657213e-17	4.4580312649e-24	7.7956741490e-26	1.3555055528e-13	9.1058158645e-18	6.6774695713e-05	4.1719660819e-17	2.7512508461e-09	5.8140614864e-24	1.2992996255e-32	5.6625482765e-05	2.8715044098e-44	6.2365376329e-31	3.9484813003e-43	1.0325079720e-21	9.7079735658e-25	3.7334876563e-26	2.9042634104e-34	6.8544456456e-63	2.0907882851e-22	4.8844107614e-28	3.9582533037e-41	5.9499750543e-41	1.0560560691e-20	9.3947891594e-14	8.8706012689e-21	5.5374034265e-07	2.3739996997e-31	2.8099944887e-38	2.0417180138e-19	2.8207189606e-16	4.5892863627e-12	5.2822865702e-17	1.8075615137e-20	1.7072009706e-29	8.5406294328e-12	7.1166639090e-14	2.5189104804e-10	1.9452834229e-15	2.7107216677e-17	5.6252072043e-16	2.9684626920e-13	1.7753952285e-18	3.9425032900e-16	4.0896242912e-15	2.1708641394e-18	5.0561858864e-35	2.6636580205e-19	1.4127271505e-15	2.5189104804e-10	6.8358249152e-25	2.8206796310e-31
1.8420699700e+01	8.0000000000e+02	3.1131885570e+20	1.6677556190e+20	2.3145052364e+00	2.8443371926e-45	6.2734480446e-13	1.3558428253e-01	9.9828421225e-32	1.7336686597e-31	1.0062037757e-23	1.1911800439e-17	3.6917804770e-21	6.7872724335e-19	3.6893492045e-13	2.3289787454e-19	2.5094150581e-07	3.8508645537e-06	6.8771560130e-05	7.5110220134e-29	4.0328247170e-06	5.1197805330e-16	0.0000000000e+00	4.1767485934e-39	6.9618883021e-15	2.1176519247e-18	1.3211541855e-22	6.1697571048e-28	9.5194646114e-31	4.6744763092e-16	5.0574455681e-15	4.6527454660e-04	6.7189319807e-32	4.3968474913e-32	5.2845527927e-50	1.1379570170e-41	4.5001535885e-11	1.4662031010e-13	2.0409703938e-55	2.4205524384e-40	7.0554144632e-22	6.5044182438e-28	1.5782857757e-15	2.5538519987e-21	5.0218516715e-12	2.7548482729e-29	1.7953422785e-23	7.2379529789e-26	7.6066766000e-15	1.5285153435e-27	5.8403902295e-23	5.4341424697e-35	4.0322881568e-51	3.7282963086e-33	1.1795793328e-40	5.2613290272e-59	1.7998507986e-39	1.1528294004e-75	2.0929770329e-43	1.2090635690e-54	1.2077943288e-25	7.8684487074e-29	4.8593995548e-37	1.5045262627e-54	2.1178739461e-19	2.8904527457e-37	8.6294787809e-01	6.1773927686e-17	2.2590018424e-24	6.6706582604e-04	1.0554829661e-04	1.6710410136e-21	1.0932271778e-25	2.9574416738e-42	9.2645249911e-66	5.6751565629e-06	1.3553920744e-31	2.1316269368e-70	8.6818996437e-88	5.4707645304e-107	8.6843189366e-35	4.7461300497e-64	1.2224697873e-23	3.8527279572e-27	5.5602921997e-15	4.7647113426e-25	5.4857001361e-17	1.2392302983e-22	1.3248454233e-23	1.5291788709e-42	4.4824996321e-28	2.0289430170e-28	1.1734892343e-28	2.9264490403e-19	8.7623645258e-62	4.0074023574e-44	6.8001486805e-51	1.7150189737e-37	1.7092227786e-41	4.0186466018e-31	5.7111225818e-29	8.5886327555e-37	1.6372541812e-26	5.5036092447e-28	1.0124518425e-19	3.0953273102e-19	9.0727756593e-35	1.0765970630e-21	5.7407419379e-40	1.0522939793e-20	6.4379883159e-31	5.8403902295e-23	1.2117660691e-29	3.1201839449e-30	1.6778499758e-37	9.0045561581e-49	3.3713994507e-44	8.6557286804e-31	3.4500577479e-30	1.7464276999e-46	1.2780374476e-38	2.0039174976e-40	5.3407486932e-53	2.0055943887e-27	2.5100685860e-10	1.6468267206e-07	1.9124979061e-08	2.3563909785e-21	2.5333740995e-42	3.2771460463e-24	8.0966290248e-37	4.3574083772e-18	3.8192041177e-35	3.5848254461e-08	3.0938239551e-07	1.4938128612e-27	1.6594685815e-41	5.3558729099e-35	5.5056768525e-26	2.3906820419e-16	1.3689058761e-10	5.3691970909e-08	7.4344469380e-11	8.6303992099e-18	2.2830180296e-05	3.9079613000e-22	6.9905764135e-23	1.7358984888e-25	9.6254797817e-38	6.3038429855e-17	1.0386738277e-23	1.4701240095e-25	1.6746903387e-13	1.1249872698e-17	6.6774300344e-05	3.3768147979e-17	2.2271575504e-09	5.8140917327e-24	1.2992919324e-32	5.6625147489e-05	4.3830671715e-44	9.5194646114e-31	7.0509168875e-43	2.4056089030e-21	1.7335629847e-24	5.6986866875e-26	4.4329373558e-34	1.0461887577e-62	2.5830834757e-22	6.0344227471e-28	4.8901513932e-41	5.9496750928e-41	1.3047151265e-20	9.3946363239e-14	1.6720476303e-20	5.5347039268e-07	5.5257792624e-31	6.5405385527e-38	4.7522466321e-19	4.3034783089e-16	5.6672082564e-12	9.9566379238e-17	3.4070539512e-20	3.2178496114e-29	8.5363708996e-12	7.1128780362e-14	3.8429335271e-10	2.9677560167e-15	4.1356130491e-17	6.9463667323e-16	6.9095425930e-13	6.3016892794e-18	6.0119892565e-16	4.0856200042e-15	2.6794335441e-18	1.7945517412e-34	5.0183434840e-19	1.4119913237e-15	3.8429335271e-10	1.5910700875e-24	6.5651901906e-31
1.2067926400e+01	8.0000000000e+02	2.0395178700e+20	1.0925943309e+20	2.3144815701e+00	6.6269999560e-45	7.7507669602e-13	1.3558289616e-01	1.7002849794e-31	2.6462525216e-31	1.5358602247e-23	2.2447030745e-17	3.6918131405e-21	6.7874617426e-19	3.6893818450e-13	2.8086956669e-19	2.5096501901e-07	3.8512494640e-06	6.8770871096e-05	9.2796092713e-29	4.0327834805e-06	5.1199234814e-16	0.0000000000e+00	7.8766060825e-39	1.4649469170e-14	4.4559584350e-18	2.4914146463e-22	9.4174595204e-28	1.4530421719e-30	7.1349408190e-16	6.2482991851e-15	4.6526972901e-04	1.7467476902e-31	1.1430442725e-31	1.5329649301e-49	3.3010327789e-41	1.0484674221e-10	3.4159653346e-13	7.2583015998e-55	6.9675116695e-40	1.6438063135e-21	1.2265958085e-27	2.4090375164e-15	3.1551393871e-21	5.0217097781e-12	4.2048191570e-29	2.2180410231e-23	8.9420701681e-26	7.6064527603e-15	2.8824019067e-27	1.3606978408e-22	1.5641771826e-34	1.6000881582e-50	1.6508089597e-32	4.1948571569e-40	2.8559867296e-58	9.7696872615e-39	9.5518651924e-75	1.1361022275e-42	1.2472696864e-53	1.6650428144e-25	1.0847090263e-28	6.6988223766e-37	2.0739932695e-54	2.6165569891e-19	3.5709821635e-37	8.6295439073e-01	6.8929088974e-17	2.8125998798e-24	6.6705813755e-04	9.5326457882e-05	1.3630390110e-21	1.8619570202e-25	5.0369441709e-42	1.5778503948e-65	1.0785478266e-05	2.5758360644e-31	4.0508663139e-70	1.6498451690e-87	1.0396045397e-106	1.3255394824e-34	7.2441636768e-64	1.8804621632e-23	3.8826175834e-27	5.0217150713e-15	5.3165039874e-25	7.5623488772e-17	1.3827433287e-22	2.2564460314e-23	5.4381204109e-42	1.0443368469e-27	3.8260892161e-28	1.4497534807e-28	2.9263139678e-19	5.8763730886e-61	2.1752836620e-43	2.9876950043e-50	6.0989024300e-37	4.9197873598e-41	9.3625118518e-31	8.7169359305e-29	1.0610389064e-36	1.6371493051e-26	1.4307697522e-27	2.1304013943e-19	4.2670029306e-19	2.6115335354e-34	1.6432488507e-21	1.0825619500e-39	1.6061522976e-20	7.9536179473e-31	1.3606978408e-22	2.2850911134e-29	3.1200884726e-30	8.2256987168e-37	2.8921416894e-48	1.3378110789e-43	2.7800532531e-30	4.2955396604e-30	2.1575687532e-46	1.2779754642e-38	1.0877203086e-39	3.5815798563e-52	4.6726520734e-27	2.5100907213e-10	1.6468098336e-07	1.9124783496e-08	1.9073235379e-21	5.9025037918e-42	3.6568062860e-24	1.8863962258e-36	4.8621253579e-18	5.8297160339e-35	4.3232183707e-08	3.0199493621e-07	1.4581156593e-27	3.0547143936e-41	7.9798870426e-35	6.6396028434e-26	2.3335553577e-16	1.1081005823e-10	5.3691421898e-08	6.0174046696e-11	1.3173128145e-17	2.2829946813e-05	5.9649625550e-22	1.0669944772e-22	2.6495619199e-25	1.4691403509e-37	1.4686735465e-16	2.4199553719e-23	2.7723435212e-25	2.0690222901e-13	1.3898583593e-17	6.6773617562e-05	2.7332288029e-17	1.8028485780e-09	5.8141431736e-24	1.2992786469e-32	5.6624568485e-05	6.6902648843e-44	1.4530421719e-30	1.2009173267e-42	5.6046109594e-21	2.9525646890e-24	8.6981139456e-26	6.7660341801e-34	1.5966942658e-62	3.1912498876e-22	7.4550372863e-28	6.0412681018e-41	5.9491603590e-41	1.6119017903e-20	9.3943720729e-14	3.1508674743e-20	5.5305789692e-07	1.2855079419e-30	1.5215508063e-37	1.1055124477e-18	6.5639613419e-16	6.9964941036e-12	1.8762293412e-16	6.4201316941e-20	6.0634860940e-29	8.5298461408e-12	7.1070346558e-14	5.8612831527e-10	4.5263667594e-15	6.3078013840e-17	8.5755251528e-16	1.6074549612e-12	2.2344083504e-17	9.1629964585e-16	4.0795015452e-15	3.3054243101e-18	6.3622663372e-34	9.4496299675e-19	1.4108582516e-15	5.8612831527e-10	3.7012267571e-24	1.5271982258e-30
7.9060432100e+00	8.0000000000e+02	1.3361269762e+20	7.1578974753e+19	2.3144479251e+00	1.5440030099e-44	9.5759913215e-13	1.3558092522e-01	2.7176229986e-31	4.0391770383e-31	2.3443054030e-23	4.2283213877e-17	3.6918603364e-21	6.7877336740e-19	3.6894290079e-13	3.3706322372e-19	2.5098248285e-07	3.8515369592e-06	6.8769882861e-05	1.1464570296e-28	4.0327248570e-06	5.1201288178e-16	0.0000000000e+00	1.4853742700e-38	2.8927618422e-14	8.7987313546e-18	4.6981937004e-22	1.4374611888e-27	2.2178929713e-30	1.0890325875e-15	7.7195107685e-15	4.6526282561e-04	4.2614301513e-31	2.7885368202e-31	3.9160789435e-49	8.4327467010e-41	2.4427231614e-10	7.9583108619e-13	2.5812132800e-54	2.0055439363e-39	3.8297525621e-21	2.3130613020e-27	3.6770101208e-15	3.8979423110e-21	5.0215068815e-12	6.4178079782e-29	2.7402215021e-23	1.1047249664e-25	7.6061320924e-15	5.4353602969e-27	3.1700776603e-22	4.5022391178e-34	5.9583610169e-50	6.4368552292e-32	1.4917436308e-39	1.5502536819e-57	5.3027788759e-38	7.9139349571e-74	6.1667010333e-42	1.1330594650e-52	2.1540634496e-25	1.4032481399e-28	8.6657831708e-37	2.6829021488e-54	3.2326404092e-19	4.4116699589e-37	8.6296364996e-01	7.2177397749e-17	3.0839026297e-24	6.6704707043e-04	8.0793743803e-05	9.7911156382e-22	2.9759475843e-25	8.0502783641e-42	2.5217249661e-65	1.8050985645e-05	4.3108991905e-31	6.7791279050e-70	2.7609417326e-87	1.7396839388e-106	2.0232167268e-34	1.1056715320e-63	2.5473681092e-23	3.4457432634e-27	4.2560354898e-15	5.5669038695e-25	9.7831495324e-17	1.4478686004e-22	3.6064618134e-23	1.9338669728e-41	2.4330417922e-27	7.2148890258e-28	1.7910178474e-28	2.9261209197e-19	3.9407533056e-60	1.1807321279e-42	1.3126149274e-49	2.1687942785e-36	1.4160500410e-40	2.1811736594e-30	1.3304326932e-28	1.3107683877e-36	1.6369994489e-26	3.4904694660e-27	4.2066959756e-19	5.5199234950e-19	7.5169035764e-34	2.5080921875e-21	2.0413927107e-39	2.4514673866e-20	9.8258406724e-31	3.1700776603e-22	4.3090082211e-29	3.1199514670e-30	3.7842428756e-36	8.7170204228e-48	4.9815740103e-43	8.3789675626e-30	4.7098864470e-30	2.6654397753e-46	1.2778866749e-38	5.9037847180e-39	2.4017196913e-51	1.0886102323e-26	2.5101227058e-10	1.6467858259e-07	1.9124505474e-08	1.5438580363e-21	1.3752102013e-41	3.8292469558e-24	4.3949494270e-36	5.0912652669e-18	8.8986168077e-35	5.1881659449e-08	2.9334044200e-07	1.4162906563e-27	5.5954497879e-41	1.1831143739e-34	7.9677864258e-26	2.2666229688e-16	8.9696397037e-11	5.3690641399e-08	4.8704442126e-11	2.0106683314e-17	2.2829614891e-05	9.1045471991e-22	1.6285493976e-22	4.0440240464e-25	2.2422817726e-37	3.4216344366e-16	5.6380322768e-23	5.2279670163e-25	2.5561907558e-13	1.7170686538e-17	6.6772646892e-05	2.2123158761e-17	1.4593426186e-09	5.8142175012e-24	1.2992597596e-32	5.6623745348e-05	1.0211861521e-43	2.2178929713e-30	1.9194667871e-42	1.3057339570e-20	4.7190647740e-24	1.3275950968e-25	1.0326752311e-33	2.4367301821e-62	3.9425484382e-22	9.2098844182e-28	7.4631230849e-41	5.9484237688e-41	1.9913865267e-20	9.3939953083e-14	5.9352528550e-20	5.5242900417e-07	2.9881858617e-30	3.5367750308e-37	2.5696427512e-18	1.0007847949e-15	8.6341731062e-12	3.5341350941e-16	1.2092867510e-19	1.1420782970e-28	8.5199139157e-12	7.0981773590e-14	8.9360101943e-10	6.9006313818e-15	9.6170268519e-17	1.0582521000e-15	3.7366594677e-12	7.9100365833e-17	1.3954472273e-15	4.0701853892e-15	4.0744473529e-18	2.2519388873e-33	1.7779727711e-18	1.4091384369e-15	8.9360101943e-10	8.6028616755e-24	3.5496112526e-30
5.1794746800e+00	8.0000000000e+02	8.7532027076e+19	4.6893430444e+19	2.3144091440e+00	3.5973008245e-44	1.1831046576e-12	1.3557865342e-01	4.0624290390e-31	6.1652725185e-31	3.5782856615e-23	7.9600738131e-17	3.6919181667e-21	6.7880597319e-19	3.6894867978e-13	4.0219332684e-19	2.5099536781e-07	3.8517504758e-06	6.8768739830e-05	1.4163955493e-28	4.0326572843e-06	5.1203750227e-16	0.0000000000e+00	2.8011119243e-38	5.3423256209e-14	1.6248888292e-17	8.8595447033e-22	2.1941011461e-27	3.3853307122e-30	1.6622154402e-15	9.5370979930e-15	4.6525470371e-04	9.7231525240e-31	6.3622983008e-31	8.7503670693e-49	1.8842732770e-40	5.6910026123e-10	1.8540496238e-12	9.1792595667e-54	5.7727385914e-39	8.9224963169e-21	4.3618302073e-27	5.6123195323e-15	4.8155835509e-21	5.0212694637e-12	9.7953555100e-29	3.3853069863e-23	1.3647922783e-25	7.6057527300e-15	1.0249339305e-26	7.3853568327e-22	1.2958782120e-33	2.0750744498e-49	2.1953497559e-31	5.3047371836e-39	8.4147588946e-57	2.8781555580e-37	6.5567183303e-73	3.3471782950e-41	9.0031186289e-52	2.6062797000e-25	1.6977859098e-28	1.0484366353e-36	3.2458251654e-54	3.9937671252e-19	5.4502230400e-37	8.6297432301e-01	7.0685396898e-17	2.9576872387e-24	6.6703369457e-04	6.4043073288e-05	6.1519907255e-22	4.4484404014e-25	1.2033149613e-41	3.7692249474e-65	2.6425341534e-05	6.3106410085e-31	9.9231893000e-70	4.0412955214e-87	2.5463590546e-106	3.0880741230e-34	1.6875527505e-63	3.0184038541e-23	2.6748563085e-27	3.3735466487e-15	5.4516661174e-25	1.1836635355e-16	1.4178969812e-22	5.3909457834e-23	6.8769743385e-41	5.6682928287e-27	1.3604992785e-27	2.2125876091e-28	2.9258953073e-19	2.6426475808e-59	6.4088090690e-42	5.7667250133e-49	7.7121632402e-36	4.0757018506e-40	5.0813604269e-30	2.0305541104e-28	1.6192487426e-36	1.6368244131e-26	7.9638416238e-27	7.7686552375e-19	6.6783404623e-19	2.1635938469e-33	3.8280544517e-21	3.8494093130e-39	3.7416193589e-20	1.2138615435e-30	7.3853568327e-22	8.1254019810e-29	3.1197877583e-30	1.6281970658e-35	2.4572021346e-47	1.7348443008e-42	2.3618394748e-29	4.5171241483e-30	3.2928138659e-46	1.2777815124e-38	3.2042807438e-38	1.6104840024e-50	2.5361510818e-26	2.5101619012e-10	1.6467581510e-07	1.9124185010e-08	1.2496666365e-21	3.2040570284e-41	3.7502251903e-24	1.0239316686e-35	4.9860386129e-18	1.3583087938e-34	6.1906656519e-08	2.8330966037e-07	1.3678162263e-27	1.0190925779e-40	1.7440997406e-34	9.5071035063e-26	2.1890504676e-16	7.2604450817e-11	5.3689741754e-08	3.9420969933e-11	3.0689414847e-17	2.2829232295e-05	1.3896489109e-21	2.4856134825e-22	6.1723112702e-25	3.4222266291e-37	7.9714163529e-16	1.3135406665e-22	9.8585888528e-25	3.1580574821e-13	2.1212984816e-17	6.6771528044e-05	1.7906878620e-17	1.1812648794e-09	5.8143085767e-24	1.2992379891e-32	5.6622796556e-05	1.5587063554e-43	3.3853307122e-30	2.8693080751e-42	3.0419916250e-20	7.0540716678e-24	2.0262879434e-25	1.5761103882e-33	3.7186021441e-62	4.8706814670e-22	1.1377655785e-27	9.2194525822e-41	5.9475527431e-41	2.4601941560e-20	9.3935577138e-14	1.1173476776e-19	5.5147195364e-07	6.9377439506e-30	8.2111505831e-37	5.9656153817e-18	1.5249505274e-15	1.0648826682e-11	6.6530099301e-16	2.2764087161e-19	2.1498231924e-28	8.5048779337e-12	7.0849613392e-14	1.3615404603e-09	1.0513846810e-14	1.4653514713e-16	1.3051368922e-15	8.6757746324e-12	2.7935374921e-16	2.1226092863e-15	4.0560447303e-15	5.0163901261e-18	7.9514829662e-33	3.3413025139e-18	1.4065603778e-15	1.3615404603e-09	1.9971531094e-23	8.2401503007e-30
3.3932217700e+00	8.0000000000e+02	5.7343805988e+19	3.0721225391e+19	2.3143718296e+00	8.3811892893e-44	1.4617142574e-12	1.3557646753e-01	5.7333354576e-31	9.4104681592e-31	5.4618064522e-23	1.4971698073e-16	3.6919820622e-21	6.7884037954e-19	3.6895506489e-13	4.7675979511e-19	2.5100515568e-07	3.8519134591e-06	6.8767638609e-05	1.7498938390e-28	4.0325922672e-06	5.1206348175e-16	0.0000000000e+00	5.2823260412e-38	9.3147926547e-14	2.8330352063e-17	1.6706736654e-21	3.3490160965e-27	5.1672763890e-30	2.5370754596e-15	1.1782642068e-14	4.6524644327e-04	2.0945179469e-30	1.3704919746e-30	1.7428152626e-48	3.7529171063e-40	1.3258767613e-09	4.3193779754e-12	3.2643142828e-53	1.6616213179e-38	2.0787506133e-20	8.2252786218e-27	8.5662372964e-15	5.9492536147e-21	5.0210314111e-12	1.4950420093e-28	4.1822498972e-23	1.6860811704e-25	7.6053634449e-15	1.9326945177e-26	1.7205725045e-21	3.7299227175e-33	6.8228542331e-49	6.6739696260e-31	1.8863994817e-38	4.5675300535e-56	1.5621580216e-36	5.4322742389e-72	1.8167940730e-40	6.3765287585e-51	2.9772029168e-25	1.9393483328e-28	1.1975690565e-36	3.7073960492e-54	4.9340953573e-19	6.7332471791e-37	8.6298459276e-01	6.5355623857e-17	2.5284455565e-24	6.6701933407e-04	4.7928217516e-05	3.4454720385e-22	6.2779062121e-25	1.6981335608e-41	5.3190009435e-65	3.4481827082e-05	8.2343366325e-31	1.2947245475e-69	5.2726895002e-87	3.3221306776e-106	4.7133766867e-34	2.5756525197e-63	3.1879599488e-23	1.8508348373e-27	2.5246021851e-15	5.0404537558e-25	1.3520812931e-16	1.3109467840e-22	7.6080551174e-23	2.4455065994e-40	1.3205517105e-26	2.5654721179e-27	2.7333872084e-28	2.9256698315e-19	1.7721491006e-58	3.4785975844e-41	2.5335060724e-48	2.7424250665e-35	1.1730777896e-39	1.1837779764e-29	3.0991066399e-28	2.0003287233e-36	1.6366497401e-26	1.7154842026e-26	1.3544900098e-18	7.6283142003e-19	6.2274897633e-33	5.8426912777e-21	7.2587432756e-39	5.7107453819e-20	1.4995750130e-30	1.7205725045e-21	1.5321885047e-28	3.1196163038e-30	6.6139460691e-35	6.5394186732e-47	5.7040067995e-42	6.2854410422e-29	3.8615653243e-30	4.0678467701e-46	1.2776733991e-38	1.7391284493e-37	1.0799202018e-49	5.9085138161e-26	2.5102052164e-10	1.6467315171e-07	1.9123876666e-08	1.0115376144e-21	7.4650564212e-41	3.4675877053e-24	2.3855544621e-35	4.6101095837e-18	2.0733658785e-34	7.3384123774e-08	2.7182662732e-07	1.3123323855e-27	1.8438849727e-40	2.5542144239e-34	1.1269382171e-25	2.1002621621e-16	5.8768692637e-11	5.3688876134e-08	3.1907016753e-11	4.6842248543e-17	2.2828864152e-05	2.1210547119e-21	3.7937250957e-22	9.4206838062e-25	5.2230779766e-37	1.8571102856e-15	3.0602735114e-22	1.8590767717e-24	3.9016398460e-13	2.6206966686e-17	6.6770451510e-05	1.4494166813e-17	9.5616208316e-10	5.8144092041e-24	1.2992170420e-32	5.6621883646e-05	2.3791578527e-43	5.1672763890e-30	4.0494752199e-42	7.0870021200e-20	9.9551833051e-24	3.0927022826e-25	2.4055335274e-33	5.6748686167e-62	6.0173096044e-22	1.4055648939e-27	1.1389082202e-40	5.9466616049e-41	3.0393705476e-20	9.3931276749e-14	2.1015624306e-19	5.5001551898e-07	1.6078229010e-29	1.9028714110e-36	1.3824395699e-17	2.3215367830e-15	1.3121618974e-11	1.2512889772e-15	4.2812951483e-19	4.0430876308e-28	8.4821330358e-12	7.0653051710e-14	2.0726278515e-09	1.6004345005e-14	2.2307304787e-16	1.6081524315e-15	2.0106789118e-11	9.8299193994e-16	3.2228212573e-15	4.0346010197e-15	6.1648613449e-18	2.7974122732e-32	6.2678141107e-18	1.4027049768e-15	2.0726278515e-09	4.6279403105e-23	1.9094003736e-29
2.2229964800e+00	8.0000000000e+02	3.7567054351e+19	2.0126352044e+19	2.3143403807e+00	1.9527035849e-43	1.8059320101e-12	1.3557462524e-01	7.7493167176e-31	1.4363837336e-30	8.3368025631e-23	2.8120221611e-16	3.6920527873e-21	6.7887557918e-19	3.6896213252e-13	5.6093864618e-19	2.5101294368e-07	3.8520433186e-06	6.8766710237e-05	2.1619236746e-28	4.0325374701e-06	5.1209005910e-16	0.0000000000e+00	9.9614215979e-38	1.5554351100e-13	4.7306024942e-17	3.1504567616e-21	5.1118581694e-27	7.8872072458e-30	3.8724045731e-15	1.4556926489e-14	4.6523835227e-04	4.3211301629e-30	2.8273237306e-30	3.1838104617e-48	6.8559055000e-40	3.0890121188e-09	1.0062906603e-11	1.1608599926e-52	4.7828347666e-38	4.8430745663e-20	1.5510822454e-26	1.3074941445e-14	7.3498348089e-21	5.0208064127e-12	2.2818591151e-28	5.1668132212e-23	2.0830095516e-25	7.6049821534e-15	3.6444601212e-26	4.0084597106e-21	1.0735911794e-32	2.1485059466e-48	1.8609610407e-30	6.7082204518e-38	2.4792852524e-55	8.4789408361e-36	4.5007405109e-71	9.8614068999e-40	4.1423976566e-50	3.2570913335e-25	2.1215980200e-28	1.3100673565e-36	4.0555318943e-54	6.0958213470e-19	8.3183086131e-37	8.6299324883e-01	5.7872188903e-17	1.9825453909e-24	6.6700418320e-04	3.4351338597e-05	1.7699017105e-22	8.4850940478e-25	2.2950886291e-41	7.1885858310e-65	4.1269472315e-05	9.8549186351e-31	1.5494350131e-69	6.3097762603e-87	3.9754313048e-106	7.1941117087e-34	3.9311360929e-63	3.0882819710e-23	1.1746342000e-27	1.8093951944e-15	4.4631827526e-25	1.4791506079e-16	1.1608072129e-22	1.0282951780e-22	8.6965061637e-40	3.0765378928e-26	4.8377074155e-27	3.3767922612e-28	2.9254585078e-19	1.1884146312e-57	1.8881537941e-40	1.1130651042e-47	9.7521153795e-35	3.3764188521e-39	2.7578154698e-29	4.7300132197e-28	2.4711132445e-36	1.6364866483e-26	3.5390612320e-26	2.2617396056e-18	8.3449539436e-19	1.7924804824e-32	8.9176553175e-21	1.3687729828e-38	8.7162208972e-20	1.8525462936e-30	4.0084597106e-21	2.8892304770e-28	3.1194432965e-30	2.5730828154e-34	1.6667676146e-46	1.7961334163e-41	1.6019898441e-28	3.0278399768e-30	5.0253133543e-46	1.2775675090e-38	9.4393266728e-37	7.2416174537e-49	1.3765281965e-25	2.5102531778e-10	1.6467090583e-07	1.9123616788e-08	8.1878522798e-22	1.7392820801e-40	3.0706658669e-24	5.5579170954e-35	4.0822740502e-18	3.1648685041e-34	8.6341154315e-08	2.5886490587e-07	1.2497144926e-27	3.3113628112e-40	3.7127502710e-34	1.3258791332e-25	2.0000588756e-16	4.7569101405e-11	5.3688146579e-08	2.5825324103e-11	7.1497471774e-17	2.2828553846e-05	3.2374335307e-21	5.7902941393e-22	1.4378750815e-24	7.9716286082e-37	4.3265715411e-15	7.1298543496e-22	3.5057680819e-24	4.8203195702e-13	3.2376891564e-17	6.6769544196e-05	1.1731863950e-17	7.7394767870e-10	5.8145205873e-24	1.2991993875e-32	5.6621114237e-05	3.6314703813e-43	7.8872072458e-30	5.4733699521e-42	1.6510974936e-19	1.3455351876e-23	4.7204217889e-25	3.6715026533e-33	8.6605845482e-62	7.4339012900e-22	1.7364053414e-27	1.4069372180e-40	5.9458019446e-41	3.7549174638e-20	9.3927424325e-14	3.9472076575e-19	5.4779612005e-07	3.7157447854e-29	4.3974700177e-36	3.1946654220e-17	3.5293009337e-15	1.6146038647e-11	2.3501256175e-15	8.0407101219e-19	7.5930834047e-28	8.4476296768e-12	7.0358739402e-14	3.1506924326e-09	2.4328109620e-14	3.3911422060e-16	1.9787528616e-15	4.6469137388e-11	3.4396975933e-15	4.8796536062e-15	4.0020660743e-15	7.5551228508e-18	9.7868167393e-32	1.1724745881e-17	1.3969076106e-15	3.1506924326e-09	1.0694309604e-22	4.4121247798e-29
1.4563484800e+00	8.0000000000e+02	2.4610992212e+19	1.3185348007e+19	2.3143161231e+00	4.5495468261e-43	2.2312067254e-12	1.3557320423e-01	1.0162802903e-30	2.1924469829e-30	1.2725213268e-22	5.2702357162e-16	3.6921403023e-21	6.7891484381e-19	3.6897087802e-13	6.5447388793e-19	2.5101937774e-07	3.8521504302e-06	6.8765994388e-05	2.6709813717e-28	4.0324952035e-06	5.1211970388e-16	0.0000000000e+00	1.8785297754e-37	2.5201435748e-13	7.6643441227e-17	5.9409437346e-21	7.8026208499e-27	1.2038848823e-29	5.9105457914e-15	1.7984416151e-14	4.6522935465e-04	8.6497944674e-30	5.6593835962e-30	5.4756069843e-48	1.1790979549e-39	7.1967527373e-09	2.3443668147e-11	4.1282881936e-52	1.3767037239e-37	1.1283431887e-19	2.9249593098e-26	1.9956744673e-14	9.0801384989e-21	5.0205733616e-12	3.4827630574e-28	6.3831429489e-23	2.5733749533e-25	7.6045751093e-15	6.8723197576e-26	9.3386206170e-21	3.0901474166e-32	6.5645256143e-48	4.8851813701e-30	2.3855177014e-37	1.3457829076e-54	4.6021463304e-35	3.7289866901e-70	5.3527336077e-39	2.5334474109e-49	3.4573629616e-25	2.2519735915e-28	1.3905255428e-36	4.3044564733e-54	7.5310546406e-19	1.0276465078e-36	8.6299992680e-01	4.9722149315e-17	1.4634562628e-24	6.6698654341e-04	2.3888484343e-05	8.5592487801e-23	1.1127354034e-24	3.0096768009e-41	9.4264683930e-65	4.6500286807e-05	1.1103628231e-30	1.7456434473e-69	7.1085543853e-87	4.4785428895e-106	1.0980470583e-33	5.9999413949e-63	2.8164925578e-23	7.0181750404e-28	1.2582490271e-15	3.8345366640e-25	1.5700579223e-16	9.9730574893e-23	1.3485160858e-22	3.0925961626e-39	7.1675472496e-26	9.1224783419e-27	4.1716462968e-28	2.9252435055e-19	7.9696600171e-57	1.0248825926e-39	4.8901509455e-47	3.4678912869e-34	9.7182464056e-39	6.4248314613e-29	7.2191951715e-28	3.0526992731e-36	1.6363220680e-26	7.0841011961e-26	3.6644114290e-18	8.8575247827e-19	5.1593832014e-32	1.3610963540e-20	2.5810806814e-38	1.3303420856e-19	2.2885959118e-30	9.3386206170e-21	5.4481912358e-28	3.1192541660e-30	9.7127865656e-34	4.1219886056e-46	5.4877411762e-41	3.9616830933e-28	2.2350617531e-30	6.2081200914e-46	1.2774554590e-38	5.1233526202e-36	4.8560579883e-48	3.2069590016e-25	2.5103125493e-10	1.6466917128e-07	1.9123416334e-08	6.6276575883e-22	4.0523956044e-40	2.6383615131e-24	1.2949084163e-34	3.5074304985e-18	4.8310233426e-34	1.0073834516e-07	2.4446409679e-07	1.1801517863e-27	5.8971486680e-40	5.3517521743e-34	1.5469245707e-25	1.8887432634e-16	3.8503572399e-11	5.3687583853e-08	2.0902883777e-11	1.0913104735e-16	2.2828314452e-05	4.9414177102e-21	8.8376436610e-22	2.1946433299e-24	1.2166567544e-36	1.0079823879e-14	1.6611335850e-21	6.6110741735e-24	5.9553368425e-13	3.9999792209e-17	6.6768844358e-05	9.4960339458e-18	6.2645318881e-10	5.8146584124e-24	1.2991857701e-32	5.6620520768e-05	5.5429521336e-43	1.2038848823e-29	7.1780238263e-42	3.8467034243e-19	1.7645632767e-23	7.2049426738e-25	5.6038390701e-33	1.3217744556e-61	9.1840120162e-22	2.1451216201e-27	1.7380436485e-40	5.9449266336e-41	4.6389440533e-20	9.3923896026e-14	7.3977776790e-19	5.4440874341e-07	8.5502766019e-29	1.0118644272e-35	7.3507216230e-17	5.3538344533e-15	1.9824725428e-11	4.4044078822e-15	1.5068707884e-18	1.4229345760e-27	8.3951055456e-12	6.9914105302e-14	4.7791709396e-09	3.6901164574e-14	5.1440763155e-16	2.4295055923e-15	1.0693349079e-10	1.1932874188e-14	7.3564454655e-15	3.9526938063e-15	9.2190358330e-18	3.3945106671e-31	2.1838234171e-17	1.3881272643e-15	4.7791709396e-09	2.4606083961e-22	1.0151323983e-28
9.5409547600e-01	8.0000000000e+02	1.6123240551e+19	8.6380979935e+18	2.3142984354e+00	1.0599805450e-42	2.7566255131e-12	1.3557216808e-01	1.3059563538e-30	3.3464485857e-30	1.9423735974e-22	9.8443762909e-16	3.6922686283e-21	6.7896718344e-19	3.6898370188e-13	7.5659100436e-19	2.5102479699e-07	3.8522403730e-06	6.8765472811e-05	3.2999172479e-28	4.0324643842e-06	5.1215921781e-16	0.0000000000e+00	3.5425201465e-37	4.0009324467e-13	1.2167252406e-16	1.1202920946e-20	1.1909656624e-26	1.8375691756e-29	9.0212747355e-15	2.2218747338e-14	4.6521619764e-04	1.6965912873e-29	1.1099979136e-29	9.0416023436e-48	1.9469868569e-39	1.6766712713e-08	5.4615824338e-11	1.4681013805e-51	3.9626983800e-37	2.6287920488e-19	5.5156835357e-26	3.0460266821e-14	1.1217626244e-20	5.0202610546e-12	5.3155660370e-28	7.8856842569e-23	3.1791270412e-25	7.6040376385e-15	1.2958790128e-25	2.1756014513e-20	8.8942905975e-32	1.9653100553e-47	1.2312609634e-29	8.4830156753e-37	7.3049514228e-54	2.4978475025e-34	3.0895088382e-69	2.9053818574e-38	1.4876264148e-48	3.5960409245e-25	2.3422029854e-28	1.4461781456e-36	4.4765426899e-54	9.3041209206e-19	1.2695356027e-36	8.6300479864e-01	4.1859499809e-17	1.0372073319e-24	6.6696202977e-04	1.6277856953e-05	3.9742067947e-23	1.4298439832e-24	3.8672138937e-41	1.2111806806e-64	5.0305153751e-05	1.2011668778e-30	1.8882398162e-69	7.6889048308e-87	4.8439708300e-106	1.6759366410e-33	9.1572535252e-63	2.4662093949e-23	4.0260069196e-28	8.5735463700e-16	3.2280652282e-25	1.6329789672e-16	8.3957158116e-23	1.7328323894e-22	1.0997513864e-38	1.6698245870e-25	1.7201947527e-26	5.1534876257e-28	2.9249623046e-19	5.3444484736e-56	5.5629058137e-39	2.1483960519e-46	1.2331674308e-33	2.7971062816e-38	1.4967431956e-28	1.1018013938e-27	3.7710565779e-36	1.6361092618e-26	1.3894453407e-25	5.8173531634e-18	9.2121049913e-19	1.4850243727e-31	2.0773904889e-20	4.8670149284e-38	2.0304341958e-19	2.8272173495e-30	2.1756014513e-20	1.0273382102e-27	3.1190072799e-30	3.5924633784e-33	9.9884708507e-46	1.6428829219e-40	9.5996901988e-28	1.5840736047e-30	7.6691372363e-46	1.2773110145e-38	2.7806886857e-35	3.2562481627e-47	7.4712573270e-25	2.5103996370e-10	1.6466790213e-07	1.9123270164e-08	5.3648555554e-22	9.4418671313e-40	2.2213115375e-24	3.0169403029e-34	2.9528804017e-18	7.3744375186e-34	1.1645648077e-07	2.2874332291e-07	1.1042128447e-27	1.0405601999e-39	7.6433829461e-34	1.7882294922e-25	1.7672237301e-16	3.1165556933e-11	5.3687173532e-08	1.6918716082e-11	1.6657516261e-16	2.2828139827e-05	7.5422487266e-21	1.3488614908e-21	3.3497119189e-24	1.8568658428e-36	2.3483266755e-14	3.8701566139e-21	1.2466958149e-23	7.3576397200e-13	4.9417884339e-17	6.6768334061e-05	7.6863798600e-18	5.0706455693e-10	5.8148605098e-24	1.2991758407e-32	5.6620088032e-05	8.4605030236e-43	1.8375691756e-29	9.2240161630e-42	8.9620406886e-19	2.2674964852e-23	1.0997315345e-24	8.5533457902e-33	2.0173657078e-61	1.1346089810e-21	2.6500085806e-27	2.1470275912e-40	5.9438730226e-41	5.7310815469e-20	9.3919991146e-14	1.3818453502e-18	5.3923333179e-07	1.9543602120e-28	2.3127482592e-35	1.6800321666e-16	8.0944546604e-15	2.4260197292e-11	8.2267307487e-15	2.8144747243e-18	2.6575892465e-27	8.3149450801e-12	6.9237724802e-14	7.2250090272e-09	5.5783722072e-14	7.7769918903e-16	2.9729433714e-15	2.4443118089e-10	4.0846731870e-14	1.1016404216e-14	3.8778767116e-15	1.1174338848e-17	1.1616597702e-30	4.0404047300e-17	1.3747561835e-15	7.2250090272e-09	5.6235648669e-22	2.3199225300e-28
6.2505519300e-01	8.0000000000e+02	1.0562738332e+19	5.6590646789e+18	2.3142859482e+00	2.4695518093e-42	3.4057704441e-12	1.3557143658e-01	1.6557053144e-30	5.1077479197e-30	2.9648460996e-22	1.8292843326e-15	3.6924882094e-21	6.7905153980e-19	3.6900564508e-13	8.6595545209e-19	2.5102938201e-07	3.8523162223e-06	6.8765104999e-05	4.0769611576e-28	4.0324426263e-06	5.1222290017e-16	0.0000000000e+00	6.6803114144e-37	6.2665211444e-13	1.9055907585e-16	2.1124550699e-20	1.8178069178e-26	2.8047374200e-29	1.3768551408e-14	2.7449359432e-14	4.6519132050e-04	3.2830567591e-29	2.1478064926e-29	1.4532069707e-47	3.1292847936e-39	3.9060698050e-08	1.2722791204e-10	5.2206319047e-51	1.1405706072e-36	6.1242304251e-19	1.0400608829e-25	4.6489755017e-14	1.3857620134e-20	5.0197041275e-12	8.1123167945e-28	9.7414556429e-23	3.9272844367e-25	7.6031378280e-15	2.4434064072e-25	5.0681149877e-20	2.5598487329e-31	5.8046897636e-47	3.0205008277e-29	3.0164013420e-36	3.9648899452e-53	1.3555744813e-33	2.5594698925e-68	1.5768561188e-37	8.5019057643e-48	3.6901425028e-25	2.4033381040e-28	1.4838293799e-36	4.5927915177e-54	1.1494359517e-18	1.5682891761e-36	8.6300824242e-01	3.4767757412e-17	7.1553211940e-25	6.6692143036e-04	1.0943191620e-05	1.7961486702e-23	1.8126537842e-24	4.9022587786e-41	1.5352489326e-64	5.2972170959e-05	1.2647668354e-30	1.9879613271e-69	8.0944453578e-87	5.0991285308e-106	2.5578479495e-33	1.3975076574e-62	2.1019838320e-23	2.2480305273e-28	5.7634472163e-16	2.6810195983e-25	1.6756146390e-16	6.9729317847e-23	2.1967770351e-22	3.9105386892e-38	3.8899246099e-25	3.2434864171e-26	6.3659608982e-28	2.9244697581e-19	3.5836666878e-55	3.0191907644e-38	9.4377251420e-46	4.3846926620e-33	8.0498949362e-38	3.4865240726e-28	1.6814228972e-27	4.6580143284e-36	1.6357397481e-26	2.6885472176e-25	9.1109940600e-18	9.4520119849e-19	4.2740518101e-31	3.1704195400e-20	9.1768562830e-38	3.0987340411e-19	3.4923576523e-30	5.0681149877e-20	1.9370672266e-27	3.1186151254e-30	1.3108445645e-32	2.3878721806e-45	4.8520983479e-40	2.2947972977e-27	1.0927955374e-30	9.4733331947e-46	1.2770770265e-38	1.5090071677e-34	2.1831938356e-46	1.7404599243e-24	2.5105486839e-10	1.6466699738e-07	1.9123166957e-08	4.3428629050e-22	2.1999124430e-39	1.8452037896e-24	7.0288795378e-34	2.4527461068e-18	1.1257180592e-33	1.3329014470e-07	2.1190779640e-07	1.0228763423e-27	1.8178094919e-39	1.0807640926e-33	2.0465986034e-25	1.6370618464e-16	2.5225916664e-11	5.3686883853e-08	1.3693964938e-11	2.5425854319e-16	2.2828016449e-05	1.1511769066e-20	2.0586399863e-21	5.1126327387e-24	2.8337752654e-36	5.4707454575e-14	9.0166395215e-21	2.3509359701e-23	9.0901707004e-13	6.1053925031e-17	6.6767973800e-05	6.2217391980e-18	4.1042701416e-10	5.8152063226e-24	1.2991688308e-32	5.6619782528e-05	1.2913426163e-42	2.8047374200e-29	1.1694305508e-41	2.0879447303e-18	2.8747290812e-23	1.6786026589e-24	1.3055490039e-32	3.0791118219e-61	1.4016886844e-21	3.2735913188e-27	2.6520800916e-40	5.9422989222e-41	7.0801938987e-20	9.3914086496e-14	2.5677483006e-18	5.3132730468e-07	4.4206791088e-28	5.2309982079e-35	3.7996678590e-16	1.2174320642e-14	2.9533546476e-11	1.5285939004e-14	5.2291851743e-18	4.9373777542e-27	8.1925032050e-12	6.8204889916e-14	1.0865236766e-08	8.3884190655e-14	1.1696087721e-15	3.6189263080e-15	5.5292872827e-10	1.3693325877e-13	1.6326033223e-14	3.7649834791e-15	1.3403764286e-17	3.8927952080e-30	7.3977823868e-17	1.3543364783e-15	1.0865236766e-08	1.2717787876e-21	5.2462040727e-28
4.0949150600e-01	8.0000000000e+02	6.9199253773e+18	3.7074148713e+18	2.3142772082e+00	5.7532383790e-42	4.2077770010e-12	1.3557092459e-01	2.0805445227e-30	7.7956462136e-30	4.5255645377e-22	3.3715652497e-15	3.6929062379e-21	6.7920774416e-19	3.6904741957e-13	9.8069716176e-19	2.5103324161e-07	3.8523798937e-06	6.8764847915e-05	5.0369896726e-28	4.0324273976e-06	5.1234081965e-16	0.0000000000e+00	1.2596642638e-36	9.7275867167e-13	2.9577225708e-16	3.9828575794e-20	2.7744041505e-26	4.2806939852e-29	2.1011614301e-14	3.3909240380e-14	4.6513746679e-04	6.2964117317e-29	4.1186897143e-29	2.2943660195e-47	4.9406071127e-39	9.0987854268e-08	2.9632958923e-10	1.8562567994e-50	3.2824720222e-36	1.4265738327e-18	1.9609447921e-25	7.0945970670e-14	1.7116816817e-20	5.0185279074e-12	1.2378401790e-27	1.2032583946e-22	4.8509567148e-25	7.6013683721e-15	4.6062924597e-25	1.1804249669e-19	7.3661804941e-31	1.6990826259e-46	7.2783836819e-29	1.0723913582e-35	2.1516264700e-52	7.3545739314e-33	2.1198567968e-67	8.5561090848e-37	4.7721467242e-47	3.7531937301e-25	2.4441165537e-28	1.5088296237e-36	4.6696267057e-54	1.4199443236e-18	1.9371438861e-36	8.6301065979e-01	2.8621895809e-17	4.8492140232e-25	6.6684528591e-04	7.2917134756e-06	7.9746612956e-24	2.2774981304e-24	6.1586935693e-41	1.9285031968e-64	5.4797689143e-05	1.3081999776e-30	2.0557485461e-69	8.3694776089e-87	5.2717694766e-106	3.9034317137e-33	2.1324323090e-62	1.7599799360e-23	1.2331283904e-28	3.8398690569e-16	2.2068367629e-25	1.7040427821e-16	5.7396530103e-23	2.7601231186e-22	1.3902729566e-37	9.0600880629e-25	6.1145878837e-26	7.8622494914e-28	2.9234378286e-19	2.4024147281e-54	1.6382297167e-37	4.1449132316e-45	1.5586591355e-32	2.3161467744e-37	8.1195583363e-28	2.5653371005e-27	5.7521761653e-36	1.6349686831e-26	5.1556200057e-25	1.4141415045e-17	9.6112485353e-19	1.2298924732e-30	4.8376641777e-20	1.7300144493e-37	4.7282885977e-19	4.3132264524e-30	1.1804249669e-19	3.6517454214e-27	3.1178943090e-30	4.7399232940e-32	5.6573159603e-45	1.4200825286e-39	5.4361595202e-27	7.4059560720e-31	1.1700032048e-45	1.2766304663e-38	8.1860153619e-34	1.4632201588e-45	4.0537341376e-24	2.5108324573e-10	1.6466634618e-07	1.9123094695e-08	3.5159272779e-22	5.1256246684e-39	1.5193741377e-24	1.6374829161e-33	2.0193995688e-18	1.7185029464e-33	1.5095149096e-07	1.9424514649e-07	9.3750927028e-28	3.1420167180e-39	1.5120108414e-33	2.3175042788e-25	1.5004337741e-16	2.0418202525e-11	5.3686681102e-08	1.1083870964e-11	3.8809969378e-16	2.2827929951e-05	1.7569599934e-20	3.1415892622e-21	7.8029987692e-24	4.3239792476e-36	1.2743451471e-13	2.1005647455e-20	4.4329827282e-23	1.1230692075e-12	7.5430191122e-17	6.6767721648e-05	5.0364536281e-18	3.3220563084e-10	5.8158646651e-24	1.2991639244e-32	5.6619568701e-05	1.9708980034e-42	4.2806939852e-29	1.4694959943e-41	4.8641560716e-18	3.6123351035e-23	2.5621986047e-24	1.9927609275e-32	4.6997638276e-61	1.7315508283e-21	4.0434989378e-27	3.2754328806e-40	5.9394965309e-41	8.7463758575e-20	9.3902595523e-14	4.7326327493e-18	5.1928300425e-07	9.8370623841e-28	1.1638853497e-34	8.4531867085e-16	1.8161803113e-14	3.5661015173e-11	2.8170312999e-14	9.6356888440e-18	9.0969183775e-27	8.0058562884e-12	6.6627615388e-14	1.6205103677e-08	1.2509557105e-13	1.7446328284e-15	4.3692514231e-15	1.2305418642e-09	4.4431395180e-13	2.3803217278e-14	3.5962163098e-15	1.5817783978e-17	1.2622277956e-29	1.3325780755e-16	1.3231714999e-15	1.6205103677e-08	2.8290172735e-21	1.1668590488e-27
2.6826958000e-01	8.0000000000e+02	4.5334283548e+18	2.4288333600e+18	2.3142708874e+00	1.3401181210e-41	5.1986417729e-12	1.3557055432e-01	2.5991777479e-30	1.1896639926e-29	6.9078699313e-22	6.1354973139e-15	3.6937573959e-21	6.7952248872e-19	3.6913247766e-13	1.0985117868e-18	2.5103644740e-07	3.8524326855e-06	6.8764662215e-05	6.2230912044e-28	4.0324163841e-06	5.1257842015e-16	0.0000000000e+00	2.3749213291e-36	1.5010149856e-12	4.5628488219e-16	7.5073717766e-20	4.2337757682e-26	6.5323930770e-29	3.2056512646e-14	4.1883203961e-14	4.6501489845e-04	1.2003539564e-28	7.8500787078e-29	3.5798465310e-47	7.7087156465e-39	2.1189117115e-07	6.8992706834e-10	6.5982081332e-50	9.4439285941e-36	3.3220764573e-18	3.6961062317e-25	1.0823569782e-13	2.1136325948e-20	5.0158731711e-12	1.8880178197e-27	1.4858653772e-22	5.9902915794e-25	7.5975934523e-15	8.6801916449e-25	2.7482262511e-19	2.1188135664e-30	4.9429697226e-46	1.7329813742e-28	3.8110091027e-35	1.1671107633e-51	3.9874951533e-32	1.7547245900e-66	4.6398737934e-36	2.6459840513e-46	3.7951037823e-25	2.4708325518e-28	1.5249665979e-36	4.7184680672e-54	1.7539096588e-18	2.3921946307e-36	8.6301241834e-01	2.3425279390e-17	3.2482035247e-25	6.6669116139e-04	4.8303620779e-06	3.4995446905e-24	2.8445640867e-24	7.6903307163e-41	2.4075510849e-64	5.6028204955e-05	1.3372645406e-30	2.1004417287e-69	8.5494411046e-87	5.3838693392e-106	5.9554901272e-33	3.2527066977e-62	1.4565181117e-23	6.6856538284e-29	2.5430281349e-16	1.8056819305e-25	1.7226134259e-16	4.6963091708e-23	3.4472444424e-22	4.9405202917e-37	2.1092713218e-24	1.1522081123e-25	9.7059483279e-28	2.9211154681e-19	1.6095857859e-53	8.8839203131e-37	1.8193196351e-44	5.5374321868e-32	6.6601967189e-37	1.8898054382e-27	3.9116189970e-27	7.0991767832e-36	1.6332360581e-26	9.8261133142e-25	2.1815111897e-17	9.7137264396e-19	3.5375571470e-30	7.3784164286e-20	3.2600745827e-37	7.2118301544e-19	5.3248512712e-30	2.7482262511e-19	6.8814236988e-27	3.1164468794e-30	1.7032002633e-31	1.3321330225e-44	4.1302058227e-39	1.2797172112e-26	4.9608147841e-31	1.4444627326e-45	1.2756989642e-38	4.4368191653e-33	9.7981738385e-45	9.4374636354e-24	2.5114102737e-10	1.6466583797e-07	1.9123042380e-08	2.8471136091e-22	1.1941599217e-38	1.2440889507e-24	3.8140936056e-33	1.6531331768e-18	2.6236670963e-33	1.6908582845e-07	1.7610986621e-07	8.4978255058e-28	5.3707574149e-39	2.0919228256e-33	2.5952249421e-25	1.3599877655e-16	1.6526723514e-11	5.3686534472e-08	8.9712714302e-12	5.9239667151e-16	2.2827867169e-05	2.6812171508e-20	4.7931193949e-21	1.1907746355e-23	6.5955523464e-36	2.9676619477e-13	4.8928815675e-20	8.3577308080e-23	1.3875275569e-12	9.3191912830e-17	6.6767539290e-05	4.0774499099e-18	2.6889123702e-10	5.8172051322e-24	1.2991603761e-32	5.6619414060e-05	3.0077126688e-42	6.5323930770e-29	1.8358084853e-41	1.1330108097e-17	4.5127878601e-23	3.9109298003e-24	3.0417278219e-32	7.1735291545e-61	2.1387945508e-21	4.9933255885e-27	4.0438960493e-40	5.9339426869e-41	1.0803087474e-19	9.3877401776e-14	8.6123368141e-18	5.0108734520e-07	2.1336691949e-27	2.5238909726e-34	1.8326501949e-15	2.6751052454e-14	4.2514719703e-11	5.1251738426e-14	1.7526630183e-17	1.6542787114e-26	7.7235300984e-12	6.4233044206e-14	2.3857843088e-08	1.8412808026e-13	2.5691216981e-15	5.2077650358e-15	2.6696807361e-09	1.3700687194e-12	3.3831870658e-14	3.3486023203e-15	1.8196995987e-17	3.8867132688e-29	2.3400185827e-16	1.2759147138e-15	2.3857843088e-08	6.1318771069e-21	2.5285699285e-27
1.7575106200e-01	8.0000000000e+02	2.9699717001e+18	1.5911980868e+18	2.3142656961e+00	3.1204984134e-41	6.4228383884e-12	1.3557025024e-01	3.2346885180e-30	1.8150311529e-29	1.0544255040e-21	1.0948365403e-14	3.6955671536e-21	6.8018953236e-19	3.6931333074e-13	1.2168326089e-18	2.5103903409e-07	3.8524752913e-06	6.8764509674e-05	7.6884989761e-28	4.0324073387e-06	5.1308197008e-16	0.0000000000e+00	4.4760377967e-36	2.3064952295e-12	7.0079324594e-16	1.4142257345e-19	6.4585644996e-26	9.9650723926e-29	4.8877695114e-14	5.1714422090e-14	4.6473167856e-04	2.2788368307e-28	1.4895812878e-28	5.5410405162e-47	1.1931881815e-38	4.9315114172e-07	1.6049320910e-09	2.3437663363e-49	2.7152175182e-35	7.7308133271e-18	6.9618336067e-25	1.6501117108e-13	2.6081703504e-20	5.0097566841e-12	2.8769691779e-27	1.8337390663e-22	7.3927502831e-25	7.5892307176e-15	1.6341608549e-24	6.3922586871e-19	6.0887896745e-30	1.4315260880e-45	4.0919302955e-28	1.3530522963e-34	6.3242319606e-51	2.1585816208e-31	1.4504811645e-65	2.5126764012e-35	1.4539061855e-45	3.8228193388e-25	2.4876525765e-28	1.5345923863e-36	4.7459157397e-54	2.1658611798e-18	2.9526107993e-36	8.6301387523e-01	1.9098907610e-17	2.1591857090e-25	6.6636430594e-04	3.1876238348e-06	1.5240021146e-24	3.5383313840e-24	9.5612372262e-41	2.9917884638e-64	5.6849442575e-05	1.3561980826e-30	2.1280852677e-69	8.6576975023e-87	5.4493598721e-106	9.0816251203e-33	4.9576659545e-62	1.1961868460e-23	3.5971146526e-29	1.6771550771e-16	1.4712947232e-25	1.7341338758e-16	3.8266179578e-23	4.2874912191e-22	1.7538629975e-36	4.9054933117e-24	2.1689263228e-25	1.1969585398e-27	2.9157715093e-19	1.0769136717e-52	4.8109965734e-36	7.9744920754e-44	1.9645635218e-31	1.9125303813e-36	4.3924012981e-27	5.9561924979e-27	8.7495113850e-36	1.6292525147e-26	1.8643195191e-24	3.3501145293e-17	9.7738789996e-19	1.0164594865e-29	1.1241924504e-19	6.1375214799e-37	1.0989415912e-18	6.5675022922e-30	6.3922586871e-19	1.2955190040e-26	3.1133866019e-30	6.0904317135e-31	3.1226444815e-44	1.1954122120e-38	2.9979448224e-26	3.2976136825e-31	1.7817661784e-45	1.2736678991e-38	2.3997802515e-32	6.5475866775e-44	2.1948534673e-23	2.5126388567e-10	1.6466534517e-07	1.9122999302e-08	2.3067181781e-22	2.7816560663e-38	1.0153144291e-24	8.8801214161e-33	1.3484771250e-18	4.0062888075e-33	1.8729808112e-07	1.5789683922e-07	7.6152445319e-28	9.0754688411e-39	2.8611644673e-33	2.8730011617e-25	1.2185951001e-16	1.3376881117e-11	5.3686414044e-08	7.2613381914e-12	9.0423776031e-16	2.2827815240e-05	4.0906284472e-20	7.3090778541e-21	1.8167112251e-23	1.0052678823e-35	6.9068478412e-13	1.1393151411e-19	1.5751835769e-22	1.7142612109e-12	1.1513619852e-16	6.6767389519e-05	3.3019082100e-18	2.1764319014e-10	5.8200552739e-24	1.2991574619e-32	5.6619287053e-05	4.5887681116e-42	9.9650723926e-29	2.2846720020e-41	2.6382229720e-17	5.6161627417e-23	5.9696425705e-24	4.6428744218e-32	1.0949456699e-60	2.6411358807e-21	6.1630807299e-27	4.9887788233e-40	5.9222609575e-41	1.3338836543e-19	9.3819853425e-14	1.5368112085e-17	4.7413699285e-07	4.4487595933e-27	5.2597940068e-34	3.8173679085e-15	3.8637055089e-14	4.9701110811e-11	9.1410147444e-14	3.1244280399e-17	2.9475900360e-26	7.3045344978e-12	6.0658838730e-14	3.4424442251e-08	2.6554740084e-13	3.7088059966e-15	6.0850542125e-15	5.5690982911e-09	3.9058898363e-12	4.6235848164e-14	2.9980830059e-15	2.0128719472e-17	1.1047853667e-28	3.9510133074e-16	1.2055103330e-15	3.4424442251e-08	1.2766274497e-20	5.2617716885e-27
1.1513954000e-01	8.0000000000e+02	1.9457085192e+18	1.0424393098e+18	2.3142600334e+00	7.2603168076e-41	7.9353142541e-12	1.3556991861e-01	4.0154962018e-30	2.7675226431e-29	1.6094870183e-21	1.8976977666e-14	3.6995287306e-21	6.8164916635e-19	3.6970921988e-13	1.3330482820e-18	2.5104096931e-07	3.8525073450e-06	6.8764342794e-05	9.4989768702e-28	4.0323974715e-06	5.1418384591e-16	0.0000000000e+00	8.4292516344e-36	3.5324914464e-12	1.0721414760e-15	2.6604042977e-19	9.8445290017e-26	1.5189357353e-28	7.4422334848e-14	6.3801998923e-14	4.6407540773e-04	4.3119937249e-28	2.8155466639e-28	8.5268672263e-47	1.8361456066e-38	1.1461600845e-06	3.7261087774e-09	8.3119716935e-49	7.7939575915e-35	1.7961486079e-17	1.3091951461e-24	2.5116421449e-13	3.2132464536e-20	4.9956083715e-12	4.3743472502e-27	2.2599237087e-22	9.1109209285e-25	7.5703797395e-15	3.0697936384e-24	1.4835597863e-18	1.7458945736e-29	4.1287852537e-45	9.5980838485e-28	4.7933369319e-34	3.4186581204e-50	1.1643501909e-30	1.1951381574e-64	1.3563442037e-34	7.9233524024e-45	3.8410874498e-25	2.4968576249e-28	1.5386176932e-36	4.7532574524e-54	2.6730149296e-18	3.6400772670e-36	8.6301547273e-01	1.5532544851e-17	1.4280958928e-25	6.6565034447e-04	2.0982866716e-06	6.6035926976e-25	4.3877198263e-24	1.1843719379e-40	3.7020180307e-64	5.7393967535e-05	1.3677187302e-30	2.1415585684e-69	8.7031600438e-87	5.4720956867e-106	1.3832615375e-32	7.5431305242e-62	9.7746840256e-24	1.9256853283e-29	1.1024437797e-16	1.1948660994e-25	1.7399570030e-16	3.1076683693e-23	5.3149045542e-22	6.2111337682e-36	1.1381126251e-23	4.0729682121e-25	1.4725588653e-27	2.9034256757e-19	7.1820856062e-52	2.5969787885e-35	3.4841757493e-43	6.9474713832e-31	5.4743517804e-36	1.0176303196e-26	9.0403259235e-27	1.0748870518e-35	1.6200599982e-26	3.5226598585e-24	5.1235819419e-17	9.7961738466e-19	2.9135934930e-29	1.7087186259e-19	1.1529418501e-36	1.6709084563e-18	8.0824299200e-30	1.4835597863e-18	2.4336502646e-26	3.1067128852e-30	2.1671696594e-30	7.2896929851e-44	3.4429141201e-38	6.9886904549e-26	2.1810576721e-31	2.1935148713e-45	1.2691406175e-38	1.2917419904e-31	4.3543355242e-43	5.0922308578e-23	2.5153282398e-10	1.6466467269e-07	1.9122952112e-08	1.8710662703e-22	6.4766536121e-38	8.2749391049e-25	2.0653824209e-32	1.0978478741e-18	6.1197172270e-33	2.0518630373e-07	1.4000777195e-07	6.7452211452e-28	1.5154522185e-38	3.8670489425e-33	3.1429416291e-25	1.0790053779e-16	1.0827342708e-11	5.3686282675e-08	5.8773192014e-12	1.3802327352e-15	2.2827758062e-05	6.2372800171e-20	1.1132723601e-20	2.7700602511e-23	1.5295168912e-35	1.6052520522e-12	2.6507793763e-19	2.9663647870e-22	2.1179331234e-12	1.4224769529e-16	6.6767226142e-05	2.6754323256e-18	1.7616205362e-10	5.8262942614e-24	1.2991542829e-32	5.6619148508e-05	6.9968604298e-42	1.5189357353e-28	2.8361592454e-41	6.1381757602e-17	6.9717939769e-23	9.1120505745e-24	7.0868434358e-32	1.6712864984e-60	3.2595648119e-21	7.5980187928e-27	6.1437054803e-40	5.8968621788e-41	1.6456545261e-19	9.3686957636e-14	2.6637795603e-17	4.3578533140e-07	8.7469093688e-27	1.0330421842e-33	7.4893990260e-15	5.4205761258e-14	5.6437945272e-11	1.5827262438e-13	5.4040026356e-17	5.0926723606e-26	6.7064847693e-12	5.5513343334e-14	4.8192072767e-08	3.7135081354e-13	5.1976756960e-15	6.9024486097e-15	1.0961423083e-08	9.9131262599e-12	5.9619485327e-14	2.5326803590e-15	2.1008217691e-17	2.7859309535e-28	6.2943982600e-16	1.1044361110e-15	4.8192072767e-08	2.5019622993e-20	1.0301067053e-26
7.5431200600e-02	8.0000000000e+02	1.2746843598e+18	6.8293175992e+17	2.3142512231e+00	1.6860834797e-40	9.8039590351e-12	1.3556940291e-01	4.9765876008e-30	4.2143098258e-29	2.4567332255e-21	3.1607376058e-14	3.7083690077e-21	6.8491086074e-19	3.7059264821e-13	1.4447282318e-18	2.5104207711e-07	3.8525262521e-06	6.8764082105e-05	1.1735761877e-27	4.0323821188e-06	5.1664610395e-16	0.0000000000e+00	1.5844422258e-35	5.3912251824e-12	1.6323762151e-15	4.9888085512e-19	1.4977737664e-25	2.3109506781e-28	1.1295783917e-13	7.8568678778e-14	4.6255950255e-04	8.1305623661e-28	5.2962320234e-28	1.3054220067e-46	2.8110498484e-38	2.6554039035e-06	8.6119727454e-09	2.9368217543e-48	2.2289250191e-34	4.1576083351e-17	2.4528420489e-24	3.8087883998e-13	3.9440009290e-20	4.9630110727e-12	6.6176553895e-27	2.7763278588e-22	1.1192813056e-24	7.5276345207e-15	5.7376781865e-24	3.4258486247e-18	4.9810080532e-29	1.1844447077e-44	2.2356097774e-27	1.6895587521e-33	1.8377195535e-49	6.2291788350e-30	9.7744360268e-64	7.2672698589e-34	4.2718942777e-44	3.8531020924e-25	2.4986872938e-28	1.5360687710e-36	4.7340526472e-54	3.2945837352e-18	4.4758093179e-36	8.6301794739e-01	1.2611386205e-17	9.4144844671e-26	6.6406289509e-04	1.3789512693e-06	2.8519849355e-25	5.4249174014e-24	1.4608450680e-40	4.5552937463e-64	5.7753411794e-05	1.3729983018e-30	2.1395713703e-69	8.6743232010e-87	5.4409423063e-106	2.1013644811e-32	1.1431692047e-61	7.9611904386e-24	1.0275155012e-29	7.2213493478e-17	9.6697947483e-26	1.7396931156e-16	2.5149692749e-23	6.5654683274e-22	2.1873698553e-35	2.6258164002e-23	7.6059597676e-25	1.8015380672e-27	2.8750498520e-19	4.7543161866e-51	1.3914569489e-34	1.5110029525e-42	2.4386861604e-30	1.5553414152e-35	2.3401675913e-26	1.3619739029e-26	1.3107244994e-35	1.5989819904e-26	6.6205029418e-24	7.7939541459e-17	9.7713016418e-19	8.3050870004e-29	2.5827207067e-19	2.1549361563e-36	2.5278048857e-18	9.8968440614e-30	3.4258486247e-18	4.5486777555e-26	3.0919038503e-30	7.6559542237e-30	1.6926439857e-43	9.8445641594e-38	1.6174467687e-25	1.4378259667e-31	2.6883101009e-45	1.2589613918e-38	6.8759508398e-31	2.8636173732e-42	1.1748629270e-22	2.5213295848e-10	1.6466344466e-07	1.9122878420e-08	1.5216900561e-22	1.5063430175e-37	6.7508260165e-25	4.7922234256e-32	8.9350635855e-19	9.3552313494e-33	2.2237637584e-07	1.2281638557e-07	5.9028557260e-28	2.4988061112e-38	5.1610001060e-33	3.3951143201e-25	9.4342109752e-17	8.7637037370e-12	5.3686078273e-08	4.7570916598e-12	2.1067834406e-15	2.2827668535e-05	9.4978995260e-20	1.6912023136e-20	4.2181167511e-23	2.3179828738e-35	3.7189950019e-12	6.1559365641e-19	5.5758232399e-22	2.6166561199e-12	1.7574245912e-16	6.6766971936e-05	2.1706729599e-18	1.4258649175e-10	5.8402165902e-24	1.2991493365e-32	5.6618932939e-05	1.0654632847e-41	2.3109506781e-28	3.5149815178e-41	1.4254662004e-16	8.6404036158e-23	1.3908514438e-23	1.0817191393e-31	2.5509431850e-60	4.0174995600e-21	9.3423985070e-27	7.5361619244e-40	5.8407216079e-41	2.0265199553e-19	9.3380294622e-14	4.4366960736e-17	3.8488028733e-07	1.5858633376e-26	1.8684909419e-33	1.3513931664e-14	7.3075321184e-14	6.1582932656e-11	2.6298380748e-13	8.9577835741e-17	8.4215602069e-26	5.9089431418e-12	4.8562124318e-14	6.4658333498e-08	4.9704428964e-13	6.9903073552e-15	7.5137053912e-15	1.9921235301e-08	2.1450420822e-11	7.0984793382e-14	1.9755374085e-15	2.0245578771e-17	5.9424614907e-28	9.2590713420e-16	9.6845419017e-16	6.4658333498e-08	4.5037815545e-20	1.8498673145e-26
4.9417133600e-02	8.0000000000e+02	8.3507588797e+17	4.4740809839e+17	2.3142339357e+00	3.8990060479e-40	1.2112657438e-11	1.3556838935e-01	6.1610604742e-30	6.3983790959e-29	3.7499518938e-21	5.0160952806e-14	3.7282897870e-21	6.9228857064e-19	3.7258337523e-13	1.5498148271e-18	2.5104187235e-07	3.8525246531e-06	6.8763569411e-05	1.4499184206e-27	4.0323520009e-06	5.2221559752e-16	0.0000000000e+00	2.9656214986e-35	8.1842169734e-12	2.4647902004e-15	9.2876574490e-19	2.2690810598e-25	3.5010190000e-28	1.7021201184e-13	9.6342457236e-14	4.5909266481e-04	1.5249154700e-27	9.8801201422e-28	1.9857586533e-46	4.2760628613e-38	6.1076685795e-06	1.9702328605e-08	1.0288540952e-47	6.3202773818e-34	9.5422047689e-17	4.5565822900e-24	5.7269179198e-13	4.7999376853e-20	4.8888680124e-12	9.8971077532e-27	3.3861723390e-22	1.3651411467e-24	7.4312403784e-15	1.0601708505e-23	7.8206592629e-18	1.4048435490e-28	3.3654360538e-44	5.1519649613e-27	5.8873457045e-33	9.7534172727e-49	3.2707582347e-29	7.8590607035e-63	3.8280638906e-33	2.2594364423e-43	3.8609912065e-25	2.4904065072e-28	1.5227865484e-36	4.6680069420e-54	4.0486341587e-18	5.4707843876e-36	8.6302276582e-01	1.0228585964e-17	6.1929798411e-26	6.6051346755e-04	9.0524507475e-07	1.2290776058e-25	6.6801618742e-24	1.7892377516e-40	5.5494548154e-64	5.7989826983e-05	1.3712423117e-30	2.1140295774e-69	8.5249122803e-87	5.3186140670e-106	3.1733277700e-32	1.7170941144e-61	6.4701843984e-24	5.4708648115e-30	4.7050682646e-17	7.7839556274e-26	1.7301799019e-16	2.0244906691e-23	8.0671447733e-22	7.6055170897e-35	5.9813585363e-23	1.4023421277e-24	2.1760674656e-27	2.8108571161e-19	3.0940795378e-50	7.3295559473e-34	6.4422515829e-42	8.4157487122e-30	4.3443725387e-35	5.2906954360e-26	2.0172677365e-26	1.5713417562e-35	1.5515553897e-26	1.2323852437e-23	1.1742966739e-16	9.6658728107e-19	2.3373039222e-28	3.8542677330e-19	3.9817508465e-36	3.7804865712e-18	1.1980235520e-29	7.8206592629e-18	8.4047508554e-26	3.0589225468e-30	2.6674219667e-29	3.8927512367e-43	2.7762167281e-37	3.6919120570e-25	9.4582207424e-32	3.2612771564e-45	1.2361900232e-38	3.5678065366e-30	1.8357732814e-41	2.6762253435e-22	2.5348529264e-10	1.6466086057e-07	1.9122733597e-08	1.2449267220e-22	3.4944571557e-37	5.5342703836e-25	1.1057742276e-31	7.2857567900e-19	1.4325474202e-32	2.3855158146e-07	1.0663860172e-07	5.0978885435e-28	4.0609493958e-38	6.7888054648e-33	3.6147509136e-25	8.1300653320e-17	7.0933568874e-12	5.3685677290e-08	3.8503726091e-12	3.2157466130e-15	2.2827492582e-05	1.4420001514e-19	2.5538967585e-20	6.4039887282e-23	3.4816734327e-35	8.5539103833e-12	1.4235187742e-18	1.0436203495e-21	3.2327999173e-12	2.1712163543e-16	6.6766473252e-05	1.7663859122e-18	1.1540979805e-10	5.8715893220e-24	1.2991396332e-32	5.6618510051e-05	1.6176404418e-41	3.5010190000e-28	4.3515789200e-41	3.2962505498e-16	1.0696755675e-22	2.1229359827e-23	1.6510677487e-31	3.8933915071e-60	4.9369422890e-21	1.1419067471e-26	9.1620468812e-40	5.7166724700e-41	2.4849255483e-19	9.2679186725e-14	7.0410432664e-17	3.2388917626e-07	2.6026573486e-26	3.0500873050e-33	2.1941839310e-14	9.3866914907e-14	6.4027516370e-11	4.1512260250e-13	1.4064295248e-16	1.3151642809e-25	4.9459601831e-12	3.9998950355e-14	8.2168695857e-08	6.2827099993e-13	8.9311651642e-15	7.7701694449e-15	3.2869830404e-08	3.8258218538e-11	7.6731815891e-14	1.3990214294e-15	1.7713518203e-17	1.0263028388e-27	1.2365540557e-15	8.0197339868e-16	8.2168695857e-08	7.2734200183e-20	2.9714742172e-26
3.2374575400e-02	8.0000000000e+02	5.4707338185e+17	2.9310982165e+17	2.3141972214e+00	8.9309693851e-40	1.4965069210e-11	1.3556623836e-01	7.6220355483e-30	9.6505742265e-29	5.7238327633e-21	7.5770725558e-14	3.7730542828e-21	7.0901073437e-19	3.7705678760e-13	1.6467509240e-18	2.5103924161e-07	3.8524855304e-06	6.8762479245e-05	1.7913104210e-27	4.0322880297e-06	5.3483954855e-16	0.0000000000e+00	5.4982722227e-35	1.2297863832e-11	3.6596724947e-15	1.7014783364e-18	3.4050724172e-25	5.2537670162e-28	2.5239239498e-13	1.1701994399e-13	4.5134469886e-04	2.8309519018e-27	1.8124192403e-27	2.9878253852e-46	6.4338781275e-38	1.3823877369e-05	4.4063773446e-08	3.5364677703e-47	1.7584008210e-33	2.1488014879e-16	8.3052480330e-24	8.4489000591e-13	5.7316628802e-20	4.7251889198e-12	1.4427704232e-26	4.0640677814e-22	1.6384358491e-24	7.2190328757e-15	1.9094090036e-23	1.7402059391e-17	3.8620635732e-28	9.3756046459e-44	1.1632494930e-26	1.9996094019e-32	5.0308797961e-48	1.6472329282e-28	6.0831566665e-62	1.9411950979e-32	1.1487950211e-42	3.8661627832e-25	2.4641167658e-28	1.4888117610e-36	4.5096409988e-54	4.9426237030e-18	6.5994589121e-36	8.6303293987e-01	8.2901568579e-18	4.0680739915e-26	6.5267430405e-04	5.9385325891e-07	5.2893235400e-26	8.1660531563e-24	2.1612399506e-40	6.6236133301e-64	5.8144593673e-05	1.3585682173e-30	2.0450208477e-69	8.1486622483e-87	5.0234790346e-106	4.7294194994e-32	2.5286965896e-61	5.2509757196e-24	2.9087807362e-30	3.0344624989e-17	6.2022657739e-26	1.7032384733e-16	1.6131167478e-23	9.8115635571e-22	2.5700852713e-34	1.3241899034e-22	2.5128712775e-24	2.5545844688e-27	2.6708685020e-19	1.9384547026e-49	3.7167869924e-33	2.6441952110e-41	2.7958535435e-29	1.1681928489e-34	1.1515056423e-25	2.8763948429e-26	1.8135161827e-35	1.4493854367e-26	2.2492414706e-23	1.7347354300e-16	9.4023191708e-19	6.3929277926e-28	5.5901564913e-19	7.1712883945e-36	5.5110789396e-18	1.4135790924e-29	1.7402059391e-17	1.5137283721e-25	2.9867098630e-30	9.0258209331e-29	8.7776936402e-43	7.6035110529e-37	8.1842330442e-25	6.2129609323e-32	3.8676691038e-45	1.1866227272e-38	1.7486264760e-29	1.1116011120e-40	5.9247920977e-22	2.5652407661e-10	1.6465520550e-07	1.9122425746e-08	1.0319894627e-22	8.0591235386e-37	4.5937573437e-25	2.5199515934e-31	5.9758541439e-19	2.2016378241e-32	2.5347224089e-07	9.1712466032e-08	4.3322547184e-28	6.4751063249e-38	8.7615010140e-33	3.7759771087e-25	6.8740207256e-17	5.7413376017e-12	5.3684825594e-08	3.1164610184e-12	4.9082969653e-15	2.2827118865e-05	2.1748848280e-19	3.8061334590e-20	9.6584911598e-23	5.1271783761e-35	1.9360067883e-11	3.2605860128e-18	1.9348211486e-21	3.9939800497e-12	2.6823653885e-16	6.6765414036e-05	1.4468876498e-18	9.3412306541e-11	5.9420877946e-24	1.2991190230e-32	5.6617611827e-05	2.4398615527e-41	5.2537670162e-28	5.3834708097e-41	7.5498869268e-16	1.3232909569e-22	3.2402138817e-23	2.5199356139e-31	5.9416040654e-60	6.0269117633e-21	1.3774541113e-26	1.0920656027e-39	5.4497310751e-41	3.0181673619e-19	9.1112502757e-14	1.0635861704e-16	2.5943560520e-07	3.8443646978e-26	4.4517377671e-33	3.1644632132e-14	1.1476620950e-13	6.3362743708e-11	6.1961477743e-13	2.0743072210e-16	1.9166588878e-25	3.9146548555e-12	3.0543627184e-14	9.8090584753e-08	7.4110144669e-13	1.0789947521e-14	7.5981441085e-15	4.9135494471e-08	5.6007605958e-11	7.5145848717e-14	8.9760556142e-16	1.4041068911e-17	1.3984794946e-27	1.4961557255e-15	6.1975816983e-16	9.8090584753e-08	1.0365145588e-19	4.1842576925e-26
2.1209508900e-02	8.0000000000e+02	3.5839149393e+17	1.9202461481e+17	2.3141203714e+00	2.0047795778e-39	1.8489314347e-11	1.3556173691e-01	9.4250117296e-30	1.4356129879e-28	8.7364469218e-21	1.0991442448e-13	3.8713984906e-21	7.4644746545e-19	3.8688452849e-13	1.7345293801e-18	2.5103199927e-07	3.8523753994e-06	6.8760196372e-05	2.2130326545e-27	4.0321541253e-06	5.6310266379e-16	0.0000000000e+00	9.9899398911e-35	1.8101050406e-11	5.2496104122e-15	3.0128243697e-18	5.0076226772e-25	7.7263798321e-28	3.6173644338e-13	1.3929442618e-13	4.3486134680e-04	5.1479933893e-27	3.2119953543e-27	4.4014742300e-46	9.4779798436e-38	3.0241870980e-05	9.3944470746e-08	1.1674338829e-46	4.6983901260e-33	4.6472506973e-16	1.4538547514e-23	1.1971186423e-12	6.5733425900e-20	4.3862503285e-12	1.9922553715e-26	4.7146075791e-22	1.9007020767e-24	6.7784786882e-15	3.2574528177e-23	3.6678469591e-17	1.0056836055e-27	2.5072597901e-43	2.5200571101e-26	6.4330735117e-32	2.4423117031e-47	7.5951031155e-28	4.3429088228e-61	9.0794201163e-32	5.3823158089e-42	3.8695429654e-25	2.4035412265e-28	1.4152750080e-36	4.1778589319e-54	5.9512799319e-18	7.7441171689e-36	8.6305417225e-01	6.7160031807e-18	2.6697736938e-26	6.3608910042e-04	3.8939995524e-07	2.2741701503e-26	9.8408788831e-24	2.5382560251e-40	7.5812036859e-64	5.8244876694e-05	1.3262964139e-30	1.8961749031e-69	7.3633886944e-87	4.4239148370e-106	6.8565052939e-32	3.5727485824e-61	4.2575230540e-24	1.5451306211e-30	1.9170361566e-17	4.8409466195e-26	1.6424296331e-16	1.2590579559e-23	1.1689096045e-21	8.1741367377e-34	2.7591915643e-22	4.2380925031e-24	2.8226541746e-27	2.3886830041e-19	1.1201494631e-48	1.7384275606e-32	1.0010391164e-40	8.5672326295e-29	2.8974055863e-34	2.3116891146e-25	3.7831109199e-26	1.9305925088e-35	1.2488827945e-26	3.9406997677e-23	2.4600227448e-16	8.8360274814e-19	1.6457458653e-27	7.6311987207e-19	1.2234221973e-35	7.6099956332e-18	1.5799250929e-29	3.6678469591e-17	2.5824214411e-25	2.8367772147e-30	2.8730946382e-28	1.8999802087e-42	1.9590521994e-36	1.7067834447e-24	4.0774085459e-32	4.3726495654e-45	1.0858669930e-38	7.5918833800e-29	5.9625611090e-40	1.2345386666e-21	2.6319966067e-10	1.6464305352e-07	1.9121780887e-08	8.7940778944e-23	1.8349463515e-36	3.9178873877e-25	5.5918552221e-31	4.9672046018e-19	3.4086850472e-32	2.6698333212e-07	7.8189911905e-08	3.5995407183e-28	1.0029867811e-37	1.0984882821e-32	3.8319062362e-25	5.6463132172e-17	4.6469624542e-12	5.3683042826e-08	2.5224112130e-12	7.4912307586e-15	2.2826336886e-05	3.2351537469e-19	5.5176408501e-20	1.4366215797e-22	7.2436690101e-35	4.2350651665e-11	7.3187704862e-18	3.5152150632e-21	4.9342642678e-12	3.3136671993e-16	6.6763196887e-05	1.2016506910e-18	7.5606700963e-11	6.0969676010e-24	1.2990758818e-32	5.6615731667e-05	3.6295217793e-41	7.7263798321e-28	6.6569192975e-41	1.6945615662e-15	1.6362162893e-22	4.9450474197e-23	3.8455694990e-31	9.0651016796e-60	7.2564148321e-21	1.6162746575e-26	1.2488132750e-39	4.9159019613e-41	3.5924572519e-19	8.7779858188e-14	1.5428578905e-16	1.9956696234e-07	5.1649765639e-26	5.8288664294e-33	4.0379908967e-14	1.3475220802e-13	6.0217737578e-11	8.7596300723e-13	2.8579052939e-16	2.5735365217e-25	2.9346972173e-12	2.1194476644e-14	1.0938825268e-07	8.0543737304e-13	1.2346729667e-14	7.0373433569e-15	6.7737373175e-08	6.9733197668e-11	6.7869590630e-14	5.3112040446e-16	1.0264528727e-17	1.4918089302e-27	1.6694692600e-15	4.4127933767e-16	1.0938825268e-07	1.2889956312e-19	5.0711355213e-26
1.3894954900e-02	8.0000000000e+02	2.3477749939e+17	1.2580080826e+17	2.3139725146e+00	4.3281929966e-39	2.2843771402e-11	1.3555307498e-01	1.1650769591e-29	2.0810190075e-28	1.3333960624e-20	1.5559750243e-13	4.0763825104e-21	8.2756927290e-19	4.0736897473e-13	1.8126735798e-18	2.5101684536e-07	3.8521436634e-06	6.8755803482e-05	2.7339246724e-27	4.0318964944e-06	6.2435190037e-16	0.0000000000e+00	1.7457272521e-34	2.5616308055e-11	7.0551301698e-15	4.9997988131e-18	7.0830228386e-25	1.0928563979e-27	4.8589732256e-13	1.5947562448e-13	4.0298131298e-04	9.0007191783e-27	5.3330952084e-27	6.2321319222e-46	1.3420053749e-37	6.2003162529e-05	1.8291175072e-07	3.5648297980e-46	1.1612590426e-32	9.2971462575e-16	2.3542257744e-23	1.5690537172e-12	6.9736542866e-20	3.7665270279e-12	2.4797666882e-26	5.1259140516e-22	2.0665209817e-24	5.9652896074e-15	5.0092236342e-23	6.9683501516e-17	2.3605141120e-27	6.2001912286e-43	5.0467916359e-26	1.8654783655e-31	1.0548096960e-46	2.9582651090e-27	2.6528961627e-60	3.6336635139e-31	2.1562901674e-41	3.8717375954e-25	2.2838260123e-28	1.2770781491e-36	3.5801036900e-54	6.9826870000e-18	8.6287782590e-36	8.6309496658e-01	5.4391453386e-18	1.7510295012e-26	6.0409282627e-04	2.5526377993e-07	9.7721252516e-27	1.1552388833e-23	2.8296878765e-40	8.0261351882e-64	5.8308207078e-05	1.2608915949e-30	1.6257207265e-69	5.9952938180e-87	3.4206189751e-106	9.4385804297e-32	4.6705875566e-61	3.4498681229e-24	8.2027172420e-31	1.1644937883e-17	3.6329852765e-26	1.5228130431e-16	9.4488524156e-24	1.3389588028e-21	2.3129272741e-33	5.1150394657e-22	6.3593260908e-24	2.7748875755e-27	1.9007271027e-19	5.5384602498e-48	6.9573394750e-32	3.2427328607e-40	2.2463333875e-28	6.1491696326e-34	3.9710937200e-25	4.2577174747e-26	1.7587005926e-35	9.2086613906e-27	6.3844891491e-23	3.2260081153e-16	7.7800443172e-19	3.7692624659e-27	9.2684466535e-19	1.8813458639e-35	9.4721861158e-18	1.5917535976e-29	6.9683501516e-17	3.9711784761e-25	2.5584453911e-30	8.1338418802e-28	3.8030177627e-42	4.4891625383e-36	3.1657110482e-24	2.6742576229e-32	4.5147701010e-45	9.0748849371e-39	2.6089350740e-28	2.5314715916e-39	2.2886102158e-21	2.7711219065e-10	1.6461860446e-07	1.9120538609e-08	7.8916705334e-23	4.0696917437e-36	3.5176797720e-25	1.1778650633e-30	4.2356286731e-19	5.3451328300e-32	2.7901149322e-07	6.6139696289e-08	2.8915037526e-28	1.4825169613e-37	1.3142361781e-32	3.7107901191e-25	4.4257819375e-17	3.7611138002e-12	5.3679612797e-08	2.0415577517e-12	1.1432161609e-14	2.2824832779e-05	4.6890455059e-19	7.5946567124e-20	2.0820097682e-22	9.4684418067e-35	8.6819271464e-11	1.5798977144e-17	6.1420913525e-21	6.0956533206e-12	4.0931494030e-16	6.6758931112e-05	1.0241388047e-18	6.1193837821e-11	6.4197917511e-24	1.2989928785e-32	5.6612114256e-05	5.2612395362e-41	1.0928563979e-27	8.2289799891e-41	3.6576239228e-15	2.0223870728e-22	7.5456471860e-23	5.8672899847e-31	1.3824613108e-59	8.5130493920e-21	1.8007084863e-26	1.3212681056e-39	3.9979318176e-41	4.1124727779e-19	8.1335441843e-14	2.1841067314e-16	1.4981564305e-07	6.4395562919e-26	6.9013950687e-33	4.5402871263e-14	1.5440357435e-13	5.5849517114e-11	1.1776029755e-12	3.6485991991e-16	3.1201383997e-25	2.0921702063e-12	1.2940528128e-14	1.1303749870e-07	7.9040345172e-13	1.3435028621e-14	6.1982476706e-15	8.8930501734e-08	7.8742807070e-11	5.8377390464e-14	2.9930191161e-16	7.1463122887e-18	1.2355937336e-27	1.7740846841e-15	2.8371199636e-16	1.1303749870e-07	1.3763681851e-19	5.1422548182e-26
9.1029817800e-03	8.0000000000e+02	1.5379321870e+17	8.2415702230e+16	2.3137283896e+00	8.7637185526e-39	2.8224188858e-11	1.3553877557e-01	1.4398992793e-29	2.8983968770e-28	2.0349396351e-20	2.1804957014e-13	4.4670495840e-21	9.9373786425e-19	4.4640896296e-13	1.8811786896e-18	2.5099108098e-07	3.8517489414e-06	6.8748550472e-05	3.3772291567e-27	4.0314711492e-06	7.4983713279e-16	0.0000000000e+00	2.8611352718e-34	3.3992458009e-11	8.5423901270e-15	7.4769222901e-18	9.3963857550e-25	1.4497906506e-27	5.8815939648e-13	1.7124452810e-13	3.5025754159e-04	1.4755809793e-26	7.9776230473e-27	8.2723044020e-46	1.7813289431e-37	1.1455234486e-04	3.0834725497e-07	9.5747829744e-46	2.5246399153e-32	1.6360636457e-15	3.3533496366e-23	1.8090423562e-12	6.5080597725e-20	2.8451974015e-12	2.6087357095e-26	5.0222930441e-22	2.0247459960e-24	4.7308857347e-15	6.5104271920e-23	1.1188937162e-16	4.6825807422e-27	1.3483394971e-42	8.8861487635e-26	4.5718154858e-31	3.7581368315e-46	8.7751034024e-27	1.2537965269e-59	1.1251538510e-30	6.6807016750e-41	3.8731437173e-25	2.0846303193e-28	1.0636331074e-36	2.7206853383e-54	7.8719907887e-18	8.8760481376e-36	8.6316226071e-01	4.4042154523e-18	1.1479828192e-26	5.5124653987e-04	1.6730436986e-07	4.1975061588e-27	1.3027396662e-23	2.9116067065e-40	7.5354464089e-64	5.8346017900e-05	1.1512446401e-30	1.2358122344e-69	4.1583913404e-87	2.1648505710e-106	1.1994905345e-31	5.4158920613e-61	2.7942433313e-24	4.3529117496e-31	6.6332137520e-18	2.5566439951e-26	1.3239543543e-16	6.6494494060e-24	1.4381806564e-21	5.3990934498e-33	7.8229084522e-22	7.8724615849e-24	2.2506358856e-27	1.2478426068e-19	2.1187321172e-47	2.1543209142e-31	8.1275298158e-40	4.5572390163e-28	1.0097741868e-33	5.2783492603e-25	3.7078761423e-26	1.2397110848e-35	5.2541839615e-27	9.0966339143e-23	3.7204906342e-16	6.1718709019e-19	7.1218929737e-27	9.2872386493e-19	2.4451623973e-35	9.9648205956e-18	1.3554243939e-29	1.1188937162e-16	5.1612924922e-25	2.1302309376e-30	1.8992337947e-27	6.6942622502e-42	8.4845386024e-36	4.8429988695e-24	1.7532553296e-32	4.0362188665e-45	6.5668998189e-39	6.1019399516e-28	7.3147168640e-39	3.5001857408e-21	3.0362075121e-10	1.6457470021e-07	1.9118482404e-08	7.6703754523e-23	8.5989548242e-36	3.4200134568e-25	2.2712093508e-30	3.7580873307e-19	8.5140131904e-32	2.8955598022e-07	5.5558797546e-08	2.2162703677e-28	2.0408846159e-37	1.4644427402e-32	3.3469217950e-25	3.2310924248e-17	3.0440521736e-12	5.3673949862e-08	1.6523271913e-12	1.7443740290e-14	2.2822349867e-05	6.5295785092e-19	9.6497749887e-20	2.8986939079e-22	1.0977309045e-34	1.6037075488e-10	3.1983771127e-17	1.0064614979e-20	7.5299625755e-12	5.0553246372e-16	6.6751888374e-05	9.0841618094e-19	4.9527155238e-11	7.0350434479e-24	1.2988558411e-32	5.6606141956e-05	7.3277371260e-41	1.4497906506e-27	1.0170059808e-40	7.4031856762e-15	2.4989678898e-22	1.1511360271e-22	8.9492491488e-31	2.1070634303e-59	9.5954655302e-21	1.8519644506e-26	1.2399053226e-39	2.7709040664e-41	4.4151384043e-19	7.0680776537e-14	3.0607402207e-16	1.1133978127e-07	7.5595516815e-26	7.3923977097e-33	4.4375176258e-14	1.7514194119e-13	5.1278159346e-11	1.5057741793e-12	4.2569196010e-16	3.3216317719e-25	1.4187260802e-12	6.6662033051e-15	1.0675101775e-07	6.8109336829e-13	1.3905280157e-14	5.1926645658e-15	1.1441487776e-07	8.5388806131e-11	4.9208126213e-14	1.6529588150e-16	4.8758949120e-18	7.7324260364e-28	1.8475078865e-15	1.6017543610e-16	1.0675101775e-07	1.2274384854e-19	4.1843407387e-26
5.9636233200e-03	8.0000000000e+02	1.0074002944e+17	5.3992880095e+16	2.3134000017e+00	1.6278338684e-38	3.4872329610e-11	1.3551953834e-01	1.7792839391e-29	3.8534438093e-28	3.1053883783e-20	3.0295226523e-13	5.1279221248e-21	1.3093517892e-18	5.1245065420e-13	1.9404388610e-18	2.5095603784e-07	3.8512116998e-06	6.8738793318e-05	4.1716980270e-27	4.0308989632e-06	9.8825696333e-16	0.0000000000e+00	4.3017589603e-34	4.1374230108e-11	9.0561678992e-15	9.7914780770e-18	1.1435483742e-24	1.7644079167e-27	6.2345692185e-13	1.6869275399e-13	2.7928862165e-04	2.2188318019e-26	1.0448466467e-26	1.0069954672e-45	2.1684286314e-37	1.8532898625e-04	4.3450738422e-07	2.1642069454e-45	4.6190781927e-32	2.4229368030e-15	4.0198213452e-23	1.7553457504e-12	5.1115368039e-20	1.8088326345e-12	2.2047620665e-26	4.3092281002e-22	1.7372726492e-24	3.2856849200e-15	6.7975922361e-23	1.4432728278e-16	7.4620619952e-27	2.4672251262e-42	1.3163239321e-25	9.0006992463e-31	1.0336907387e-45	1.8310731572e-26	4.1965585671e-59	2.4674603439e-30	1.4654386956e-40	3.8740282098e-25	1.8161257863e-28	8.0709829559e-37	1.7981694198e-54	8.4715285145e-18	8.3198320022e-36	8.6325272426e-01	3.5657734352e-18	7.5241986389e-27	4.8018556283e-04	1.0964239049e-07	1.8025538616e-27	1.4021306710e-23	2.7294885189e-40	6.1528347994e-64	5.8366552284e-05	1.0030859535e-30	8.1688032240e-70	2.3941370650e-87	1.0855986268e-106	1.3890110827e-31	5.4625647047e-61	2.2625754201e-24	2.3093552647e-31	3.4658952867e-18	1.6503485683e-26	1.0558261465e-16	4.2923102818e-24	1.4169248639e-21	9.7299571102e-33	9.2369878840e-22	7.5241717163e-24	1.4093713286e-27	6.3250800387e-20	5.7402168381e-47	4.7244218371e-31	1.4427226974e-39	6.5480520379e-28	1.1744123296e-33	4.9691314257e-25	2.2870708734e-26	6.1895761621e-36	2.1233995624e-27	1.0905919422e-22	3.6105037900e-16	4.2870045254e-19	1.0388947381e-26	7.1849007977e-19	2.5530147926e-35	8.4217264204e-18	9.2724172211e-30	1.4432728278e-16	5.3889492561e-25	1.6162465768e-30	3.4231203132e-27	9.9151266727e-42	1.2378213993e-35	5.7191323441e-24	1.1491322992e-32	3.0164063749e-45	3.9724784979e-39	8.5064169801e-28	1.2597670248e-38	4.1328840132e-21	3.4844454247e-10	1.6450647527e-07	1.9115702816e-08	8.1806375779e-23	1.6777473201e-35	3.6479762146e-25	3.8607589966e-30	3.4924137491e-19	1.3651080130e-31	2.9867746192e-07	4.6388333777e-08	1.6117451934e-28	2.5617488771e-37	1.4879095122e-32	2.7525531380e-25	2.1509264025e-17	2.4636412895e-12	5.3666331928e-08	1.3372740909e-12	2.6613067051e-14	2.2819009862e-05	8.6789512503e-19	1.1171641634e-19	3.8519033557e-22	1.1069127976e-34	2.5939133456e-10	5.9393955718e-17	1.5128496523e-20	9.3012910157e-12	6.2429576416e-16	6.6742414291e-05	8.4409539643e-19	4.0083794434e-11	8.0758349034e-24	1.2986714948e-32	5.6598107857e-05	9.7422901219e-41	1.7644079167e-27	1.2567145729e-40	1.3744284845e-14	3.0871998429e-22	1.7557912719e-22	1.3646578008e-30	3.2098036500e-59	1.0323671406e-20	1.7354754615e-26	1.0120269181e-39	1.5945155554e-41	4.3482546595e-19	5.6345337336e-14	4.2525109429e-16	8.2040330267e-08	8.3268016230e-26	7.0922691694e-33	3.7081533446e-14	1.9696776207e-13	4.6679203988e-11	1.8222020179e-12	4.4869355742e-16	3.0494644870e-25	9.1052798191e-13	2.8270040063e-15	9.1077779194e-08	5.0613313257e-13	1.3620794576e-14	4.1171718171e-15	1.4469281648e-07	8.9465668461e-11	4.0773063351e-14	8.9736802670e-17	3.2702192695e-18	3.5373456107e-28	1.8911970976e-15	7.7987693497e-17	9.1077779194e-08	8.9337755817e-20	2.6526506239e-26
3.9069399400e-03	8.0000000000e+02	6.5987493612e+16	3.5372277624e+16	2.3130433203e+00	2.7449987686e-38	4.3086617004e-11	1.3549864114e-01	2.1984610337e-29	4.9365097501e-28	4.7388278129e-20	4.1312836384e-13	6.1090960124e-21	1.8578840414e-18	6.1049955497e-13	1.9911464188e-18	2.5091781108e-07	3.8506254995e-06	6.8728194402e-05	5.1529737109e-27	4.0302774192e-06	1.4028392656e-15	0.0000000000e+00	5.8717304695e-34	4.5714082737e-11	8.3977327482e-15	1.1216717837e-17	1.2634630536e-24	1.9494271205e-27	5.7811196279e-13	1.5086635591e-13	2.0217952912e-04	3.0287016930e-26	1.1969669829e-26	1.1126528345e-45	2.3959474912e-37	2.6228467944e-04	5.1608856197e-07	4.0317116622e-45	6.9652058905e-32	2.9573906617e-15	3.9715618338e-23	1.4037999248e-12	3.3088874931e-20	9.4780033860e-13	1.4797957308e-26	3.2343942369e-22	1.3039515463e-24	1.9962151711e-15	5.6364698088e-23	1.4784700973e-16	9.4435437501e-27	3.7204845231e-42	1.6067693727e-25	1.4072278709e-30	2.1273547057e-45	2.6542998207e-26	9.5411599410e-59	3.6756487360e-30	2.1831100645e-40	3.8745766665e-25	1.5244209338e-28	5.6856864869e-37	1.0631256230e-54	8.7845741215e-18	7.2405405626e-36	8.6335092561e-01	2.8867102290e-18	4.9307132093e-27	4.0304728424e-04	7.1848202546e-08	7.7395136973e-28	1.4539835819e-23	2.3754712815e-40	4.4940848357e-64	5.8376438928e-05	8.4199440686e-31	4.8297482180e-70	1.1879894008e-87	4.5209566238e-107	1.4933932321e-31	4.9290424850e-61	1.8317432053e-24	1.2249777636e-31	1.6439453878e-18	9.6707390202e-27	7.6434324047e-17	2.5152148659e-24	1.2672283253e-21	1.3120069663e-32	8.1607771989e-22	5.3808119151e-24	6.6037477773e-28	2.3989380717e-20	1.0563896850e-46	7.0377281631e-31	1.7396210336e-39	6.3910449767e-28	9.2782980592e-34	3.1777239495e-25	9.5827738473e-27	2.0992322669e-36	5.8293384554e-28	1.0775289313e-22	2.8875028818e-16	2.6046385125e-19	1.1339260374e-26	4.1590855672e-19	2.1169246846e-35	5.6525078113e-18	5.0375685949e-30	1.4784700973e-16	4.4684424614e-25	1.1385497651e-30	4.6159325838e-27	1.2102551965e-41	1.3510867848e-35	5.0529310512e-24	7.5304256024e-33	1.9001190871e-45	2.0255384507e-39	6.6389524905e-28	1.2146612116e-38	3.6513575686e-21	4.1494775986e-10	1.6441455227e-07	1.9112657144e-08	9.3958781740e-23	2.9054005955e-35	4.1900026809e-25	5.6133639485e-30	3.3678988038e-19	2.1398724074e-31	3.0648250282e-07	3.8530085506e-08	1.1235310586e-28	2.9040119054e-37	1.3652944482e-32	2.0444358215e-25	1.2931570941e-17	1.9938812131e-12	5.3658056854e-08	1.0822844706e-12	4.0600508191e-14	2.2815381417e-05	1.1115263270e-18	1.2007898268e-19	4.9318450448e-22	9.9852952743e-35	3.6700042979e-10	1.0012807362e-16	2.0644166152e-20	1.1489105147e-11	7.7092991053e-16	6.6732122951e-05	8.1398242369e-19	3.2440734784e-11	9.6210608515e-24	1.2984712462e-32	5.6589380718e-05	1.2480501223e-40	1.9494271205e-27	1.5527808453e-40	2.3164199319e-14	3.8134652512e-22	2.6778790852e-22	2.0807666368e-30	4.8888219932e-59	1.0702238958e-20	1.5099287257e-26	7.3897123489e-40	7.9095121051e-42	3.8876976233e-19	4.0777768634e-14	5.7990419274e-16	5.9333792300e-08	8.5138082751e-26	6.0859496756e-33	2.6705353539e-14	2.1741721354e-13	4.1707118164e-11	2.0854742480e-12	4.3097853568e-16	2.4582547493e-25	5.5266950662e-13	1.0143576950e-15	7.0811893242e-08	3.3026004895e-13	1.2618238079e-14	3.0873312689e-15	1.7627678409e-07	8.6991984607e-11	3.2545985193e-14	4.6932166651e-17	2.1129485386e-18	1.2019469987e-28	1.8649745393e-15	3.3342125440e-17	7.0811893242e-08	5.3997441719e-20	1.3455991328e-26
2.5595479200e-03	8.0000000000e+02	4.3224280713e+16	2.3173389151e+16	2.3127217176e+00	4.1955292680e-38	5.3235505920e-11	1.3547980165e-01	2.7162601664e-29	6.2351670449e-28	7.2316533741e-20	5.4870560218e-13	7.3817943016e-21	2.7115716075e-18	7.3767904694e-13	2.0341586124e-18	2.5088330377e-07	3.8500962957e-06	6.8718638751e-05	6.3651994966e-27	4.0297170559e-06	2.0485108947e-15	0.0000000000e+00	7.2643411638e-34	4.5778256956e-11	6.9586647802e-15	1.1482872409e-17	1.2652553617e-24	1.9521925151e-27	4.7905151684e-13	1.2229073612e-13	1.3265507175e-04	3.7469700663e-26	1.2253510240e-26	1.1141983838e-45	2.3992756226e-37	3.3172037542e-04	5.4010485674e-07	6.1702846134e-45	8.6284981424e-32	2.9654831982e-15	3.2235441174e-23	9.2228049474e-13	1.7596460910e-20	4.0798641944e-13	8.0447805719e-27	2.1694454635e-22	8.7461563418e-25	1.0837987698e-15	3.7855945582e-23	1.2267439914e-16	9.6803458073e-27	4.6088689189e-42	1.6111186364e-25	1.7821111351e-30	3.2600688438e-45	2.7851339563e-26	1.4640609936e-58	3.6954134377e-30	2.1947844277e-40	3.8749166959e-25	1.2615301644e-28	3.8934111458e-37	6.0240222646e-55	8.9811991132e-18	6.1254673283e-36	8.6343941067e-01	2.3368283996e-18	3.2308180159e-27	3.3354553520e-04	4.7078764586e-08	3.3226719469e-28	1.4865061787e-23	2.0096092646e-40	3.1459928413e-64	5.8380702052e-05	6.9677978903e-31	2.7366551625e-70	5.5700972212e-88	1.7540225546e-107	1.5608346458e-31	4.2628485458e-61	1.4827974246e-24	6.4970540171e-32	7.0670588140e-19	5.1360053050e-27	5.0149742829e-17	1.3357983157e-24	1.0271872820e-21	1.3173283627e-32	5.3685927572e-22	2.8652483487e-24	2.3039655195e-28	6.7746997734e-21	1.3121022044e-46	7.0755714413e-31	1.4156933816e-39	4.2099015985e-28	4.9471366886e-34	1.3714730456e-25	2.7097759682e-27	4.8049421181e-37	1.0800216414e-28	8.7457051668e-23	1.8970284248e-16	1.4141072948e-19	9.2156961774e-27	1.7926596114e-19	1.4217797376e-35	3.0729366275e-18	2.2167612689e-30	1.2267439914e-16	3.0011180826e-25	7.7966093468e-31	4.6345861742e-27	1.2135490358e-41	1.0980453315e-35	3.3240375040e-24	4.9342627874e-33	1.0546084018e-45	9.0998957587e-40	2.8728498764e-28	6.4935623550e-39	2.4020569756e-21	5.0113013754e-10	1.6430545226e-07	1.9109872487e-08	1.1100061114e-22	4.2515839277e-35	4.9498939746e-25	6.8006051373e-30	3.2939746463e-19	3.1272419499e-31	3.1310305298e-07	3.1861565355e-08	7.6878843618e-29	2.9706476310e-37	1.1304844455e-32	1.3702419774e-25	7.0155317119e-18	1.6137084399e-12	5.3650596324e-08	8.7592426957e-13	6.1942873030e-14	2.2812109351e-05	1.4035925361e-18	1.2547087310e-19	6.2262122550e-22	8.6335907006e-35	4.6404382751e-10	1.5300078691e-16	2.5534106691e-20	1.4191829863e-11	9.5205116824e-16	6.6722844625e-05	7.9613283321e-19	2.6255271350e-11	1.1625401209e-23	1.2982907089e-32	5.6581512621e-05	1.5763771140e-40	1.9521925151e-27	1.9185042138e-40	3.5387371018e-14	4.7104846003e-22	4.0845483488e-22	3.1729969608e-30	7.4477195588e-59	1.0939096646e-20	1.2770793629e-26	5.1718223266e-40	3.7077112209e-42	3.1505533670e-19	2.6748740537e-14	7.7021261944e-16	4.1793914124e-08	8.1416753720e-26	4.8158493933e-33	1.7486282700e-14	2.3374042316e-13	3.6294064124e-11	2.2919959001e-12	3.9193971275e-16	1.8498867401e-25	3.2212992088e-13	3.3498129886e-16	5.2126114533e-08	2.0116842359e-13	1.1225178134e-14	2.2231218903e-15	2.0371847251e-07	7.6116069379e-11	2.4643577437e-14	2.3283484397e-17	1.2950328052e-18	3.3760601398e-29	1.7445913658e-15	1.3306630311e-17	5.2126114533e-08	2.9256810028e-20	6.0328719819e-27
1.6768329400e-03	8.0000000000e+02	2.8314415061e+16	1.5181549037e+16	2.3124729431e+00	5.8117948344e-38	6.5774161975e-11	1.3546523093e-01	3.3559457331e-29	7.9836892168e-28	1.1036425955e-19	7.1075600623e-13	8.7989969021e-21	3.8508501242e-18	8.7929671970e-13	2.0703810056e-18	2.5085662766e-07	3.8496872038e-06	6.8711247928e-05	7.8629377481e-27	4.0292836422e-06	2.9109010457e-15	0.0000000000e+00	8.1451712839e-34	4.1546394283e-11	5.2976353707e-15	1.0800319172e-17	1.1483192499e-24	1.7717690140e-27	3.6471089741e-13	8.9837671662e-14	7.8880427750e-05	4.2012046718e-26	1.1524874258e-26	1.0111747979e-45	2.1774282551e-37	3.8545859078e-04	5.2646041916e-07	7.7567316673e-45	8.7798935529e-32	2.4424741613e-15	2.1490602844e-23	4.9768949445e-13	7.6860153656e-21	1.4424544107e-13	3.6415955864e-27	1.3368901614e-22	5.3896954591e-25	5.4060008976e-16	2.1170501216e-23	8.4756011516e-17	8.2627949213e-27	4.6896240041e-42	1.3269094451e-25	1.8792753459e-30	3.7192073691e-45	2.2358045403e-26	1.5157683826e-58	2.5066727905e-30	1.4886950255e-40	3.8751311442e-25	1.0582876677e-28	2.7397972491e-37	3.5559593474e-55	9.3082989772e-18	5.3254619824e-36	8.6350782025e-01	1.8916088012e-18	2.1168354338e-27	2.7981539216e-04	3.0846793880e-08	1.4263398129e-28	1.5406086961e-23	1.7471062286e-40	2.2942856007e-64	5.8382538520e-05	5.8450908769e-31	1.6153994203e-70	2.7580661806e-88	7.2854963112e-108	1.6764649874e-31	3.8407810987e-61	1.2002617163e-24	3.4456530700e-32	2.7531804060e-19	2.4719572649e-27	2.9819731959e-17	6.4291918619e-25	7.5457808687e-22	9.8464256117e-33	2.6290930807e-22	1.1357643733e-24	5.9836045712e-29	1.4241555725e-21	1.0995672816e-46	4.7995015194e-31	7.7729215503e-40	1.8709729011e-28	1.7796308766e-34	3.9934087792e-26	5.1695271197e-28	7.4196951361e-38	1.3499286927e-29	5.8304146110e-23	1.0236674991e-16	7.0534151984e-20	5.5756201623e-27	5.7518065932e-20	7.9511392998e-36	1.3910127641e-18	8.1222603409e-31	8.4756011516e-17	1.6783406950e-25	5.4866127042e-31	3.4640579634e-27	9.9949693521e-42	6.6431632978e-36	1.6277999961e-24	3.2329342774e-33	5.4515535009e-46	3.8075528370e-40	6.8892116407e-29	1.9237965441e-39	1.1763290045e-21	5.9699146402e-10	1.6419186526e-07	1.9107675440e-08	1.2759726862e-22	4.9726328858e-35	5.6898593558e-25	6.6759898408e-30	3.1780326431e-19	4.0303900034e-31	3.1867849918e-07	2.6249016709e-08	5.3129390571e-29	2.7438897192e-37	8.4520211109e-33	8.2922754447e-26	3.4365092193e-18	1.3060486651e-12	5.3644825968e-08	7.0892504201e-13	9.4514748191e-14	2.2809577265e-05	1.7968588545e-18	1.3474041965e-19	7.9691907135e-22	7.7772935761e-35	5.3911568291e-10	2.1190176217e-16	2.8624772399e-20	1.7531122245e-11	1.1758420756e-15	6.6715668291e-05	7.6813442719e-19	2.1249603573e-11	1.3857317752e-23	1.2981510720e-32	5.6575427031e-05	2.0184391013e-40	1.7717690140e-27	2.3703164041e-40	4.9001185545e-14	5.8187076484e-22	6.2311708933e-22	4.8396355858e-30	1.1351045319e-58	1.1335347615e-20	1.1100775818e-26	3.7710396904e-40	1.8356333494e-42	2.3140308967e-19	1.5902526230e-14	9.9768116669e-16	2.8710159094e-08	7.5073154294e-26	3.7249962504e-33	1.1345731460e-14	2.4507298453e-13	3.0801912699e-11	2.4904454992e-12	3.5724366584e-16	1.4144007181e-25	1.8562466401e-13	1.1393872663e-16	3.8457503728e-08	1.2449950110e-13	9.8727221993e-15	1.5826592487e-15	2.2393358417e-07	6.0253256672e-11	1.7748167255e-14	1.0986482599e-17	7.5493750063e-19	9.3112227397e-30	1.5522547894e-15	5.3955637611e-18	3.8457503728e-08	1.5923701874e-20	2.7543760761e-27
1.0985411400e-03	8.0000000000e+02	1.8548234415e+16	9.9458662743e+15	2.3123049833e+00	7.3065640991e-38	8.1265024738e-11	1.3545539070e-01	4.1462518834e-29	1.0606335948e-27	1.6844033824e-19	9.0358503531e-13	1.0109119547e-20	5.0805902167e-18	1.0102122798e-12	2.1006970742e-18	2.5083865498e-07	3.8494116220e-06	6.8706257057e-05	9.7135596779e-27	4.0289909656e-06	3.8425482051e-15	0.0000000000e+00	8.2885397180e-34	3.4219875179e-11	3.7976543229e-15	9.5653898870e-18	9.4583487657e-25	1.4593510705e-27	2.6145063692e-13	5.9894375913e-14	4.2566867418e-05	4.2750780207e-26	1.0206919422e-26	8.3284411921e-46	1.7934172421e-37	4.2176344754e-04	5.0135484900e-07	8.0317678096e-45	7.3586221780e-32	1.6569603263e-15	1.1800641249e-23	2.2120266768e-13	2.7650819838e-21	4.2003331471e-14	1.4086784993e-27	7.7573175291e-23	3.1273757762e-25	2.5390241543e-16	1.0117575053e-23	5.0042722456e-17	6.0272959090e-27	3.9304084281e-42	9.0013619460e-26	1.6936009109e-30	3.1718469532e-45	1.4443492966e-26	1.0646923337e-58	1.1535560063e-30	6.8506468903e-41	3.8752706078e-25	9.2110184081e-29	2.0754421162e-37	2.3444300145e-55	1.0009374941e-17	4.9840479004e-36	8.6355400145e-01	1.5311644355e-18	1.3868991597e-27	2.4354718358e-04	2.0210423594e-08	6.1225247298e-29	1.6566142107e-23	1.6350710713e-40	1.8687580971e-64	5.8383618492e-05	5.0873027844e-31	1.0650078576e-70	1.5825806724e-88	3.6383845799e-108	1.9384050349e-31	3.8650746154e-61	9.7153592646e-25	1.8272762675e-32	9.7337292642e-20	1.0797188251e-27	1.6091575712e-17	2.8081874966e-25	5.0306505354e-22	5.5016149202e-33	9.6242590019e-23	3.3653052172e-25	1.1615792820e-29	2.2377846114e-22	6.2515537439e-47	2.2087022390e-31	2.8953441973e-40	5.6410284503e-29	4.3430577310e-35	7.8883162943e-27	6.6902311103e-29	7.7723301671e-39	1.1445924733e-30	3.2014656946e-23	4.5497046575e-17	3.3127035424e-20	2.5216200107e-27	1.3794798747e-20	3.7999217780e-36	5.3808549756e-19	2.5431498749e-31	5.0042722456e-17	8.0209428075e-26	4.1562733361e-31	1.9354820108e-27	6.7804107307e-42	3.0043726123e-36	5.9587448110e-25	2.1181400127e-33	2.7531153341e-46	1.5564133343e-40	9.2314299902e-30	3.1848113805e-40	4.3061598291e-22	6.8551025833e-10	1.6409137663e-07	1.9106156528e-08	1.3626170121e-22	4.4504390260e-35	6.0761203060e-25	5.2029752922e-30	2.9553085170e-19	4.3795962724e-31	3.2334482833e-07	2.1557632927e-08	3.7976169130e-29	2.2930274906e-37	5.7171298933e-33	4.5401069489e-26	1.5229468767e-18	1.0570684744e-12	5.3640929348e-08	5.7377767812e-13	1.4423192921e-13	2.2807865450e-05	2.3868212750e-18	1.5577297600e-19	1.0584353506e-21	7.8254802485e-35	5.8981709377e-10	2.6636776843e-16	2.9124871882e-20	2.1657196975e-11	1.4523982101e-15	6.6710822239e-05	7.1431912064e-19	1.7198660335e-11	1.5920596781e-23	1.2980567777e-32	5.6571317538e-05	2.6814975654e-40	1.4593510705e-27	2.9285124482e-40	6.1588251069e-14	7.1880562926e-22	9.5077044505e-22	7.3835097435e-30	1.7308632954e-58	1.2187528845e-20	1.0387772531e-26	3.0712734645e-40	1.0531894160e-42	1.5425558233e-19	8.5805027390e-15	1.2683533650e-15	1.9355692893e-08	6.9182533279e-26	2.9876238804e-33	7.9199213277e-15	2.5218474299e-13	2.5655231144e-11	2.7555850425e-12	3.4402467960e-16	1.1854570267e-25	1.0891735582e-13	4.4075538400e-17	2.9976507318e-08	8.4460925428e-14	8.8419605105e-15	1.1472919635e-15	2.3710610865e-07	4.4254157573e-11	1.2311948193e-14	4.9932314085e-18	4.2389582874e-19	2.9724186648e-30	1.3303361657e-15	2.3981415211e-18	2.9976507318e-08	9.6743253948e-21	1.4564251688e-27
7.1968567300e-04	8.0000000000e+02	1.2150955243e+16	6.5158210308e+15	2.3122054953e+00	8.4220630275e-38	1.0040313717e-10	1.3544956254e-01	5.1226660825e-29	1.4761625438e-27	2.5709075600e-19	1.1347922585e-12	1.1086623839e-20	6.1084364220e-18	1.1078893870e-12	2.1259315753e-18	2.5082806397e-07	3.8492492768e-06	6.8703301046e-05	1.2000230394e-26	4.0288176162e-06	4.6217874692e-15	0.0000000000e+00	7.7330969300e-34	2.5841680294e-11	2.6148880055e-15	8.1371709758e-18	7.1426751268e-25	1.1020602910e-27	1.8002408458e-13	3.6610171192e-14	2.1059960330e-05	3.9885609303e-26	8.6828481482e-27	6.2893071738e-46	1.3543172926e-37	4.4327124639e-04	4.8044223190e-07	6.9911440948e-45	5.1844627198e-32	9.4490795054e-16	5.4469469212e-24	8.2643373776e-14	8.3617240853e-22	1.0281150115e-14	4.7987143394e-28	4.3233721255e-23	1.7429748371e-25	1.1453758563e-16	4.2581338029e-24	2.6020381246e-17	3.8719086128e-27	2.7691194376e-42	5.1330929441e-26	1.3441369530e-30	2.0848804272e-45	7.8928133068e-27	5.2847552078e-59	3.7512820415e-31	2.2277483244e-41	3.8753643749e-25	8.3987275302e-29	1.7254874354e-37	1.7771896785e-55	1.1275762052e-17	5.1193696109e-36	8.6358134912e-01	1.2393742927e-18	9.0864121648e-28	2.2207117926e-04	1.3241165353e-08	2.6279577605e-29	1.8661952602e-23	1.6794522795e-40	1.7501668540e-64	5.8384594891e-05	4.6386348167e-31	8.0732067818e-71	1.0938416494e-88	2.2929391750e-108	2.4598502290e-31	4.4721602007e-61	7.8638690037e-25	9.6899582041e-33	3.1550203161e-20	4.3237784106e-28	7.9612486060e-18	1.1245502244e-25	3.0749398139e-22	2.3691873349e-33	2.7152936245e-23	7.6850040218e-26	1.7378359713e-30	2.7098693346e-23	2.5116484955e-47	7.1825425026e-32	7.6209897134e-41	1.2018205008e-29	7.4894006256e-36	1.1010471539e-27	6.1179089301e-30	5.7528529203e-40	6.8572985473e-32	1.4777233743e-23	1.6997992698e-17	1.4943781839e-20	8.7893953134e-28	2.5497943333e-21	1.5992542963e-36	1.8330077404e-19	7.0122131565e-32	2.6020381246e-17	3.3757345532e-26	3.4554811006e-31	8.3347985443e-28	3.8666080486e-42	1.0472006539e-36	1.6811289985e-25	1.3877211652e-33	1.3990421163e-46	6.4017906597e-41	7.3477474884e-31	3.1318345918e-41	1.2148975135e-22	7.5149342013e-10	1.6401830387e-07	1.9105236756e-08	1.3260498157e-22	3.0512822709e-35	5.9130173300e-25	3.2538622406e-30	2.6233333557e-19	3.9763242137e-31	3.2722898922e-07	1.7658632435e-08	2.8363673715e-29	1.7523745335e-37	3.5364365754e-33	2.2731287763e-26	6.1718143430e-19	8.5556877451e-13	5.3638621420e-08	4.6440309524e-13	2.2012463913e-13	2.2806848809e-05	3.3216631657e-18	1.9766197987e-19	1.4728784725e-21	9.0539346914e-35	6.1984751602e-10	3.0701093817e-16	2.7171045046e-20	2.6755479918e-11	1.7941679393e-15	6.6707951973e-05	6.3408634059e-19	1.3920231105e-11	1.7460043576e-23	1.2980009281e-32	5.6568883529e-05	3.7320393083e-40	1.1020602910e-27	3.6181572689e-40	7.0980153781e-14	8.8801177248e-22	1.4509411754e-21	1.1266885287e-29	2.6404098263e-58	1.3728449460e-20	1.0668997108e-26	2.8761728854e-40	7.2789454114e-43	9.4280850840e-20	4.2448806128e-15	1.5928966544e-15	1.2890402684e-08	6.5179795739e-26	2.5664794453e-33	6.2033754871e-15	2.5635174940e-13	2.1108800298e-11	3.1554150102e-12	3.5919278229e-16	1.1285457023e-25	6.6137867079e-14	2.0287882594e-17	2.5333148835e-08	6.5081763742e-14	8.1952344373e-15	8.6071011074e-16	2.4499879238e-07	3.0954444212e-11	8.3346672284e-15	2.2145396670e-18	2.3226874363e-19	1.1946781346e-30	1.1126350599e-15	1.2106499029e-18	2.5333148835e-08	6.9091278083e-21	9.4838798874e-28
4.7148663600e-04	8.0000000000e+02	7.9602578708e+15	4.2687004255e+15	2.3121532400e+00	9.0989016470e-38	1.2404738939e-10	1.3544650193e-01	6.3290187181e-29	2.1387815180e-27	3.9241217102e-19	1.4148300102e-12	1.1679674142e-20	6.7779242436e-18	1.1671494460e-12	2.1468335847e-18	2.5082255862e-07	3.8491649414e-06	6.8701748521e-05	1.4825620986e-26	4.0287265697e-06	5.1295895164e-15	0.0000000000e+00	6.7622436317e-34	1.8290474476e-11	1.7567747753e-15	6.7541324439e-18	5.0555118582e-25	7.8002691855e-28	1.2094658736e-13	2.0973594733e-14	9.7655236785e-06	3.4878160918e-26	7.2070630853e-27	4.4515065371e-46	9.5857176545e-38	4.5456795415e-04	4.6765889837e-07	5.3458374690e-45	3.2087666070e-32	4.7335912442e-16	2.2086213665e-24	2.7123332039e-14	2.2212513846e-22	2.2106014739e-15	1.4949224764e-28	2.3509993118e-23	9.4780937739e-26	5.0413260248e-17	1.6388764010e-24	1.2372961932e-17	2.2746691797e-27	1.7138627831e-42	2.5714634204e-26	9.7559550254e-31	1.1283547542e-45	3.8486984436e-27	2.0243537197e-59	9.4140173672e-32	5.5906380483e-42	3.8754287021e-25	7.9722236271e-29	1.5546640391e-37	1.5199080165e-55	1.3223457387e-17	5.6986813719e-36	8.6359571055e-01	1.0031746955e-18	5.9529657057e-28	2.1079397455e-04	8.6749537960e-09	1.1279583951e-29	2.1885485540e-23	1.8695003194e-40	1.8492520193e-64	5.8385562200e-05	4.4030756802e-31	6.9044579053e-71	8.8796681769e-89	1.7668252091e-108	3.3829819304e-31	5.8380409452e-61	6.3651749065e-25	5.1384215213e-33	9.5845976809e-21	1.6228122601e-28	3.6916384522e-18	4.2206924546e-26	1.7616016910e-22	8.4003555037e-34	6.3073773756e-24	1.4449173019e-26	2.1406291116e-31	2.7017668685e-24	7.7873063644e-48	1.8024925642e-32	1.5480091697e-41	1.9759167272e-30	9.9665068303e-37	1.1859563397e-28	4.3171739003e-31	3.2858420422e-41	3.1701757926e-33	5.9918544535e-24	5.5786951153e-18	6.5774456080e-21	2.5224591257e-28	3.8803501821e-22	6.1552319554e-37	5.7102887914e-20	1.7681363776e-32	1.2372961932e-17	1.2992573628e-26	3.1133882877e-31	2.9552440879e-28	1.9370078772e-42	3.0053498217e-37	3.9051079355e-26	9.0916594532e-34	7.2213674470e-47	2.6745886675e-41	3.9647064088e-32	2.0877993124e-42	2.8220951947e-23	7.9149942981e-10	1.6397457425e-07	1.9104745715e-08	1.1909495599e-22	1.6960672392e-35	5.3105887006e-25	1.7172093947e-30	2.2369197826e-19	3.1228092277e-31	3.3044628158e-07	1.4433546027e-08	2.2005803314e-29	1.2524864762e-37	2.0458739003e-33	1.0643976440e-26	2.3391581986e-19	6.9248802844e-13	5.3637409251e-08	3.7588255293e-13	3.3597518556e-13	2.2806311074e-05	4.8124958686e-18	2.7182956601e-19	2.1338516920e-21	1.1818699204e-34	6.3561868866e-10	3.3167051880e-16	2.3758895101e-20	3.3054883381e-11	2.2165039705e-15	6.6706444452e-05	5.4068794637e-19	1.1266883572e-11	1.8394023504e-23	1.2979715948e-32	5.6567605138e-05	5.4072749174e-40	7.8002691855e-28	4.4702084249e-40	7.6678303421e-14	1.0970883257e-21	2.2144755460e-21	1.7195210386e-29	4.0290727865e-58	1.6099157333e-20	1.1875831427e-26	3.0388844451e-40	5.9087186167e-43	5.4010368873e-20	1.9682760442e-15	1.9859828729e-15	8.5222645613e-09	6.3004866313e-26	2.3548197042e-33	5.4026484864e-15	2.5869680231e-13	1.7241903200e-11	3.7342480026e-12	4.0349024831e-16	1.2033261773e-25	4.1504719593e-14	1.0888306477e-17	2.3033582607e-08	5.6168186692e-14	7.8500952851e-15	6.6732489603e-16	2.4949754203e-07	2.1030722671e-11	5.5606344391e-15	9.6795083038e-19	1.2542777765e-19	5.9365582026e-31	9.1711108933e-16	6.8451570025e-19	2.3033582607e-08	5.7116375530e-21	7.4418725903e-28
3.0888436000e-04	8.0000000000e+02	5.2149357712e+15	2.7965475547e+15	2.3121281949e+00	9.4495982226e-38	1.5325903756e-10	1.3544503459e-01	7.8194523253e-29	3.1809557586e-27	5.9897331225e-19	1.7568150277e-12	1.1986938694e-20	7.1384122692e-18	1.1978524565e-12	2.1640723770e-18	2.5081997365e-07	3.8491253940e-06	6.8701004404e-05	1.8316529612e-26	4.0286829299e-06	5.4030928798e-15	0.0000000000e+00	5.6843417847e-34	1.2444596755e-11	1.1646345820e-15	5.5319300489e-18	3.4396915488e-25	5.3071816956e-28	8.0179939180e-14	1.1550272606e-14	4.3529120895e-06	2.9318681626e-26	5.9029203306e-27	3.0287565290e-46	6.5220178134e-38	4.5998209466e-04	4.6109355388e-07	3.7773830571e-45	1.8351788829e-32	2.1912706575e-16	8.2754484202e-25	8.2258029910e-15	5.4525288398e-23	4.3921353147e-16	4.4174503071e-29	1.2615068184e-23	5.0857862277e-26	2.1895097379e-17	5.9832094518e-25	5.5808029034e-18	1.2675825587e-27	9.8020702992e-43	1.1903881722e-26	6.7168059977e-31	5.4246515270e-46	1.7566107716e-27	6.6216082941e-60	2.0173538168e-32	1.1980403268e-42	3.8754728961e-25	7.7678738276e-29	1.4759681335e-37	1.4059681141e-55	1.5918466320e-17	6.6841827567e-36	8.6360259389e-01	8.1198221665e-19	3.9000467871e-28	2.0539004589e-04	5.6833200800e-09	4.8412722990e-30	2.6345951007e-23	2.1928098594e-40	2.1134368276e-64	5.8386428451e-05	4.2902275897e-31	6.3868871540e-71	8.0033927869e-89	1.5516319707e-108	4.9023986294e-31	8.2431616869e-61	5.1520703190e-25	2.7247782308e-33	2.7989151359e-21	5.8548952090e-29	1.6455269932e-18	1.5227708490e-26	9.7012695564e-23	2.6457806785e-34	1.3014724633e-24	2.4132046623e-27	2.3421924923e-32	2.3927318213e-25	2.0617183841e-48	3.8626073358e-33	2.6850081271e-42	2.7739952298e-31	1.1325178019e-37	1.0907764833e-29	2.6013368970e-32	1.6025394768e-42	1.2514410494e-34	2.2450861633e-24	1.6918793177e-18	2.8566751246e-21	6.4305083846e-29	5.2455022902e-23	2.2471518896e-37	1.6873729156e-20	4.2289617494e-33	5.5808029034e-18	4.7433283734e-27	2.9557808044e-31	9.3078852999e-29	8.9668137307e-43	7.6615685770e-38	8.0578782431e-27	5.9563415939e-34	3.7754983246e-47	1.1318186205e-41	1.6880290128e-33	1.0982282921e-43	5.8231479839e-24	8.1221921598e-10	1.6395206969e-07	1.9104508054e-08	1.0152272838e-22	8.2689390409e-36	4.5270372757e-25	8.1583423211e-31	1.8582055691e-19	2.2376969729e-31	3.3309972190e-07	1.1776369908e-08	1.7494170790e-29	8.5900828095e-38	1.1357118670e-33	4.7825355046e-27	8.5070481148e-20	5.6049635219e-13	5.3636828242e-08	3.0423730155e-13	5.1281856719e-13	2.2806048324e-05	7.1573641055e-18	3.9391014932e-19	3.1735000378e-21	1.6687370039e-34	6.4317670086e-10	3.4444729460e-16	1.9971337202e-20	4.0838109501e-11	2.7383568867e-15	6.6705721877e-05	4.4914776429e-19	9.1193595898e-12	1.8877926678e-23	1.2979575350e-32	5.6566992389e-05	8.0421034790e-40	5.3071816956e-28	5.5229069812e-40	7.9630590821e-14	1.3554174877e-21	3.3800176042e-21	2.6245031731e-29	6.1490901653e-58	1.9379871024e-20	1.3929306666e-26	3.4729409528e-40	5.3254861088e-43	2.9743223926e-20	8.7732781917e-16	2.4660238551e-15	5.6114070853e-09	6.2010025908e-26	2.2582042339e-33	5.0481239024e-15	2.6000268426e-13	1.4026101267e-11	4.5179629980e-12	4.7565305795e-16	1.3821601023e-25	2.6627597645e-14	6.4617187586e-18	2.1977775830e-08	5.2219220898e-14	7.6873992522e-15	5.2894051389e-16	2.5202078041e-07	1.4057914225e-11	3.6798017257e-15	4.1964626620e-19	6.7182907886e-20	3.3955321692e-31	7.4982000295e-16	4.1692063549e-19	2.1977775830e-08	5.1999799853e-21	6.6014752566e-28
2.0235896500e-04	8.0000000000e+02	3.4164365748e+15	1.8320981637e+15	2.3121168446e+00	9.6146203867e-38	1.8934926033e-10	1.3544436951e-01	9.6608570775e-29	4.7975773867e-27	9.1427529063e-19	2.1766692160e-12	1.2131521207e-20	7.3112541500e-18	1.2122996419e-12	2.1782383850e-18	2.5081884922e-07	3.8491082371e-06	6.8700667214e-05	2.2629606953e-26	4.0286631534e-06	5.5342467695e-15	0.0000000000e+00	4.6812628884e-34	8.2952509326e-12	7.6705988603e-16	4.5014291403e-18	2.2928011805e-25	3.5376173370e-28	5.2808460915e-14	6.2316518382e-15	1.9008808384e-06	2.4145104384e-26	4.8033304132e-27	2.0189002641e-46	4.3474288407e-38	4.6243491311e-04	4.5802547093e-07	2.5618585961e-45	1.0074107472e-32	9.7361722632e-17	2.9761020002e-25	2.3944106147e-15	1.2846426788e-23	8.3757582927e-17	1.2705240446e-29	6.7249868527e-24	2.7111899054e-26	9.4474101036e-18	2.1260886665e-25	2.4500773835e-18	6.8753580788e-28	5.3808116640e-43	5.2891323344e-27	4.5010912977e-31	2.4523434921e-46	7.7529463390e-28	1.9953462557e-60	3.9825841202e-33	2.3651458351e-43	3.8755029749e-25	7.6753188128e-29	1.4409938682e-37	1.3562867334e-55	1.9432542777e-17	8.0624607936e-36	8.6360571309e-01	6.5722479269e-19	2.5550716844e-28	2.0294196028e-04	3.7233476281e-09	2.0778820030e-30	3.2162077305e-23	2.6449780808e-40	2.5188439563e-64	5.8387123884e-05	4.2391266773e-31	6.1612252599e-71	7.6285652693e-89	1.4613301504e-108	7.3057342861e-31	1.2137799504e-60	4.1701435429e-25	1.4448690307e-33	8.0074572459e-22	2.0694740009e-29	7.1859105937e-19	5.3823929702e-27	5.2340916255e-23	7.8359452931e-35	2.5252282409e-25	3.7898660396e-28	2.4097965999e-33	1.9925805085e-26	5.0286125777e-49	7.6254142976e-34	4.2903481715e-43	3.5877047248e-32	1.1855505316e-38	9.2421890536e-31	1.4439886579e-33	7.2001238582e-44	4.5509878570e-36	8.0740436133e-25	4.9248330058e-19	1.2326181042e-21	1.5415120117e-29	6.6677734294e-24	7.9850859357e-38	4.8531340759e-21	9.8448481615e-34	2.4500773835e-18	1.6855062116e-27	2.8857292001e-31	2.7567055442e-29	3.9841178493e-43	1.8366275713e-38	1.5634649759e-27	3.9022300449e-34	1.9886896332e-47	4.8254032474e-42	6.3549135360e-35	5.1080873741e-45	1.1298570008e-24	8.2196704362e-10	1.6394151305e-07	1.9104399818e-08	8.4162297940e-23	3.7629695340e-36	3.7529275170e-25	3.6685904453e-31	1.5221808644e-19	1.5276957046e-31	3.3528019119e-07	9.5942076507e-09	1.4082570290e-29	5.7633673860e-38	6.1675285340e-34	2.1021575220e-27	3.0265649062e-20	4.5366460111e-13	5.3636564943e-08	2.4624894496e-13	7.8276120260e-13	2.2805922784e-05	1.0794772938e-17	5.8701400389e-19	4.7862452594e-21	2.4571409969e-34	6.4660049540e-10	3.5045932233e-16	1.6446975024e-20	5.0454416624e-11	3.3831374997e-15	6.6705394424e-05	3.6792582250e-19	7.3811911900e-12	1.9105626022e-23	1.2979511634e-32	5.6566714705e-05	1.2129251936e-39	3.5376173370e-28	6.8234977053e-40	8.1019734854e-14	1.6745898189e-21	5.1591784970e-21	4.0059427145e-29	9.3853971867e-58	2.3657853203e-20	1.6801375597e-26	4.1390781914e-40	5.0759861401e-43	1.6047043445e-20	3.8311833608e-16	3.0553690210e-15	3.6866365333e-09	6.1618642867e-26	2.2171972125e-33	4.8973596974e-15	2.6074037075e-13	1.1384958891e-11	5.5309528691e-12	5.7535841809e-16	1.6519519899e-25	1.7285479156e-14	4.0464125605e-18	2.1517705904e-08	5.0516529477e-14	7.6172949931e-15	4.2422105533e-16	2.5345197376e-07	9.3146399203e-12	2.4244422488e-15	1.8113354519e-19	3.5826985826e-20	2.0936224862e-31	6.1035203524e-16	2.6423151138e-19	2.1517705904e-08	4.9845339650e-21	6.2525155133e-28
1.3257113700e-04	8.0000000000e+02	2.2382003309e+15	1.2002598286e+15	2.3121118481e+00	9.6884918596e-38	2.3393795670e-10	1.3544407690e-01	1.1935876462e-28	7.2842308554e-27	1.3955601234e-18	2.6936508644e-12	1.2196243294e-20	7.3892930585e-18	1.2187668899e-12	2.1898450270e-18	2.5081839366e-07	3.8491013258e-06	6.8700518795e-05	2.7958409487e-26	4.0286544473e-06	5.5934671741e-15	0.0000000000e+00	3.8181297141e-34	5.4762386426e-12	5.0369814682e-16	3.6519625053e-18	1.5136227811e-25	2.3354044989e-28	3.4677119349e-14	3.3297992503e-15	8.2211651698e-07	1.9693291700e-26	3.8969060230e-27	1.3328131864e-46	2.8700330517e-38	4.6351404275e-04	4.5665703748e-07	1.7042360995e-45	5.4243136797e-33	4.2431665307e-17	1.0498161515e-25	6.8364033521e-16	2.9687594300e-24	1.5666803893e-17	3.6082795901e-30	3.5743292362e-24	1.4409969203e-26	4.0642413760e-18	7.4599351960e-26	1.0621109171e-18	3.6823221667e-28	2.8972607735e-43	2.3050981269e-27	2.9783838725e-31	1.0769771140e-46	3.3687473445e-28	5.7848754528e-61	7.5642856780e-34	4.4922513335e-44	3.8755232217e-25	7.6346114068e-29	1.4257418236e-37	1.3348071199e-55	2.3881134564e-17	9.8555572053e-36	8.6360708580e-01	5.3196102960e-19	1.6739179189e-28	2.0186488810e-04	2.4392879844e-09	8.9182403543e-31	3.9524919437e-23	3.2332346414e-40	3.0627013746e-64	5.8387641142e-05	4.2166590484e-31	6.0636715190e-71	7.4679205644e-89	1.4229623595e-108	1.1033513457e-30	1.8233840848e-60	3.3753472793e-25	7.6616650686e-34	2.2688297580e-22	7.2444204017e-30	3.1078630193e-19	1.8841656104e-27	2.7967765484e-23	2.2544665259e-35	4.7597073998e-26	5.7818535629e-29	2.4085232224e-34	1.6119439605e-27	1.1800150082e-49	1.4483262731e-34	6.5956729556e-44	4.4642332627e-33	1.1940262291e-39	7.5341151981e-32	7.7116695636e-35	3.1123484147e-45	1.5922729926e-37	2.8481188488e-25	1.4061191944e-19	5.3026974099e-22	3.5897393865e-30	8.2335603650e-25	2.8017751354e-38	1.3782867557e-21	2.2630279958e-34	1.0621109171e-18	5.9140370338e-28	2.8551751317e-31	7.9312995798e-30	1.7363432469e-43	4.2769944349e-39	2.9469268335e-28	2.5564890550e-34	1.0513767470e-47	2.0648503464e-42	2.2577101815e-36	2.2420910852e-46	2.1296248157e-25	8.2633026442e-10	1.6393679377e-07	1.9104352063e-08	6.8848139044e-23	1.6574592106e-36	3.0700565574e-25	1.6073521600e-31	1.2386314928e-19	1.0192915789e-31	3.3706671611e-07	7.8069374399e-09	1.1398343926e-29	3.8250300166e-38	3.3130906694e-34	9.1401015515e-28	1.0651220313e-20	3.6719580860e-13	5.3636449031e-08	1.9931365403e-13	1.1948103090e-12	2.2805859284e-05	1.6389787563e-17	8.8653629172e-19	7.2669615532e-21	3.6911898158e-34	6.4810655573e-10	3.5315044212e-16	1.3414416340e-20	6.2335345200e-11	4.1797752429e-15	6.6705250270e-05	2.9938821286e-19	5.9743310742e-12	1.9207555201e-23	1.2979483585e-32	5.6566592462e-05	1.8416017936e-39	2.3354044989e-28	8.4303519861e-40	8.1641515048e-14	2.0689271790e-21	7.8749594031e-21	6.1146359415e-29	1.4325537588e-57	2.9073596347e-20	2.0537922392e-26	5.0327289673e-40	4.9690365850e-43	8.5744840869e-21	1.6569504414e-16	3.7810510407e-15	2.4191902549e-09	6.1492852955e-26	2.2009241793e-33	4.8356070777e-15	2.6116847835e-13	9.2301244734e-12	6.8082747072e-12	7.0447214989e-16	2.0119214573e-25	1.1282604603e-14	2.5993384914e-18	2.1324798463e-08	4.9797864428e-14	7.5892961240e-15	3.4210274187e-16	2.5428453451e-07	6.1424430961e-12	1.5935413421e-15	7.7996946491e-20	1.9060108759e-20	1.3372201403e-31	4.9564220197e-16	1.7064322204e-19	2.1324798463e-08	4.8955535483e-21	6.1082987194e-28
8.6851137400e-05	8.0000000000e+02	1.4663075719e+15	7.8632448700e+14	2.3121096778e+00	9.7207926638e-38	2.8902644260e-10	1.3544394979e-01	1.4746617461e-28	1.1093029952e-26	2.1302030336e-18	3.3312165481e-12	1.2224543714e-20	7.4235459289e-18	1.2215947613e-12	2.1993322570e-18	2.5081822822e-07	3.8490988515e-06	6.8700454348e-05	3.4542092214e-26	4.0286506658e-06	5.6194609640e-15	0.0000000000e+00	3.1006988958e-34	3.5996138156e-12	3.3032155264e-16	2.9588860449e-18	9.9492418040e-26	1.5350921220e-28	2.2740937117e-14	1.7715515575e-15	3.5402386008e-07	1.5992945003e-26	3.1573525378e-27	8.7608055173e-47	1.8865210556e-38	4.6398229772e-04	4.5605968575e-07	1.1239507786e-45	2.8955144911e-33	1.8333037969e-17	3.6713097340e-26	1.9350797518e-16	6.8015768763e-25	2.9052159941e-18	1.0189770100e-30	1.8972445418e-24	7.6487736893e-27	1.7461102672e-18	2.6027703104e-26	4.5783316318e-19	1.9610819508e-28	1.5465705897e-43	9.9594695265e-28	1.9597073314e-31	4.6687007444e-47	1.4535970413e-28	1.6483734339e-61	1.4120703852e-34	8.3860007508e-45	3.8755367307e-25	7.6169563070e-29	1.4191504225e-37	1.3255590203e-55	2.9436410771e-17	1.2120041187e-35	8.6360768185e-01	4.3057097082e-19	1.0966390723e-28	2.0139751092e-04	1.5980538854e-09	3.8276794345e-31	4.8719419660e-23	3.9761370925e-40	3.7576973093e-64	5.8388007891e-05	4.2069197513e-31	6.0216767116e-71	7.3990246196e-89	1.4065695407e-108	1.6763833051e-30	2.7639531133e-60	2.7320245975e-25	4.0627129108e-34	6.4007241704e-23	2.5250351784e-30	1.3383270082e-19	6.5672395921e-28	1.4879718953e-23	6.4026562113e-36	8.8557118399e-27	8.7071038322e-30	2.3762071724e-35	1.2872023332e-28	2.7215263213e-50	2.7036771553e-35	9.9657720721e-45	5.4596164115e-34	1.1819321144e-40	6.0363489410e-33	4.0477839297e-36	1.3222711813e-46	5.4753674205e-39	9.9601779507e-26	3.9801051052e-20	2.2781915292e-22	8.2516866266e-31	1.0035932318e-25	9.7753893929e-39	3.8922774196e-22	5.1727030195e-35	4.5783316318e-19	2.0634066653e-28	2.8419673186e-31	2.2524852730e-30	7.5020707839e-44	9.8314982348e-40	5.4829437219e-29	1.6748406561e-34	5.5677552991e-48	8.8506214864e-43	7.8154561988e-38	9.5890587465e-48	3.9622905593e-26	8.2823805602e-10	1.6393473132e-07	1.9104331302e-08	5.5984026305e-23	7.1944139023e-37	2.4964306942e-25	6.9608394006e-32	1.0048778211e-19	6.7309904711e-32	3.3852701554e-07	6.3463142948e-09	9.2443344144e-30	2.5251334843e-38	1.7702973904e-34	3.9530048147e-28	3.7285425591e-21	2.9720823821e-13	5.3636398685e-08	1.6132439990e-13	1.8237713336e-12	2.2805821285e-05	2.4959666919e-17	1.3469609138e-18	1.1066678673e-20	5.5952290182e-34	6.4875976253e-10	3.5432698788e-16	1.0893806925e-20	7.7014097546e-11	5.1640182422e-15	6.6705187657e-05	2.4288723504e-19	4.8356228510e-12	1.9252124816e-23	1.2979471402e-32	5.6566539366e-05	2.8045437138e-39	1.5350921220e-28	1.0415588348e-39	8.1913316528e-14	2.5561261352e-21	1.2020394585e-20	9.3334022189e-29	2.1866345820e-57	3.5836668719e-20	2.5256804212e-26	6.1747367293e-40	4.9231551829e-43	4.5618680596e-21	7.1352247141e-17	4.6759956766e-15	1.5864333422e-09	6.1470579515e-26	2.1950315160e-33	4.8114912112e-15	2.6142416781e-13	7.4781805740e-12	8.4002390547e-12	8.6718432090e-16	2.4708798313e-25	7.3816625351e-15	1.6888329636e-18	2.1246917828e-08	4.9501086919e-14	7.5791322964e-15	2.7652726524e-16	2.5478250225e-07	4.0398661256e-12	1.0460195833e-15	3.3541378699e-20	1.0126637622e-20	8.6733490175e-32	4.0195861715e-16	1.1112707627e-19	2.1246917828e-08	4.8598572328e-21	6.0497159966e-28
5.6898660300e-05	8.0000000000e+02	9.6061957390e+14	5.1514362633e+14	2.3121087404e+00	9.7347691866e-38	3.5708727730e-10	1.3544389489e-01	1.8219232930e-28	1.6915648266e-26	3.2515749974e-18	4.1181242719e-12	1.2236789541e-20	7.4383918633e-18	1.2228184045e-12	2.2070724335e-18	2.5081818316e-07	3.8490982125e-06	6.8700426522e-05	4.2676140196e-26	4.0286490323e-06	5.6307273752e-15	0.0000000000e+00	2.5133148845e-34	2.3616058883e-12	2.1649776400e-16	2.3959653843e-18	6.5274059738e-26	1.0071289536e-28	1.4904725669e-14	9.4073600181e-16	1.5216326963e-07	1.2963331494e-26	2.5566792713e-27	5.7477308986e-47	1.2376961617e-38	4.6418422912e-04	4.5580138917e-07	7.3845116568e-46	1.5397973244e-33	7.8910643638e-18	1.2790440554e-26	5.4566572648e-17	1.5523896869e-25	5.3670160514e-19	2.8704975762e-31	1.0064733312e-24	4.0576143795e-27	7.4974565167e-19	9.0586882314e-27	1.9686721001e-19	1.0418340602e-28	8.2244798215e-44	4.2868580567e-28	1.2862657224e-31	2.0124311656e-47	6.2531523465e-29	4.6615582229e-62	2.6161251214e-35	1.5536701146e-45	3.8755456881e-25	7.6093482270e-29	1.4163135716e-37	1.3215848345e-55	3.6331777441e-17	1.4944138271e-35	8.6360793914e-01	3.4850505352e-19	7.1844289376e-29	2.0119594303e-04	1.0469334673e-09	1.6428229332e-31	6.0131878497e-23	4.9026287296e-40	4.6286510487e-64	5.8388260395e-05	4.2027261955e-31	6.0036350858e-71	7.3694710110e-89	1.3995487865e-108	2.5537405860e-30	4.2062890573e-60	2.2113109337e-25	2.1543090324e-34	1.8023284793e-23	8.7843359352e-31	5.7522852653e-20	2.2846746547e-28	7.9015004891e-24	1.8080558446e-36	1.6383315451e-27	1.3038131906e-30	2.3310554765e-36	1.0220648561e-29	6.2294739675e-51	5.0090688114e-36	1.4944329910e-45	6.6266030618e-35	1.1611402754e-41	4.7998738467e-34	2.1086255669e-37	5.5752713411e-48	1.8686246502e-40	3.4700237710e-26	1.1223368516e-20	9.7821292487e-23	1.8860695931e-31	1.2163615988e-26	3.4022289442e-39	1.0964695758e-22	1.1794340831e-35	1.9686721001e-19	7.1814856659e-29	2.8362805772e-31	6.3608402948e-31	3.2291125293e-44	2.2471681303e-40	1.0143620194e-29	1.0972410139e-34	2.9506934366e-48	3.7964794063e-43	2.6749202476e-39	4.0547973499e-49	7.3303487415e-27	8.2906355953e-10	1.6393383901e-07	1.9104322331e-08	4.5404104350e-23	3.1028736550e-37	2.0246565929e-25	2.9991448220e-32	8.1416470314e-20	4.4248355932e-32	3.3971840390e-07	5.1547860997e-09	7.5011821457e-30	1.6624959369e-38	9.4337814501e-35	1.7050230516e-28	1.3016833396e-21	2.4056037676e-13	5.3636376938e-08	1.3057595545e-13	2.7838284500e-12	2.2805791698e-05	3.8060680874e-17	2.0519073743e-18	1.6875411629e-20	8.5150189176e-34	6.4904107619e-10	3.5483587197e-16	8.8301135765e-21	9.5149462063e-11	6.3800367680e-15	6.6705160610e-05	1.9678992211e-19	3.9139536567e-12	1.9271410459e-23	1.2979466139e-32	5.6566516430e-05	4.2766201135e-39	1.0071289536e-28	1.2868309001e-39	8.2030829496e-14	3.1580518911e-21	1.8348058460e-20	1.4246581935e-28	3.3376757181e-57	4.4231200781e-20	3.1141855584e-26	7.6058809822e-40	4.9034632670e-43	2.4224565495e-21	3.0667915709e-17	5.7805702549e-15	1.0399402839e-09	6.1482567440e-26	2.1932616183e-33	4.8027985003e-15	2.6158066953e-13	6.0564647041e-12	1.0374166630e-11	1.0698871762e-15	3.0453918456e-25	4.8339900338e-15	1.1026387080e-18	2.1217090716e-08	4.9382107564e-14	7.5760772060e-15	2.2373101481e-16	2.5508756894e-07	2.6529734072e-12	6.8609802884e-16	1.4412984722e-20	5.3761942920e-21	5.6616457556e-32	3.2573495802e-16	7.2627556739e-20	2.1217090716e-08	4.8462205163e-21	6.0267009073e-28
3.7275937200e-05	8.0000000000e+02	6.2932920491e+14	3.3748530041e+14	2.3121083360e+00	9.7407893351e-38	4.4117524908e-10	1.3544387120e-01	2.2509583433e-28	2.5809219412e-26	4.9632554531e-18	5.0897687937e-12	1.2242064425e-20	7.4447912927e-18	1.2233454882e-12	2.2133776885e-18	2.5081818515e-07	3.8490982853e-06	6.8700414532e-05	5.2725628352e-26	4.0286483277e-06	5.6355838557e-15	0.0000000000e+00	2.0355355355e-34	1.5481146072e-12	1.4186062040e-16	1.9396576278e-18	4.2789351348e-26	6.6020705350e-29	9.7663395490e-15	4.9914432319e-16	6.5347879003e-08	1.0499026191e-26	2.0697667064e-27	3.7678423163e-47	8.1135391602e-39	4.6427107515e-04	4.5569015381e-07	4.8437898765e-46	8.1750490777e-34	3.3909835796e-18	4.4487591858e-27	1.5361844465e-17	3.5373719627e-26	9.8986545369e-20	8.0776796538e-32	5.3379364286e-25	2.1519981642e-27	3.2184619148e-19	3.1494263827e-27	8.4562193860e-20	5.5288920880e-29	4.3665240288e-44	1.8421730260e-28	8.4334828328e-32	8.6532563929e-48	2.6864765577e-29	1.3139676502e-62	4.8310180207e-36	2.8690635795e-46	3.8755516026e-25	7.6060797741e-29	1.4150949715e-37	1.3198785513e-55	4.4867943245e-17	1.8447314334e-35	8.6360804994e-01	2.8208048125e-19	4.7067389265e-29	2.0110924197e-04	6.8587714608e-10	7.0509104521e-32	7.4259991471e-23	6.0519019575e-40	5.7112355565e-64	5.8388431118e-05	4.2009268654e-31	5.9958922418e-71	7.3567940954e-89	1.3965390447e-108	3.8947156560e-30	6.4122559020e-60	1.7898406866e-25	1.1423499091e-34	5.0708738094e-24	3.0534759288e-31	2.4703738811e-20	7.9416351046e-29	4.1924563524e-24	5.0932731040e-37	3.0235245781e-28	1.9475578801e-31	2.2811518636e-37	8.0954936708e-31	1.4212426395e-51	9.2499022683e-37	2.2336744982e-46	8.0167379818e-36	1.1369849471e-42	3.8041982541e-35	1.0948619755e-38	2.3430912753e-49	6.3563611535e-42	1.2069421408e-26	3.1596612018e-21	4.1992180108e-23	4.3003730380e-32	1.4706217911e-27	1.1828500245e-39	3.0855033834e-23	2.6863735840e-36	8.4562193860e-20	2.4967809737e-29	2.8338362723e-31	1.7918441056e-31	1.3876306623e-44	5.1237105898e-41	1.8719976387e-30	7.1883611582e-35	1.5642565073e-48	1.6290267701e-43	9.1103319651e-41	1.7061972003e-50	1.3528085724e-27	8.2941914219e-10	1.6393345461e-07	1.9104318463e-08	3.6781706931e-23	1.3345277560e-37	1.6401695529e-25	1.2893613293e-32	6.5927002238e-20	2.9031243273e-32	3.4068892536e-07	4.1842043173e-09	6.0861787006e-30	1.0929355603e-38	5.0197613227e-35	7.3432921236e-29	4.5376311411e-22	1.9470961221e-13	5.3636367557e-08	1.0568818254e-13	4.2492737001e-12	2.2805762249e-05	5.8071381816e-17	3.1293642253e-18	2.5747754857e-20	1.2980658736e-33	6.4916158626e-10	3.5505480453e-16	7.1515051945e-21	1.1755537288e-10	7.8824043802e-15	6.6705148944e-05	1.5935045831e-19	3.1679548284e-12	1.9279717741e-23	1.2979463869e-32	5.6566506536e-05	6.5250958823e-39	6.6020705350e-29	1.5898598817e-39	8.2081325724e-14	3.9017192375e-21	2.8006686828e-20	2.1746115158e-28	5.0946303267e-57	5.4623261750e-20	3.8442014718e-26	9.3847764848e-40	4.8950077281e-43	1.2853273564e-21	1.3170592384e-17	7.1444580471e-15	6.8154869029e-10	6.1501894297e-26	2.1930053461e-33	4.8001672793e-15	2.6167820178e-13	4.9039313667e-12	1.2816356522e-11	1.3211803226e-15	3.7590668518e-25	3.1667005001e-15	7.2139434986e-19	2.1206707246e-08	4.9336664296e-14	7.5756350646e-15	1.8107735386e-16	2.5527779414e-07	1.7406318038e-12	4.4981765941e-16	6.1905729016e-21	2.8529133309e-21	3.7050428463e-32	2.6384654188e-16	4.7536607265e-20	2.1206707246e-08	4.8414776551e-21	6.0182074353e-28
2.4420530900e-05	8.0000000000e+02	4.1229150193e+14	2.2109625742e+14	2.3121081614e+00	9.7433774361e-38	5.4506448648e-10	1.3544386097e-01	2.7810232357e-28	3.9388356579e-26	7.5759906220e-18	6.2897986731e-12	1.2244332283e-20	7.4475434770e-18	1.2235721000e-12	2.2185077538e-18	2.5081820332e-07	3.8490985984e-06	6.8700409363e-05	6.5141604942e-26	4.0286480234e-06	5.6376724733e-15	0.0000000000e+00	1.6480005069e-34	1.0144845800e-12	9.2944504750e-17	1.5700853166e-18	2.8039975661e-26	4.3263543681e-29	6.3987224078e-15	2.6474717977e-16	2.8054335049e-08	8.5001792479e-27	1.6754056770e-27	2.4690817735e-47	5.3168338741e-39	4.6430838190e-04	4.5564232829e-07	3.1749915668e-46	4.3372147531e-34	1.4561614232e-18	1.5462724188e-27	4.3216914029e-18	8.0547931988e-27	1.8243707893e-20	2.2720429422e-32	2.8307278949e-25	1.1412127729e-27	1.3814538418e-19	1.0944554643e-27	3.6306099824e-20	2.9327712644e-29	2.3166307925e-44	7.9107029789e-29	5.5269274928e-32	3.7168818666e-48	1.1535097868e-29	3.6985012063e-63	8.9085352531e-37	5.2906452593e-47	3.8755554972e-25	7.6046780666e-29	1.4145720286e-37	1.3191463221e-55	5.5423306263e-17	2.2782896497e-35	8.6360809761e-01	2.2831621136e-19	3.0835252722e-29	2.0107198903e-04	4.4933818044e-10	3.0262106518e-32	9.1730038453e-23	7.4742580060e-40	7.0522190801e-64	5.8388545244e-05	4.2001566748e-31	5.9925715909e-71	7.3513573448e-89	1.3952484103e-108	5.9427610546e-30	9.7823428365e-60	1.4487001397e-25	6.0574499031e-35	1.4261928424e-24	1.0610275807e-31	1.0605510604e-20	2.7595743598e-29	2.2236896187e-24	1.4332524868e-37	5.5739850199e-29	2.9060691509e-32	2.2299561504e-38	6.4054366314e-32	3.2379683328e-52	1.7057084054e-37	3.3338864830e-47	9.6848274756e-37	1.1117629353e-43	3.0108137795e-36	5.6768403393e-40	9.8333113576e-51	2.1591480657e-43	4.1950194153e-27	8.8889675010e-22	1.8024234919e-23	9.7947904086e-33	1.7761508360e-28	4.1105157431e-40	8.6787251857e-24	6.1158890017e-37	3.6306099824e-20	8.6765501006e-30	2.8327863488e-31	5.0422732236e-32	5.9587907508e-45	1.1670085027e-41	3.4511036492e-31	4.7093101282e-35	8.2937744145e-49	6.9909427628e-44	3.0962695804e-42	7.1642463628e-52	2.4939551581e-28	8.2957201922e-10	1.6393328929e-07	1.9104316793e-08	2.9782124621e-23	5.7328679909e-38	1.3280455011e-25	5.5378207264e-33	5.3371260362e-20	1.9031282693e-32	3.4147855853e-07	3.3945451014e-09	4.9366566307e-30	7.1786352157e-39	2.6686626255e-35	3.1598370538e-29	1.5803975541e-22	1.5759799943e-13	5.3636363506e-08	8.5544023653e-14	6.4861477169e-12	2.2805728315e-05	8.8624639432e-17	4.7749404036e-18	3.9294432089e-20	1.9802868132e-33	6.4921274817e-10	3.5514859358e-16	5.7899583639e-21	1.4523743163e-10	9.7385459518e-15	6.6705143906e-05	1.2900217718e-19	2.5641433004e-12	1.9283289333e-23	1.2979462888e-32	5.6566502264e-05	9.9581780924e-39	4.3263543681e-29	1.9642465999e-39	8.2102881117e-14	4.8205046294e-21	4.2749712146e-20	3.3193456066e-28	7.7764392798e-57	6.7473498327e-20	4.7476780364e-26	1.1588269150e-39	4.8913734257e-43	6.8173923208e-22	5.6542254621e-18	8.8289281039e-15	4.4660687905e-10	6.1519376214e-26	2.1932222450e-33	4.7997525164e-15	2.6173964770e-13	3.9701747876e-12	1.5835172217e-11	1.6320739342e-15	4.6427714202e-25	2.0746986881e-15	4.7236677320e-19	2.1203826891e-08	4.9320822778e-14	7.5760098982e-15	1.4657128797e-16	2.5539768015e-07	1.1414089237e-12	2.9482680419e-16	2.6582012604e-21	1.5134996287e-21	2.4268599242e-32	2.1365772167e-16	3.1132591000e-20	2.1203826891e-08	4.8401623109e-21	6.0154575686e-28
1.5998587200e-05	8.0000000000e+02	2.7010392839e+14	1.4484647236e+14	2.3121080857e+00	9.7444892694e-38	6.7341785332e-10	1.3544385654e-01	3.4359088445e-28	6.0118309001e-26	1.1564106709e-17	7.7720912366e-12	1.2245306660e-20	7.4487261007e-18	1.2236694630e-12	2.2226775397e-18	2.5081822514e-07	3.8490989611e-06	6.8700407130e-05	8.0481334545e-26	4.0286478915e-06	5.6385699609e-15	0.0000000000e+00	1.3340440406e-34	6.6469409996e-13	6.0892740240e-17	1.2708711041e-18	1.8371885471e-26	2.8346417957e-29	4.1921305018e-15	1.4040116468e-16	1.2042110785e-08	6.8808356810e-27	1.3561212221e-27	1.6177526643e-47	3.4836117044e-39	4.6432439979e-04	4.5562177491e-07	2.0805023856e-46	2.3003813571e-34	6.2511756953e-19	5.3728097693e-28	1.2154370699e-18	1.8335653418e-27	3.3613859270e-21	6.3894089835e-33	1.5010768235e-25	6.0516167844e-28	5.9293139235e-20	3.8025853932e-28	1.5584655558e-20	1.5553657534e-29	1.2287004410e-44	3.3960010467e-29	3.6213861486e-32	1.5958074453e-48	4.9516947702e-30	1.0404077540e-63	1.6417637428e-37	9.7502006535e-48	3.8755580569e-25	7.6040777246e-29	1.4143477599e-37	1.3188321894e-55	6.8469096376e-17	2.8143397870e-35	8.6360811810e-01	1.8479929368e-19	2.0201081344e-29	2.0105598763e-04	2.9437447573e-10	1.2988314695e-32	1.1332194462e-22	9.2328537250e-40	8.7108210544e-64	5.8388620989e-05	4.1998277729e-31	5.9911483750e-71	7.3490263617e-89	1.3946949697e-108	9.0696930852e-30	1.4928378182e-59	1.1725796055e-25	3.2120345436e-35	4.0105848581e-25	3.6863185323e-32	4.5523379803e-21	9.5875642530e-30	1.1792715278e-24	4.0313543588e-38	1.0271186373e-29	4.3343504974e-33	2.1789183103e-39	5.0659002634e-33	7.3724813662e-53	3.1434687479e-38	4.9729997406e-48	1.1692914872e-37	1.0864415371e-44	2.3814492783e-37	2.9416477246e-41	4.1242695763e-52	7.3298139334e-45	1.4576380833e-27	2.4999442316e-22	7.7361553374e-24	2.2299066817e-33	2.1441797932e-29	1.4281610932e-40	2.4406195691e-24	1.3920890529e-37	1.5584655558e-20	3.0145879620e-30	2.8323354304e-31	1.4182569554e-32	2.5580592262e-45	2.6568426749e-42	6.3593553300e-32	3.0852076301e-35	4.3976680117e-49	3.0003314836e-44	1.0513525700e-43	3.0055008531e-53	4.5956130389e-29	8.2963770220e-10	1.6393321821e-07	1.9104316070e-08	2.4109483430e-23	2.4614616448e-38	1.0750915792e-25	2.3775279029e-33	4.3202170133e-20	1.2471339586e-32	3.4212038295e-07	2.7527093891e-09	4.0029220105e-30	4.7123059748e-39	1.4179095940e-35	1.3588853799e-29	5.5010774368e-23	1.2755985265e-13	5.3636361750e-08	6.9239341791e-14	9.9005356276e-12	2.2805686513e-05	1.3526722181e-16	7.2873809253e-18	5.9974729677e-20	3.0220179421e-33	6.4923393954e-10	3.5518846071e-16	4.6869191345e-21	1.7943803030e-10	1.2031762332e-14	6.6705141722e-05	1.0442268831e-19	2.0754181216e-12	1.9284823855e-23	1.2979462463e-32	5.6566500412e-05	1.5199131917e-38	2.8346417957e-29	2.4267946340e-39	8.2111945102e-14	5.9556437814e-21	6.5253565106e-20	5.0666711335e-28	1.1869920301e-56	8.3355562735e-20	5.8647303196e-26	1.4313662983e-39	4.8898071530e-43	3.6154041211e-22	2.4270289380e-18	1.0909607495e-14	2.9262832843e-10	6.1532728464e-26	2.1935236374e-33	4.8000299648e-15	2.6177847297e-13	3.2139366675e-12	1.9565428487e-11	2.0163774329e-15	5.7355454925e-25	1.3592877956e-15	3.0940833402e-19	2.1203595976e-08	4.9316359559e-14	7.5765305173e-15	1.1864297235e-16	2.5547344877e-07	7.4821332874e-13	1.9320676524e-16	1.1412210296e-21	8.0278815177e-22	1.5900890566e-32	1.7298589250e-16	2.0394004246e-20	2.1203595976e-08	4.8400567754e-21	6.0148475616e-28
1.0481131300e-05	8.0000000000e+02	1.7695279353e+14	9.4893060003e+13	2.3121080526e+00	9.7449668640e-38	8.3199624040e-10	1.3544385460e-01	4.2450084109e-28	9.1762528854e-26	1.7651619114e-17	9.6031788638e-12	1.2245725310e-20	7.4492342565e-18	1.2237112959e-12	2.2260640878e-18	2.5081824586e-07	3.8490993016e-06	6.8700406159e-05	9.9433309935e-26	4.0286478338e-06	5.6389555981e-15	0.0000000000e+00	1.0798283336e-34	4.3548161611e-13	3.9893180907e-17	1.0286584618e-18	1.2036536790e-26	1.8571458174e-29	2.7464250915e-15	7.4452930297e-17	5.1686481578e-09	5.5696245755e-27	1.0976614044e-27	1.0598888166e-47	2.2823273102e-39	4.6433127566e-04	4.5561293860e-07	1.3631301287e-46	1.2199223969e-34	2.6832265180e-19	1.8666391176e-28	3.4178629402e-19	4.1733213114e-28	6.1925151234e-22	1.7966686892e-33	7.9597449202e-26	3.2089847237e-28	2.5448602715e-20	1.3210614523e-28	6.6892586105e-21	8.2480264274e-30	6.5159623082e-45	1.4576854378e-29	2.3726248846e-32	6.8501076985e-49	2.1254019325e-30	2.9259594745e-64	3.0248366049e-38	1.7964088284e-48	3.8755597373e-25	7.6038209485e-29	1.4142516284e-37	1.3186974466e-55	8.4589504345e-17	3.4768308338e-35	8.6360812687e-01	1.4957663608e-19	1.3234316688e-29	2.0104911320e-04	1.9285321022e-10	5.5745041257e-33	1.4000259522e-22	1.1406257430e-39	1.0760970781e-63	5.8388671028e-05	4.1996877304e-31	5.9905388062e-71	7.3480273116e-89	1.3944576758e-108	1.3843195568e-29	2.2784606792e-59	9.4908689151e-26	1.7032185531e-35	1.1277394638e-25	1.2806506123e-32	1.9539301455e-21	3.3307810825e-30	6.2535277564e-25	1.1336902730e-38	1.8923026114e-30	6.4633440323e-34	2.1286326890e-40	4.0057116233e-34	1.6781921164e-53	5.7916246334e-39	7.4160553548e-49	1.4113690213e-38	1.0614203765e-45	1.8831532412e-38	1.5239177305e-42	1.7293431194e-53	2.4876561028e-46	5.0641759798e-28	7.0299570182e-23	3.3203576270e-24	5.0756702691e-34	2.5879609033e-30	4.9615942126e-41	6.8628957285e-25	3.1683824294e-38	6.6892586105e-21	1.0473021746e-30	2.8321417207e-31	3.9883985694e-33	1.0980102930e-45	6.0474562435e-43	1.1716104991e-32	2.0212093665e-35	2.3318672208e-49	1.2876975899e-44	3.5685216363e-45	1.2603568979e-54	8.4666855787e-30	8.2966592348e-10	1.6393318763e-07	1.9104315755e-08	1.9515550148e-23	1.0566187844e-38	8.7023899010e-26	1.0205542530e-33	3.4969052096e-20	8.1712885248e-33	3.4264164936e-07	2.2314380445e-09	3.2447911135e-30	3.0920214506e-39	7.5304481736e-36	5.8414192241e-30	1.9140204538e-23	1.0324696908e-13	5.3636360982e-08	5.6042331041e-14	1.5112284958e-11	2.2805633495e-05	2.0646677474e-16	1.1122802374e-17	9.1542946795e-20	4.6123784458e-33	6.4924203767e-10	3.5520503974e-16	3.7937700012e-21	2.2169209989e-10	1.4864967166e-14	6.6705140766e-05	8.4522626481e-20	1.6798438336e-12	1.9285483177e-23	1.2979462278e-32	5.6566499602e-05	2.3199434653e-38	1.8571458174e-29	2.9982645347e-39	8.2115586086e-14	7.3580819683e-21	9.9603516916e-20	7.7337856528e-28	1.8118121254e-56	1.0298060944e-19	7.2452614608e-26	1.7682430084e-39	4.8891268608e-43	1.9171977891e-22	1.0417134988e-18	1.3479887062e-14	1.9172700761e-10	6.1542070473e-26	2.1937816283e-33	4.8004303307e-15	2.6180282249e-13	2.6016027047e-12	2.4174173643e-11	2.4912611082e-15	7.0861002935e-25	8.9056062867e-16	2.0269335879e-19	2.1204117733e-08	4.9315886338e-14	7.5769760989e-15	9.6035284114e-17	2.5552097448e-07	4.9035830797e-13	1.2659881683e-16	4.8989568769e-22	4.2576654978e-22	1.0418865283e-32	1.4004084979e-16	1.3360566445e-20	2.1204117733e-08	4.8402949276e-21	6.0149377900e-28
6.8664884500e-06	8.0000000000e+02	1.1592682798e+14	6.2167153702e+13	2.3121080378e+00	9.7451721212e-38	1.0279171183e-09	1.3544385373e-01	5.2446367220e-28	1.4006591227e-25	2.6943667687e-17	1.1865238221e-11	1.2245905329e-20	7.4494527693e-18	1.2237292839e-12	2.2288127380e-18	2.5081826394e-07	3.8490995972e-06	6.8700405732e-05	1.2284815166e-25	4.0286478081e-06	5.6391214265e-15	0.0000000000e+00	8.7403159736e-35	2.8530253413e-13	2.6135335684e-17	8.3260157936e-19	7.8856451329e-27	1.2166948959e-29	1.7992729574e-15	3.9480327259e-17	2.2183965721e-09	4.5081510426e-27	8.8845317356e-28	6.9437845085e-48	1.4952501406e-39	4.6433422690e-04	4.5560913383e-07	8.9306309737e-47	6.4690468882e-35	1.1516717096e-19	6.4847761803e-29	9.6106450687e-20	9.4982366461e-29	1.1407527006e-22	5.0519553994e-34	4.2207702432e-26	1.7016107135e-28	1.0922442588e-20	4.5893508653e-29	2.8710645749e-21	4.3737277982e-30	3.4553081086e-45	6.2565572058e-30	1.5544169420e-32	2.9402069949e-49	9.1223935412e-31	8.2278145292e-65	5.5724302453e-39	3.3093914824e-49	3.8755608394e-25	7.6037112836e-29	1.4142104329e-37	1.3186396414e-55	1.0450734818e-16	4.2954386551e-35	8.6360813056e-01	1.2106738236e-19	8.6701837584e-30	2.0104615729e-04	1.2634368227e-10	2.3925419139e-33	1.7296831536e-22	1.4091825326e-39	1.3294412419e-63	5.8388703986e-05	4.1996283374e-31	5.9902778883e-71	7.3475992078e-89	1.3943559266e-108	2.1129880840e-29	3.4777298623e-59	7.6819148217e-26	9.0315112164e-36	3.1710102797e-26	4.4489371037e-33	8.3863188569e-22	1.1571021323e-30	3.3160735314e-25	3.1878763036e-39	3.4859741631e-31	9.6372719784e-35	2.0793332762e-41	3.1671331664e-35	3.8196285451e-54	1.0669476898e-39	1.1058060220e-49	1.7033733008e-39	1.0368595755e-46	1.4889545844e-39	7.8937586786e-44	7.2504800310e-55	8.4418805011e-48	1.7593147307e-28	1.9767451725e-23	1.4250851458e-24	1.1552173674e-34	3.1233296251e-31	1.7236515873e-41	1.9297404881e-25	7.2109481321e-39	2.8710645749e-21	3.6383145786e-31	2.8320584306e-31	1.1215166216e-33	4.7127878954e-46	1.3763952478e-43	2.1583255492e-33	1.3241527337e-35	1.2364882453e-49	5.5266673409e-45	1.2110316206e-46	5.2844211751e-56	1.5597213150e-30	8.2967805856e-10	1.6393317445e-07	1.9104315615e-08	1.5796352078e-23	4.5352624681e-39	7.0439240635e-26	4.3804007058e-34	2.8304379120e-20	5.3535142681e-33	3.4306472884e-07	1.8083563607e-09	2.6295385474e-30	2.0282154919e-39	3.9981187441e-36	2.5102472921e-30	6.6574509169e-24	8.3568115698e-14	5.3636360639e-08	4.5360669464e-14	2.3067524889e-11	2.2805565226e-05	3.1514901370e-16	1.6977495048e-17	1.3972990543e-19	7.0400855792e-33	6.4924421787e-10	3.5521145653e-16	3.0707333848e-21	2.7389597483e-10	1.8365302459e-14	6.6705140341e-05	6.8413630136e-20	1.3596659132e-12	1.9285766683e-23	1.2979462195e-32	5.6566499241e-05	3.5411512948e-38	1.2166948959e-29	3.7043055653e-39	8.2116823334e-14	9.0907596574e-21	1.5203522989e-19	1.1804847772e-27	2.7655162457e-56	1.2722852825e-19	8.9511064346e-26	2.1845310459e-39	4.8888246209e-43	1.0166338507e-22	4.4710466965e-19	1.6655117378e-14	1.2561298599e-10	6.1548168888e-26	2.1939667512e-33	4.8007648119e-15	2.6181771944e-13	2.1058573737e-12	2.9868037947e-11	3.0779950579e-15	8.7548675023e-25	5.8345632152e-16	1.3278995278e-19	2.1204700562e-08	4.9316516570e-14	7.5772958010e-15	7.7734250733e-17	2.5555005323e-07	3.2132085321e-13	8.2947939403e-17	2.1028394002e-22	2.2579314886e-22	6.8266474299e-33	1.1336198065e-16	8.7530005437e-21	2.1204700562e-08	4.8405609969e-21	6.0151799643e-28
4.4984326700e-06	8.0000000000e+02	7.5946975306e+13	4.0727477698e+13	2.3121080310e+00	9.7452604783e-38	1.2699740111e-09	1.3544385333e-01	6.4796601263e-28	2.1379776978e-25	4.1127138134e-17	1.4659778854e-11	1.2245982918e-20	7.4495469521e-18	1.2237370369e-12	2.2310424762e-18	2.5081827913e-07	3.8490998449e-06	6.8700405537e-05	1.5177678863e-25	4.0286477962e-06	5.6391929015e-15	0.0000000000e+00	7.0744769608e-35	1.8691156699e-13	1.7122054651e-17	6.7390965857e-19	5.1661581657e-27	7.9709879985e-30	1.1787583138e-15	2.0935072960e-17	9.5212986142e-10	3.6489317631e-27	7.1911620184e-28	4.5491144583e-48	9.7959031200e-40	4.6433549353e-04	4.5560748862e-07	5.8508174774e-47	3.4303463437e-35	4.9429889101e-20	2.2527821395e-29	2.7023401106e-20	2.1616915272e-29	2.1013844100e-23	1.4205097656e-34	2.2381165256e-26	9.0230048986e-29	4.6878533609e-21	1.5943097862e-29	1.2322565777e-21	2.3192452174e-30	1.8322491597e-45	2.6853229134e-30	1.0183549392e-32	1.2619518387e-49	3.9153281988e-31	2.3135550400e-65	1.0265178717e-39	6.0963540254e-50	3.8755615616e-25	7.6036645020e-29	1.4141927676e-37	1.3186148114e-55	1.2911622202e-16	5.3068736803e-35	8.6360813205e-01	9.7991972361e-20	5.6800870918e-30	2.0104488324e-04	8.2771369820e-11	1.0268636459e-33	2.1369807884e-22	1.7409991562e-39	1.6424709754e-63	5.8388725648e-05	4.1996032747e-31	5.9901661972e-71	7.3474156345e-89	1.3943122515e-108	3.2252620858e-29	5.3083683975e-59	6.2177451038e-26	4.7890611665e-36	8.9162299844e-27	1.5455270569e-33	3.5993862349e-22	4.0196851772e-31	1.7584011825e-25	8.9638146387e-40	6.4215830134e-32	1.4369290290e-35	2.0311024881e-42	2.5040172963e-36	8.6932013473e-55	1.9654635833e-40	1.6487852383e-50	2.0556929253e-40	1.0128184733e-47	1.1772166292e-40	4.0887006364e-45	3.0397053998e-56	2.8646211901e-49	6.1117815398e-29	5.5582520384e-24	6.1163895985e-25	2.6291682610e-35	3.7693137541e-32	5.9878502959e-42	5.4260479195e-26	1.6411200575e-39	1.2322565777e-21	1.2639261429e-31	2.8320225316e-31	3.1535316962e-34	2.0227346396e-46	3.1325493110e-44	3.9758955731e-34	8.6749059304e-36	6.5565929295e-50	2.3720007344e-45	4.1095224432e-48	2.2154912141e-57	2.8731939577e-31	8.2968328885e-10	1.6393316873e-07	1.9104315551e-08	1.2785730952e-23	1.9465647445e-39	5.7014261336e-26	1.8800851902e-34	2.2909717298e-20	3.5073162188e-33	3.4340793603e-07	1.4651481513e-09	2.1304645500e-30	1.3300832416e-39	2.1221871486e-36	1.0784692449e-30	2.3150613069e-24	6.7640047170e-14	5.3636360480e-08	3.6714931312e-14	3.5210409935e-11	2.2805476368e-05	4.8104419230e-16	2.5914323920e-17	2.1328322337e-19	1.0745866876e-32	6.4924345812e-10	3.5521329250e-16	2.4854648240e-21	3.3839247124e-10	2.2689840049e-14	6.6705140143e-05	5.5374351451e-20	1.1005138274e-12	1.9285888876e-23	1.2979462156e-32	5.6566499073e-05	5.4052426964e-38	7.9709879985e-30	4.5766069872e-39	8.2116927672e-14	1.1231436299e-20	2.3206659265e-19	1.8018850779e-27	4.2212020471e-56	1.5718706055e-19	1.1058755530e-25	2.6988888833e-39	4.8886816162e-43	5.3908420604e-23	1.9189537754e-19	2.0577786388e-14	8.2295349422e-11	6.1551809995e-26	2.1940826353e-33	4.8009879528e-15	2.6182629378e-13	1.7045370365e-12	3.6902424329e-11	3.8028865475e-15	1.0816637512e-24	3.8224899367e-16	8.6995133482e-20	2.1205126166e-08	4.9317193797e-14	7.5774959191e-15	6.2919773740e-17	2.5556679122e-07	2.1053404327e-13	5.4345123201e-17	9.0258396355e-23	1.1973717344e-22	4.4727474400e-33	9.1761210785e-17	5.7344193710e-21	2.1205126166e-08	4.8407553025e-21	6.0153832896e-28
2.9470517000e-06	8.0000000000e+02	4.9755032201e+13	2.6681733660e+13	2.3121080275e+00	9.7452986839e-38	1.5690311606e-09	1.3544385313e-01	8.0055101869e-28	3.2634386012e-25	6.2776881112e-17	1.8112196480e-11	1.2246016573e-20	7.4495878072e-18	1.2237403998e-12	2.2328504982e-18	2.5081829164e-07	3.8491000489e-06	6.8700405441e-05	1.8751762495e-25	4.0286477901e-06	5.6392239062e-15	0.0000000000e+00	5.7261049596e-35	1.2245160002e-13	1.1217161442e-17	5.4546319800e-19	3.3845110106e-27	5.2220423341e-30	7.7223913661e-16	1.1101099032e-17	4.0864947888e-10	2.9534577495e-27	5.8205349314e-28	2.9802671964e-48	6.4176025895e-40	4.6433603710e-04	4.5560676916e-07	3.8330676606e-47	1.8189936008e-35	2.1215149761e-20	7.8259834523e-30	7.5984148958e-21	4.9197154184e-30	3.8709274567e-24	3.9941652202e-35	1.1867875944e-26	4.7845544032e-29	2.0119981979e-21	5.5384883768e-30	5.2887911402e-22	1.2298118574e-30	9.7157825112e-46	1.1525322561e-30	6.6715679748e-33	5.4162780213e-50	1.6804436423e-31	6.5052836344e-66	1.8909473903e-40	1.1230089463e-50	3.8755620346e-25	7.6036445215e-29	1.4141851628e-37	1.3186040946e-55	1.5952044439e-16	6.5565155696e-35	8.6360813255e-01	7.9314724004e-20	3.7211881635e-30	2.0104433052e-04	5.4225894649e-11	4.4072323309e-34	2.6401962595e-22	2.1509630996e-39	2.0292282928e-63	5.8388739866e-05	4.1995927493e-31	5.9901182410e-71	7.3473366088e-89	1.3942934208e-108	4.9230709272e-29	8.1027220647e-59	5.0326448673e-26	2.5394536193e-36	2.5070477667e-27	5.3690159458e-34	1.5448391522e-22	1.3964009053e-31	9.3241557233e-26	2.5204469782e-40	1.1829144311e-32	2.1424456460e-36	1.9839597756e-43	1.9797101699e-37	1.9784697056e-55	3.6205782053e-41	2.4583305995e-51	2.4808339863e-41	9.8931442372e-49	9.3072714468e-42	2.1177653403e-46	1.2743457726e-57	9.7204473653e-51	2.1231838696e-29	1.5628643503e-24	2.6251175958e-25	5.9836522331e-36	4.5488335815e-33	2.0801251773e-42	1.5256869335e-26	3.7349554031e-40	5.2887911402e-22	4.3907654037e-32	2.8320069584e-31	8.8671070522e-35	8.6815132093e-47	7.1292842815e-45	7.3239648411e-35	5.6831799839e-36	3.4767009064e-50	1.0180455130e-45	1.3944848943e-49	9.2881500855e-59	5.2926865369e-32	8.2968555757e-10	1.6393316621e-07	1.9104315519e-08	1.0348828940e-23	8.3546392237e-40	4.6147608735e-26	8.0692874670e-35	1.8543181173e-20	2.2977646199e-33	3.4368623154e-07	1.1868521298e-09	1.7257909607e-30	8.7208508946e-40	1.1262297233e-36	4.6324883378e-31	8.0488221574e-25	5.4747865123e-14	5.3636360400e-08	2.9717069820e-14	5.3745251849e-11	2.2805359573e-05	7.3426871893e-16	3.9555669537e-17	3.2555511440e-19	1.6402464965e-32	6.4924089274e-10	3.5521286569e-16	2.0117331131e-21	4.1807596670e-10	2.8032621975e-14	6.6705140043e-05	4.4820129965e-20	8.9075607270e-13	1.9285941880e-23	1.2979462137e-32	5.6566498989e-05	8.2506368903e-38	5.2220423341e-30	5.6543203104e-39	8.2116408405e-14	1.3876177982e-20	3.5422517395e-19	2.7503734107e-27	6.4430546399e-56	1.9420039503e-19	1.3662758114e-25	3.3343864499e-39	4.8886028086e-43	2.8585505850e-23	8.2360135479e-20	2.5423910818e-14	5.3914898378e-11	6.1553615577e-26	2.1941409638e-33	4.8011023825e-15	2.6183049407e-13	1.3796746171e-12	4.5592919838e-11	4.6984507901e-15	1.3363874700e-24	2.5042556018e-16	5.6993283639e-20	2.1205349724e-08	4.9317578116e-14	7.5775966426e-15	5.0927949451e-17	2.5557499088e-07	1.3793571448e-13	3.5604184412e-17	3.8739553206e-23	6.3494006364e-23	2.9303642556e-33	7.4273918093e-17	3.7568111609e-21	2.1205349724e-08	4.8408573688e-21	6.0154935814e-28
1.9306977300e-06	8.0000000000e+02	3.2595942461e+13	1.7479965692e+13	2.3121080254e+00	9.7453154074e-38	1.9385111487e-09	1.3544385301e-01	9.8906716299e-28	4.9813652621e-25	9.5823107583e-17	2.2377395829e-11	1.2246031427e-20	7.4496058397e-18	1.2237418840e-12	2.2343160594e-18	2.5081830186e-07	3.8491002153e-06	6.8700405386e-05	2.3167481650e-25	4.0286477866e-06	5.6392375910e-15	0.0000000000e+00	4.6347180076e-35	8.0221684189e-14	7.3486870757e-18	4.4149820087e-19	2.2172936223e-27	3.4211149341e-30	5.0591616597e-16	5.8864914713e-18	1.7538997138e-10	2.3905333564e-27	4.7111444269e-28	1.9524618124e-48	4.2043626150e-40	4.6433627032e-04	4.5560644497e-07	2.5111607070e-47	9.6454492127e-36	9.1054340868e-21	2.7186715592e-30	2.1365058580e-21	1.1196552778e-30	7.1305437363e-25	1.1230693704e-35	6.2930765260e-27	2.5370645215e-29	8.6353683595e-22	1.9240153837e-30	2.2699194310e-22	6.5212287767e-31	5.1519199524e-46	4.9466104568e-31	4.3707444014e-33	2.3246428946e-50	7.2123732834e-32	1.8291478530e-66	3.4832813315e-41	2.0686755973e-51	3.8755623440e-25	7.6036358992e-29	1.4141818426e-37	1.3185993983e-55	1.9708454001e-16	8.1004431225e-35	8.6360813258e-01	6.4197352427e-20	2.4378570241e-30	2.0104408650e-04	3.5524934994e-11	1.8915554509e-34	3.2619135990e-22	2.6574718618e-39	2.5070679012e-63	5.8388749186e-05	4.1995883222e-31	5.9900973847e-71	7.3473021089e-89	1.3942851814e-108	7.5146456635e-29	1.2368095488e-58	4.0734240208e-26	1.3465737728e-36	7.0492511255e-28	1.8651415708e-34	6.6303600104e-23	4.8509548197e-32	4.9442462737e-26	7.0869504341e-41	2.1790223806e-33	3.1943422013e-37	1.9378984724e-44	1.5651754864e-38	4.5027231499e-56	6.6694042026e-42	3.6653264315e-52	2.9938727698e-42	9.6634731408e-50	7.3584195979e-43	1.0968987363e-47	5.3424350142e-59	3.2983860429e-52	7.3757376271e-30	4.3944285117e-25	1.1266838738e-25	1.3617940735e-36	5.4895271909e-34	7.2261465018e-43	4.2898882978e-27	8.5002019382e-41	2.2699194310e-22	1.5253079194e-32	2.8320000836e-31	2.4932384505e-35	3.7260614937e-47	1.6225237496e-45	1.3491326301e-35	3.7232141011e-36	1.8435580561e-50	4.3693813197e-46	4.7318452797e-51	3.8938810489e-60	9.7495491760e-33	8.2968655883e-10	1.6393316506e-07	1.9104315500e-08	8.3763636847e-24	3.5857772284e-40	3.7351973544e-26	3.4633012303e-35	1.5008872508e-20	1.5053374487e-33	3.4391181457e-07	9.6126878663e-10	1.3977705626e-30	5.7170382667e-40	5.9758885403e-37	1.9895419642e-31	2.7979140325e-25	4.4312930525e-14	5.3636360352e-08	2.4052999924e-14	8.2036602365e-11	2.2805204514e-05	1.1207919826e-15	6.0377927495e-17	4.9692581450e-19	2.5036755791e-32	6.4923680447e-10	3.5521106007e-16	1.6282887506e-21	5.1652219050e-10	3.4633353772e-14	6.6705139984e-05	3.6277462673e-20	7.2097810527e-13	1.9285965272e-23	1.2979462125e-32	5.6566498938e-05	1.2593905085e-37	3.4211149341e-30	6.9858165407e-39	8.2115432661e-14	1.7143665242e-20	5.4068464024e-19	4.1981052065e-27	9.8342594096e-56	2.3992934220e-19	1.6879948094e-25	4.1195343879e-39	4.8885458350e-43	1.5157705720e-23	3.5348249134e-20	3.1410928901e-14	3.5321326984e-11	6.1554019623e-26	2.1941527032e-33	4.8011222424e-15	2.6183151232e-13	1.1167131465e-12	5.6329422935e-11	5.8048640313e-15	1.6510842588e-24	1.6406137498e-16	3.7337891640e-20	2.1205380713e-08	4.9317590326e-14	7.5776169140e-15	4.1221198783e-17	2.5557697873e-07	9.0367031418e-14	2.3325499409e-17	1.6626890934e-23	3.3668665737e-23	1.9197811910e-33	6.0117785970e-17	2.4611948873e-21	2.1205380713e-08	4.8408715172e-21	6.0155038613e-28
1.2648552200e-06	8.0000000000e+02	2.1354532770e+13	1.1451624720e+13	2.3121080239e+00	9.7453229723e-38	2.3949973503e-09	1.3544385292e-01	1.2219756179e-27	7.6036411577e-25	1.4626477867e-16	2.7646734428e-11	1.2246038287e-20	7.4496141706e-18	1.2237425696e-12	2.2355036945e-18	2.5081831014e-07	3.8491003502e-06	6.8700405345e-05	2.8623027100e-25	4.0286477839e-06	5.6392439133e-15	0.0000000000e+00	3.7513442341e-35	5.2555559827e-14	4.8143360556e-18	3.5734877473e-19	1.4526135009e-27	2.2412718331e-30	3.3144019963e-16	3.1213800713e-18	7.5276281390e-11	1.9348995943e-27	3.8132018961e-28	1.2791146185e-48	2.7544004437e-40	4.6433637032e-04	4.5560628755e-07	1.6451356473e-47	5.1146147880e-36	3.9079985322e-21	9.4443863889e-31	6.0073696525e-22	2.5481668741e-31	1.3134980965e-25	3.1578144491e-36	3.3369746194e-27	1.3453070022e-29	3.7062441416e-22	6.6838285220e-31	9.7423546690e-23	3.4579576020e-31	2.7318673059e-46	2.1230562151e-31	2.8634023169e-33	9.9772377543e-51	3.0955069472e-32	5.1431566761e-67	6.4164679061e-42	3.8106574534e-52	3.8755625460e-25	7.6036320307e-29	1.4141803299e-37	1.3185972483e-55	2.4349443988e-16	1.0007947628e-34	8.6360813237e-01	5.1961347613e-20	1.5971099236e-30	2.0104397369e-04	2.3273400647e-11	8.1184325200e-35	4.0300363808e-22	3.2832574965e-39	3.0974344385e-63	5.8388755287e-05	4.1995864055e-31	5.9900879313e-71	7.3472863924e-89	1.3942814169e-108	1.1470477268e-28	1.8878851369e-58	3.2970302450e-26	7.1403581164e-37	1.9820880182e-28	6.4793059866e-35	2.8457092960e-23	1.6851707718e-32	2.6217438128e-26	1.9926911909e-41	4.0139210659e-34	4.7626848146e-38	1.8929012338e-45	1.2374373975e-39	1.0247536023e-56	1.2285547432e-42	5.4649148373e-53	3.6129948766e-43	9.4390984332e-51	5.8176164566e-44	5.6813769413e-49	2.2396986174e-60	1.1192190242e-53	2.5622557997e-30	1.2356136429e-25	4.8356544289e-26	3.0992407312e-37	6.6247365004e-35	2.5102878336e-43	1.2062185658e-27	1.9345169252e-41	9.7423546690e-23	5.2987604274e-33	2.8319969060e-31	7.0104265629e-36	1.5992036703e-47	3.6926228813e-46	2.4852026379e-36	2.4391841399e-36	9.7756684935e-51	1.8753090964e-46	1.6056275440e-52	1.6324266972e-61	1.7959393703e-33	8.2968702131e-10	1.6393316449e-07	1.9104315487e-08	6.7798373726e-24	1.5389961298e-40	3.0232727347e-26	1.4864292664e-35	1.2148190685e-20	9.8619142062e-34	3.4409461849e-07	7.7846464105e-10	1.1319563935e-30	3.7473887837e-40	3.1704682449e-37	8.5435288176e-32	9.7248254923e-26	3.5866892570e-14	5.3636360317e-08	1.9468501069e-14	1.2521985921e-10	2.2804996495e-05	1.7107804522e-15	9.2161009150e-17	7.5850222745e-19	3.8216140915e-32	6.4923102239e-10	3.5520809581e-16	1.3179261156e-21	6.3814850627e-10	4.2788135323e-14	6.6705139940e-05	2.9362999173e-20	5.8355978702e-13	1.9285976076e-23	1.2979462117e-32	5.6566498901e-05	1.9223552180e-37	2.2412718331e-30	8.6308572393e-39	8.2113998407e-14	2.1180512938e-20	8.2528816430e-19	6.4078294064e-27	1.5010094888e-55	2.9642572627e-19	2.0854673384e-25	5.0895592502e-39	4.8884902762e-43	8.0374751639e-24	1.5171109595e-20	3.8807447306e-14	2.3139880129e-11	6.1553294123e-26	2.1941256114e-33	4.8010602687e-15	2.6183004269e-13	9.0386268403e-13	6.9593608425e-11	7.1717618735e-15	2.0398714650e-24	1.0748062844e-16	2.4460926930e-20	2.1205237901e-08	4.9317230527e-14	7.5775701315e-15	3.3364237351e-17	2.5557410974e-07	5.9200693856e-14	1.5281029252e-17	7.1360722007e-24	1.7852984494e-23	1.2576710144e-33	4.8658797090e-17	1.6123872940e-21	2.1205237901e-08	4.8408063153e-21	6.0154194642e-28
8.2864277300e-07	8.0000000000e+02	1.3989964195e+13	7.5022863590e+12	2.3121080225e+00	9.7453266874e-38	2.9589782465e-09	1.3544385284e-01	1.5097300190e-27	1.1606331151e-24	2.2325842480e-16	3.4156597385e-11	1.2246041820e-20	7.4496184618e-18	1.2237429225e-12	2.2364658912e-18	2.5081831682e-07	3.8491004591e-06	6.8700405307e-05	3.5363260218e-25	4.0286477815e-06	5.6392471699e-15	0.0000000000e+00	3.0363396326e-35	3.4430662279e-14	3.1540094228e-18	2.8923816799e-19	9.5164894674e-28	1.4683217373e-30	2.1713595909e-16	1.6551471592e-18	3.2308097247e-11	1.5661086156e-27	3.0864064647e-28	8.3798488882e-49	1.8044871946e-40	4.6433641312e-04	4.5560619785e-07	1.0777761617e-47	2.7120834932e-36	1.6772885493e-21	3.2808804185e-31	1.6891346693e-22	5.7992395680e-32	2.4195572176e-26	8.8790479563e-37	1.7694681003e-27	7.1336407887e-30	1.5906957587e-22	2.3218910024e-31	4.1813565362e-23	1.8336213792e-31	1.4486042034e-46	9.1120252333e-32	1.8758975113e-33	4.2821697315e-51	1.3285719772e-32	1.4461388902e-67	1.1819600748e-42	7.0195087767e-53	3.8755626775e-25	7.6036300909e-29	1.4141795603e-37	1.3185961496e-55	3.0083312719e-16	1.2364640904e-34	8.6360813202e-01	4.2057522447e-20	1.0463123880e-30	2.0104391550e-04	1.5247069855e-11	3.4843780860e-35	4.9790397241e-22	4.0564062529e-39	3.8268240629e-63	5.8388759273e-05	4.1995854783e-31	5.9900831460e-71	7.3472783993e-89	1.3942794970e-108	1.7508732513e-28	2.8816993007e-58	2.6686168598e-26	3.7862546321e-37	5.5731753166e-29	2.2508419159e-35	1.2213602231e-23	5.8541038446e-33	1.3902094182e-26	5.6029930820e-42	7.3939318365e-35	7.1010361107e-39	1.8489465781e-46	9.7832445720e-41	2.3321848479e-57	2.2630872273e-43	8.1480454663e-54	4.3601422225e-44	9.2199186610e-52	4.5994396531e-45	2.9426592358e-50	9.3894297159e-62	3.7977640734e-55	8.9010072471e-31	3.4742625053e-26	2.0754313426e-26	7.0534023973e-38	7.9946922957e-36	8.7204731768e-44	3.3916091854e-28	4.4026645072e-42	4.1813565362e-23	1.8407330649e-33	2.8319952677e-31	1.9711721045e-36	6.8636824557e-48	8.4038505675e-47	4.5779224937e-37	1.5979792902e-36	5.1836560153e-51	8.0487017308e-47	5.4482626943e-54	6.8435848108e-63	3.3082497310e-34	8.2968725941e-10	1.6393316415e-07	1.9104315475e-08	5.4876043474e-24	6.6052790261e-41	2.4470388094e-26	6.3796633683e-36	9.8327501781e-21	6.4608277915e-34	3.4424272235e-07	6.3036057487e-10	9.1659972603e-31	2.4560790172e-40	1.6819003258e-37	3.6684060445e-32	3.3797547981e-26	2.9030667942e-14	5.3636360284e-08	1.5757807102e-14	1.9113311450e-10	2.2804714378e-05	2.6113329677e-15	1.4067439902e-16	1.1577624516e-18	5.8333032067e-32	6.4922305097e-10	3.5520383715e-16	1.0667167675e-21	7.8841180730e-10	5.2862701169e-14	6.6705139899e-05	2.3766421924e-20	4.7233337529e-13	1.9285981639e-23	1.2979462109e-32	5.6566498867e-05	2.9343167027e-37	1.4683217373e-30	1.0663276806e-38	8.2111998153e-14	2.6167838512e-20	1.2596879352e-18	9.7805419864e-27	2.2909411260e-55	3.6622427653e-19	2.5765258505e-25	6.2879801298e-39	4.8884241495e-43	4.2619095767e-24	6.5112624022e-21	4.7945277466e-14	1.5159387655e-11	6.1551582559e-26	2.1940639669e-33	4.8009239940e-15	2.6182644020e-13	7.3157649956e-13	8.5980504593e-11	8.8604620515e-15	2.5201894318e-24	7.0412639641e-17	1.6024812700e-20	2.1204933882e-08	4.9316509212e-14	7.5774636823e-15	2.7004638368e-17	2.5556707707e-07	3.8781930615e-14	1.0010763139e-17	3.0626709810e-24	9.4664832588e-24	8.2388942177e-34	3.9383352479e-17	1.0563055083e-21	2.1204933882e-08	4.8406675132e-21	6.0152452434e-28
5.4286754400e-07	8.0000000000e+02	9.1652250473e+12	4.9149620353e+12	2.3121080210e+00	9.7453288540e-38	3.6557669894e-09	1.3544385275e-01	1.8652456459e-27	1.7716109159e-24	3.4077988969e-16	4.2198985340e-11	1.2246044054e-20	7.4496211778e-18	1.2237431457e-12	2.2372452997e-18	2.5081832219e-07	3.8491005465e-06	6.8700405264e-05	4.3690702857e-25	4.0286477788e-06	5.6392492311e-15	0.0000000000e+00	2.4576142135e-35	2.2556515600e-14	2.0662817678e-18	2.3410941746e-19	6.2345253935e-28	9.6193971407e-31	1.4225197302e-16	8.7766040321e-19	1.3866426012e-11	1.2676088139e-27	2.4981379214e-28	5.4898797732e-49	1.1821714070e-40	4.6433643134e-04	4.5560613232e-07	7.0608225535e-48	1.4381131065e-36	7.1988153850e-22	1.1397429663e-31	4.7494580958e-23	1.3198181593e-32	4.4569956632e-27	2.4965835610e-37	9.3828019670e-28	3.7826925963e-30	6.8271618840e-23	8.0660009406e-32	1.7946112054e-23	9.7229840510e-32	7.6813886558e-47	3.9108232403e-32	1.2289543508e-33	1.8378803235e-51	5.7021453006e-33	4.0662116800e-68	2.1772550934e-43	1.2930438389e-53	3.8755627626e-25	7.6036288657e-29	1.4141790736e-37	1.3185954543e-55	3.7167411272e-16	1.5276296659e-34	8.6360813154e-01	3.4041364520e-20	6.8546915481e-31	2.0104387858e-04	9.9887910838e-12	1.4954722329e-35	6.1515173897e-22	5.0116187897e-39	4.7279731545e-63	5.8388761870e-05	4.1995848962e-31	5.9900801223e-71	7.3472733452e-89	1.3942782827e-108	2.6725634106e-28	4.3986751729e-58	2.1599789063e-26	2.0077037607e-37	1.5670483712e-29	7.8191838798e-36	5.2419990626e-24	2.0336530117e-33	7.3717420186e-27	1.5754331060e-42	1.3620148858e-35	1.0587450622e-39	1.8060117448e-47	7.7346805724e-42	5.3076981028e-58	4.1687687235e-44	1.2148515643e-54	5.2617922185e-45	9.0058227189e-53	3.6363400911e-46	1.5241442516e-51	3.9363035327e-63	1.2886667158e-56	3.0921153281e-31	9.7688271123e-27	8.9076154233e-27	1.6052467801e-38	9.6479422432e-37	3.0293990877e-44	9.5364230257e-29	1.0019788688e-42	1.7946112054e-23	6.3945097409e-34	2.8319942291e-31	5.5424838393e-37	2.9458487625e-48	1.9125882245e-47	8.4328593510e-38	1.0468819122e-36	2.7486909169e-51	3.4544493697e-47	1.8487188216e-55	2.8690175964e-64	6.0940315371e-35	8.2968741000e-10	1.6393316389e-07	1.9104315462e-08	4.4416692441e-24	2.8349446289e-41	1.9806342760e-26	2.7381112946e-36	7.9586308184e-21	4.2326752711e-34	3.4436269096e-07	5.1039173539e-10	7.4215434440e-31	1.6096086130e-40	8.9215737990e-38	1.5750048053e-32	1.1744997840e-26	2.3497426658e-14	5.3636360249e-08	1.2754370973e-14	2.9173912143e-10	2.2804327494e-05	3.9859172103e-15	2.1472420881e-16	1.7671691245e-18	8.9039028796e-32	6.4921206269e-10	3.5519789026e-16	8.6338622587e-22	9.7405277196e-10	6.5308746786e-14	6.6705139855e-05	1.9236548299e-20	3.8230669997e-13	1.9285985157e-23	1.2979462100e-32	5.6566498829e-05	4.4789929166e-37	9.6193971407e-31	1.3174296320e-38	8.2109230451e-14	3.2329368963e-20	1.9227124405e-18	1.4928181977e-26	3.4964591345e-55	4.5245606814e-19	3.1831984307e-25	7.7685557911e-39	4.8883376371e-43	2.2598871652e-24	2.7945442271e-21	5.9234297786e-14	9.9311344704e-12	6.1548927652e-26	2.1939689285e-33	4.8007151577e-15	2.6182081735e-13	5.9212539107e-13	1.0622514145e-10	1.0946710150e-14	3.1135823418e-24	4.6128331869e-17	1.0498079267e-20	2.1204470732e-08	4.9315423029e-14	7.5772995652e-15	2.1857084169e-17	2.5555610047e-07	2.5404967809e-14	6.5580551238e-18	1.3144217927e-24	5.0194925431e-24	5.3970653120e-34	3.1875521165e-17	6.9200066140e-22	2.1204470732e-08	4.8404560618e-21	6.0149813826e-28
3.5564803100e-07	8.0000000000e+02	6.0044006594e+12	3.2199319882e+12	2.3121080192e+00	9.7453304867e-38	4.5166375552e-09	1.3544385264e-01	2.3044791100e-27	2.7042183218e-24	5.2016030883e-16	5.2134587685e-11	1.2246045894e-20	7.4496234175e-18	1.2237433297e-12	2.2378765504e-18	2.5081832647e-07	3.8491006164e-06	6.8700405213e-05	5.3979115706e-25	4.0286477756e-06	5.6392509308e-15	0.0000000000e+00	1.9891935768e-35	1.4777420210e-14	1.3536802352e-18	1.8948819410e-19	4.0844163091e-28	6.3019428241e-31	9.3193331352e-17	4.6538927847e-19	5.9513798867e-12	1.0260029153e-27	2.0219932007e-28	3.5965777226e-49	7.7447440061e-41	4.6433643898e-04	4.5560607097e-07	4.6257480440e-48	7.6257574240e-37	3.0896852773e-22	3.9593454325e-32	1.3354382100e-23	3.0037037923e-33	8.2101006297e-28	7.0198168105e-38	4.9753352910e-28	2.0058148979e-30	2.9301730487e-23	2.8020422236e-32	7.7023547423e-24	5.1557214988e-32	4.0731432853e-47	1.6785002389e-32	8.0512323915e-34	7.8880655057e-52	2.4473237723e-33	1.1433254415e-68	4.0106589232e-44	2.3818788982e-54	3.8755628170e-25	7.6036278237e-29	1.4141786661e-37	1.3185948752e-55	4.5919693653e-16	1.8873597400e-34	8.6360813095e-01	2.7553084973e-20	4.4907043121e-31	2.0104384806e-04	6.5439423812e-12	6.4184686997e-36	7.6000934292e-22	6.1917674722e-39	5.8413273620e-63	5.8388763550e-05	4.1995843825e-31	5.9900775794e-71	7.3472691161e-89	1.3942772695e-108	4.0794475718e-28	6.7142137659e-58	1.7482872400e-26	1.0646073031e-37	4.4061783649e-30	2.7163006172e-36	2.2498319481e-24	7.0646924485e-34	3.9089489933e-27	4.4297557290e-43	2.5089279859e-36	1.5785596774e-40	1.7640736304e-48	6.1150749741e-43	1.2079511235e-58	7.6791688444e-45	1.8113104697e-55	6.3498964023e-46	8.7966964207e-54	2.8749081259e-47	7.8942718797e-53	1.6502048240e-64	4.3727349051e-58	1.0741678820e-31	2.7467691938e-27	3.8230901023e-27	3.6532961894e-39	1.1643071579e-37	1.0523807545e-44	2.6814220727e-29	2.2803499497e-43	7.7023547423e-24	2.2213841066e-34	2.8319933714e-31	1.5584190664e-37	1.2643393667e-48	4.3527583808e-48	1.5533925039e-38	6.8584225626e-37	1.4575237658e-51	1.4826267611e-47	6.2731192958e-57	1.2027701195e-65	1.1225638156e-35	8.2968753408e-10	1.6393316364e-07	1.9104315447e-08	3.5950887077e-24	1.2167403736e-41	1.6031261296e-26	1.1751799399e-36	6.4417178161e-21	2.7729477429e-34	3.4445985473e-07	4.1322769425e-10	6.0086921655e-31	1.0547982784e-40	4.7320994441e-38	6.7617255432e-33	4.0812374422e-27	1.9018820322e-14	5.3636360207e-08	1.0323389410e-14	4.4529488421e-10	2.2803791003e-05	6.0840315890e-15	3.2775108037e-16	2.6973113785e-18	1.3590751427e-31	6.4919680052e-10	3.5518959366e-16	6.9880859338e-22	1.2033972202e-09	8.0684042692e-14	6.6705139803e-05	1.5570066875e-20	3.0943909511e-13	1.9285988056e-23	1.2979462090e-32	5.6566498785e-05	6.8368142233e-37	6.3019428241e-31	1.6276617895e-38	8.2105380979e-14	3.9941443045e-20	2.9346556872e-18	2.2784500999e-26	5.3360536792e-55	5.5898849433e-19	3.9326934798e-25	9.5976875952e-39	4.8882196803e-43	1.1983023403e-24	1.1993719964e-21	7.3180804397e-14	6.5059780403e-12	6.1545290410e-26	2.1938389441e-33	4.8004300081e-15	2.6181310076e-13	4.7925223828e-13	1.3123545672e-10	1.3524070381e-14	3.8466625850e-24	3.0219092262e-17	6.8773846637e-21	2.1203839369e-08	4.9313947213e-14	7.5770750962e-15	1.7690602507e-17	2.5554103696e-07	1.6641557898e-14	4.2961159448e-18	5.6410793997e-25	2.6614849191e-24	3.5353515943e-34	2.5798529951e-17	4.5333582780e-22	2.1203839369e-08	4.8401678205e-21	6.0146222913e-28
2.3299518100e-07	8.0000000000e+02	3.9336543299e+12	2.1094693939e+12	2.3121080169e+00	9.7453320532e-38	5.5802284133e-09	1.3544385251e-01	2.8471445348e-27	4.1277668023e-24	7.9395585605e-16	6.4408921088e-11	1.2246047771e-20	7.4496257019e-18	1.2237435172e-12	2.2383877449e-18	2.5081832985e-07	3.8491006716e-06	6.8700405147e-05	6.6690273782e-25	4.0286477717e-06	5.6392526645e-15	0.0000000000e+00	1.6100537801e-35	9.6811116051e-15	8.8683459138e-19	1.5337176819e-19	2.6758181868e-28	4.1285833628e-31	6.1053612950e-17	2.4677788526e-19	2.5542935231e-12	8.3044702498e-28	1.6366015672e-28	2.3562211921e-49	5.0738038663e-41	4.6433644201e-04	4.5560600369e-07	3.0304606108e-48	4.0436440667e-37	1.3260730313e-22	1.3754343228e-32	3.7549445438e-24	6.8359691923e-34	1.5123584564e-28	1.9738104368e-38	2.6382269405e-28	1.0636056852e-30	1.2576110126e-23	9.7339939638e-33	3.3058005621e-24	2.7338791774e-32	2.1598302858e-47	7.2040151109e-33	5.2745931332e-34	3.3855074829e-52	1.0503754543e-33	3.2147687427e-69	7.3879190661e-45	4.3875904683e-55	3.8755628511e-25	7.6036267181e-29	1.4141782424e-37	1.3185942768e-55	5.6732987007e-16	2.3317999441e-34	8.6360813027e-01	2.2301470501e-20	2.9419886832e-31	2.0104381690e-04	4.2871235572e-12	2.7547646102e-36	9.3897840254e-22	7.6498204759e-39	7.2168567328e-63	5.8388764624e-05	4.1995838121e-31	5.9900749185e-71	7.3472647193e-89	1.3942762201e-108	6.2269401572e-28	1.0248691800e-57	1.4150639292e-26	5.6451988402e-38	1.2389156437e-30	9.4361368464e-37	9.6561324222e-25	2.4541983424e-34	2.0727640709e-27	1.2455454447e-43	4.6216230957e-37	2.3535888548e-41	1.7231093208e-49	4.8346069772e-44	2.7491123974e-59	1.4145575329e-45	2.7006142902e-56	7.6630131130e-47	8.5924259519e-55	2.2729162256e-48	4.0888207105e-54	6.9181043020e-66	1.4837668612e-59	3.7315445512e-32	7.7232821549e-28	1.6408451586e-27	8.3143432116e-40	1.4050779749e-38	3.6558577976e-45	7.5395398702e-30	5.1897259776e-44	3.3058005621e-24	7.7168499828e-35	2.8319924957e-31	4.3819160840e-38	5.4264632226e-49	9.9062122439e-49	2.8614590702e-39	4.4931485491e-37	7.7286808776e-52	6.3633356249e-48	2.1286105233e-58	5.0423388087e-67	2.0678420766e-36	8.2968766057e-10	1.6393316335e-07	1.9104315428e-08	2.9098661265e-24	5.2221729620e-42	1.2975708933e-26	5.0437974273e-37	5.2139280272e-21	1.8166380998e-34	3.4453853914e-07	3.3454294729e-10	4.8645463612e-31	6.9118643465e-41	2.5098219967e-38	2.9027515278e-33	1.4181019382e-27	1.5393835673e-14	5.3636360154e-08	8.3557526274e-15	6.7966127904e-10	2.2803038897e-05	9.2864674248e-15	5.0026848438e-16	4.1169523472e-18	2.0744473403e-31	6.4917539372e-10	3.5517793631e-16	5.6559719632e-22	1.4867276386e-09	9.9677178930e-14	6.6705139737e-05	1.2602415940e-20	2.5046004454e-13	1.9285991011e-23	1.2979462077e-32	5.6566498729e-05	1.0435834473e-36	4.1285833628e-31	2.0109483086e-38	8.2099978460e-14	4.9345342396e-20	4.4790679750e-18	3.4774083853e-26	8.1428994252e-55	6.9059783592e-19	4.8586137554e-25	1.1857382229e-38	4.8880554439e-43	6.3539230106e-25	5.1474567952e-22	9.0410164631e-14	4.2620885533e-12	6.1540560969e-26	2.1936700206e-33	4.8000596392e-15	2.6180306115e-13	3.8789194469e-13	1.6213291881e-10	1.6708111678e-14	4.7523013660e-24	1.9796628049e-17	4.5053955285e-21	2.1203019737e-08	4.9312033384e-14	7.5767833737e-15	1.4318224523e-17	2.5552143934e-07	1.0900687641e-14	2.8142923866e-18	2.4209285070e-25	1.4111737736e-24	2.3157524079e-34	2.0879731855e-17	2.9698171999e-22	2.1203019737e-08	4.8397936394e-21	6.0141563887e-28
1.5264179700e-07	8.0000000000e+02	2.5770492865e+12	1.3819736426e+12	2.3121080140e+00	9.7453337939e-38	6.8942767070e-09	1.3544385234e-01	3.5175983696e-27	6.3006962864e-24	1.2118518576e-15	7.9572248496e-11	1.2246049917e-20	7.4496283155e-18	1.2237437316e-12	2.2388016758e-18	2.5081833247e-07	3.8491007145e-06	6.8700405063e-05	8.2394691919e-25	4.0286477666e-06	5.6392546479e-15	0.0000000000e+00	1.3031779590e-35	6.3423738541e-15	5.8099067153e-19	1.2413912816e-19	1.7530052223e-28	2.7047533467e-31	3.9997965475e-17	1.3085674479e-19	1.0962861866e-12	6.7216404761e-28	1.3246655193e-28	1.5436280858e-49	3.3239944434e-41	4.6433644300e-04	4.5560592425e-07	1.9853419999e-48	2.1441880583e-37	5.6914203262e-23	4.7781121700e-33	1.0558039349e-24	1.5557618273e-34	2.7858711061e-29	5.5498994296e-39	1.3989492136e-28	5.6398875851e-31	5.3975838149e-24	3.3814851091e-33	1.4188281300e-24	1.4496701376e-32	1.1452744749e-47	3.0919170792e-33	3.4555372191e-34	1.4530383400e-52	4.5081432412e-34	9.0391926363e-70	1.3609073671e-45	8.0822545732e-56	3.8755628716e-25	7.6036254162e-29	1.4141777507e-37	1.3185935856e-55	7.0092622173e-16	2.8808979086e-34	8.6360812950e-01	1.8050813041e-20	1.9273808247e-31	2.0104378124e-04	2.8086170872e-12	1.1823268772e-36	1.1600915495e-21	9.4512190045e-39	8.9162983213e-63	5.8388765291e-05	4.1995831190e-31	5.9900718154e-71	7.3472596165e-89	1.3942750057e-108	9.5049099618e-28	1.5643778988e-57	1.1453529301e-26	2.9934295758e-38	3.4835448824e-31	3.2780127513e-37	4.1443493318e-25	8.5256218636e-35	1.0991064310e-27	3.5021875886e-44	8.5133577312e-38	3.5091361804e-42	1.6830963816e-50	3.8222632489e-45	6.2565607625e-60	2.6057158322e-46	4.0265422727e-57	9.2476745162e-48	8.3928996556e-56	1.7969786908e-49	2.1177958700e-55	2.9002564434e-67	5.0347536759e-61	1.2962987943e-32	2.1716090996e-28	7.0423996268e-28	1.8922174377e-40	1.6956386812e-39	1.2700057910e-45	2.1199446130e-30	1.1811018918e-44	1.4188281300e-24	2.6807509233e-35	2.8319914936e-31	1.2320941226e-38	2.3290031955e-49	2.2545025131e-49	5.2710107128e-40	2.9435899618e-37	4.0982183760e-52	2.7311013480e-48	7.2228554124e-60	2.1138855721e-68	3.8091118564e-37	8.2968780522e-10	1.6393316300e-07	1.9104315404e-08	2.3552468243e-24	2.2413239011e-42	1.0502544144e-26	2.1647658595e-37	4.2201547472e-21	1.1901321292e-34	3.4460225247e-07	2.7082917585e-10	3.9380918356e-31	4.5289978969e-41	1.3311074061e-38	1.2460724854e-33	4.9272450320e-28	1.2459772603e-14	5.3636360087e-08	6.7631471884e-15	1.0373502432e-09	2.2801973455e-05	1.4174365901e-14	7.6358285347e-16	6.2836016948e-18	3.1663240628e-31	6.4914506382e-10	3.5516140484e-16	4.5777313209e-22	1.8367407326e-09	1.2313794124e-13	6.6705139654e-05	1.0200398788e-20	2.0272239289e-13	1.9285994391e-23	1.2979462061e-32	5.6566498658e-05	1.5929442397e-36	2.7047533467e-31	2.4844922361e-38	8.2092321424e-14	6.0962477961e-20	6.8359715427e-18	5.3069866831e-26	1.2424822807e-54	8.5318179221e-19	6.0024515634e-25	1.4648900596e-38	4.8878236054e-43	3.3690816059e-25	2.2091517945e-22	1.1169477714e-13	2.7920800874e-12	6.1534562514e-26	2.1934558130e-33	4.7995900758e-15	2.6179032464e-13	3.1394451350e-13	2.0030266631e-10	2.0641574530e-14	5.8710982674e-24	1.2968703144e-17	2.9514675970e-21	2.1201980744e-08	4.9309608286e-14	7.5764134322e-15	1.1588606828e-17	2.5549657836e-07	7.1399622084e-15	1.8435439267e-18	1.0389455084e-25	7.4821780122e-25	1.5168187285e-34	1.6898413219e-17	1.9455163761e-22	2.1201980744e-08	4.8393193349e-21	6.0135659342e-28
1.0000000000e-07	8.0000000000e+02	1.6882985741e+12	9.0537039645e+11	2.3121080102e+00	9.7453358605e-38	8.5177609021e-09	1.3544385212e-01	4.3459326119e-27	9.6174939956e-24	1.8496688074e-15	9.8304160109e-11	1.2246052493e-20	7.4496314547e-18	1.2237439891e-12	2.2391368223e-18	2.5081833443e-07	3.8491007468e-06	6.8700404952e-05	1.0179723193e-24	4.0286477600e-06	5.6392570303e-15	0.0000000000e+00	1.0547926207e-35	4.1550711154e-15	3.8062358057e-19	1.0047822529e-19	1.1484440217e-28	1.7719615274e-31	2.6203809325e-17	6.9388260250e-20	4.7051892144e-13	5.4404977856e-28	1.0721844350e-28	1.0112750595e-49	2.1776441550e-41	4.6433644301e-04	4.5560582764e-07	1.3006547885e-48	1.1369800690e-37	2.4427212133e-23	1.6598653117e-33	2.9686776923e-25	3.5406756867e-35	5.1317716265e-30	1.5605036685e-39	7.4180839269e-29	2.9906131716e-31	2.3166074767e-24	1.1746916868e-33	6.0895183235e-25	7.6870389102e-33	6.0729479927e-48	1.3270310509e-33	2.2638215874e-34	6.2363489772e-53	1.9348658459e-34	2.5416140328e-70	2.5068886975e-46	1.4888091052e-56	3.8755628826e-25	7.6036238256e-29	1.4141771549e-37	1.3185927505e-55	8.6598216962e-16	3.5592985610e-34	8.6360812866e-01	1.4610330292e-20	1.2626822230e-31	2.0104373841e-04	1.8400052592e-12	5.0744692362e-37	1.4332729604e-21	1.1676814451e-38	1.1015927042e-62	5.8388765681e-05	4.1995822565e-31	5.9900680449e-71	7.3472534337e-89	1.3942735367e-108	1.4508459216e-27	2.3878930175e-57	9.2704880582e-27	1.5872993641e-38	9.7949244900e-32	1.1387465018e-37	1.7787278623e-25	2.9617096727e-35	5.8281354537e-28	9.8473476366e-45	1.5682210445e-38	5.2320258585e-43	1.6440127263e-51	3.0218997181e-46	1.4238980302e-60	4.7999149144e-47	6.0034654387e-58	1.1160034891e-48	8.1980075144e-57	1.4207003031e-50	1.0969079204e-56	1.2158660733e-68	1.7084049945e-62	4.5032040561e-33	6.1060650579e-29	3.0225516177e-28	4.3063980524e-41	2.0462855585e-40	4.4118640085e-46	5.9607951236e-31	2.6880064747e-45	6.0895183235e-25	9.3126414054e-36	2.8319902898e-31	3.4643658815e-39	9.9959328380e-50	5.1309036029e-50	9.7095766657e-41	1.9284298511e-37	2.1731254518e-52	1.1721704892e-48	2.4508780991e-61	8.8619847769e-70	7.0166549588e-38	8.2968797891e-10	1.6393316256e-07	1.9104315372e-08	1.9063378666e-24	9.6196229370e-43	8.5007641098e-27	9.2910386187e-38	3.4157944925e-21	7.7969003675e-35	3.4465383910e-07	2.1924198296e-10	3.1879684946e-31	2.9675206484e-41	7.0594033226e-39	5.3488628995e-34	1.7119283533e-28	1.0084941525e-14	5.3636359999e-08	5.4740921402e-15	1.5832183782e-09	2.2800449289e-05	2.1634556030e-14	1.1654681867e-15	9.5901183236e-18	4.8328078145e-31	6.4910167328e-10	3.5513774024e-16	3.7049694019e-22	2.2691100629e-09	1.5211448186e-13	6.6705139544e-05	8.2562057449e-21	1.6408353060e-13	1.9285998449e-23	1.2979462040e-32	5.6566498566e-05	2.4314981972e-36	1.7719615274e-31	3.0695476568e-38	8.2081364665e-14	7.5313064209e-20	1.0432457527e-17	8.0985141740e-26	1.8955333564e-54	1.0540208236e-18	7.4154273526e-25	1.8097244764e-38	4.8874927402e-43	1.7863739889e-25	9.4809024588e-23	1.3798857595e-13	1.8290599159e-12	6.1527049416e-26	2.1931875367e-33	4.7990020317e-15	2.6177437006e-13	2.5409124073e-13	2.4745538270e-10	2.5500747123e-14	7.2531947739e-24	8.4956481578e-18	1.9334712210e-21	2.1200679617e-08	4.9306571789e-14	7.5759500878e-15	9.3792461287e-18	2.5546543752e-07	4.6764529550e-15	1.2076110629e-18	4.4585423073e-26	3.9670246036e-25	9.9346777943e-35	1.3675910623e-17	1.2744848443e-22	2.1200679617e-08	4.8387253972e-21	6.0128266042e-28
