P               	T               	n_<tot>         	n_g             	m               	C               	H               	He              	N               	O               	S               	P               	Si              	Ti              	V               	Cl              	K               	Na              	Mg              	F               	Ca              	Fe              	e-              	CH              	HCN             	HNCO            	HCO             	CH2             	CH2_1           	H2CO            	CH3             	CH4             	CN              	NCO             	CN2_cnn         	CN2_ncn         	CO              	CO2             	C2              	C2H             	C2H2            	C2H3            	C2H4            	C2H5            	C2H6            	C2H4O           	CH2OH           	CH3O            	CH3OH           	CH3CO           	H2CCO           	HCCO            	C2N             	C2N2            	CCO             	C3              	C3O2            	C4              	C4H2            	C4N2            	NH              	HNO             	HNO2            	HNO3            	OH              	HO2             	H2              	NH2             	N2H2            	H2O             	NH3             	N2H4            	NO              	NO2             	NO3             	N2              	N2O             	N2O3            	N2O4            	N2O5            	O2              	O3              	N2H             	N2H3            	CH3NH2          	CH3NH           	CH2NH           	CH2NH2          	H2CN            	C3H2            	C3H4            	C3H5            	C3H7            	C3H8            	C4H             	C4H2            	C4H3            	C4H4            	C4H5            	C4H6            	C4H8            	C4H9            	C4H10           	CH2CN           	CH3CN           	CH3NO           	C3H3            	C3H6            	C2H3O           	CH3CHO          	C2H4OH          	CH2CO           	CH2CHO          	H2O2            	HC3N            	HC2N            	C2H2CN          	C2H3CN          	H2NN            	CH3O2           	CH3OOH          	C6H6            	C6H5            	CH3C2H          	TiO             	TiO2            	VO              	TiH             	TiC2            	TiN             	VC2             	VN              	TiC             	Cl2             	HCl             	HOCl            	CCl             	CHCl            	CH2Cl           	CH3Cl           	KH              	HF              	MgH             	S2              	H2S             	SO              	SO2             	S2O             	SO3             	COS             	CS              	HCS             	SH              	HS2             	SiO             	SiH             	NaH             	FeO             	FeO2            	Fe(OH)2         	O_1             	CH2_1           	N_2D            	CS2             	NS              	S3              	S4              	S8              	HSO             	HSO2            	HSO3            	H2SO4           	CH3S            	CH3SH           	P               	PH3             	P2O             	P2O2            	P2O3            	PH              	PH2             	PO              	PO2             	PO3             	H2POH           	H3PO4           	HOPO            	HOPO2           	HPO             	HPOH            	P2              	P4              	P2H2            	P2H4            	P2H3            	P4O6            	P2H             	H3PO3           	HPO2            	P2O4            	P2O5            
1.0000000000e+02	2.3712905193e+03	5.6928941219e+20	3.0544393918e+20	2.3109297716e+00	1.1007264445e-12	1.2883579932e-03	1.3537483148e-01	6.1064209131e-11	7.2783327431e-11	1.4686431680e-09	1.7578356986e-07	1.1906014653e-07	3.8708783637e-08	1.7721972862e-08	9.0816913418e-14	2.3900576341e-07	3.7143138631e-06	6.8106416399e-05	1.1286070203e-13	4.0265947973e-06	3.7757095220e-06	0.0000000000e+00	1.7067646670e-11	1.6269650376e-06	1.4769178239e-10	8.8673448290e-09	4.4736696884e-09	2.7891432153e-10	1.4031951184e-08	1.6780284645e-06	6.1471450767e-05	1.1392353278e-10	1.3186385330e-13	3.2116919971e-19	1.1880044010e-16	3.9951002502e-04	2.1876223153e-08	9.7046818811e-16	7.8443036429e-12	9.6763878769e-08	1.1829873011e-10	9.9821945198e-09	2.0701447461e-11	1.1881976605e-10	1.3186222775e-16	1.0711256713e-11	1.5504029347e-12	6.4754440397e-11	3.7614548850e-13	1.4931206628e-10	5.3880869645e-13	7.8834315463e-17	3.3955760928e-14	2.3189628752e-12	4.7013850515e-17	9.9250593773e-17	7.1539076086e-23	4.4324194845e-15	1.3000439861e-21	1.0337945458e-09	1.1563845038e-13	3.6627804447e-19	1.4209642959e-28	8.0565526769e-08	1.7030975338e-16	8.6231242580e-01	4.1915782983e-08	1.0503923327e-13	2.7481567930e-04	7.0979755235e-06	2.5198822877e-15	3.2089441430e-11	7.1020755822e-20	3.3663709221e-31	5.3974592544e-05	1.4785942177e-16	3.5785041100e-34	2.9339025794e-44	6.0065934667e-53	9.6183028099e-15	2.3016745921e-27	1.5961188149e-11	1.1648730158e-15	2.2785910798e-12	5.0710889599e-14	3.2951784899e-10	7.3794948484e-13	1.6245244062e-10	7.7223122937e-15	6.3833777369e-13	4.2722125686e-14	1.0068672756e-16	5.6957813202e-16	1.3802396907e-19	2.3828891932e-15	1.8908620407e-18	6.2604066904e-16	3.3375020178e-18	7.1083953772e-17	1.5688496820e-19	4.1452520304e-23	2.8658604048e-21	1.0592718346e-11	2.6841069554e-11	4.8863105089e-14	9.2911597285e-13	1.5150184184e-13	3.8336227583e-18	5.7313029843e-13	1.0390402379e-16	1.4931206628e-10	2.7346226150e-14	1.4316593736e-15	2.0464591301e-14	2.5136925847e-17	6.4705298138e-18	1.5203682787e-15	9.4434375768e-16	5.5905077200e-23	2.3923928295e-21	7.5248569383e-23	1.2241579297e-24	1.4709585948e-12	1.2350132867e-07	9.4264101400e-10	1.3717680448e-09	1.5236302179e-09	8.0843378060e-16	1.9449546739e-12	1.4974225235e-16	2.0620488304e-12	5.5957683153e-13	3.4461181085e-07	8.5435122198e-11	4.5172479995e-20	1.9268431221e-20	2.3011907318e-19	5.4929067560e-18	6.5731604956e-17	1.1684766330e-08	5.3608914531e-08	5.5897945412e-07	9.0970935313e-11	2.1651447080e-05	3.4711890180e-11	1.3017546173e-14	4.6026644123e-16	2.9914355329e-23	4.3619417582e-10	3.4169268430e-09	1.2337763595e-10	1.1377103924e-06	1.8282955408e-11	6.6004499471e-05	5.4758759164e-07	1.3282558057e-07	5.0761346864e-11	8.3827582076e-17	5.2761912508e-05	2.7807385198e-15	2.7891432153e-10	1.3926728163e-11	1.4156308855e-12	1.1504951232e-11	4.0279918510e-17	2.4845918375e-24	1.2409068686e-48	2.8533834522e-12	1.0011670640e-16	2.0279541000e-24	1.1571263239e-29	5.0043330410e-12	3.4383908342e-11	1.1002886576e-08	1.3317083775e-07	1.0850325802e-19	1.2603150253e-23	2.2347515420e-20	8.8140757252e-08	1.4229277679e-07	1.5534200745e-09	1.1191612198e-13	2.8520973859e-19	1.4387611543e-11	2.4792080531e-21	3.0057663357e-11	1.8857771535e-16	6.4752876850e-11	2.8222836794e-11	6.4001458895e-10	3.6482798274e-20	4.6427092806e-13	3.2347722770e-15	4.0116835813e-15	7.3291416923e-46	2.8127691804e-12	1.6045180191e-18	3.0057663357e-11	4.4276165258e-26	4.8104618875e-30
6.5512855700e+01	2.3554135800e+03	3.7541491368e+20	2.0145387847e+20	2.3105801789e+00	1.0736041988e-12	1.4722082625e-03	1.3535435110e-01	6.4781893011e-11	8.4016499821e-11	1.9749992358e-09	2.2220967915e-07	1.1942653488e-07	4.0122486166e-08	1.7796863575e-08	8.8086732427e-14	2.4123273897e-07	3.7395950182e-06	6.8214401991e-05	1.2311049623e-13	4.0259856413e-06	4.3691024162e-06	0.0000000000e+00	1.4056693923e-11	1.2858447493e-06	1.0502345250e-10	7.3022209479e-09	3.2063068922e-09	1.9743363673e-10	9.8524071328e-09	1.0587995206e-06	3.3808559519e-05	1.0032284450e-10	1.0617430042e-13	2.1583640506e-19	8.3560783492e-17	4.2815668850e-04	2.1265801032e-08	7.4508406034e-16	5.3289680162e-12	5.9753334862e-08	5.7891272861e-11	4.3007399775e-09	7.0621941565e-12	3.5155064658e-11	4.8508670745e-17	5.9029941238e-12	8.4171621439e-13	3.0778588011e-11	1.6834678510e-13	8.3762836906e-11	3.4544632362e-13	5.2005843577e-17	2.0815429812e-14	1.7288098316e-12	2.9536035985e-17	5.7959051282e-17	3.4158386270e-23	1.6892308110e-15	4.9237486044e-22	9.2594841602e-10	9.3199336650e-14	2.5896611891e-19	8.4313199987e-29	8.1186052240e-08	1.4292794290e-16	8.6217775380e-01	3.2232044362e-08	6.5407496550e-14	2.4717406157e-04	4.7937029942e-06	1.0724429281e-15	3.2102125992e-11	5.9750432718e-20	2.3008318837e-31	5.5293506229e-05	1.2118512843e-16	1.9896430922e-34	1.3765419646e-44	2.3232238879e-53	1.0001971520e-14	1.8745253117e-27	1.2150121406e-11	5.8606715171e-16	8.1590503059e-13	2.0938899039e-14	1.7358311115e-10	3.0784997796e-13	1.0039734967e-10	3.5650176625e-15	2.1382512210e-13	1.1674129704e-14	1.8471638965e-17	9.0692995905e-17	5.8163604547e-20	9.0490522808e-16	5.6628538462e-19	1.6570490200e-16	7.0645091726e-19	1.3118894110e-17	1.9764308003e-20	4.0950847189e-24	2.4546208665e-22	5.3016475254e-12	1.1594660059e-11	2.3317568583e-14	3.6355450669e-13	3.5295060088e-14	1.6185499712e-18	2.1949488139e-13	3.0680907110e-17	8.3762836906e-11	1.2149740867e-14	1.0231452544e-15	9.9403220367e-15	1.3747228124e-17	2.4907523418e-18	5.1788965981e-16	5.7231155294e-16	2.5081910478e-23	9.1545191672e-22	9.3174868761e-24	1.7168539107e-25	4.9397013459e-13	1.2238959965e-07	8.7038377748e-10	1.2943537868e-09	1.2694068735e-09	5.1396599252e-16	1.6550528056e-12	9.2316865653e-17	1.6967779073e-12	4.4369755122e-13	3.4457270814e-07	7.2393705819e-11	3.1437317196e-20	1.3773601600e-20	1.3924904636e-19	2.8652656019e-18	2.9750395015e-17	9.4198655145e-09	5.3600794138e-08	4.4060593578e-07	1.2840325202e-10	2.1467738262e-05	4.2925613984e-11	1.4729831982e-14	5.7135924972e-16	2.8828301431e-23	4.6308079995e-10	3.8169367932e-09	1.1151318419e-10	1.3169767745e-06	2.1078471079e-11	6.6083875760e-05	4.5775868544e-07	1.0696241803e-07	5.1436614019e-11	7.4375876620e-17	5.2159965741e-05	3.0090630492e-15	1.9743363673e-10	1.3535815714e-11	1.6380916092e-12	1.2904012273e-11	5.5597556185e-17	3.3705642984e-24	1.5545021116e-48	2.8847461977e-12	8.9852209317e-17	1.5598429988e-24	6.7207142221e-30	3.1237325533e-12	1.8278691554e-11	1.3729802898e-08	9.7928435752e-08	1.1029001820e-19	1.1170741979e-23	2.0040091254e-20	9.1820560016e-08	1.2412089960e-07	1.8031235260e-09	1.1698303990e-13	2.5940903255e-19	9.4157463250e-12	1.2370692218e-21	2.7069196136e-11	1.5199981737e-16	6.1464524622e-11	2.2005187488e-11	7.7448347491e-10	3.7451843927e-20	3.6955046757e-13	1.7306534963e-15	2.5882749662e-15	4.1342038425e-46	2.6801674329e-12	8.6385171963e-19	2.7069196136e-11	3.5570424944e-26	3.3900136506e-30
4.2919342600e+01	2.3378349936e+03	2.4776149845e+20	1.3297055552e+20	2.3102739980e+00	9.5565000169e-13	1.6662404903e-03	1.3533641545e-01	6.7109377536e-11	9.8476411571e-11	2.6154891222e-09	2.6802633333e-07	1.1403785360e-07	4.0209673719e-08	1.7819126276e-08	8.5110870071e-14	2.4305112961e-07	3.7601497532e-06	6.8299924633e-05	1.3225799095e-13	4.0254521548e-06	4.6902476390e-06	0.0000000000e+00	1.0620496937e-11	9.4721118638e-07	7.2206641416e-11	5.7971103833e-09	2.1269746721e-09	1.2915890451e-10	6.7119883139e-09	6.2479924618e-07	1.7550357244e-05	8.1303608055e-11	8.1774288196e-14	1.3185653450e-19	5.3728915243e-17	4.4519284812e-04	2.0826789721e-08	4.8881488701e-16	3.1276756149e-12	3.2337417939e-08	2.4763082368e-11	1.6365282401e-09	2.1221167346e-12	9.2401450557e-12	1.6244709679e-17	3.1444106468e-12	4.4090247777e-13	1.4251857045e-11	6.8456631209e-14	4.2768913681e-11	1.9965358162e-13	2.9383354775e-17	1.1060187767e-14	1.1533976669e-12	1.4916991339e-17	2.9782794082e-17	1.2225150051e-23	4.9441814024e-16	1.4166383255e-22	8.1404603400e-10	7.6485083748e-14	1.9278579133e-19	5.4176389763e-29	8.3845220851e-08	1.2631372314e-16	8.6201891571e-01	2.4505198627e-08	4.0070198618e-14	2.3059662264e-04	3.2332043977e-06	4.5136820385e-16	3.2717593632e-11	5.2684817066e-20	1.6883543573e-31	5.6239358239e-05	1.0082956674e-16	1.1824285093e-34	7.1049771270e-45	1.0144352590e-53	1.0956786367e-14	1.6402225998e-27	9.0867907254e-12	2.9001433989e-16	2.7414098759e-13	8.0441568280e-15	8.5411292099e-11	1.1963868714e-13	5.7586764993e-11	1.3419599808e-15	5.9143996555e-14	2.6367574876e-15	2.8094528276e-18	1.2075891831e-17	1.8568031999e-20	2.6379660957e-16	1.2977423085e-19	3.3927625543e-17	1.1550207536e-19	1.8873330381e-18	1.9508358407e-21	3.1574281673e-25	1.6548056247e-23	2.3140807033e-12	4.4027132613e-12	1.0790826578e-14	1.1665626557e-13	6.8400395479e-15	6.1643298756e-19	7.6900375222e-14	8.2383790415e-18	4.2768913681e-11	4.9001050029e-15	7.7482535782e-16	3.9417387523e-15	6.4583437624e-18	7.8067939987e-19	1.4522831778e-16	3.4007624563e-16	1.1145608153e-23	3.4919121203e-22	7.9628929931e-25	1.6441719671e-26	1.3701808926e-13	1.2255315542e-07	8.4597600071e-10	1.2698707982e-09	1.0216775534e-09	2.7660244540e-16	1.3569963139e-12	4.9688211528e-17	1.3870901303e-12	3.1733685072e-13	3.4453775252e-07	6.1683108844e-11	2.2566108764e-20	9.1092274689e-21	7.8390274216e-20	1.4012966087e-18	1.2733203219e-17	7.5682606968e-09	5.3593682290e-08	3.4598576904e-07	1.7958414294e-10	2.1268153538e-05	5.4370674700e-11	1.7745504434e-14	7.2697198066e-16	3.0476943824e-23	4.7655616193e-10	3.9575018734e-09	9.3545519186e-11	1.5126537068e-06	2.4106587751e-11	6.6172602472e-05	3.6558734903e-07	8.5897972691e-08	4.9988869113e-11	6.5433355591e-17	5.1831331247e-05	3.2800847864e-15	1.2915890451e-10	1.2709828258e-11	1.7674605651e-12	1.4232856737e-11	7.5847030482e-17	4.5107998402e-24	1.9044197229e-48	2.9908535144e-12	8.5641799417e-17	1.3139179204e-24	4.4545012934e-30	1.8215924387e-12	9.1348385165e-12	1.6321508165e-08	6.9501119075e-08	1.0686796847e-19	9.7536876634e-24	1.8631592145e-20	9.1472638387e-08	1.0396867289e-07	2.0767467693e-09	1.2587396751e-13	2.5091722997e-19	6.1607463389e-12	6.9276859420e-22	2.5288178348e-11	1.3175415387e-16	5.7964528848e-11	1.7076979285e-11	8.6860270706e-10	3.3301957617e-20	2.7276774303e-13	8.6137155581e-16	1.5487702237e-15	2.5280698463e-46	2.3588847607e-12	5.0134429483e-19	2.5288178348e-11	3.0717520180e-26	2.6556257352e-30
2.8117687000e+01	2.3188850707e+03	1.6362215962e+20	8.7824693850e+19	2.3099928244e+00	7.9506202815e-13	1.8702483166e-03	1.3531994377e-01	6.8135075311e-11	1.1652430441e-10	3.4172979295e-09	3.1056008182e-07	1.0471730042e-07	3.9247365919e-08	1.7802591591e-08	8.1957560299e-14	2.4452567949e-07	3.7767584517e-06	6.8366758478e-05	1.4021831251e-13	4.0249622298e-06	4.7551627564e-06	0.0000000000e+00	7.5338567640e-12	6.6453307016e-07	4.8622739900e-11	4.4938427814e-09	1.3349943305e-09	7.9838475054e-11	4.4898691877e-09	3.5198928336e-07	8.7677185344e-06	6.2063594087e-11	6.1114829783e-14	7.5108873831e-20	3.2369631084e-17	4.5451428247e-04	2.0614444549e-08	2.8643891275e-16	1.6553749483e-12	1.5978204572e-08	9.6491603813e-12	5.7241302199e-10	5.8477625937e-13	2.2437565294e-12	5.1140329775e-18	1.6392605550e-12	2.2568082429e-13	6.5027872951e-12	2.6125139528e-14	2.0525255945e-11	1.0755669479e-13	1.4865748212e-17	5.3199285637e-15	7.1277241975e-13	6.4571931004e-18	1.4080635636e-17	3.5709472372e-24	1.2062260930e-16	3.3688926554e-23	7.0455645914e-10	6.3553982542e-14	1.4903182203e-19	3.6901366361e-29	8.8121821765e-08	1.1587273184e-16	8.6184120475e-01	1.8457262421e-08	2.4228767489e-14	2.2122916297e-04	2.1793235617e-06	1.8834126129e-16	3.3776276099e-11	4.8045677910e-20	1.3034934879e-31	5.6903676798e-05	8.4762318991e-17	7.3686683448e-35	3.9279023946e-45	4.8338393044e-54	1.2462641650e-14	1.5102307157e-27	6.6990887867e-12	1.4161227163e-16	8.8238922971e-14	2.9387303688e-15	4.0100424066e-11	4.4261785015e-14	3.1342736839e-11	4.3833642351e-16	1.4352147798e-14	5.2293732600e-16	3.7619238128e-19	1.4262235530e-18	4.8826178927e-21	6.4076561153e-17	2.4711649667e-20	5.8266531595e-18	1.5819616671e-20	2.2927209395e-19	1.6332040773e-22	2.0579452290e-26	9.5000941912e-25	9.1875169297e-13	1.5311675958e-12	4.9039337375e-15	3.2642979065e-14	1.1704263788e-15	2.1896394487e-19	2.5435630676e-14	2.0776684866e-18	2.0525255945e-11	1.8532524783e-15	6.1238100798e-16	1.3584554937e-15	2.7238830373e-18	2.1217524153e-19	3.5652520083e-17	1.9885826288e-16	4.9323416897e-24	1.3338794850e-22	5.2934610950e-26	1.2134356934e-27	3.3352196162e-14	1.2370758232e-07	8.5560028997e-10	1.2843406676e-09	8.0028033697e-10	1.3224950459e-16	1.0808836194e-12	2.4345089981e-17	1.1285017917e-12	2.1056937650e-13	3.4450469206e-07	5.2806619281e-11	1.6575136884e-20	5.6975600322e-21	4.1935958269e-20	6.5565872121e-19	5.2529075074e-18	6.0632087261e-09	5.3587151597e-08	2.7079724251e-07	2.4908697863e-10	2.1051769092e-05	7.0036246645e-11	2.2398981098e-14	9.4105286990e-16	3.4514728540e-23	4.8107706237e-10	3.8909366219e-09	7.4409824239e-11	1.7253868756e-06	2.7368128007e-11	6.6257743079e-05	2.8165525880e-07	6.8821183909e-08	4.7046567656e-11	5.7163729664e-17	5.1759540005e-05	3.5847739095e-15	7.9838475054e-11	1.1588894746e-11	1.8152922896e-12	1.5477204855e-11	1.0237033500e-16	5.9618302893e-24	2.2853077459e-48	3.1568347174e-12	8.5339376102e-17	1.1838275882e-24	3.2606327902e-30	1.0130177874e-12	4.3772437108e-12	1.8612750712e-08	4.7855306676e-08	9.9065885251e-20	8.3514959564e-24	1.7689827559e-20	8.7705555775e-08	8.4122317866e-08	2.3680311097e-09	1.3791057923e-13	2.5325357766e-19	4.0171812381e-12	4.2258545943e-22	2.4216218193e-11	1.2032818500e-16	5.4178319979e-11	1.3155557981e-11	9.1291907478e-10	2.6195911756e-20	1.8876561419e-13	4.0309463740e-16	8.6904254988e-16	1.6242803098e-46	1.9399074285e-12	3.0719428593e-19	2.4216218193e-11	2.7847543559e-26	2.2399608975e-30
1.8420699700e+01	2.2986730457e+03	1.0812349519e+20	5.8042377870e+19	2.3097237211e+00	6.3002458975e-13	2.0822868900e-03	1.3530417982e-01	6.7875214724e-11	1.3782605299e-10	4.4062917146e-09	3.4811057739e-07	9.3441862018e-08	3.7588329031e-08	1.7758822456e-08	7.8657153104e-14	2.4571467923e-07	3.7901080460e-06	6.8418278343e-05	1.4674866916e-13	4.0244933423e-06	4.6411251289e-06	0.0000000000e+00	5.1128728754e-12	4.5260075749e-07	3.2353342960e-11	3.4296745889e-09	8.0768870899e-10	4.7510033928e-11	2.9731611656e-09	1.9283355254e-07	4.2930315826e-06	4.5499213520e-11	4.4724531924e-14	4.0711195167e-20	1.8645057044e-17	4.5932729690e-04	2.0576697309e-08	1.5561783800e-16	8.1991800783e-13	7.4784876414e-09	3.5536424324e-12	1.9090787134e-10	1.5330250308e-13	5.2210635363e-13	1.5541215730e-18	8.4325661668e-13	1.1381656731e-13	2.9473607599e-12	9.6085242879e-15	9.5067940021e-12	5.5467927918e-14	6.9947338346e-18	2.4069634178e-15	4.1910677908e-13	2.5326307552e-18	6.3408543237e-18	9.1675424250e-25	2.6403175565e-17	7.1386135146e-24	6.0094878364e-10	5.2978154178e-14	1.1732559721e-19	2.5866377029e-29	9.3310344005e-08	1.0813213628e-16	8.6165045929e-01	1.3784952916e-08	1.4484032593e-14	2.1602423570e-04	1.4690731164e-06	7.8037659700e-17	3.4994256991e-11	4.4444883738e-20	1.0280983409e-31	5.7360397635e-05	7.1382263255e-17	4.6790700192e-35	2.2373132116e-45	2.3936460503e-54	1.4424685703e-14	1.4198478188e-27	4.8767111068e-12	6.8347417726e-17	2.7731437004e-14	1.0407250619e-15	1.8311096312e-11	1.5890729223e-14	1.6501389118e-11	1.3130711827e-16	3.2285116170e-15	9.6224349472e-17	4.6856569837e-20	1.5783768227e-19	1.1386443996e-21	1.3959217499e-17	4.2089363485e-21	9.0331912049e-19	1.9535558912e-21	2.5307836007e-20	1.2478324713e-23	1.2201634981e-27	4.9970224327e-26	3.4449620691e-13	5.0630961087e-13	2.2079239955e-15	8.4177127623e-15	1.8682682884e-16	7.4502326163e-20	8.1551513386e-15	5.0534793383e-19	9.5067940021e-12	6.7496984359e-16	4.9497671203e-16	4.3030459174e-16	1.0711731809e-18	5.2883536343e-20	8.1019254907e-18	1.1462715865e-16	2.1697665881e-24	5.0926613270e-23	3.0552955527e-27	7.7050716419e-29	7.5276982172e-15	1.2550056366e-07	8.8843546310e-10	1.3260996710e-09	6.1463952164e-10	5.8714067300e-17	8.4321813279e-13	1.1272104572e-17	9.1498498065e-13	1.3302547358e-13	3.4447194756e-07	4.5415228938e-11	1.2331214425e-20	3.4335087425e-21	2.1716464278e-20	2.9892966240e-19	2.1270172292e-18	4.8450166709e-09	5.3580902423e-08	2.1128145731e-07	3.4266616220e-10	2.0818858304e-05	9.0826410643e-11	2.9023485473e-14	1.2268612381e-15	4.0610698329e-23	4.8025903764e-10	3.6953529603e-09	5.7173130109e-11	1.9546544592e-06	3.0846450874e-11	6.6331405727e-05	2.1150435391e-07	5.5023599296e-08	4.3262554706e-11	4.9525603841e-17	5.1866997738e-05	3.8899450325e-15	4.7510033928e-11	1.0275180707e-11	1.8076680189e-12	1.6608908577e-11	1.3671341129e-16	7.7827507540e-24	2.6867162189e-48	3.3580655056e-12	8.7111258032e-17	1.1065738735e-24	2.5302628615e-30	5.4723075164e-13	2.0482884392e-12	2.0505892214e-08	3.2187186465e-08	8.8167108881e-20	6.9659248379e-24	1.6859324620e-20	8.1504070512e-08	6.6201446852e-08	2.6643524425e-09	1.5177173710e-13	2.6044271732e-19	2.6014696895e-12	2.7127881449e-22	2.3445597262e-11	1.1303433437e-16	5.0021922355e-11	1.0026585664e-11	9.1156518794e-10	1.8731959998e-20	1.2416798701e-13	1.7980036562e-16	4.6357386576e-16	1.0592266849e-46	1.5113273604e-12	1.9400434436e-19	2.3445597262e-11	2.5783897410e-26	1.9590232304e-30
1.2067926400e+01	2.2830959379e+03	7.1307368982e+19	3.8284657698e+19	2.3093768014e+00	5.2081251901e-13	2.3712606613e-03	1.3528385722e-01	7.0824399045e-11	1.7323298926e-10	5.8618963432e-09	3.8164390012e-07	8.5005987915e-08	3.6169327666e-08	1.7715910539e-08	7.6153862284e-14	2.4664004801e-07	3.8004484823e-06	6.8453110059e-05	1.5922550964e-13	4.0238888650e-06	4.5076377935e-06	0.0000000000e+00	3.5754040129e-12	3.0301011766e-07	2.1382522201e-11	2.6432303841e-09	4.9302952614e-10	2.8627584462e-11	1.9582778898e-09	1.0401417196e-07	2.0255865477e-06	3.3786323195e-11	3.3343301798e-14	2.2786128333e-20	1.0944299861e-17	4.6177429442e-04	2.0597434207e-08	8.6611563125e-17	4.0540833348e-13	3.3784375458e-09	1.2708808933e-12	6.0335855130e-11	3.8325055297e-14	1.1355256438e-13	4.5914700187e-19	4.3529483024e-13	5.7851984913e-14	1.3160109211e-12	3.4511577850e-15	4.2825157188e-12	2.8457814767e-14	3.3211021407e-18	1.0581310218e-15	2.4952935889e-13	9.8816330993e-19	2.7864366855e-18	2.3227047297e-25	5.3857421230e-18	1.4185908812e-24	5.3033622524e-10	4.6169186949e-14	9.8290219532e-20	1.9893609920e-29	1.0271062926e-07	1.0839632565e-16	8.6138495901e-01	1.0471056396e-08	8.8246462822e-15	2.1314125732e-04	9.8357581012e-07	3.2547964844e-17	3.7854846080e-11	4.4233135834e-20	9.0800869171e-32	5.7670891533e-05	6.2683024124e-17	3.3295228686e-35	1.4700578820e-45	1.4170925459e-54	1.7920422903e-14	1.5071977503e-27	3.6294687741e-12	3.3634490091e-17	8.4314956459e-15	3.6378221660e-16	8.1770487872e-12	5.6142929874e-15	8.6249971185e-12	3.7843941059e-17	6.7827367292e-16	1.6497782460e-17	5.3988059385e-21	1.5833851699e-20	2.5555006774e-22	2.8368329214e-18	6.7374562791e-22	1.2829841320e-19	2.2177041498e-22	2.5131497593e-21	8.4743345097e-25	6.4892398246e-29	2.3110387388e-27	1.2490262562e-13	1.5889158217e-13	9.8040005327e-16	2.0606171508e-15	2.7369907222e-17	2.5177780170e-20	2.5124783656e-15	1.1977634563e-19	4.2825157188e-12	2.4058314135e-16	4.2346176272e-16	1.2951518274e-16	4.2210085461e-19	1.2600496951e-20	1.7150473303e-18	6.7871691370e-17	9.9631047902e-25	1.9988441777e-23	1.4950750597e-28	4.2539890606e-30	1.5856249004e-15	1.2700244783e-07	9.2048748658e-10	1.3663190048e-09	4.7521592390e-10	2.5330884134e-17	6.5964318460e-13	5.0468350939e-18	7.4088902138e-13	8.3604397684e-14	3.4442708163e-07	3.8537281607e-11	9.3911008851e-21	2.0893019054e-21	1.1208151701e-20	1.3336646321e-19	8.2594765255e-19	3.8820139221e-09	5.3572842093e-08	1.6614160846e-07	4.7698331105e-10	2.0524388433e-05	1.2202496863e-10	3.9175681111e-14	1.6461580185e-15	5.1103631202e-23	4.7565107907e-10	3.5009101839e-09	4.3822046727e-11	2.2441502736e-06	3.5083437559e-11	6.6380790687e-05	1.6054651407e-07	4.4105625774e-08	4.0317275899e-11	4.4286799009e-17	5.1992000514e-05	4.5702636349e-15	2.8627584462e-11	9.7880055911e-12	1.7677036168e-12	1.8270237568e-11	1.8492727935e-16	1.0286083234e-23	3.2019712594e-48	3.6896531773e-12	9.3168437233e-17	1.1106597090e-24	2.1080166572e-30	2.9038256221e-13	9.2767414656e-13	2.2179250337e-08	2.0609373006e-08	7.4191849978e-20	5.6017711854e-24	1.5130189987e-20	7.3689796234e-08	5.0188078096e-08	2.9452474290e-09	1.6577495107e-13	2.7122712121e-19	1.6256959393e-12	1.7109603330e-22	2.2123927623e-11	1.0473243228e-16	4.5237533701e-11	7.4527966119e-12	8.3492113679e-10	1.1051392171e-20	7.4823166830e-14	7.2917821924e-17	2.2642722730e-16	6.0048401203e-47	1.0886175888e-12	1.2015501493e-19	2.2123927623e-11	2.2743602169e-26	1.6615046392e-30
7.9060432100e+00	2.2702573645e+03	4.6970938950e+19	2.5223210680e+19	2.3089473450e+00	4.4181914981e-13	2.7368584355e-03	1.3525869956e-01	7.5961618728e-11	2.2568844042e-10	7.9343031340e-09	4.0992248541e-07	7.8251489210e-08	3.4907735667e-08	1.7673352015e-08	7.4115978436e-14	2.4736070601e-07	3.8084365859e-06	6.8475241394e-05	1.7652011668e-13	4.0231405745e-06	4.3678658465e-06	0.0000000000e+00	2.5469694589e-12	2.0089392489e-07	1.4076884309e-11	2.0496327339e-09	3.0274607273e-10	1.7389700764e-11	1.2860548574e-09	5.5621896431e-08	9.3539675302e-07	2.5294249621e-11	2.5139000888e-14	1.3004493229e-20	6.4991737246e-18	4.6293418195e-04	2.0652140963e-08	4.8968944391e-17	2.0050789289e-13	1.4962408570e-09	4.4717899157e-13	1.8490017661e-11	9.3250456597e-15	2.3749892657e-14	1.3350504148e-19	2.2522686397e-13	2.9550773228e-14	5.8251557561e-13	1.2232972994e-15	1.8991697581e-12	1.4569150911e-14	1.5872426192e-18	4.5772192317e-16	1.4981836236e-13	3.8511714510e-19	1.2082750024e-18	5.8541397565e-26	1.0560730584e-18	2.7194909652e-25	4.7754501077e-10	4.1294251987e-14	8.5378949297e-20	1.6150274039e-29	1.1565969841e-07	1.1331743510e-16	8.6104637812e-01	8.0330002208e-09	5.4359755296e-15	2.1151984775e-04	6.5572537150e-07	1.3623521172e-17	4.1995555999e-11	4.5945161656e-20	8.5687125975e-32	5.7876282747e-05	5.6397812207e-17	2.5322246236e-35	1.0500068571e-45	9.3130718557e-55	2.3206895776e-14	1.7182089201e-27	2.7362180566e-12	1.6738978275e-17	2.5144597649e-15	1.2622798564e-16	3.6049837446e-12	1.9655512823e-15	4.4908552031e-12	1.0679402292e-17	1.3706752209e-16	2.7169470113e-18	5.9491310288e-22	1.5008132456e-21	5.6204898334e-23	5.5454029108e-19	1.0420108523e-22	1.7339225672e-20	2.4004360303e-23	2.3490065592e-22	5.3780466596e-26	3.2425819023e-30	9.9229663062e-29	4.4437103523e-14	4.8386984735e-14	4.3179380303e-16	4.8995796349e-16	3.8168010331e-18	8.4820625228e-21	7.5654148872e-16	2.7979064595e-20	1.8991697581e-12	8.4733367353e-17	3.7448156285e-16	3.7881028723e-17	1.6672501669e-19	2.9280031412e-21	3.4862852608e-19	4.0822255638e-17	4.6928391530e-25	7.9748109510e-24	6.6555229372e-30	2.1690601486e-31	3.2112712328e-16	1.2830844554e-07	9.5193024091e-10	1.4054703593e-09	3.6893795512e-10	1.0759528510e-17	5.1690933170e-13	2.2177468066e-18	5.9935332323e-13	5.2426601816e-14	3.4436912400e-07	3.2439413300e-11	7.2497745032e-21	1.2795641222e-21	5.7767983051e-21	5.8773335409e-20	3.1300293821e-19	3.1147683275e-09	5.3562862255e-08	1.3124969929e-07	6.6681655205e-10	2.0168443324e-05	1.6714562477e-10	5.4071712281e-14	2.2401056523e-15	6.6774499413e-23	4.6837048711e-10	3.3095052097e-09	3.3516023772e-11	2.5935594173e-06	4.0009434704e-11	6.6413014007e-05	1.2268772376e-07	3.5402581086e-08	3.7882577200e-11	4.0352425968e-17	5.2121268101e-05	5.6281734488e-15	1.7389700764e-11	9.7299368716e-12	1.7065141333e-12	2.0366105068e-11	2.5103690194e-16	1.3621063770e-23	3.8056386658e-48	4.1258800170e-12	1.0224638172e-16	1.1602603596e-24	1.8270635754e-30	1.5234274855e-13	4.1172568972e-13	2.3555352003e-08	1.2721112518e-08	5.9488758215e-20	4.3410287455e-24	1.2897498030e-20	6.5067314614e-08	3.6939475367e-08	3.1971875912e-09	1.7882923113e-13	2.8222541551e-19	9.8696043883e-13	1.0585042639e-22	2.0395906310e-11	9.5448021433e-17	4.0101234348e-11	5.4159704147e-12	7.1587038626e-10	5.6471642636e-21	4.2173734774e-14	2.7534863511e-17	1.0341570437e-16	3.0352904433e-47	7.3750569218e-13	7.2943136805e-20	2.0395906310e-11	1.9181828880e-26	1.3612203570e-30
5.1794746800e+00	2.2583570173e+03	3.0927362135e+19	1.6611520706e+19	2.3084402708e+00	3.7727350088e-13	3.1722575243e-03	1.3522899568e-01	8.2157259603e-11	2.9772933461e-10	1.0776163677e-08	4.3278342206e-07	7.2216561333e-08	3.3681498370e-08	1.7628345204e-08	7.2248072127e-14	2.4792121869e-07	3.8145746862e-06	6.8487598174e-05	1.9703548635e-13	4.0222570453e-06	4.2198480466e-06	0.0000000000e+00	1.8219870727e-12	1.3251248155e-07	9.2475987985e-12	1.5915464527e-09	1.8593525021e-10	1.0572373961e-11	8.4331982030e-10	2.9611342978e-08	4.2827936390e-07	1.8947802025e-11	1.9004545382e-14	7.4505385153e-21	3.8646869368e-18	4.6343665244e-04	2.0730262535e-08	2.7732884297e-17	9.8847067710e-14	6.5629698928e-10	1.5601083834e-13	5.5921506798e-12	2.2418388914e-15	4.8893582959e-15	3.8536181287e-20	1.1655128419e-13	1.5109245679e-14	2.5697417174e-13	4.3083044308e-16	8.3619253947e-13	7.4373261442e-15	7.5739773178e-19	1.9620529157e-16	8.9999241562e-14	1.4929355328e-19	5.2032754971e-19	1.4633424860e-26	2.0315086990e-19	5.1168435236e-26	4.3260646264e-10	3.7268505475e-14	7.5162396002e-20	1.3378604045e-29	1.3132911772e-07	1.2031750014e-16	8.6064190298e-01	6.1795917851e-09	3.3578556853e-15	2.1052339257e-04	4.3638429365e-07	5.7043998706e-18	4.7000252886e-11	4.8467673274e-20	8.2830648905e-32	5.8008289532e-05	5.1158325586e-17	1.9722596773e-35	7.7306813987e-46	6.3582053750e-55	3.0519927984e-14	2.0104384906e-27	2.0697705994e-12	8.3540300104e-18	7.4372092040e-16	4.3606892912e-17	1.5795969975e-12	6.8472097737e-16	2.3306791260e-12	2.9786497856e-18	2.7222224173e-17	4.3953673600e-19	6.4305609028e-23	1.3900447262e-22	1.2201286335e-23	1.0636377414e-19	1.5834722486e-23	2.2913441335e-21	2.5421421969e-24	2.1393665737e-23	3.3179444499e-27	1.5778030786e-31	4.1331989235e-30	1.5657107137e-14	1.4541288715e-14	1.8950561506e-16	1.1484971443e-16	5.2134931534e-19	2.8482686500e-21	2.2564589970e-16	6.4908048910e-21	8.3619253947e-13	2.9663655799e-17	3.3540478497e-16	1.0921090627e-17	6.5662828201e-20	6.7139857057e-22	6.9588163184e-20	2.4657405337e-17	2.2295730279e-25	3.1999352570e-24	2.8465326053e-31	1.0676921607e-32	6.3907633139e-17	1.2954820782e-07	9.8488862070e-10	1.4464019911e-09	2.8645212801e-10	4.5270686120e-18	4.0463774196e-13	9.6541712009e-19	4.8446786826e-13	3.2757319303e-14	3.4429869602e-07	2.7234588802e-11	5.6267104335e-21	7.8390827136e-22	2.9709651675e-21	2.5754592779e-20	1.1749357591e-19	2.4992482795e-09	5.3551078663e-08	1.0382613300e-07	9.2962447200e-10	1.9756407760e-05	2.3014447697e-10	7.5175547165e-14	3.0528035948e-15	8.8415430472e-23	4.5916378684e-10	3.1147786467e-09	2.5520221814e-11	2.9973613087e-06	4.5476334142e-11	6.6433267454e-05	9.3840002822e-08	2.8420328325e-08	3.5647718647e-11	3.6987204895e-17	5.2256882446e-05	7.0431330697e-15	1.0572373961e-11	9.8008037323e-12	1.6312608412e-12	2.2743162303e-11	3.3905390599e-16	1.7899845043e-23	4.4452889371e-48	4.6349980217e-12	1.1314729287e-16	1.2291466020e-24	1.6074278034e-30	7.9334078699e-14	1.8087425208e-13	2.4607438754e-08	7.6780849367e-09	4.6029754634e-20	3.2616216234e-24	1.0622959151e-20	5.6415233024e-08	2.6645975232e-08	3.4178104259e-09	1.9053129221e-13	2.9144939304e-19	5.8800776091e-13	6.4679751958e-23	1.8506627772e-11	8.5897458132e-17	3.4985471591e-11	3.8702281228e-12	5.8832866264e-10	2.6413747381e-21	2.2778066248e-14	9.9486008424e-18	4.5254410630e-17	1.4270656112e-47	4.7961218880e-13	4.3677396948e-20	1.8506627772e-11	1.5681991700e-26	1.0857735954e-30
3.3932217700e+00	2.2456540673e+03	2.0371030158e+19	1.0944241444e+19	2.3078760507e+00	3.1738013229e-13	3.6584063906e-03	1.3519594347e-01	8.7882398655e-11	3.8890894280e-10	1.4486846824e-08	4.5076349217e-07	6.6106013549e-08	3.2345870201e-08	1.7576109247e-08	7.0279747887e-14	2.4835666050e-07	3.8192670752e-06	6.8492686371e-05	2.1817873642e-13	4.0212739403e-06	4.0520627503e-06	0.0000000000e+00	1.2875342698e-12	8.7195462007e-08	6.0685352380e-12	1.2308192955e-09	1.1333286295e-10	6.3740445089e-12	5.5260817904e-10	1.5730287081e-08	1.9661964062e-07	1.4065222618e-11	1.4271256170e-14	4.2088688535e-21	2.2726521816e-18	4.6361569970e-04	2.0833760647e-08	1.5450375750e-17	4.8213810359e-14	2.8696363127e-10	5.4181195693e-14	1.6927910178e-12	5.3866317288e-16	1.0105120845e-15	1.1110973986e-20	6.0149097847e-14	7.6971698095e-15	1.1352054748e-13	1.5141221179e-16	3.6773128764e-13	3.7730869640e-15	3.5647858124e-19	8.3601576113e-17	5.3527617536e-14	5.6989742269e-20	2.2324644042e-19	3.5888446692e-27	3.8832790014e-20	9.5404502833e-27	3.8863777977e-10	3.3402460617e-14	6.5689812891e-20	1.0968046083e-29	1.4837425768e-07	1.2664922027e-16	8.6018974646e-01	4.7321916463e-09	2.0624698970e-15	2.0979907338e-04	2.9061801357e-07	2.3813748553e-18	5.2251275869e-11	5.0636278150e-20	7.8884755328e-32	5.8090327352e-05	4.6078779854e-17	1.5120707102e-35	5.5871530733e-46	4.2428305418e-55	3.9799761649e-14	2.3151132090e-27	1.5556487699e-12	4.1450335683e-18	2.2020550071e-16	1.5013371371e-17	6.9121473529e-13	2.3787680552e-16	1.2039439009e-12	8.2419495794e-19	5.3991010312e-18	7.1046143991e-20	6.9557995595e-24	1.2941825682e-23	2.6132210818e-24	2.0267939869e-20	2.3865231593e-24	3.0202016741e-22	2.6832055798e-25	1.9512525986e-24	2.0553898017e-28	7.6932289939e-33	1.7327988291e-31	5.4931068151e-15	4.3693811182e-15	8.3210860886e-17	2.6787731215e-17	7.1390146460e-20	9.5082680979e-22	6.7399163601e-17	1.5032286037e-21	3.6773128764e-13	1.0357807340e-17	2.9879055818e-16	3.1301817148e-18	2.5547072620e-20	1.5284044576e-22	1.3869466449e-20	1.4782655543e-17	1.0510620198e-25	1.2783169700e-24	1.2219899058e-32	5.2456312860e-34	1.2703013400e-17	1.3087059706e-07	1.0232136080e-09	1.4940688518e-09	2.2126119003e-10	1.8888349958e-18	3.1513783995e-13	4.1856668505e-19	3.9126838203e-13	2.0301476350e-14	3.4421884474e-07	2.2928966045e-11	4.3593822787e-21	4.7650090468e-22	1.5203912092e-21	1.1275655537e-20	4.4263330969e-20	2.0025996357e-09	5.3537968718e-08	8.1973075159e-08	1.2841776412e-09	1.9301617383e-05	3.1452467822e-10	1.0398946477e-13	4.1217953134e-15	1.1622702523e-22	4.4863867004e-10	2.9074110124e-09	1.9271367763e-11	3.4422919980e-06	5.1247325993e-11	6.6445614731e-05	7.1325314989e-08	2.2788648886e-08	3.3326443709e-11	3.3668302976e-17	5.2410866224e-05	8.6909022802e-15	6.3740445089e-12	9.7094089308e-12	1.5468905515e-12	2.5156936636e-11	4.5215527964e-16	2.3152993441e-23	5.0436953197e-48	5.1713045426e-12	1.2441315325e-16	1.2915526095e-24	1.4079797163e-30	4.1113099547e-14	7.9331455885e-14	2.5338989947e-08	4.5990666994e-09	3.4878837198e-20	2.3984190925e-24	8.6402777988e-21	4.8309544156e-08	1.9024583485e-08	3.6139826941e-09	2.0107776047e-13	2.9789389740e-19	3.4788395459e-13	3.9524700933e-23	1.6700455091e-11	7.6959392204e-17	3.0210496755e-11	2.7399616711e-12	4.7498244073e-10	1.1975460961e-21	1.2088548077e-14	3.5379500083e-18	1.9460270273e-17	6.5725508963e-48	3.0584930842e-13	2.6068917663e-20	1.6700455091e-11	1.2674568394e-26	8.5596991002e-31
2.2229964800e+00	2.2303968232e+03	1.3433571459e+19	7.2189313882e+18	2.3072982149e+00	2.5683985648e-13	4.1569902661e-03	1.3516209363e-01	9.1085295542e-11	4.9170052797e-10	1.9012230731e-08	4.6469650227e-07	5.9301499449e-08	3.0746912325e-08	1.7509999472e-08	6.7954840836e-14	2.4869655673e-07	3.8228668711e-06	6.8493119430e-05	2.3594242172e-13	4.0202671110e-06	3.8483462707e-06	0.0000000000e+00	8.8234967215e-13	5.7328084737e-08	3.9807312639e-12	9.4219069379e-10	6.7921185755e-11	3.7695149297e-12	3.6202649912e-10	8.3491010410e-09	9.1485379707e-08	1.0228412430e-11	1.0535984955e-14	2.2974742015e-21	1.3026528227e-18	4.6364289024e-04	2.0973686423e-08	8.2877643464e-18	2.3032353065e-14	1.2563929847e-10	1.8765551304e-14	5.1931597570e-13	1.3062506807e-16	2.1358363625e-16	3.2160658542e-21	3.0852510933e-14	3.8866056760e-15	5.0454254194e-14	5.3260673862e-17	1.6229631614e-13	1.8926315848e-15	1.6298067937e-19	3.5436241813e-17	3.1125263382e-14	2.1119869679e-20	9.5569980114e-20	8.4974779252e-28	7.4415082203e-21	1.7719992057e-27	3.4101219112e-10	2.9257083137e-14	5.5857442761e-20	8.6373416071e-30	1.6459782461e-07	1.2904852329e-16	8.5972586074e-01	3.5794998784e-09	1.2484153788e-15	2.0915502698e-04	1.9417768018e-07	9.8758551767e-19	5.6811896962e-11	5.1101529522e-20	7.1206447211e-32	5.8139488274e-05	4.0583394891e-17	1.0970072581e-35	3.7766658555e-46	2.6054212771e-55	5.0267385125e-14	2.5163323352e-27	1.1497200170e-12	2.0259473717e-18	6.5830750560e-17	5.1507208187e-18	3.0323235582e-13	8.2508983905e-17	6.1733291181e-13	2.2632982405e-19	1.0837440968e-18	1.1640481262e-20	7.6625143933e-25	1.2436336678e-24	5.4931683521e-25	3.8691293015e-21	3.5856224673e-25	4.0357420530e-23	2.8646540564e-26	1.8258820813e-25	1.3167325176e-29	3.8561368618e-34	7.5664980599e-33	1.9252674262e-15	1.3278187290e-15	3.6695255157e-17	6.2558616781e-18	1.0007712735e-20	3.1418394323e-22	2.0364760982e-17	3.4893033760e-22	1.6229631614e-13	3.6148728736e-18	2.6016510730e-16	8.9676395541e-19	9.6998509987e-21	3.4637123526e-23	2.7991796372e-21	8.6877540846e-18	4.8345465211e-26	5.0324890892e-25	5.4752961959e-34	2.6455930349e-35	2.5566654970e-18	1.3243159214e-07	1.0723955100e-09	1.5554794334e-09	1.6894511465e-10	7.7983295365e-19	2.4290848929e-13	1.8131429812e-19	3.1565454553e-13	1.2394419221e-14	3.4413611744e-07	1.9468799112e-11	3.3490955108e-21	2.8456921251e-22	7.7100778213e-22	4.9511246149e-21	1.6948230843e-20	1.6000195281e-09	5.3524546292e-08	6.4370585914e-08	1.7478790395e-09	1.8828181498e-05	4.2154433658e-10	1.4158464012e-13	5.4617920178e-15	1.4889125549e-22	4.3747285928e-10	2.6789556561e-09	1.4364696867e-11	3.9046989566e-06	5.7001174885e-11	6.6453649687e-05	5.3424094261e-08	1.8226895515e-08	3.0668058738e-11	3.0024140893e-17	5.2600448408e-05	1.0252876707e-14	3.7695149297e-12	9.1672708737e-12	1.4579325620e-12	2.7249717270e-11	5.9160432218e-16	2.9288909894e-23	5.5153412547e-48	5.6690723953e-12	1.3412990413e-16	1.3190214074e-24	1.2076828866e-30	2.1246162077e-14	3.5035207213e-14	2.5762264124e-08	2.7753730432e-09	2.6279197605e-20	1.7441814994e-24	7.1105799060e-21	4.1086688283e-08	1.3577956356e-08	3.7985826262e-09	2.1106808651e-13	3.0107378549e-19	2.0701641260e-13	2.4539674206e-23	1.5169377970e-11	6.9368467189e-17	2.5982807593e-11	1.9374949979e-12	3.8616914063e-10	5.5780074298e-22	6.4662199261e-15	1.2745227794e-18	8.4368268148e-18	3.1402113607e-48	1.9538889438e-13	1.5711663718e-20	1.5169377970e-11	1.0361467622e-26	6.7959898201e-31
1.4563484800e+00	2.2107974559e+03	8.8767395624e+18	4.7712549955e+18	2.3067790838e+00	1.9472043714e-13	4.6051555148e-03	1.3513168271e-01	8.9457331983e-11	5.8732595224e-10	2.4012192083e-08	4.7544731012e-07	5.1432697351e-08	2.8737479219e-08	1.7421152249e-08	6.5033223018e-14	2.4896766118e-07	3.8257093103e-06	6.8491976912e-05	2.4500582665e-13	4.0193625695e-06	3.5918460096e-06	0.0000000000e+00	5.7441491696e-13	3.7698564180e-08	2.6114648591e-12	7.0907114125e-10	3.9595257250e-11	2.1596417602e-12	2.3719929922e-10	4.4310194191e-09	4.3621015334e-08	7.1919673826e-12	7.5602508876e-15	1.1847264966e-21	7.1593312067e-19	4.6361055473e-04	2.1168301729e-08	4.1766868983e-18	1.0644438237e-14	5.5277541662e-11	6.4864570098e-15	1.6345341621e-13	3.2269104403e-17	4.7044759931e-17	9.3888694658e-22	1.5669184708e-14	1.9339837718e-15	2.2672919423e-14	1.8798470348e-17	7.2199044947e-14	9.3276713218e-16	7.1098046279e-20	1.4933734587e-17	1.7441618817e-14	7.4676010467e-21	4.0844169763e-20	1.9038971171e-28	1.4395668169e-21	3.2883714909e-28	2.8747859184e-10	2.4623629219e-14	4.5253921571e-20	6.3348450887e-30	1.7682230011e-07	1.2415639665e-16	8.5930895193e-01	2.6520954229e-09	7.3747029936e-16	2.0848765237e-04	1.3052870499e-07	4.0526781589e-19	5.9428433034e-11	4.8531409623e-20	5.8501905369e-32	5.8168510390e-05	3.4387870078e-17	7.2263071780e-36	2.2699420247e-46	1.3824292929e-55	5.9998197588e-14	2.4708774084e-27	8.2608631981e-13	9.6571978937e-19	2.0043975265e-17	1.7595042828e-18	1.3383245671e-13	2.8591047471e-17	3.1307625575e-13	6.1587229496e-20	2.2294509899e-19	1.9599680192e-21	8.7453805657e-26	1.2669152382e-25	1.1240030496e-25	7.4476611458e-22	5.3864910346e-26	5.5499685380e-24	3.1355342097e-27	1.7949354788e-26	8.9839791526e-31	2.0376982856e-35	3.5626674176e-34	6.7561611537e-16	4.1263296937e-16	1.6316738141e-17	1.4699013593e-18	1.4664771819e-21	1.0220045030e-22	6.2877156157e-18	8.1466550967e-23	7.2199044947e-14	1.2628246047e-18	2.1748621913e-16	2.5779153285e-19	3.5422011793e-21	7.8221266216e-24	5.7968882841e-22	4.9378019985e-18	2.1313162514e-26	1.9316527084e-25	2.6611450341e-35	1.4066121977e-36	5.2778804454e-19	1.3437905364e-07	1.1398230095e-09	1.6400983242e-09	1.2655925702e-10	3.1721811063e-19	1.8411800771e-13	7.8626139555e-20	2.5427120111e-13	7.3887533486e-15	3.4406138126e-07	1.6774469519e-11	2.5339550194e-21	1.6508504930e-22	3.8543963977e-22	2.1880042435e-21	6.6820882785e-21	1.2725995118e-09	5.3512494401e-08	5.0087984869e-08	2.3328962763e-09	1.8372619395e-05	5.4753518830e-10	1.8783199004e-13	7.0435005893e-15	1.8254404134e-22	4.2654077342e-10	2.4243788826e-09	1.0515555130e-11	4.3491014886e-06	6.2360808229e-11	6.6460904528e-05	3.9060928265e-08	1.4520228035e-08	2.7485175671e-11	2.5842681398e-17	5.2844251128e-05	1.1188835285e-14	2.1596417602e-12	7.9727621787e-12	1.3694255508e-12	2.8566220529e-11	7.5574177040e-16	3.6081605277e-23	5.7948080514e-48	6.0428165739e-12	1.3997549831e-16	1.2834227203e-24	9.9894155316e-31	1.0973869394e-14	1.5724703454e-14	2.5885377143e-08	1.7136924934e-09	1.9987977818e-20	1.2675717553e-24	6.0764741963e-21	3.4886110977e-08	9.7828035496e-09	3.9882870528e-09	2.2136009014e-13	3.0072641219e-19	1.2558679525e-13	1.5763970156e-23	1.4051554874e-11	6.3656502182e-17	2.2399460118e-11	1.3800275241e-12	3.2419795379e-10	2.8327518679e-22	3.5771956099e-15	4.7901638368e-19	3.7848935832e-18	1.6549493544e-48	1.2774777774e-13	9.7029537597e-21	1.4051554874e-11	8.7837429945e-27	5.5491942192e-31
9.5409547600e-01	2.1851235607e+03	5.8828073636e+18	3.1625115024e+18	2.3064161375e+00	1.3442432284e-13	4.9184679935e-03	1.3511042113e-01	8.1307230397e-11	6.4617632252e-10	2.8764741741e-08	4.8378413556e-07	4.2502915954e-08	2.6206262065e-08	1.7297712422e-08	6.1315097070e-14	2.4919502202e-07	3.8281218896e-06	6.8492813021e-05	2.3995373927e-13	4.0187301664e-06	3.2696746525e-06	0.0000000000e+00	3.4741930225e-13	2.4813609841e-08	1.7141235470e-12	5.2079778784e-10	2.2190909072e-11	1.1825732060e-12	1.5548111080e-10	2.3526372156e-09	2.1559938037e-08	4.8200926623e-12	5.2087956988e-15	5.6320783097e-22	3.7061940140e-19	4.6357499183e-04	2.1442173191e-08	1.9253457201e-18	4.6943133164e-15	2.4517262307e-11	2.2379452745e-15	5.3443134427e-14	8.1969506293e-18	1.1010788922e-17	2.7773758465e-22	7.8473071809e-15	9.4256497605e-16	1.0355734857e-14	6.6728009565e-18	3.2512198598e-14	4.4846312627e-16	2.9016125121e-20	6.2490669698e-18	9.2731328049e-15	2.4705995534e-21	1.7428974632e-20	3.9463657766e-29	2.8285768151e-22	6.1081153515e-29	2.2879055297e-10	1.9564161599e-14	3.4181842278e-20	4.1907108912e-30	1.8130937138e-07	1.0990197298e-16	8.5901777081e-01	1.9075849545e-09	4.2078476677e-16	2.0774594108e-04	8.8537791442e-08	1.6387936000e-19	5.8787766811e-11	4.2208525619e-20	4.1937012435e-32	5.8187191581e-05	2.7560083455e-17	4.1395425691e-36	1.1509329615e-46	5.9356955173e-56	6.5969352868e-14	2.0940648881e-27	5.7009338997e-13	4.4420591639e-19	6.2716829487e-18	5.9781833657e-19	5.9629228683e-14	9.9015004187e-18	1.5638070633e-13	1.6563329581e-20	4.7591975719e-20	3.4381324191e-22	1.0522419766e-26	1.4065312131e-26	2.2163607822e-26	1.4536595902e-22	8.1062032220e-27	7.9714907221e-25	3.5650175387e-28	1.8986380350e-27	6.7280648692e-32	1.1647139562e-36	1.8745236549e-35	2.3778733936e-16	1.3259361311e-16	7.3462866123e-18	3.4895103252e-19	2.2945521466e-22	3.2526510950e-23	2.0045488711e-18	1.9197574622e-23	3.2512198598e-14	4.4213311956e-19	1.7135227130e-16	7.4591292873e-20	1.2242394509e-21	1.7604052355e-24	1.2480448039e-22	2.6753392384e-18	8.8386245813e-27	7.1492827428e-26	1.4589030309e-36	8.0949637650e-38	1.1319245179e-19	1.3682333698e-07	1.2352909345e-09	1.7605889159e-09	9.2212305552e-11	1.2637222447e-19	1.3619392118e-13	3.4172878533e-20	2.0438584427e-13	4.2561542694e-15	3.4400926166e-07	1.4760812186e-11	1.8748799720e-21	9.1876364647e-23	1.8883404013e-22	9.7635398211e-22	2.7495316844e-21	1.0058660766e-09	5.3504079804e-08	3.8467523596e-08	3.0418830091e-09	1.7982237135e-05	6.8121465061e-10	2.4049184195e-13	8.7748165812e-15	2.1042751645e-22	4.1692570758e-10	2.1438750422e-09	7.5216414202e-12	4.7298832913e-06	6.6945126570e-11	6.6470832703e-05	2.7591392629e-08	1.1503430227e-08	2.3706192680e-11	2.1126253890e-17	5.3157546652e-05	1.0909139152e-14	1.1825732060e-12	6.1603603788e-12	1.2868756236e-12	2.8639779852e-11	9.3949884473e-16	4.3203632466e-23	5.8620224783e-48	6.1994658178e-12	1.3965092025e-16	1.1665797548e-24	7.8535646252e-31	5.6812026018e-15	7.2463671378e-15	2.5709374530e-08	1.0998348344e-09	1.5575411165e-20	9.2991053410e-25	5.5388158828e-21	2.9712743040e-08	7.1846791250e-09	4.2025633639e-09	2.3300112205e-13	2.9670751019e-19	7.8751708906e-14	1.0685492716e-23	1.3456137542e-11	6.0228273286e-17	1.9477141290e-11	9.9852638008e-13	2.8817281585e-10	1.6654689430e-22	2.1002715636e-15	1.9351642139e-19	1.8034870932e-18	1.0254560491e-48	8.7306917470e-14	6.2364439428e-21	1.3456137542e-11	7.9248958312e-27	4.7641873243e-31
6.2505519300e-01	2.1519485048e+03	3.9132295963e+18	2.1037918580e+18	2.3063101698e+00	8.2175134078e-14	5.0097131996e-03	1.3510421341e-01	6.6830272579e-11	6.3892389421e-10	3.2239366137e-08	4.9033333949e-07	3.2987514411e-08	2.3122991026e-08	1.7123768806e-08	5.6689928628e-14	2.4940064299e-07	3.8303994657e-06	6.8499084934e-05	2.1780755449e-13	4.0185455262e-06	2.8789198452e-06	0.0000000000e+00	1.9099817802e-13	1.6356660475e-08	1.1262159339e-12	3.7065431405e-10	1.1818180434e-11	6.1067637005e-13	1.0199383434e-10	1.2500790772e-09	1.1169432887e-08	3.0358721479e-12	3.4048665804e-15	2.4098168369e-22	1.7756923142e-19	4.6357381095e-04	2.1825254392e-08	7.9062501257e-19	1.9486200769e-15	1.0992222881e-11	7.7053739756e-16	1.8367608724e-14	2.1599374706e-18	2.7900048965e-18	8.3620730225e-23	3.8599514938e-15	4.4727142339e-16	4.8323336314e-15	2.3871702630e-18	1.4879262882e-14	2.0884839753e-16	1.0863408499e-20	2.5922667506e-18	4.6070305804e-15	7.4993757967e-22	7.4256664073e-21	7.3971512475e-30	5.6748296043e-23	1.1368202643e-29	1.6898254359e-10	1.4426916490e-14	2.3576460045e-20	2.4251484202e-30	1.7499792929e-07	8.7310559051e-17	8.5893361172e-01	1.3204610276e-09	2.2959843561e-16	2.0691859492e-04	6.0775166056e-08	6.5040244525e-20	5.4088260051e-11	3.2748886509e-20	2.5186719645e-32	5.8202961621e-05	2.0552018335e-17	1.9783459675e-36	4.6804105635e-47	1.9365952715e-56	6.5199722484e-14	1.4660211824e-27	3.7343119870e-13	1.9514012299e-19	2.0341102843e-18	2.0178471769e-19	2.6906218016e-14	3.4278072853e-18	7.6606911848e-14	4.3890423548e-21	1.0665585942e-20	6.3649430665e-23	1.3569060818e-27	1.7474765984e-27	4.1673590705e-27	2.8907281356e-23	1.2234948900e-27	1.2123265475e-25	4.2617543053e-29	2.2106335613e-28	5.6920303506e-33	7.3794814124e-38	1.1405831338e-36	8.4047866038e-17	4.4522197690e-17	3.3628907211e-18	8.3998185229e-20	3.9121382661e-23	1.0066480477e-23	6.6650727774e-19	4.5809178485e-24	1.4879262882e-14	1.5530582501e-19	1.2501738238e-16	2.1777670167e-20	3.9406203179e-22	3.9462360332e-25	2.8277212374e-23	1.3625491359e-18	3.3866019024e-27	2.5246475452e-26	9.3631339745e-38	5.1688810247e-39	2.5523948437e-20	1.3979024067e-07	1.3716136655e-09	1.9336974968e-09	6.4746157881e-11	4.8950225953e-20	9.7496603669e-14	1.4891326021e-20	1.6377896371e-13	2.3421985709e-15	3.4399487381e-07	1.3347130993e-11	1.3473482109e-21	4.8444229126e-23	9.0111891437e-23	4.4120588921e-22	1.1960356095e-21	7.8874965217e-10	5.3501643699e-08	2.9046944900e-08	3.8644394459e-09	1.7708325137e-05	8.0316302707e-10	2.9467102009e-13	1.0496810240e-14	2.2440657103e-22	4.0979207674e-10	1.8438393479e-09	5.2324501112e-12	4.9978125471e-06	7.0424715117e-11	6.6486244882e-05	1.8637395773e-08	9.0494429234e-09	1.9436714650e-11	1.6138536218e-17	5.3545713183e-05	9.1883768739e-15	6.1067637005e-13	4.0829872177e-12	1.2153689293e-12	2.7157273666e-11	1.1346182909e-15	5.0286605938e-23	5.7447920093e-48	6.0650372150e-12	1.3170702739e-16	9.7279356242e-25	5.7942193181e-31	2.9570974845e-15	3.4641737141e-15	2.5233468103e-08	7.4467246107e-10	1.2604002803e-20	6.9504138628e-25	5.5258928056e-21	2.5489863734e-08	5.4269587691e-09	4.4632535282e-09	2.4720609924e-13	2.8904515720e-19	5.1724806832e-14	7.7933701585e-24	1.3498352550e-11	5.9489686992e-17	1.7181573446e-11	7.3979718814e-13	2.7763771594e-10	1.1995645549e-22	1.3408615369e-15	8.6439445603e-20	9.3541905962e-19	7.9453064144e-49	6.3607781940e-14	4.2361586772e-21	1.3498352550e-11	7.8038192270e-27	4.3946831084e-31
4.0949150600e-01	2.1105226234e+03	2.6142323980e+18	1.4053068487e+18	2.3065250963e+00	4.3479212671e-14	4.8236062191e-03	1.3511680378e-01	4.8755540572e-11	5.5667567889e-10	3.3442587663e-08	4.9556823429e-07	2.3761885029e-08	1.9585421486e-08	1.6878322713e-08	5.1194806813e-14	2.4959993869e-07	3.8327463327e-06	6.8513020317e-05	1.8066384285e-13	4.0189200166e-06	2.4324091764e-06	0.0000000000e+00	9.3748709590e-14	1.0800840012e-08	7.4094471190e-13	2.5413295344e-10	5.9235626078e-12	2.9411821042e-13	6.6977284772e-11	6.6479871718e-10	6.1198678715e-09	1.7760525749e-12	2.0913973404e-15	9.0999948434e-23	7.7612947481e-20	4.6362816640e-04	2.2350842066e-08	2.8295628779e-19	7.5268876660e-16	4.9914669141e-12	2.6462159586e-16	6.6976369486e-15	5.9448127281e-19	7.7689776337e-19	2.5716079292e-23	1.8587613159e-15	2.0567463665e-16	2.3135451602e-15	8.6212453813e-19	6.9421196310e-15	9.3651424068e-17	3.6709398850e-21	1.0643148271e-18	2.1128284782e-15	2.0542792855e-22	3.1585930171e-21	1.2301364567e-30	1.1667786977e-23	2.1205924208e-30	1.1423005026e-10	9.7410975319e-15	1.4607049998e-20	1.1983182580e-30	1.5723224182e-07	6.1031262783e-17	8.5910797282e-01	8.7345258404e-10	1.1885229147e-16	2.0602981807e-04	4.2317548435e-08	2.5254042324e-20	4.5673074362e-11	2.2199928668e-20	1.2270183722e-32	5.8220663549e-05	1.4075079488e-17	7.6316269551e-37	1.4665640994e-47	4.5670403656e-57	5.6801904235e-14	8.1874290244e-28	2.2995105097e-13	8.1193408086e-20	6.8859377756e-19	6.7591403519e-20	1.2325709996e-14	1.1863619523e-18	3.6671649800e-14	1.1424926318e-21	2.5320852140e-21	1.2562092904e-23	1.8999821411e-28	2.4817109104e-28	7.4034803089e-28	5.8759624252e-24	1.8527378776e-28	1.9729800459e-26	5.4068148859e-30	2.8844401272e-29	5.5662977535e-34	5.2847554915e-39	8.2490939100e-38	2.9857187009e-17	1.5751327566e-17	1.5706579830e-18	2.0553019380e-20	7.3862589640e-24	3.0142728087e-24	2.3300562958e-19	1.1097310024e-24	6.9421196310e-15	5.4776650331e-20	8.3296343745e-17	6.4256855918e-21	1.1656639437e-22	8.8032708237e-26	6.8064689335e-24	6.4493554653e-19	1.1819094990e-27	8.4362253594e-27	7.2452016084e-39	3.7335569867e-40	6.1079739270e-21	1.4317089480e-07	1.5651891349e-09	2.1809527054e-09	4.3433551031e-11	1.8298053160e-20	6.6998344565e-14	6.5011534637e-21	1.3065418246e-13	1.2181656839e-15	3.4402782422e-07	1.2460534319e-11	9.3513787160e-22	2.3945470996e-23	4.1661062323e-23	2.0230265133e-22	5.5557710499e-22	6.1276922939e-10	5.3506666710e-08	2.1497734756e-08	4.7751402324e-09	1.7594203329e-05	8.8996896781e-10	3.4337377090e-13	1.2005840942e-14	2.1868713131e-22	4.0612991179e-10	1.5364725644e-09	3.5266827333e-12	5.1112549524e-06	7.2554190970e-11	6.6508371776e-05	1.1936830576e-08	7.0603761531e-09	1.4981895459e-11	1.1359156328e-17	5.3997486551e-05	6.5064626014e-15	2.9411821042e-13	2.2563685395e-12	1.1582286032e-12	2.4142210406e-11	1.3302077973e-15	5.6956042329e-23	5.4937309280e-48	5.6180905161e-12	1.1642235109e-16	7.3395899866e-25	3.9750757620e-31	1.5515924556e-15	1.7326244263e-15	2.4465193369e-08	5.3831592622e-10	1.0706872606e-20	5.3331114414e-25	6.1639089726e-21	2.2095912067e-08	4.2460943952e-09	4.7940251053e-09	2.6534023919e-13	2.7806098763e-19	3.5971204469e-14	6.2179188154e-24	1.4339980618e-11	6.1995551020e-17	1.5448921408e-11	5.6489191958e-13	2.9538716408e-10	1.1074905753e-22	9.4906278295e-16	4.3672802298e-20	5.3857634847e-19	8.1000130837e-49	5.0177363773e-14	3.0804198948e-21	1.4339980618e-11	8.5658374088e-27	4.4366122745e-31
2.6826958000e-01	2.0611191955e+03	1.7541076597e+18	9.4272407544e+17	2.3070489074e+00	1.9671368909e-14	4.3705329377e-03	1.3514748872e-01	3.1265403741e-11	4.2312617323e-10	3.1926190739e-08	4.9980955083e-07	1.5784449731e-08	1.5833414110e-08	1.6535061217e-08	4.5047728177e-14	2.4979821981e-07	3.8352190255e-06	6.8534513572e-05	1.3594171695e-13	4.0198327120e-06	1.9602249763e-06	0.0000000000e+00	4.0691370329e-14	7.1442172275e-09	4.8825638262e-13	1.6734809286e-10	2.7795147882e-12	1.3131892848e-13	4.4037334087e-11	3.5377111491e-10	3.5627645713e-09	9.5899891929e-13	1.2011638296e-15	3.0014427579e-23	3.0711388605e-20	4.6373970918e-04	2.3051696959e-08	8.7214775554e-20	2.6882891048e-16	2.2970734509e-12	9.0583135200e-17	2.6028879953e-15	1.7145365110e-19	2.3952777368e-19	8.0932275789e-24	8.7479911003e-16	9.1439040780e-17	1.1390369872e-15	3.1457704966e-19	3.3069922749e-15	4.0305963543e-17	1.1097152212e-21	4.3201414943e-19	8.8904981907e-16	5.0304211593e-23	1.3413519861e-21	1.7956248121e-31	2.4614939372e-24	3.9626759174e-31	7.0161192336e-11	5.9822776065e-15	8.0645640693e-21	4.9969972484e-31	1.3077348123e-07	3.7170932716e-17	8.5953112087e-01	5.5006203944e-10	5.8138983357e-17	2.0513268915e-04	2.9925282380e-08	9.5783244560e-21	3.5160293263e-11	1.3013250770e-20	4.7720945661e-33	5.8242117122e-05	8.7957221811e-18	2.3378826362e-37	3.4721096839e-48	7.5968473653e-58	4.3201271137e-14	3.5854936995e-28	1.3244427609e-13	3.1860751256e-20	2.4416294620e-19	2.2454309781e-20	5.7388965959e-15	4.1046310213e-19	1.7118201315e-14	2.9150330967e-22	6.3950716481e-22	2.6560312132e-24	2.9072288528e-29	4.0720625440e-29	1.2357776235e-28	1.2221096530e-24	2.8132887546e-29	3.4525979799e-27	7.3106146022e-31	4.2546461847e-30	6.3644178923e-35	4.3194525314e-40	7.1903951480e-39	1.0660401875e-17	5.8949536992e-18	7.4998200564e-19	5.1156297831e-21	1.5566345877e-24	8.7093004488e-25	8.6001589155e-20	2.7327404078e-25	3.3069922749e-15	1.9405902163e-20	5.0341786752e-17	1.9166175766e-21	3.1457185916e-23	1.9521946934e-26	1.7481610568e-24	2.8204226783e-19	3.7308314532e-28	2.6571020273e-27	6.8584209148e-40	3.0788262465e-41	1.5579519671e-21	1.4670485990e-07	1.8363483397e-09	2.5285696706e-09	2.7667560034e-11	6.5594007477e-21	4.3924039077e-14	2.8372532759e-21	1.0356983787e-13	5.9407323129e-16	3.4410638748e-07	1.2034862856e-11	6.2489863652e-22	1.1027210914e-23	1.8596538577e-23	9.4159852226e-23	2.7688434096e-22	4.7131133359e-10	5.3518862819e-08	1.5568645757e-08	5.7338233946e-09	1.7661512467e-05	9.2305779316e-10	3.7948771507e-13	1.3102868439e-14	1.9366612077e-22	4.0645432193e-10	1.2376980878e-09	2.2977427260e-12	5.0489819097e-06	7.3177059490e-11	6.6536182949e-05	7.2152292014e-09	5.4597022591e-09	1.0775677503e-11	7.3023168378e-18	5.4482490171e-05	3.8202474315e-15	1.3131892848e-13	1.0247229943e-12	1.1158516711e-12	2.0027794695e-11	1.5132252794e-15	6.2808333113e-23	5.1485576003e-48	4.9102687840e-12	9.6072970695e-17	4.9785060441e-25	2.5271556505e-31	8.2167221085e-16	9.1047752213e-16	2.3430787214e-08	4.1814260265e-10	9.6055410819e-21	4.2212897783e-25	7.7827992712e-21	1.9388673948e-08	3.4542079536e-09	5.2191640384e-09	2.8887052424e-13	2.6443839871e-19	2.6648104633e-14	5.4813965651e-24	1.6236075423e-11	6.8611247454e-17	1.4199023648e-11	4.4622371724e-13	3.5051821559e-10	1.3427303634e-22	7.5254764977e-16	2.5268115583e-20	3.4785142835e-19	1.1189189655e-48	4.3218093579e-14	2.4165739587e-21	1.6236075423e-11	1.0613255861e-26	4.9589998085e-31
1.7575106200e-01	2.0051707577e+03	1.1816079431e+18	6.3483793814e+17	2.3077867944e+00	7.6371452574e-15	3.7324774156e-03	1.3519071429e-01	1.7681786958e-11	2.8167950702e-10	2.8098811154e-08	5.0323531969e-07	9.6851449981e-09	1.2197661318e-08	1.6064414208e-08	3.8621972623e-14	2.4999058389e-07	3.8377216975e-06	6.8560969308e-05	9.3032387934e-14	4.0211184160e-06	1.5033886155e-06	0.0000000000e+00	1.5660275382e-14	4.7317912996e-09	3.2229046100e-13	1.0594395203e-10	1.2224010173e-12	5.4428598770e-14	2.8991738013e-11	1.8829333237e-10	2.2002772770e-09	4.7868890571e-13	6.4625228230e-16	8.6738817486e-24	1.1026535984e-20	4.6389143325e-04	2.3954067023e-08	2.3218523807e-20	8.8894967528e-17	1.0703128603e-12	3.0887484104e-17	1.0757521778e-15	5.1725822086e-20	8.1522536006e-20	2.6052094493e-24	4.0260277440e-16	3.9346512854e-17	5.7636197012e-16	1.1593916546e-19	1.6073184010e-15	1.6662350453e-17	3.0072885704e-22	1.7333531326e-19	3.4420571681e-16	1.1027188438e-23	5.6877926675e-22	2.3052762422e-32	5.3185462295e-25	7.4100441129e-32	3.9247493585e-11	3.3517634222e-15	3.9832329646e-21	1.7688751482e-31	1.0091628420e-07	1.9810724899e-17	8.6012658491e-01	3.3018293142e-10	2.6924340222e-17	2.0429407918e-04	2.1483178787e-08	3.5513251931e-21	2.4744017193e-11	6.6267525699e-21	1.4923777282e-33	5.8266318976e-05	5.0303517034e-18	5.7297427381e-38	6.2691947547e-49	9.0165492933e-59	2.8807844281e-14	1.2409013179e-28	7.1469245819e-14	1.1810072122e-20	9.0566579560e-20	7.3984793095e-21	2.7140536585e-15	1.4194256859e-19	7.7941687830e-15	7.2860677970e-23	1.7142025619e-22	6.0016304805e-25	4.8469833910e-30	7.6875507261e-30	1.9385493813e-29	2.5962182220e-25	4.2780545168e-30	6.4776470333e-28	1.0507149601e-31	7.0656173629e-31	8.4683411668e-36	4.0132471591e-41	7.5137038818e-40	3.8228728478e-18	2.3293682664e-18	3.6605533796e-19	1.2934707525e-21	3.6492320251e-25	2.4301613143e-25	3.3466534728e-20	6.8372835092e-26	1.6073184010e-15	6.9044469113e-21	2.7690012853e-17	5.7724857393e-22	7.7580271970e-24	4.2996793886e-27	4.7786468950e-25	1.1419218360e-19	1.0687219341e-28	7.9057112117e-28	7.8920138604e-41	2.8848686107e-42	4.2253772439e-22	1.5003136498e-07	2.2091508264e-09	3.0053362081e-09	1.6712092238e-11	2.2480742821e-21	2.7414274772e-14	1.2333455353e-21	8.1389297263e-14	2.7103474007e-16	3.4421648620e-07	1.2005484991e-11	4.0227808535e-22	4.7338731188e-24	8.0124124966e-24	4.4420803042e-23	1.4763967785e-22	3.5899350504e-10	5.3536023254e-08	1.1037979111e-08	6.6906024492e-09	1.7900544816e-05	8.9768098554e-10	3.9851731566e-13	1.3656923025e-14	1.5641411540e-22	4.1059291658e-10	9.6380203315e-10	1.4470783729e-12	4.8194451253e-06	7.2239546031e-11	6.6566665744e-05	4.1200386842e-09	4.1854336172e-09	7.2220622867e-12	4.2860287585e-18	5.4957382737e-05	1.8695158149e-15	5.4428598770e-14	3.8452950256e-13	1.0853733867e-12	1.5525098719e-11	1.6696660436e-15	6.7390230625e-23	4.7231031421e-48	4.0553899520e-12	7.4176695674e-17	3.0475859215e-25	1.4947843650e-31	4.3879924214e-16	5.0173052145e-16	2.2180739827e-08	3.4851331108e-10	9.0964226866e-21	3.4498455822e-25	1.1115305996e-20	1.7221344480e-08	2.9195071196e-09	5.7612605704e-09	3.1924871487e-13	2.4914946586e-19	2.1014572396e-14	5.3390029656e-24	1.9584923214e-11	8.0669904723e-17	1.3342023388e-11	3.6461389863e-13	4.6290072065e-10	2.1262191130e-22	6.6708395133e-16	1.6702498140e-20	2.5146772552e-19	2.0897398014e-48	4.0576153817e-14	2.0450874653e-21	1.9584923214e-11	1.4843670675e-26	6.1440284779e-31
1.1513954000e-01	1.9451139393e+03	7.9828674875e+17	4.2874169526e+17	2.3085982065e+00	2.6010193067e-15	3.0309635161e-03	1.3523824673e-01	8.9837978406e-12	1.6755650176e-10	2.3046391955e-08	5.0590264648e-07	5.5512140684e-09	8.9927462302e-09	1.5440001099e-08	3.2359748306e-14	2.5016642281e-07	3.8400731041e-06	6.8588432168e-05	5.8727128358e-14	4.0225322316e-06	1.1009944921e-06	0.0000000000e+00	5.4366189714e-15	3.1363733324e-09	2.1307823863e-13	6.4851953351e-11	5.0840481130e-13	2.1159659699e-14	1.9109179205e-11	1.0018402165e-10	1.4289601507e-09	2.2333440404e-13	3.2891871574e-16	2.2387409531e-24	3.6428343772e-21	4.6405616973e-04	2.5069705825e-08	5.4498030600e-21	2.7506013168e-17	5.0367851561e-13	1.0488999706e-17	4.6827345722e-16	1.6206087522e-20	3.0173119351e-20	8.5502407438e-25	1.8177821249e-16	1.6471201989e-17	2.9858838172e-16	4.3096642819e-20	7.9458546447e-16	6.6538467235e-18	7.4183264581e-23	6.8828149751e-20	1.2422570991e-16	2.1959023176e-24	2.4091527814e-22	2.6489526029e-33	1.1713975821e-25	1.3849754085e-32	2.0270099947e-11	1.7378146483e-15	1.7911391915e-21	5.4547743433e-32	7.3081879306e-08	9.4313207062e-18	8.6078105596e-01	1.9023559335e-10	1.1905321003e-17	2.0357330823e-04	1.5621237760e-08	1.2917056344e-21	1.6137522299e-11	2.9959747202e-21	3.8818100218e-34	5.8290629208e-05	2.6693423266e-18	1.1629998198e-38	9.0068276638e-50	8.0491373457e-60	1.7187858657e-14	3.5200163218e-29	3.6477778963e-14	4.1706874710e-21	3.4906077911e-20	2.4203686438e-21	1.3003740817e-15	4.9054731217e-20	3.4727965243e-15	1.7873451606e-23	4.8301673175e-23	1.4342846872e-25	8.6884068118e-31	1.6348769276e-30	2.8799580848e-30	5.6089328889e-26	6.5050987602e-31	1.2881983844e-28	1.5891797997e-32	1.2968808555e-31	1.2813551132e-36	4.1567312223e-42	9.1595584810e-41	1.3751312921e-18	9.6359575549e-19	1.8212269569e-19	3.3114556156e-22	9.3618500020e-26	6.5817130607e-26	1.3623631955e-20	1.7339408869e-26	7.9458546447e-16	2.4654344194e-21	1.4068224419e-17	1.7513721361e-22	1.7706961233e-24	9.4042881768e-28	1.3761850470e-25	4.3293757411e-20	2.8206422884e-29	2.2425339840e-28	1.0713287902e-41	3.0099949196e-43	1.2065245623e-22	1.5280063928e-07	2.7097162976e-09	3.6364723711e-09	9.6205759176e-12	7.3830055252e-22	1.6350189474e-14	5.3161164297e-22	6.3242871251e-14	1.1633293036e-16	3.4433722927e-07	1.2298595742e-11	2.5071216171e-22	1.9113166995e-24	3.3448914118e-24	2.1170252421e-23	8.3296268465e-23	2.7117689458e-10	5.3554880730e-08	7.6848712349e-09	7.6004803342e-09	1.8269506428e-05	8.2575935186e-10	4.0058653017e-13	1.3659760853e-14	1.1684069456e-22	4.1767063530e-10	7.2784867369e-10	8.8373486734e-13	4.4620311404e-06	6.9852624441e-11	6.6596089227e-05	2.2400185281e-09	3.1848323538e-09	4.5410395969e-12	2.3206248115e-18	5.5379631016e-05	7.8363843536e-16	2.1159659699e-14	1.2269553802e-13	1.0614978548e-12	1.1343936052e-11	1.7883336029e-15	7.0308378617e-23	4.2205453326e-48	3.1889887152e-12	5.4096638741e-17	1.7100162101e-25	8.3265964415e-32	2.3567504942e-16	2.8748512759e-16	2.0787831314e-08	3.0846627816e-10	9.0205896220e-21	2.8999771562e-25	1.7663824255e-20	1.5452892358e-08	2.5487352865e-09	6.4371280410e-09	3.5767401474e-13	2.3326142789e-19	1.7487811196e-14	5.6753441085e-24	2.4958118293e-11	1.0003573932e-16	1.2779402695e-11	3.0675844009e-13	6.6946699588e-10	4.2264464738e-22	6.5019924052e-16	1.2371965293e-20	2.0008063573e-19	5.0693321540e-48	4.0988061743e-14	1.8491971982e-21	2.4958118293e-11	2.3077090165e-26	8.3378838510e-31
7.5431200600e-02	1.8840162721e+03	5.4011703167e+17	2.8998975011e+17	2.3093532992e+00	8.0953015649e-16	2.3782355148e-03	1.3528248038e-01	4.2422179039e-12	9.2338605786e-11	1.7983394639e-08	5.0778159100e-07	3.0354598254e-09	6.4146638201e-09	1.4650989494e-08	2.6662277914e-14	2.5031583258e-07	3.8421038620e-06	6.8613269366e-05	3.5085481177e-14	4.0238479151e-06	7.7771795228e-07	0.0000000000e+00	1.7579856837e-15	2.0792448578e-09	1.4105601301e-13	3.8793764450e-11	2.0340575537e-13	7.8683238727e-15	1.2607274958e-11	5.3265437526e-11	9.6058526663e-10	9.9437485067e-14	1.6120703337e-16	5.3467571100e-25	1.1365949991e-21	4.6420843439e-04	2.6386554849e-08	1.1723434146e-21	8.1271801999e-18	2.3849106658e-13	3.5492166782e-18	2.1109281991e-16	5.2077264689e-21	1.1823412102e-20	2.8444407400e-25	8.1007837656e-17	6.7694470948e-18	1.5723628118e-16	1.6115978226e-20	3.9735908619e-16	2.5943877486e-18	1.7145902862e-23	2.7125435176e-20	4.2777576852e-17	4.0877297550e-25	1.0199850625e-22	2.8176781979e-34	2.6110070198e-26	2.5852415754e-33	9.9114290103e-12	8.5515055903e-16	7.5627023577e-22	1.5336729131e-32	5.0692812470e-08	4.1604332473e-18	8.6138990103e-01	1.0656320010e-10	5.1033249483e-18	2.0300365268e-04	1.1458211556e-08	4.6382850149e-22	9.9952722846e-12	1.2500010526e-21	8.9180687956e-35	5.8312362331e-05	1.3468262452e-18	2.0790767578e-39	1.1098382834e-50	5.9334661696e-61	9.5132583620e-15	8.7319679978e-30	1.7921264790e-14	1.4251247283e-21	1.3810965723e-20	7.8791109644e-22	6.2848724756e-16	1.6944051283e-20	1.5240117604e-15	4.3237376227e-24	1.4072878751e-23	3.5598357298e-26	1.6357419142e-31	3.7708466631e-31	4.1164548668e-31	1.2243966834e-26	9.8792053364e-32	2.6632022119e-29	2.4867500275e-33	2.5469018046e-32	2.1160243223e-37	4.6358423922e-43	1.2404132152e-41	4.9540906804e-19	4.1112965467e-19	9.1861053365e-20	8.5425838705e-23	2.5531156797e-26	1.7466608119e-26	5.7203057602e-21	4.4384959136e-27	3.9735908619e-16	8.8261584504e-22	6.7766730583e-18	5.3358094151e-23	3.8306204488e-25	2.0448779386e-28	4.1033354358e-26	1.5693773433e-20	7.0461362398e-30	6.1628335867e-29	1.6268329429e-42	3.3763424101e-44	3.5659593105e-23	1.5478522244e-07	3.3613079218e-09	4.4317382526e-09	5.3437790308e-12	2.3441888108e-22	9.4182683204e-15	2.2623146978e-22	4.8489887601e-14	4.7674822563e-17	3.4444934840e-07	1.2814478120e-11	1.5271629293e-22	7.3875200196e-25	1.3643665560e-24	1.0144560047e-23	4.8780058734e-23	2.0367986705e-10	5.3572421037e-08	5.2839853979e-09	8.4497601902e-09	1.8703892790e-05	7.3041607048e-10	3.9058386362e-13	1.3246001356e-14	8.2760402815e-23	4.2631509075e-10	5.3704795943e-10	5.2726191772e-13	4.0387464447e-06	6.6377947220e-11	6.6621452642e-05	1.1770519764e-09	2.4111211709e-09	2.7218467633e-12	1.1847201853e-18	5.5721382971e-05	2.9562167798e-16	7.8683238727e-15	3.5064935045e-14	1.0383319716e-12	7.9467988578e-12	1.8675795544e-15	7.1507223858e-23	3.6637325346e-48	2.4221086481e-12	3.7919569093e-17	9.0419959814e-26	4.4582827507e-32	1.2684496319e-16	1.6886321181e-16	1.9338737120e-08	2.8436440204e-10	9.2233527385e-21	2.4856193518e-25	3.0230180880e-20	1.3954337118e-08	2.2733301754e-09	7.2512585726e-09	4.0468228706e-13	2.1773680192e-19	1.5100780806e-14	6.4187137209e-24	3.3041430024e-11	1.2883308764e-16	1.2401116847e-11	2.6328560897e-13	1.0290214476e-09	9.7949907970e-22	6.7560577012e-16	9.9023135903e-21	1.6980143296e-19	1.4753116596e-47	4.3476206836e-14	1.7518921628e-21	3.3041430024e-11	3.8644825968e-26	1.2076016904e-30
4.9417133600e-02	1.8251126266e+03	3.6536393492e+17	1.9611199523e+17	2.3099717692e+00	2.4380393740e-16	1.8436824463e-03	1.3531871056e-01	1.9515787025e-12	4.9553461200e-11	1.3758668653e-08	5.0881178194e-07	1.6310850161e-09	4.5033325505e-09	1.3717868141e-08	2.1804222387e-14	2.5043392912e-07	3.8437225440e-06	6.8633313334e-05	2.0557569256e-14	4.0249255454e-06	5.3884857420e-07	0.0000000000e+00	5.5383113982e-16	1.3779382867e-09	9.3452202697e-14	2.3015029141e-11	8.0197530723e-14	2.8772765415e-15	8.3225451818e-12	2.8295527595e-11	6.5388676029e-10	4.3506295788e-14	7.7978400140e-17	1.2415724422e-25	3.4733976341e-22	4.6433247885e-04	2.7860551319e-08	2.4409936851e-22	2.3599629402e-18	1.1309115438e-13	1.1983131909e-18	9.6303689359e-17	1.6878011118e-21	4.7276300103e-21	9.5142144090e-26	3.5934325049e-17	2.7658282337e-18	8.3324490677e-17	6.0415906680e-21	1.9953279982e-16	1.0027516637e-18	3.8677123734e-24	1.0656503551e-20	1.4509589430e-17	7.4109227756e-26	4.3201788897e-23	2.9104261921e-35	5.8368802018e-27	4.8180928606e-34	4.7517351333e-12	4.1347174413e-16	3.1274161412e-22	4.1833384280e-33	3.4642448094e-08	1.7883066646e-18	8.6188845946e-01	5.9088558227e-11	2.1653291202e-18	2.0258679650e-04	8.4308507285e-09	1.6586688449e-22	6.0813905502e-12	5.0753772585e-22	1.9648721708e-35	5.8329875921e-05	6.6814395659e-19	3.5612092285e-40	1.2995433559e-51	4.1033757468e-62	5.1328821767e-15	2.0701106587e-30	8.6845146452e-15	4.8141889059e-22	5.5169450730e-21	2.5605739535e-22	3.0464444253e-16	5.8514408548e-21	6.6486739436e-16	1.0392373791e-24	4.1463495271e-24	8.9519888720e-27	3.1327688689e-32	8.9532181920e-32	5.7928873230e-32	2.6790915910e-27	1.4975340079e-32	5.5764289844e-30	3.9352659474e-34	5.1198664736e-33	3.6044352708e-38	5.3082889732e-44	1.7444069022e-42	1.7845768526e-19	1.7728955555e-19	4.6605289761e-20	2.2074395363e-23	7.1134754501e-27	4.6026613159e-27	2.4294069712e-21	1.1402978012e-27	1.9953279982e-16	3.1634936195e-22	3.2072432261e-18	1.6263806080e-23	8.1238519115e-26	4.4310031728e-29	1.2374303152e-26	5.5991110209e-21	1.7285348808e-30	1.6770133708e-29	2.5693086395e-43	3.8820809789e-45	1.0661519814e-23	1.5592998115e-07	4.1743821307e-09	5.3699820045e-09	2.9189528090e-12	7.3069998415e-23	5.3304741427e-15	9.4798136684e-23	3.6666125393e-14	1.9095538288e-17	3.4454100835e-07	1.3410119250e-11	9.2164809764e-23	2.8044621402e-25	5.5069779551e-25	4.8604903816e-24	2.8898050665e-23	1.5267517522e-10	5.3586782852e-08	3.6168129623e-09	9.2862431414e-09	1.9132813633e-05	6.3630252228e-10	3.7653977061e-13	1.2662841434e-14	5.7553357806e-23	4.3500811570e-10	3.9191466748e-10	3.1110363372e-13	3.6187197095e-06	6.2445239088e-11	6.6641266584e-05	6.1056346600e-10	1.8220421810e-09	1.5941595399e-12	5.8916435541e-19	5.5975384552e-05	1.0747320067e-16	2.8772765415e-15	9.6440486789e-15	1.0114905748e-12	5.4725921368e-12	1.9214432325e-15	7.1537285687e-23	3.1089178331e-48	1.8146236685e-12	2.6191831503e-17	4.6834700642e-26	2.3592398680e-32	6.8181556495e-17	9.9857474032e-17	1.7922598661e-08	2.6576232173e-10	9.5144366619e-21	2.1441377494e-25	5.3165686729e-20	1.2614087645e-08	2.0406787236e-09	8.1875737299e-09	4.5959855835e-13	2.0332865933e-19	1.3211653817e-14	7.4424851509e-24	4.4360656336e-11	1.6844469361e-16	1.2084281292e-11	2.2750406040e-13	1.6124688108e-09	2.3877347879e-21	7.1678317702e-16	8.1382881668e-21	1.4714207373e-19	4.5963337605e-47	4.6812488533e-14	1.6901744691e-21	4.4360656336e-11	6.6586557552e-26	1.7958468506e-30
3.2374575400e-02	1.7713280150e+03	2.4667702668e+17	1.3237969215e+17	2.3104282855e+00	7.5964581747e-17	1.4491541774e-03	1.3534545342e-01	9.2400060152e-13	2.7438274242e-11	1.0705357755e-08	5.0901233587e-07	8.9170134503e-10	3.1774571638e-09	1.2701488165e-08	1.7899903998e-14	2.5052142456e-07	3.8449249325e-06	6.8648007165e-05	1.2312989898e-14	4.0257209854e-06	3.7420331868e-07	0.0000000000e+00	1.7916964353e-16	9.1243411641e-10	6.1922203314e-14	1.3777355859e-11	3.2058681778e-14	1.0689697541e-15	5.4947266508e-12	1.5019414825e-11	4.3935726105e-10	1.9359392993e-14	3.8305951709e-17	2.9699899415e-26	1.0848396638e-22	4.6442350021e-04	2.9413447514e-08	5.2450902724e-23	6.9664788383e-19	5.3427926261e-14	4.0447563171e-19	4.3298159421e-17	5.4113225021e-22	1.8481635552e-21	3.1691563140e-26	1.6024595339e-17	1.1397167991e-18	4.3914853382e-17	2.2611586256e-21	9.9748355923e-17	3.9106449058e-19	8.9327204754e-25	4.1952958445e-21	5.0280664086e-18	1.3736117023e-26	1.8320960657e-23	3.0884710401e-36	1.2955747459e-27	8.9658092302e-35	2.3267213927e-12	2.0446068986e-16	1.3297107718e-22	1.1890133134e-33	2.4098715084e-08	7.9388813699e-19	8.6225639707e-01	3.3120879554e-11	9.3148910533e-19	2.0230022321e-04	6.1825208384e-09	5.9668160849e-23	3.7797360876e-12	2.1323818964e-22	4.5658648255e-36	5.8342778189e-05	3.3875128426e-19	6.4420921682e-41	1.6274062134e-52	3.0845095173e-63	2.8590255979e-15	5.1970469775e-31	4.2710907550e-15	1.6484259805e-22	2.1822073209e-21	8.3390748731e-23	1.4712341683e-16	2.0212066604e-21	2.9154558651e-16	2.5049961391e-25	1.2041838920e-24	2.2166084096e-27	5.8820129267e-33	2.0594255501e-32	8.2494906001e-33	5.8241614733e-28	2.2653064371e-33	1.1477177532e-30	6.1354003883e-35	1.0009099426e-33	5.9312055739e-39	5.9048840769e-45	2.3552727040e-43	6.4170694180e-20	7.5479181536e-20	2.3560588882e-20	5.6765488105e-24	1.9337544951e-27	1.2230714500e-27	1.0200563294e-21	2.9207542415e-28	9.9748355923e-17	1.1333606912e-22	1.5539483408e-18	4.9400503200e-24	1.7570731558e-26	9.5997114772e-30	3.6742003760e-27	2.0335291354e-21	4.3449480996e-31	4.6330335684e-30	3.8783171416e-44	4.3301099629e-46	3.1404609925e-24	1.5633124553e-07	5.1328414264e-09	6.3901435501e-09	1.6047342142e-12	2.2804297460e-23	3.0283321940e-15	3.9130350726e-23	2.7407407770e-14	7.6956719244e-18	3.4460861914e-07	1.3897007672e-11	5.6010993604e-23	1.0782313188e-25	2.2339542490e-25	2.3150311856e-24	1.6817229484e-23	1.1470279454e-10	5.3597381376e-08	2.4875952251e-09	1.0237549844e-08	1.9495720123e-05	5.6207102039e-10	3.6737199855e-13	1.2201973389e-14	4.0947787217e-23	4.4243941098e-10	2.8740865153e-10	1.8446189224e-13	3.2616477941e-06	5.8833984630e-11	6.6655466647e-05	3.2054077335e-10	1.3796429122e-09	9.4086039873e-13	2.9695160777e-19	5.6151199284e-05	4.0768772623e-17	1.0689697541e-15	2.7745376578e-15	9.7938985148e-13	3.8202989177e-12	1.9801135305e-15	7.1554064485e-23	2.6260203664e-48	1.3760458516e-12	1.8371427849e-17	2.4877539216e-26	1.2747265382e-32	3.6513474105e-17	5.8304775910e-17	1.6620016512e-08	2.4403198604e-10	9.6568493128e-21	1.8329683804e-25	9.0920292694e-20	1.1346307251e-08	1.8119189931e-09	9.2038875389e-09	5.2011206356e-13	1.9057603451e-19	1.1389103498e-14	8.4641020398e-24	5.8708733875e-11	2.1759286076e-16	1.1702922986e-11	1.9488615112e-13	2.4549493486e-09	5.4336861173e-21	7.3863219498e-16	6.4721308799e-21	1.2378343475e-19	1.3400058006e-46	4.9209599189e-14	1.6054019367e-21	5.8708733875e-11	1.1180250862e-25	2.6176834017e-30
2.1209508900e-02	1.7248354898e+03	1.6598321284e+17	8.9063387646e+16	2.3107348334e+00	2.6135468918e-17	1.1842430830e-03	1.3536341109e-01	4.7490773018e-13	1.6580180258e-11	8.7877849482e-09	5.0864053417e-07	5.1304270168e-10	2.3010977049e-09	1.1692163968e-08	1.4920541786e-14	2.5058265222e-07	3.8457642535e-06	6.8657868456e-05	7.8480290313e-15	4.0262551185e-06	2.6639166175e-07	0.0000000000e+00	6.2653400162e-17	6.0346393347e-10	4.1005831386e-14	8.4628040089e-12	1.3359237610e-14	4.1655774513e-16	3.6263508857e-12	7.9677668492e-12	2.8421573338e-10	9.0604232916e-15	1.9646113422e-17	7.7420641203e-27	3.6091971727e-23	4.6448414005e-04	3.0942860682e-08	1.2381980407e-23	2.1606995743e-19	2.5022788262e-14	1.3676687328e-19	1.8696163773e-17	1.6844216144e-22	6.7756044562e-22	1.0412909776e-26	7.2532707808e-18	4.8025280838e-19	2.2753270984e-17	8.4136596475e-22	4.9227642133e-17	1.5656136733e-19	2.2132525160e-25	1.6635627228e-21	1.8435562206e-18	2.7298806267e-27	7.7837363559e-24	3.5575069107e-37	2.8279213307e-28	1.6660537080e-35	1.2108153196e-12	1.0748593658e-16	6.0919769957e-23	3.7727227485e-34	1.7614656126e-08	3.8509178591e-19	8.6250344980e-01	1.9155233635e-11	4.1576750646e-19	2.0211125586e-04	4.4902534774e-09	2.1802511200e-23	2.4925914353e-12	9.8375452513e-23	1.2267634328e-36	5.8351529156e-05	1.8220989642e-19	1.3521020129e-41	2.4429781149e-53	2.9052438185e-64	1.7378096545e-15	1.5258820336e-31	2.1917630915e-15	5.8614783083e-23	8.3865001243e-22	2.7314872594e-23	7.0334238870e-17	6.9860289354e-22	1.2989315905e-16	6.1114994428e-26	3.3625542893e-25	5.2558513114e-28	1.0444265606e-33	4.3256433546e-33	1.2212748177e-33	1.2473149144e-28	3.4193864503e-34	2.2554468222e-31	9.1876487359e-36	1.8104983326e-34	8.8448243172e-40	6.0459988970e-46	2.8281857399e-44	2.2998110059e-20	3.1010831261e-20	1.1757189200e-20	1.4436656409e-24	4.9042408759e-28	3.3267050872e-28	4.1408968314e-22	7.4097529482e-29	4.9227642133e-17	4.0516212371e-23	8.0200273615e-19	1.4897150111e-24	4.0278242520e-27	2.0864475138e-30	1.0465878812e-27	7.7687207428e-22	1.1659027126e-31	1.3310118636e-30	5.1533491053e-45	4.4409460118e-47	8.8831719980e-25	1.5617865862e-07	6.1843299963e-09	7.4020078731e-09	9.0867178511e-13	7.2711565401e-24	1.7648247044e-15	1.5975695014e-23	2.0365143746e-14	3.2136630990e-18	3.4465416966e-07	1.4074021475e-11	3.4836487449e-23	4.3281292371e-26	9.2514373824e-26	1.0905616132e-24	9.3476114661e-24	8.6729565785e-11	5.3604497150e-08	1.7348600564e-09	1.1510403825e-08	1.9752490557e-05	5.1844311320e-10	3.7137413482e-13	1.2136676328e-14	3.1043301715e-23	4.4771576709e-10	2.1539350647e-10	1.1177792691e-13	3.0073899589e-06	5.6270226793e-11	6.6664835346e-05	1.7451640398e-10	1.0506500376e-09	5.7738166644e-13	1.5785500960e-19	5.6266511101e-05	1.7430824256e-17	4.1655774513e-16	9.0517380994e-16	9.4298249796e-13	2.7885066305e-12	2.0842976392e-15	7.3026194647e-23	2.2658281758e-48	1.0840963137e-12	1.3485996947e-17	1.4177666453e-26	7.2599708399e-33	1.9458374637e-17	3.3021217232e-17	1.5494392952e-08	2.1363445454e-10	9.4206463008e-21	1.5307015116e-25	1.4332797998e-19	1.0101835166e-08	1.5655430828e-09	1.0236719855e-08	5.8246029030e-13	1.7984568360e-19	9.4172858438e-15	9.0408078062e-24	7.4518917114e-11	2.7044660067e-16	1.1154885002e-11	1.6309097963e-13	3.4690231913e-09	1.0297552799e-20	7.0485182677e-16	4.7043660600e-21	9.6339904164e-20	3.2080481112e-46	4.8671977110e-14	1.4526956385e-21	7.4518917114e-11	1.7351718167e-25	3.5739613557e-30
1.3894954900e-02	1.6867476563e+03	1.1120460489e+17	5.9665502562e+16	2.3109184659e+00	1.0434899205e-17	1.0255287453e-03	1.3537416833e-01	2.7595422673e-13	1.1410127854e-11	7.8312176560e-09	5.0825403632e-07	3.1879482642e-10	1.7389007768e-09	1.0778954729e-08	1.2742863453e-14	2.5062309396e-07	3.8463136364e-06	6.8663824314e-05	5.4883465962e-15	4.0265750822e-06	1.9799913206e-07	0.0000000000e+00	2.4627718846e-17	3.9852466331e-10	2.7121200284e-14	5.4027077768e-12	5.9279362908e-15	1.7446577343e-16	2.3912832013e-12	4.2252949740e-12	1.7365437691e-10	4.5759115095e-15	1.0742969505e-17	2.2955318003e-27	1.3200158400e-23	4.6452002131e-04	3.2345614553e-08	3.3687244156e-24	7.2208349922e-20	1.1574218613e-14	4.6401380438e-20	7.6021874092e-18	5.0180796496e-23	2.2564709190e-22	3.3497231479e-27	3.3567513146e-18	2.0909462441e-19	1.1486594014e-17	3.1021239421e-22	2.3828980698e-17	6.5191390042e-20	6.0965492018e-26	6.6697727249e-22	7.3418457318e-19	6.0339910026e-28	3.3137506630e-24	4.6389175440e-38	6.0255770154e-29	3.0915525240e-36	6.9027923463e-13	6.1861468148e-17	3.1160526660e-23	1.4078661162e-34	1.3858882693e-08	2.1303257463e-19	8.6265147722e-01	1.1610260820e-11	1.9593259604e-19	2.0198864727e-04	3.2144509021e-09	8.1508143665e-24	1.7951618030e-12	5.2131732118e-23	4.0861724900e-37	5.8356911685e-05	1.0696243458e-19	3.5359629077e-42	4.7924829055e-54	3.8184196707e-65	1.2023113849e-15	5.6495497001e-32	1.1986581290e-15	2.2045319228e-23	3.0861675685e-22	9.0228019156e-24	3.3120864370e-17	2.4166627426e-22	5.9286100858e-17	1.5199605298e-26	8.8580383731e-26	1.1681455179e-28	1.7061014571e-34	7.9288538809e-34	1.9186802088e-34	2.6145773647e-29	5.1501863426e-35	4.1391674150e-32	1.2959743986e-36	2.9169668924e-35	1.1381766564e-40	5.4668346731e-47	2.8481053702e-45	8.2049988736e-21	1.2082819034e-20	5.7488540262e-21	3.6138250416e-25	1.1212456954e-28	9.3664446999e-29	1.5975277649e-22	1.8522191255e-29	2.3828980698e-17	1.4431603309e-23	4.5437897042e-19	4.4472902616e-25	1.0077292570e-27	4.5614388194e-31	2.8038788944e-28	3.2006947279e-22	3.4446862929e-32	4.0486033773e-31	5.6596577124e-46	4.0193920381e-48	2.3661043930e-25	1.5569244861e-07	7.2461925033e-09	8.3167397222e-09	5.3960705932e-13	2.4074043837e-24	1.0733459307e-15	6.4939772527e-24	1.5156652034e-14	1.4233904252e-18	3.4468184169e-07	1.3794715446e-11	2.2456565959e-23	1.8573302737e-26	3.9598484060e-26	5.0634286166e-25	4.8590656553e-24	6.6208347476e-11	5.3608759422e-08	1.2353330705e-09	1.3382774823e-08	1.9883796275e-05	5.1091973888e-10	3.9619075562e-13	1.2703507413e-14	2.5874134592e-23	4.5036931259e-10	1.6721371348e-10	7.0171571298e-14	2.8751633428e-06	5.5267859348e-11	6.6670401583e-05	1.0039049448e-10	8.0697081050e-10	3.7776485329e-13	9.1323551044e-20	5.6339396461e-05	8.9076644782e-18	1.7446577343e-16	3.5604191882e-16	9.0427268151e-13	2.1805471563e-12	2.2790209179e-15	7.7421588415e-23	2.0457297797e-48	9.0567698665e-13	1.0606319924e-17	8.9750385798e-27	4.4651866640e-33	1.0315225855e-17	1.7907299601e-17	1.4585044810e-08	1.7437603426e-10	8.6897276568e-21	1.2365380433e-25	2.0015945568e-19	8.8727139598e-09	1.3009812008e-09	1.1218920274e-08	6.4244179825e-13	1.7134638776e-19	7.3215915539e-15	8.7759547379e-24	8.8886059080e-11	3.1705250099e-16	1.0394305995e-11	1.3192942761e-13	4.4003084103e-09	1.4938988148e-20	6.0144987691e-16	2.9958292884e-21	6.6964385396e-20	5.7180702523e-46	4.4102372604e-14	1.2216615933e-21	8.8886059080e-11	2.3927615309e-25	4.4175117638e-30
9.1029817800e-03	1.6570681614e+03	7.4160983059e+16	3.9788684208e+16	2.3110059050e+00	4.9546470133e-18	9.4989110015e-04	1.3537929054e-01	1.8492717416e-13	9.1305789153e-12	7.6850867404e-09	5.0848820205e-07	2.1668829740e-10	1.3832306492e-09	1.0019424273e-08	1.1203889077e-14	2.5064768183e-07	3.8466401911e-06	6.8666756573e-05	4.2745904614e-15	4.0267274372e-06	1.5522448880e-07	0.0000000000e+00	1.1093880313e-17	2.6276016359e-10	1.7908577522e-14	3.6072850939e-12	2.8306287786e-15	7.9491708483e-17	1.5750832945e-12	2.2401728420e-12	9.9266733480e-11	2.5257943213e-15	6.3276556873e-18	7.9060939918e-28	5.3899237707e-24	4.6453664621e-04	3.3544979835e-08	1.0815797644e-24	2.6325845650e-20	5.2776444593e-15	1.5809180051e-20	2.8828167046e-18	1.4206673621e-23	6.7196382740e-23	1.0509048712e-27	1.5939797077e-18	9.4524690341e-20	5.6246914342e-18	1.1312723051e-22	1.1276518480e-17	2.8414589234e-20	1.9001077235e-26	2.7087994790e-22	3.2153913451e-19	1.5107072541e-28	1.4135073426e-24	6.9914454320e-39	1.2487977124e-29	5.7284134373e-37	4.3758251225e-13	3.9536462113e-17	1.8102806319e-23	6.3360967969e-35	1.1876142022e-08	1.3723141317e-19	8.6272205069e-01	7.4319215327e-12	9.8304250152e-20	2.0190807738e-04	2.2628156169e-09	3.1283603348e-24	1.4319727892e-12	3.2435482833e-23	1.7453092879e-37	5.8359666141e-05	6.9471138666e-20	1.1926983898e-42	1.2809793693e-54	7.3774904171e-66	9.6642593046e-16	2.7361671671e-32	7.0591837388e-16	8.8486245339e-24	1.0795614921e-22	3.0093290477e-24	1.5325609843e-17	8.3671786542e-23	2.7833769889e-17	3.8674504942e-27	2.1808276452e-26	2.4078772341e-29	2.5291030009e-35	1.2401329281e-34	3.2317118129e-35	5.3472761806e-30	7.7402291742e-36	7.0166804953e-33	1.7053891717e-37	4.1080268160e-36	1.2335581271e-41	4.2762639698e-48	2.3362798839e-46	2.9122995418e-21	4.4263881177e-21	2.7437713407e-21	8.8832994505e-26	2.2720792270e-29	2.7445353339e-29	5.8070029465e-23	4.5497164846e-30	1.1276518480e-17	5.1173950932e-24	2.8674238337e-19	1.3125107819e-25	2.7916691325e-28	1.0044861722e-31	6.9968615485e-29	1.4395580938e-22	1.1373976465e-32	1.3150634205e-31	4.9797054898e-47	3.1457409870e-49	5.8775537827e-26	1.5507079141e-07	8.2299515643e-09	9.0769964883e-09	3.3924155025e-13	8.3508582800e-25	6.8761251567e-16	2.6460565645e-24	1.1377419345e-14	6.7708718935e-19	3.4469565144e-07	1.3028884196e-11	1.5101893170e-23	8.6243084791e-27	1.7631692438e-26	2.3140244592e-25	2.3386323868e-24	5.1105893840e-11	5.3610789050e-08	9.0117845490e-10	1.6208055998e-08	1.9884568519e-05	5.4412999412e-10	4.5010643636e-13	1.4131628316e-14	2.4072847065e-23	4.5022873548e-10	1.3541278407e-10	4.5959868618e-14	2.8697467218e-06	5.6089911024e-11	6.6673065144e-05	6.1583887321e-11	6.2598095510e-10	2.6708138389e-13	5.8451931871e-20	5.6384310441e-05	5.5992641814e-18	7.9491708483e-17	1.7396053292e-16	8.6476747025e-13	1.8491447128e-12	2.6120074055e-15	8.6100374425e-23	1.9580642666e-48	8.1054337608e-13	9.0408167470e-18	6.4186091976e-27	2.9996959391e-33	5.4397719914e-18	9.2416798308e-18	1.3901615201e-08	1.3134702776e-10	7.5293449495e-21	9.6278509824e-26	2.4307116821e-19	7.6813856817e-09	1.0346295654e-09	1.2099192454e-08	6.9666241043e-13	1.6508573983e-19	5.3028651011e-15	7.6183166239e-24	9.8689746198e-11	3.4728083131e-16	9.4431704992e-12	1.0268843824e-13	4.9362966823e-09	1.5963603181e-20	4.5172248183e-16	1.6390325089e-21	4.0914111083e-20	7.2428280952e-46	3.6186963830e-14	9.4354676237e-22	9.8689746198e-11	2.8775333886e-25	4.8637298377e-30
5.9636233200e-03	1.6349314593e+03	4.9243042994e+16	2.6419642138e+16	2.3110168202e+00	2.7929575343e-18	9.4031687250e-04	1.3537992996e-01	1.4270271673e-13	8.4809680320e-12	8.2964905160e-09	5.0967111089e-07	1.6097777999e-10	1.1587667855e-09	9.4298894465e-09	1.0142897934e-14	2.5066008968e-07	3.8467939842e-06	6.8667308743e-05	3.7032918067e-15	4.0267464560e-06	1.2850822163e-07	0.0000000000e+00	5.7194590932e-18	1.7297692112e-10	1.1804693988e-14	2.5177465928e-12	1.4536084597e-15	3.9373275073e-17	1.0362145944e-12	1.1875469060e-12	5.3117738566e-11	1.5225531628e-15	4.0108266760e-18	3.1579879716e-28	2.4542311350e-24	4.6453804129e-04	3.4506831767e-08	4.0920045481e-25	1.0462248275e-20	2.3728513294e-15	5.4093636341e-21	1.0202354001e-18	3.8241723593e-24	1.7912205218e-23	3.2152837947e-28	7.7639871964e-19	4.4339819408e-20	2.6719657296e-18	4.0800130286e-23	5.2176531092e-18	1.2957280886e-20	6.6928528461e-27	1.1142018735e-22	1.5460743465e-19	4.2806586361e-29	6.0393187122e-25	1.2162847555e-39	2.5182959443e-30	1.0599074537e-37	3.0811542042e-13	2.8021507604e-17	1.1923994694e-23	3.4299593565e-35	1.1073520443e-08	1.0274777652e-19	8.6273104264e-01	5.0214060245e-12	5.2461096239e-20	2.0185270435e-04	1.5666387217e-09	1.2321246021e-24	1.2636379196e-12	2.3646196358e-23	9.5285610506e-38	5.8360336224e-05	4.9854276339e-20	5.1716905305e-43	4.6454645835e-55	2.0845130230e-66	9.0084586103e-16	1.7275760971e-32	4.4733889864e-16	3.7873332723e-24	3.5910449870e-23	1.0131704673e-24	6.9691375094e-18	2.8991531653e-23	1.3438000029e-17	1.0067093661e-27	5.0212866997e-27	4.6061007501e-30	3.4051588463e-36	1.6574032879e-35	5.8328028767e-36	1.0673675147e-30	1.1608931712e-36	1.0996486175e-33	2.0949220483e-38	5.0638010844e-37	1.1277022950e-42	2.8971120545e-49	1.5637314494e-47	1.0284818377e-21	1.5255093330e-21	1.2781256826e-21	2.1448428935e-26	4.0853507707e-30	8.3644412415e-30	1.9896694321e-23	1.0981552085e-30	5.2176531092e-18	1.8062008089e-24	2.0126553716e-19	3.8300422012e-26	8.5542389507e-29	2.2282957678e-32	1.6276671427e-29	7.0611563261e-23	4.1903619347e-33	4.5563837483e-32	3.5174029036e-48	2.1318391435e-50	1.3625976183e-26	1.5445590043e-07	9.0701978432e-09	9.6666242370e-09	2.2585995349e-13	3.0380304826e-25	4.6433411309e-16	1.0858535125e-24	8.6509726950e-15	3.4620684671e-19	3.4469844062e-07	1.1868871259e-11	1.0594694109e-23	4.3325105822e-27	8.1684285493e-27	1.0416956774e-25	1.0434915314e-24	3.9882129129e-11	5.3611042833e-08	6.7333580769e-10	2.0438991991e-08	1.9756102658e-05	6.2565918168e-10	5.4402310148e-13	1.6694411441e-14	2.4956991470e-23	4.4726489191e-10	1.1436151337e-10	3.1397472974e-14	2.9891842222e-06	5.8798066376e-11	6.6673457081e-05	4.0264907157e-11	4.9035914720e-10	2.0422627306e-13	4.1409467311e-20	5.6411293816e-05	4.3191958199e-18	3.9373275073e-17	1.0530148913e-16	8.2476332495e-13	1.6991465146e-12	3.1364753818e-15	1.0038045391e-22	1.9836301742e-48	7.7643005264e-13	8.3428783943e-18	5.1761455366e-27	2.1966711254e-33	2.8537193331e-18	4.5411777757e-18	1.3423910519e-08	9.1427674427e-11	6.1405307115e-21	7.2347914205e-26	2.5721447779e-19	6.5601908158e-09	7.8833343334e-10	1.2849684734e-08	7.4313770295e-13	1.6083221863e-19	3.5820558730e-15	5.9194550621e-24	1.0210458844e-10	3.5566840060e-16	8.3709627014e-12	7.6975675788e-14	4.9105816970e-09	1.2638179814e-20	2.9938844765e-16	7.7236464232e-22	2.2031751598e-20	6.5473329983e-46	2.6952653535e-14	6.6989725841e-22	1.0210458844e-10	3.0230753065e-25	4.7756716122e-30
3.9069399400e-03	1.6190030827e+03	3.2577152637e+16	1.7478547386e+16	2.3109627276e+00	1.8310216044e-18	9.8684693909e-04	1.3537676120e-01	1.2466515675e-13	8.9804583434e-12	9.7326863662e-09	5.1166317984e-07	1.2932324277e-10	1.0165153367e-09	8.9956479630e-09	9.4239252278e-15	2.5066268048e-07	3.8468068582e-06	6.8665861011e-05	3.5231591337e-15	4.0266522043e-06	1.1172072246e-07	0.0000000000e+00	3.3205165692e-18	1.1371647095e-10	7.7686718157e-15	1.8271809355e-12	7.9583025996e-16	2.0990208433e-17	6.8093383126e-13	6.2948199088e-13	2.6816316002e-11	9.9180764553e-16	2.7115956550e-18	1.4370505548e-28	1.2299004315e-24	4.6452654382e-04	3.5237519825e-08	1.7888449595e-25	4.4855702355e-21	1.0537023837e-15	1.8579277108e-21	3.3976509106e-19	9.8465839539e-25	4.3309086309e-24	9.6206157170e-29	3.8670330638e-19	2.1482693977e-20	1.2357366490e-18	1.4569865302e-23	2.3667149819e-18	6.1479108280e-21	2.6254678191e-27	4.6343157906e-23	8.0676659892e-20	1.3527635441e-29	2.5835920337e-25	2.4007738863e-40	4.9575028515e-31	1.9585077640e-38	2.3795740371e-13	2.1748756176e-17	8.7694906571e-24	2.1835088603e-35	1.1120551269e-08	8.7797456544e-20	8.6268774589e-01	3.5578845973e-12	2.9553140468e-20	2.0181149735e-04	1.0688770597e-09	4.9637795386e-25	1.2185975654e-12	1.9813710988e-23	6.4537593741e-38	5.8359249522e-05	3.9051840123e-20	2.7959859997e-43	2.2021637754e-55	8.2232608215e-67	9.5644402696e-16	1.3769363888e-32	3.0234984058e-16	1.7151233106e-24	1.1426559359e-23	3.4390944225e-25	3.1208689406e-18	1.0051157171e-23	6.6493630096e-18	2.6736530456e-28	1.0899047905e-27	8.2496831442e-31	4.2119405761e-37	1.9284849832e-36	1.1187884748e-36	2.0854781881e-31	1.7379602323e-37	1.6082594499e-34	2.4220080902e-39	5.5510071352e-38	8.8737137298e-44	1.7291560047e-50	8.7490006696e-49	3.6158740399e-22	4.9822597395e-22	5.8269747090e-22	5.0975154742e-27	6.6116205543e-31	2.6385710010e-30	6.4708206929e-24	2.6096302479e-31	2.3667149819e-18	6.3481719583e-25	1.5510283691e-19	1.1065771206e-26	2.8642915024e-29	4.9753428053e-33	3.5596846760e-30	3.7379233230e-23	1.6995433682e-33	1.6704935879e-32	2.0474708282e-49	1.2726187219e-51	2.9725539713e-27	1.5392530137e-07	9.7392614302e-09	1.0100420720e-08	1.5822971533e-13	1.1534287279e-25	3.2866042366e-16	4.4964565107e-25	6.6701125721e-15	1.8879974420e-19	3.4469176472e-07	1.0477053698e-11	7.7162709261e-24	2.3333346345e-27	3.9199012600e-27	4.6289316487e-26	4.3571046342e-25	3.1423342191e-11	5.3609788170e-08	5.1379611996e-10	2.6664398383e-08	1.9500585467e-05	7.6891539797e-10	6.9368139724e-13	2.0758742461e-14	2.8426702312e-23	4.4148245997e-10	1.0014510948e-10	2.2243251192e-14	3.2301484843e-06	6.3317308505e-11	6.6671940562e-05	2.7846120966e-11	3.8743393208e-10	1.6746528575e-13	3.2102171048e-20	5.6426757956e-05	3.9887913961e-18	2.0990208433e-17	7.6942034008e-17	7.8350612883e-13	1.6742145240e-12	3.9146303102e-15	1.2159777378e-22	2.0978671038e-48	7.8890070214e-13	8.2476799604e-18	4.6342425160e-27	1.7329961039e-33	1.4889327601e-18	2.1354248849e-18	1.3111251308e-08	5.9364809175e-11	4.7476651612e-21	5.2676497388e-26	2.4101567424e-19	5.5357893615e-09	5.7844825851e-10	1.3462218550e-08	7.8117281924e-13	1.5816973983e-19	2.2752276237e-15	4.1697867677e-24	9.9252860786e-11	3.4321575226e-16	7.2610046679e-12	5.5813282515e-14	4.3947154534e-09	7.6833314988e-21	1.7772713879e-16	3.1906734013e-22	1.0614936905e-20	4.3933963436e-46	1.8434577241e-14	4.4148422687e-22	9.9252860786e-11	2.8181521482e-25	4.2364318103e-30
2.5595479200e-03	1.6078562272e+03	2.1489117581e+16	1.1530080244e+16	2.3108481438e+00	1.3557392175e-18	1.0855751685e-03	1.3537004886e-01	1.2035723920e-13	1.0567975376e-11	1.2190316271e-08	5.1404109392e-07	1.1065662537e-10	9.2574143310e-10	8.6874911435e-09	8.9422467842e-15	2.5065672349e-07	3.8466953049e-06	6.8662571387e-05	3.6142941022e-15	4.0264525520e-06	1.0107694202e-07	0.0000000000e+00	2.1214266639e-18	7.4674721305e-11	5.1056484108e-15	1.3683406504e-12	4.5878440031e-16	1.1873456049e-17	4.4703806091e-13	3.3364348953e-13	1.2916762117e-11	6.8775796536e-16	1.9308948277e-18	7.2634912613e-29	6.6581560158e-25	4.6450305038e-04	3.5769286958e-08	8.7862774090e-26	2.0443626674e-21	4.6324852787e-16	6.4007255629e-22	1.0773361434e-19	2.4459757179e-25	9.6786530613e-25	2.8270493433e-29	1.9609372761e-19	1.0682173249e-20	5.5925408559e-19	5.1610425015e-24	1.0564128816e-18	3.0117407266e-21	1.1232766000e-27	1.9448271707e-23	4.4957083696e-20	4.6682417117e-30	1.1062410079e-25	5.2464546836e-41	9.5711453357e-32	3.6147946119e-39	1.9798234911e-13	1.8160908166e-17	7.0479544156e-24	1.5837189464e-35	1.1855804882e-08	8.3447596995e-20	8.6259580885e-01	2.6193286605e-12	1.7388660507e-20	2.0177727450e-04	7.2069371726e-10	2.0363302277e-25	1.2622674070e-12	1.8572126478e-23	5.1998104168e-38	5.8356549934e-05	3.2824770147e-20	1.8053803884e-43	1.2951260376e-55	4.2439050893e-67	1.1277077448e-15	1.3239643250e-32	2.1524619630e-16	8.1279014931e-25	3.5077664918e-24	1.1749783129e-25	1.3803219850e-18	3.4860449527e-24	3.3560308737e-18	7.2165590482e-29	2.2556832195e-28	1.4010123745e-31	4.8650746644e-38	2.0064841424e-37	2.2537573353e-37	4.0048272003e-32	2.5979050561e-38	2.2244672724e-35	2.6662765283e-40	5.5354374314e-39	6.1865231155e-45	9.3166161499e-52	4.2355923463e-50	1.2666121934e-22	1.5580690671e-22	2.6104842289e-22	1.1961088863e-27	9.8283471747e-32	8.5569483770e-31	2.0176057380e-24	6.1233950481e-32	1.0564128816e-18	2.2233601572e-25	1.2886416168e-19	3.1714399733e-27	1.0300971113e-29	1.1167042096e-33	7.4067064161e-31	2.1040194573e-23	7.4471513593e-34	6.4090232239e-33	1.0195427225e-50	6.8575402988e-53	6.1741128995e-28	1.5350430299e-07	1.0242911165e-08	1.0407632166e-08	1.1552438731e-13	4.5342058740e-26	2.4170439734e-16	1.8784039950e-25	5.2083296031e-15	1.0849418049e-19	3.4467613286e-07	9.0181250007e-12	5.7927648156e-24	1.3293687649e-27	1.9355253478e-27	2.0358195764e-26	1.7247577831e-25	2.4950242999e-11	5.3607129961e-08	3.9875665389e-10	3.5645498302e-08	1.9118786654e-05	9.9554436001e-10	9.2206191659e-13	2.6820643080e-14	3.4873433615e-23	4.3287113118e-10	9.0163210700e-11	1.6203044825e-14	3.5901766041e-06	6.9472104430e-11	6.6668661144e-05	2.0149107544e-11	3.0823297918e-10	1.4534314730e-13	2.6772514610e-20	5.6434598429e-05	4.2584863262e-18	1.1873456049e-17	6.5421485717e-17	7.3975212342e-13	1.7425570846e-12	5.0181783308e-15	1.5101851568e-22	2.2693066444e-48	8.3928915130e-13	8.6055461176e-18	4.5065049195e-27	1.4492035745e-33	7.7226824550e-19	9.6770847316e-19	1.2917195714e-08	3.6423778908e-11	3.5125656918e-21	3.7347288937e-26	2.0450033237e-19	4.6239279559e-09	4.1152323826e-10	1.3942382800e-08	8.1102382102e-13	1.5662908835e-19	1.3743832426e-15	2.7119539797e-24	9.1696602849e-11	3.1547260172e-16	6.1853892770e-12	3.9375250906e-14	3.6079427063e-09	3.7675401522e-21	9.6435495748e-17	1.1839870811e-22	4.6707265246e-21	2.3125536905e-46	1.1759121949e-14	2.7381424148e-22	9.1696602849e-11	2.3826948384e-25	3.4579282205e-30
1.6768329400e-03	1.6002141253e+03	1.4144289259e+16	7.5897587938e+15	2.3106720434e+00	1.1005433554e-18	1.2373880012e-03	1.3535973285e-01	1.2531692866e-13	1.3468743403e-11	1.6010122392e-08	5.1638113990e-07	9.9307009790e-11	8.6739198279e-10	8.4742195534e-09	8.6218475002e-15	2.5064264436e-07	3.8464638727e-06	6.8657424158e-05	3.9251896332e-15	4.0261457123e-06	9.4265503175e-08	0.0000000000e+00	1.4570297350e-18	4.8994314774e-11	3.3519209890e-15	1.0493280708e-12	2.7499997971e-16	7.0241291127e-18	2.9326020657e-13	1.7682486260e-13	6.0041744385e-12	4.9999709610e-16	1.4299380122e-18	3.9744983945e-29	3.8209244524e-25	4.6446732715e-04	3.6144029882e-08	4.7128182972e-26	9.7577513274e-22	2.0211578718e-16	2.2100639597e-22	3.2914494224e-20	5.9129566157e-26	2.0377838703e-25	8.1937505253e-30	1.0079105796e-19	5.4165494985e-21	2.4897176398e-19	1.8168852511e-24	4.6581897360e-19	1.5113947463e-21	5.1314523386e-28	8.2163953158e-24	2.6324602861e-20	1.7217813503e-30	4.7395370648e-26	1.2381375711e-41	1.8206919703e-32	6.6653978612e-40	1.7425926183e-13	1.6026217177e-17	6.0570097513e-24	1.2676308663e-35	1.3223809438e-08	8.5955326794e-20	8.6245441161e-01	1.9849604671e-12	1.0572643084e-20	2.0174518403e-04	4.8159135321e-10	8.4685512386e-26	1.3800968199e-12	1.8947329744e-23	4.7766144370e-38	5.8352235375e-05	2.9099799801e-20	1.3331302107e-43	8.9641441341e-56	2.6830667770e-67	1.4392580351e-15	1.4669375413e-32	1.5936799865e-16	3.9860797839e-25	1.0479267831e-24	4.0338276499e-26	6.0476530079e-19	1.2093414912e-24	1.7193244547e-18	1.9717116588e-29	4.5028874812e-29	2.2852488663e-32	5.3352956100e-39	1.9181051242e-38	4.7112070835e-38	7.5900611877e-33	3.8785124754e-39	2.9493842825e-36	2.8280926644e-41	5.1379909842e-40	3.9352356325e-46	4.6451548768e-53	1.8376954574e-51	4.4243531234e-23	4.7148204240e-23	1.1540503152e-22	2.7794171089e-28	1.3699390329e-32	2.8334723360e-31	6.0931177706e-25	1.4229931862e-32	4.6581897360e-19	7.7657853361e-26	1.1332243329e-19	9.0334895545e-28	3.9099285001e-30	2.5161751574e-34	1.4840702806e-31	1.2405354622e-23	3.4593200577e-34	2.5445221674e-33	4.5107544237e-52	3.4193380829e-54	1.2355641930e-28	1.5318676317e-07	1.0606279919e-08	1.0619449693e-08	8.7029832815e-14	1.8302403465e-26	1.8300305635e-16	7.9052577025e-26	4.1089771207e-15	6.4876797497e-20	3.4465126797e-07	7.6162784111e-12	4.4497550029e-24	7.9033507212e-28	9.7657992297e-28	8.8843942964e-27	6.5576241719e-26	1.9925933002e-11	5.3603044467e-08	3.1345774533e-10	4.8337860506e-08	1.8610014381e-05	1.3379854782e-09	1.2621098972e-12	3.5522795966e-14	4.5154719187e-23	4.2140089227e-10	8.2725199906e-11	1.2029142306e-14	4.0676682406e-06	7.6990209751e-11	6.6663596996e-05	1.5086844954e-11	2.4650062241e-10	1.3170326876e-13	2.3599784559e-20	5.6437101526e-05	5.0729909517e-18	7.0241291127e-18	6.2374647721e-17	6.9231315282e-13	1.8864594714e-12	6.5233732467e-15	1.8954265735e-22	2.4554741106e-48	9.2254133578e-13	9.3330078098e-18	4.6547949359e-27	1.2636455218e-33	3.9791794265e-19	4.2554243079e-19	1.2801229173e-08	2.1396862476e-11	2.5104531631e-21	2.5917473887e-26	1.6075651608e-19	3.8300922035e-09	2.8581813296e-10	1.4305123332e-08	8.3359370028e-13	1.5580519747e-19	7.9873092943e-16	1.6592668010e-24	8.1464915147e-11	2.7930246090e-16	5.1941399028e-12	2.7190646218e-14	2.7714583491e-09	1.5662812651e-21	4.8824490738e-17	4.0456653738e-23	1.9164348360e-21	1.0103169830e-46	7.1065248597e-15	1.6208730224e-22	8.1464915147e-11	1.8685500577e-25	2.6465595378e-30
1.0985411400e-03	1.5950509243e+03	9.2953447473e+15	4.9883630036e+15	2.3104288908e+00	9.5472395657e-19	1.4470723776e-03	1.3534548891e-01	1.3779568385e-13	1.8183467521e-11	2.1702440754e-08	5.1841581619e-07	9.2241066002e-11	8.2962777934e-10	8.3288907403e-09	8.4095793396e-15	2.5062021316e-07	3.8461077144e-06	6.8650264059e-05	4.4418493685e-15	4.0257220400e-06	8.9868661219e-08	0.0000000000e+00	1.0543492770e-18	3.2123946103e-11	2.1988125125e-15	8.1857668215e-13	1.6953939997e-16	4.2918231686e-18	1.9226748600e-13	9.3703247465e-14	2.7199449865e-12	3.7610740606e-16	1.0893269718e-18	2.3029806456e-29	2.2869613929e-25	4.6441823020e-04	3.6402073917e-08	2.6937687709e-26	4.8150280090e-22	8.7693761546e-17	7.6428264602e-23	9.7888559800e-21	1.4014648207e-26	4.1091525010e-26	2.3510975884e-30	5.2311876281e-20	2.7854233241e-21	1.0952294961e-19	6.3670501277e-25	2.0358385543e-19	7.7175294866e-22	2.4577412835e-28	3.4878178294e-24	1.5974456803e-20	6.6627062936e-31	2.0313380765e-26	3.0885072398e-42	3.4262572417e-33	1.2280714544e-40	1.5973811269e-13	1.4717655376e-17	5.4633895194e-24	1.0894199101e-35	1.5238699742e-08	9.3831807316e-20	8.6225909808e-01	1.5359419587e-12	6.5822167552e-21	2.0171169576e-04	3.1972553139e-10	3.5564728363e-26	1.5689615977e-12	2.0549378677e-23	4.8236605174e-38	5.8346184323e-05	2.6808395475e-20	1.0845366513e-43	6.9786158243e-56	1.9639610507e-67	1.9450314207e-15	1.8005623556e-32	1.2138414196e-16	2.0037290201e-25	3.0694365995e-25	1.3895921060e-26	2.6315191297e-19	4.1956790685e-25	8.9033369004e-19	5.4342732545e-30	8.7565766362e-30	3.6201015713e-33	5.6348841401e-40	1.7245372045e-39	1.0113927995e-38	1.4247268099e-33	5.7844863627e-40	3.7924277745e-37	2.9198502707e-42	4.5277124957e-41	2.3423762611e-47	2.1894153187e-54	7.3648482312e-53	1.5421998999e-23	1.3931338617e-23	5.0527556216e-23	6.4126912965e-29	1.8225347619e-33	9.5240089441e-32	1.7979795267e-25	3.2834746745e-33	2.0358385543e-19	2.7068868564e-26	1.0382607862e-19	2.5614583342e-28	1.5429493267e-30	5.6849355229e-35	2.8934037688e-32	7.5630254614e-24	1.6759624527e-34	1.0354401212e-33	1.8319835605e-53	1.6117415624e-55	2.4068116282e-29	1.5295299696e-07	1.0860503070e-08	1.0762770116e-08	6.7066536110e-14	7.5306964563e-27	1.4150955699e-16	3.3457945919e-26	3.2669568047e-15	3.9928306542e-20	3.4461627110e-07	6.3448197588e-12	3.4753285552e-24	4.8455137637e-28	5.0048665997e-28	3.8554619966e-27	2.4216204483e-26	1.5979853512e-11	5.3597403288e-08	2.4868576774e-10	6.5883574387e-08	1.7973283691e-05	1.8425066708e-09	1.7599242978e-12	4.7648146172e-14	6.0631315019e-23	4.0704319225e-10	7.6741540107e-11	9.0297266127e-15	4.6607148175e-06	8.5488970489e-11	6.6656592532e-05	1.1578562026e-11	1.9786861624e-10	1.2313012734e-13	2.1654211383e-20	5.6435549567e-05	6.5409510645e-18	4.2918231686e-18	6.4594032249e-17	6.4042584454e-13	2.0955809112e-12	8.4989907808e-15	2.3720715832e-22	2.6021252187e-48	1.0355250006e-12	1.0381302404e-17	5.0088110518e-27	1.1326013819e-33	2.0350893951e-19	1.8261689468e-19	1.2733522615e-08	1.2173679973e-11	1.7481283219e-21	1.7690247511e-26	1.1945736013e-19	3.1517033134e-09	1.9498776311e-10	1.4570616957e-08	8.5013919270e-13	1.5540675065e-19	4.5114588788e-16	9.7080762604e-25	7.0319913269e-11	2.4054051386e-16	4.3144742100e-12	1.8478353655e-14	2.0269181322e-09	5.7672657365e-22	2.3487391785e-17	1.3009687757e-23	7.4679097149e-22	3.8496492498e-47	4.1259828434e-15	9.2718994180e-23	7.0319913269e-11	1.3863485690e-25	1.9314390255e-30
7.1968567300e-04	1.5915977625e+03	6.1020133966e+15	3.2751094200e+15	2.3101091336e+00	8.6758090826e-19	1.7228910167e-03	1.3532675746e-01	1.5740797443e-13	2.5557955281e-11	2.9982726760e-08	5.2004276356e-07	8.7762606191e-11	8.0502604394e-10	8.2306186624e-09	8.2691422995e-15	2.5058865333e-07	3.8456140228e-06	6.8640813127e-05	5.1732370571e-15	4.0251648907e-06	8.7006638961e-08	0.0000000000e+00	7.9130666184e-19	2.1051823338e-11	1.4415259941e-15	6.4623885070e-13	1.0659320325e-16	2.6821652785e-18	1.2599702887e-13	4.9648086951e-14	1.2100408089e-12	2.8973728281e-16	8.4640789303e-19	1.3889177990e-29	1.4096601297e-25	4.6435381137e-04	3.6576920832e-08	1.6096353159e-26	2.4318201913e-22	3.7897528973e-17	2.6456583924e-23	2.8566102897e-21	3.2757243979e-27	8.0384124583e-27	6.6982574810e-31	2.7334143474e-20	1.4464466327e-21	4.7774979931e-20	2.2239528790e-25	8.8417903785e-20	3.9886718309e-22	1.2166774658e-28	1.4854076132e-24	9.9381502079e-21	2.6660996627e-31	8.7078926948e-27	8.0080088567e-43	6.3983040416e-34	2.2611352663e-41	1.5064448473e-13	1.3897939374e-17	5.0975107837e-24	9.8401616693e-36	1.7965786666e-08	1.0667649909e-19	8.6200217235e-01	1.2059263278e-12	4.1660386193e-21	2.0167396182e-04	2.1128844873e-10	1.5037287633e-26	1.8330251467e-12	2.3261325345e-23	5.2048028140e-38	5.8338168990e-05	2.5370178800e-20	9.4415581759e-44	5.8986316525e-56	1.5927700093e-67	2.7359073955e-15	2.3741825521e-32	9.4299827957e-17	1.0247270054e-25	8.8663066528e-26	4.7979237303e-27	1.1394719576e-19	1.4555971030e-25	4.6449711210e-19	1.5067513278e-30	1.6717238793e-30	5.6176378337e-34	5.7956247184e-41	1.4850929805e-40	2.2117913012e-39	2.6560653968e-34	8.6196661756e-41	4.7721625217e-38	2.9576697820e-43	3.8468240557e-42	1.3306729376e-48	9.9191094977e-56	2.7914518834e-54	5.3672616774e-24	4.0479494444e-24	2.1971657983e-23	1.4720002773e-29	2.3464705306e-34	3.2346639986e-32	5.2197507550e-26	7.5380542629e-34	8.8417903785e-20	9.4209143225e-27	9.7892131280e-20	7.2393431703e-29	6.2562967235e-31	1.2867332005e-35	5.5335287769e-33	4.7198042038e-24	8.3617054462e-35	4.2864811564e-34	7.0062039542e-55	7.3023701629e-57	4.6000792978e-30	1.5278076712e-07	1.1034563052e-08	1.0858400613e-08	5.2507942996e-14	3.1402811189e-27	1.1105037349e-16	1.4218217011e-26	2.6120055197e-15	2.5073902884e-20	3.4456968604e-07	5.2351594912e-12	2.7459881806e-24	3.0353364234e-28	2.5929916805e-28	1.6664667704e-27	8.7615788687e-27	1.2852293409e-11	5.3589984817e-08	1.9856801602e-10	8.9556148113e-08	1.7209022969e-05	2.5727904409e-09	2.4784398882e-12	6.4079859827e-14	8.3250038290e-23	3.8980546288e-10	7.1515871609e-11	6.8092633404e-15	5.3654692165e-06	9.4462066676e-11	6.6647374438e-05	9.0404147757e-12	1.5924163806e-10	1.1766072182e-13	2.0434887130e-20	5.6430588626e-05	8.9137428482e-18	2.6821652785e-18	7.0872274846e-17	5.8395058134e-13	2.3628308757e-12	1.0986716820e-14	2.9257571680e-22	2.6504257508e-48	1.1758208324e-12	1.1716863325e-17	5.5290032668e-27	1.0316463587e-33	1.0321001727e-19	7.6794559072e-20	1.2694400844e-08	6.7700876391e-12	1.1944532791e-21	1.1926900585e-26	8.5281362733e-20	2.5805488842e-09	1.3131404225e-10	1.4760162818e-08	8.6199412123e-13	1.5524946295e-19	2.4968886755e-16	5.5030066740e-25	5.9466955788e-11	2.0311875444e-16	3.5552353773e-12	1.2412910979e-14	1.4312937433e-09	1.9478391901e-22	1.0893424639e-17	4.0063496575e-24	2.8047308859e-22	1.3310602179e-47	2.3274995914e-15	5.1762431233e-23	5.9466955788e-11	9.8876197507e-26	1.3624273283e-30
4.7148663600e-04	1.5893041874e+03	4.0026619494e+15	2.1487141150e+15	2.3096992351e+00	8.1381591338e-19	2.0765557810e-03	1.3530274550e-01	1.8456556976e-13	3.6928188342e-11	4.1814008380e-08	5.2126698813e-07	8.4884073280e-11	7.8888266825e-10	8.1641770377e-09	8.1760984972e-15	2.5054668275e-07	3.8449625053e-06	6.8628673008e-05	6.1448640951e-15	4.0244506782e-06	8.5126093253e-08	0.0000000000e+00	6.0887333860e-19	1.3790270021e-11	9.4462512577e-16	5.1435230665e-13	6.7918915183e-17	1.7021716635e-18	8.2538377933e-14	2.6300857793e-14	5.3163049492e-13	2.2686194923e-16	6.6659443085e-19	8.6086326725e-30	8.8651129011e-26	4.6427132727e-04	3.6694109145e-08	9.9144152087e-27	1.2477534325e-22	1.6331555012e-17	9.1634023195e-24	8.2277426183e-22	7.5826804535e-28	1.5399085524e-27	1.8988005320e-31	1.4347727054e-20	7.5611053917e-22	2.0718217020e-20	7.7498358606e-26	3.8232393590e-20	2.0784583338e-22	6.1602604886e-29	6.3397537781e-25	6.2886986089e-21	1.0914932149e-31	3.7331125765e-27	2.1317610810e-43	1.1883702408e-34	4.1606611880e-42	1.4485265595e-13	1.3376438963e-17	4.8675435303e-24	9.1960459237e-36	2.1514125882e-08	1.2469987771e-19	8.6167272367e-01	9.5625827821e-13	2.6665637241e-21	2.0162940300e-04	1.3918057043e-10	6.3869309700e-27	2.1819238331e-12	2.7114294915e-23	5.8767398687e-38	5.8327857093e-05	2.4454707960e-20	8.6098063205e-44	5.2746799166e-56	1.3856803554e-67	3.9553795988e-15	3.2879800948e-32	7.4254445006e-17	5.3022821614e-26	2.5364895110e-26	1.6590185611e-27	4.9170739479e-20	5.0491785269e-26	2.4355333178e-19	4.1943490244e-31	3.1509114050e-31	8.5936090392e-35	5.8524684299e-42	1.2414151569e-41	4.8978310165e-40	4.9275823686e-35	1.2834513736e-41	5.9156068003e-39	2.9564901903e-44	3.1868777575e-43	7.3196676072e-50	4.3724803132e-57	1.0180767597e-55	1.8657451995e-24	1.1626132769e-24	9.5088866555e-24	3.3665909872e-30	2.9533948361e-35	1.1063133470e-32	1.4983576878e-26	1.7243048574e-34	3.8232393590e-20	3.2750433803e-27	9.4125539175e-20	2.0411960344e-29	2.5840836494e-31	2.9155634952e-36	1.0442468825e-33	2.9927493110e-24	4.2562815075e-35	1.7953413623e-34	2.5706271423e-56	3.2191750534e-58	8.6769184479e-31	1.5265030418e-07	1.1151970615e-08	1.0921455658e-08	4.1556378856e-14	1.3214232314e-27	8.8029695246e-17	6.0588741566e-27	2.0964268817e-15	1.5963664323e-20	3.4450948981e-07	4.2911943240e-12	2.1869957745e-24	1.9295110775e-28	1.3533711902e-28	7.1829119438e-28	3.1256297293e-27	1.0356934944e-11	5.3580475007e-08	1.5924275735e-10	1.2064190538e-07	1.6320933375e-05	3.6139439389e-09	3.5014904722e-12	8.5717159053e-14	1.1565579966e-22	3.6977072629e-10	6.6612929728e-11	5.1322348059e-15	6.1744774990e-06	1.0328267090e-10	6.6635553497e-05	7.1419710452e-12	1.2837731618e-10	1.1412885753e-13	1.9658493059e-20	5.6422440871e-05	1.2616516340e-17	1.7021716635e-18	8.0896888657e-17	5.2344576841e-13	2.6818176515e-12	1.3975743834e-14	3.5221022002e-22	2.5530914519e-48	1.3408785110e-12	1.3309164147e-17	6.1886284407e-27	9.4673146567e-34	5.1852088398e-20	3.1731400188e-20	1.2671715174e-08	3.7056635417e-12	8.0526588474e-22	7.9702088670e-27	5.9210481296e-20	2.1051577884e-09	8.7630608042e-11	1.4893093852e-08	8.7036996910e-13	1.5522677154e-19	1.3624352954e-16	3.0517930744e-25	4.9576736141e-11	1.6918723571e-16	2.9129179221e-12	8.2704290657e-15	9.8625943182e-10	6.1951537290e-23	4.9250970883e-18	1.1971012110e-24	1.0265907888e-22	4.3025536046e-48	1.2867087401e-15	2.8413005869e-23	4.9576736141e-11	6.8611048740e-26	9.3856379759e-31
3.0888436000e-04	1.5877878671e+03	2.6241738436e+15	1.4090283029e+15	2.3091813441e+00	7.7986659371e-19	2.5235155246e-03	1.3527240732e-01	2.2024833544e-13	5.4359957166e-11	5.8452124565e-08	5.2214168641e-07	8.3010795447e-11	7.7818576503e-10	8.1188584991e-09	8.1141356234e-15	2.5049250203e-07	3.8441251076e-06	6.8613315912e-05	7.3965539126e-15	4.0235482979e-06	8.3874524397e-08	0.0000000000e+00	4.7640885703e-19	9.0303380568e-12	6.1878551243e-16	4.1161666224e-13	4.3664462960e-17	1.0914034233e-18	5.4052529841e-14	1.3929530298e-14	2.3158001663e-13	1.7958136889e-16	5.2976356498e-19	5.4346386501e-30	5.6507213253e-26	4.6416717271e-04	3.6772091409e-08	6.2323916125e-27	6.4700879235e-23	7.0236475055e-18	3.1745290890e-24	2.3485468339e-22	1.7434726364e-28	2.9079922958e-28	5.3637040323e-32	7.5535828231e-21	3.9697781886e-22	8.9483119309e-21	2.6959693259e-26	1.6481292440e-20	1.0889815958e-22	3.1665107936e-29	2.7094720885e-25	4.0249580116e-21	4.5373495887e-32	1.6003346796e-27	5.7755706063e-44	2.1986575843e-35	7.6513358379e-43	1.4111386490e-13	1.3040900922e-17	4.7211271593e-24	8.7940007892e-36	2.6035865190e-08	1.4853079926e-19	8.6125635821e-01	7.6332858497e-13	1.7196539244e-21	2.0157542191e-04	9.1475963911e-11	2.7208047820e-27	2.6301926508e-12	3.2237277808e-23	6.8419185760e-38	5.8314804451e-05	2.3866375123e-20	8.1011799890e-44	4.8996218187e-56	1.2640599515e-67	5.8253953073e-15	4.7069571045e-32	5.9002320005e-17	2.7650875514e-26	7.2081571817e-27	5.7413502407e-28	2.1166593212e-20	1.7510520951e-26	1.2812512705e-19	1.1705145764e-31	5.8866315562e-32	1.3016865811e-35	5.8354876642e-43	1.0168046155e-42	1.0935736540e-40	9.1099046892e-36	1.9095934456e-42	7.2573877960e-40	2.9281751727e-45	2.5948203243e-44	3.9384394382e-51	1.8914978039e-58	3.6165032163e-57	6.4795774488e-25	3.3125762825e-25	4.1016538747e-24	7.6792937780e-31	3.6600322509e-36	3.8012001179e-33	4.2678714208e-27	3.9339963847e-35	1.6481292440e-20	1.1374918653e-27	9.1708527549e-20	5.7452688043e-30	1.0805795840e-31	6.6099328673e-37	1.9525906017e-34	1.9180222833e-24	2.1958680377e-35	7.5783177030e-35	9.1682646549e-58	1.3926830170e-59	1.6218618815e-31	1.5254572403e-07	1.1230350747e-08	1.0962495140e-08	3.3127643642e-14	5.5940022437e-28	7.0253781516e-17	2.5865102546e-27	1.6869841444e-15	1.0257405580e-20	3.4443303095e-07	3.5017015021e-12	1.7511087374e-24	1.2386847574e-28	7.0984039342e-29	3.0898658135e-28	1.1043591932e-27	8.3566353932e-12	5.3568459701e-08	1.2807590967e-10	1.6025158915e-07	1.5317699077e-05	5.0766708632e-09	4.9380229757e-12	1.1334272932e-13	1.6131808657e-22	3.4713502603e-10	6.1776392078e-11	3.8513143980e-15	7.0752927748e-06	1.1123535607e-10	6.6620615485e-05	5.6866596259e-12	1.0361158844e-10	1.1182201054e-13	1.9158127589e-20	5.6411022064e-05	1.8320093247e-17	1.0914034233e-18	9.4833495298e-17	4.6014322893e-13	3.0452767943e-12	1.7377149208e-14	4.1052210844e-22	2.2942296290e-48	1.5274507041e-12	1.5123191401e-17	6.9646428619e-27	8.6974909874e-34	2.5779455441e-20	1.2903766114e-20	1.2658201655e-08	2.0062769589e-12	5.3785097366e-22	5.2930193048e-27	4.0335039386e-20	1.7128078964e-09	5.8109538899e-11	1.4985249469e-08	8.7626011795e-13	1.5528101445e-19	7.3619050886e-17	1.6673864267e-25	4.0930385930e-11	1.3961377394e-16	2.3771160025e-12	5.4791061668e-15	6.6827806106e-10	1.8910572168e-23	2.1879943804e-18	3.5035732792e-25	3.6915031302e-23	1.3283841939e-48	7.0148472418e-16	1.5417003450e-23	4.0930385930e-11	4.6726706551e-26	6.3620033971e-31
2.0235896500e-04	1.5867885027e+03	1.7197707182e+15	9.2367604661e+14	2.3085326614e+00	7.5803277361e-19	3.0835048078e-03	1.3523440733e-01	2.6593130502e-13	8.1023856493e-11	8.1489487423e-08	5.2273042166e-07	8.1775014907e-11	7.7098898120e-10	8.0872835449e-09	8.0724124070e-15	2.5042374132e-07	3.8430651374e-06	6.8594066269e-05	8.9825280888e-15	4.0224180245e-06	8.3024757587e-08	0.0000000000e+00	3.7692409591e-19	5.9114524998e-12	4.0521698197e-16	3.3058351637e-13	2.8236309823e-17	7.0453468856e-19	3.5387550189e-14	7.3752661213e-15	1.0028565035e-13	1.4318587446e-16	4.2356075131e-19	3.4729775936e-30	3.6340972712e-26	4.6403675250e-04	3.6823751576e-08	3.9710631314e-27	3.3782864750e-23	3.0160668311e-18	1.0997353195e-24	6.6621385111e-23	3.9898016763e-29	5.4377269554e-29	1.5112826261e-32	3.9841784644e-21	2.0901015499e-22	3.8538369815e-21	9.3663586780e-27	7.0893196067e-21	5.7257786733e-23	1.6439649065e-29	1.1588639494e-25	2.5955550432e-21	1.9052374936e-32	6.8595184324e-28	1.5829460889e-44	4.0562821321e-36	1.4061706586e-43	1.3866975257e-13	1.2823075835e-17	4.6271772720e-24	8.5399572170e-36	3.1730118086e-08	1.7915194655e-19	8.6073468768e-01	6.1198794101e-13	1.1144794053e-21	2.0150918316e-04	6.0026525020e-11	1.1611805964e-27	3.1974095979e-12	3.8839629751e-23	8.1308150232e-38	5.8298439813e-05	2.3485843276e-20	7.7841278968e-44	4.6686794493e-56	1.1903320675e-67	8.6868133270e-15	6.8896537766e-32	4.7165066048e-17	1.4493474839e-26	2.0388799473e-27	1.9876720545e-28	9.0954546803e-21	6.0706345977e-27	6.7542524545e-20	3.2713434384e-32	1.0929946864e-32	1.9581464136e-36	5.7675499101e-44	8.2127794892e-44	2.4546265236e-41	1.6798452121e-36	2.8389588213e-43	8.8392949827e-41	2.8813343906e-46	2.0876896590e-45	2.0872280922e-52	8.0765580114e-60	1.2616747293e-58	2.2485190592e-25	9.3862834737e-26	1.7651252588e-24	1.7481583151e-31	4.4875250375e-37	1.3098609717e-33	1.2091366688e-27	8.9578260166e-36	7.0893196067e-21	3.9477336337e-28	9.0145630748e-20	1.6148956639e-30	4.5553838696e-32	1.4987746014e-37	3.6278121887e-35	1.2379363873e-24	1.1429990318e-35	3.2151934777e-35	3.2070860405e-59	5.9471496718e-61	3.0123729890e-32	1.5245476119e-07	1.1282291273e-08	1.0988710190e-08	2.6534248726e-14	2.3772734571e-28	5.6317191876e-17	1.1053486157e-27	1.3598073760e-15	6.6308141085e-21	3.4433692667e-07	2.8487694131e-12	1.4070624850e-24	8.0037827241e-29	3.7349169886e-29	1.3272253183e-28	3.8763385172e-28	6.7480062442e-12	5.3553409951e-08	1.0320287573e-10	2.0907729416e-07	1.4214209521e-05	7.1012987079e-09	6.9261910944e-12	1.4745210356e-13	2.2465955024e-22	3.2223452619e-10	5.6877106333e-11	2.8690790198e-15	8.0496849164e-06	1.1758234405e-10	6.6601903129e-05	4.5513381978e-12	8.3681865088e-11	1.1029496640e-13	1.8832274052e-20	5.6396001592e-05	2.7061077723e-17	7.0453468856e-19	1.1316571787e-16	3.9582768682e-13	3.4442083140e-12	2.1007686740e-14	4.6030796468e-22	1.9017084967e-48	1.7312756574e-12	1.7115313059e-17	7.8331121100e-27	7.9621718396e-34	1.2671552645e-20	5.1687001116e-21	1.2649543573e-08	1.0781194621e-12	3.5694958067e-22	3.4999704459e-27	2.7126675653e-20	1.3909473607e-09	3.8364863466e-11	1.5048729043e-08	8.8042565549e-13	1.5538297220e-19	3.9515130466e-17	9.0190079029e-26	3.3570128071e-11	1.1448733263e-16	1.9344967955e-12	3.6156308092e-15	4.4767710794e-10	5.6139370425e-24	9.6046089317e-19	1.0109879528e-25	1.3114297265e-23	3.9765249022e-49	3.7880555252e-16	8.3001199844e-24	3.3570128071e-11	3.1424156893e-26	4.2658333222e-31
1.3257113700e-04	1.5861311995e+03	1.1267432415e+15	6.0537732516e+14	2.3077245288e+00	7.4374481002e-19	3.7813325470e-03	1.3518706672e-01	3.2359330244e-13	1.2177309393e-10	1.1289431130e-07	5.2308907471e-07	8.0944521179e-11	7.6602318323e-10	8.0644089062e-09	8.0437292549e-15	2.5033737127e-07	3.8417358615e-06	6.8570073912e-05	1.0972974570e-14	4.0210099236e-06	8.2428704813e-08	0.0000000000e+00	3.0038916751e-19	3.8684917465e-12	2.6528416878e-16	2.6611734365e-13	1.8328097923e-17	4.5678267977e-19	2.3161046664e-14	3.9035864971e-15	4.3250937521e-14	1.1470636878e-16	3.3998706265e-19	2.2372002173e-30	2.3508099118e-26	4.6387429703e-04	3.6857889063e-08	2.5526701364e-27	1.7717668052e-23	1.2935963636e-18	3.8088031638e-25	1.8815673785e-23	9.0990100498e-30	1.0098615419e-29	4.2500402594e-33	2.1038152267e-21	1.1023504115e-22	1.6563497660e-21	3.2506101271e-27	3.0445211082e-21	3.0172462800e-23	8.5904284368e-30	4.9583150592e-26	1.6819996861e-21	8.0521185080e-33	2.9395688109e-28	4.3707362654e-45	7.4668880405e-37	2.5824582681e-44	1.3704792816e-13	1.2680462598e-17	4.5666800245e-24	8.3787337786e-36	3.8850320679e-08	2.1790028374e-19	8.6008459420e-01	4.9203374672e-13	7.2457027036e-22	2.0142742436e-04	3.9343121011e-11	4.9608704108e-28	3.9088212636e-12	4.7209723964e-23	9.7957728240e-38	5.8278042484e-05	2.3238670040e-20	7.5847385758e-44	4.5248823631e-56	1.1449215183e-67	1.3061831304e-14	1.0235171067e-31	3.7850473363e-17	7.6216511243e-27	5.7478812204e-28	6.8816571995e-29	3.9030816172e-21	2.1036829225e-27	3.5649643119e-20	9.1492624359e-33	2.0204578025e-33	2.9311774541e-37	5.6647698814e-45	6.5692518365e-45	5.5273824824e-42	3.0912854707e-37	4.2169176549e-44	1.0710259675e-41	2.8218412076e-47	1.6656619074e-46	1.0945025207e-53	3.4170375364e-61	4.3464989884e-60	7.7969805064e-26	2.6492379383e-26	7.5832409169e-25	3.9731518291e-32	5.4610735037e-38	4.5214843970e-34	3.4126505234e-28	2.0365310168e-36	3.0445211082e-21	1.3691199601e-28	8.9129212722e-20	4.5340056649e-31	1.9304143768e-32	3.3978145272e-38	6.7097138830e-36	8.0265809667e-25	5.9841725044e-36	1.3685071749e-35	1.1068553913e-60	2.5163855367e-62	5.5697419146e-33	1.5236792496e-07	1.1316510291e-08	1.1004907286e-08	2.1318142784e-14	1.0126631935e-28	4.5275032808e-17	4.7262615454e-28	1.0972504721e-15	4.3031096769e-21	3.4421692200e-07	2.3127549685e-12	1.1332285319e-24	5.1935039667e-29	1.9690586365e-29	5.6945375732e-29	1.3544069260e-28	5.4515366148e-12	5.3534660875e-08	8.3258644994e-11	2.6713898132e-07	1.3031929858e-05	9.8614439728e-09	9.6371471495e-12	1.8807576416e-13	3.1117940689e-22	2.9555371961e-10	5.1878340665e-11	2.1172963844e-15	9.0737250639e-06	1.2165849037e-10	6.6578589944e-05	3.6548253770e-12	6.7612460018e-11	1.0926452868e-13	1.8617671190e-20	5.6376826412e-05	4.0430110771e-17	4.5678267977e-19	1.3664217384e-16	3.3262165790e-13	3.8676255640e-12	2.4594165216e-14	4.9408363059e-22	1.4414174789e-48	1.9470129002e-12	1.9232118364e-17	8.7673377664e-27	7.2398453460e-34	6.1528902362e-21	2.0401204711e-21	1.2643137062e-08	5.7638108691e-13	2.3586116927e-22	2.3075110212e-27	1.8087981123e-20	1.1280268681e-09	2.5251837166e-11	1.5092348543e-08	8.8342504873e-13	1.5551947115e-19	2.1112898898e-17	4.8458108878e-26	2.7412055367e-11	9.3490482913e-17	1.5712752156e-12	2.3794500217e-15	2.9758894923e-10	1.6355999979e-24	4.1818521955e-19	2.8892008149e-26	4.6204429760e-24	1.1660874957e-49	2.0322954414e-16	4.4450581417e-24	2.7412055367e-11	2.0956540126e-26	2.8397768082e-31
8.6851137400e-05	1.5856994624e+03	7.3804164298e+14	3.9670795412e+14	2.3067212330e+00	7.3419830733e-19	4.6479158678e-03	1.3512829341e-01	3.9577592389e-13	1.8402968598e-10	1.5504503045e-07	5.2325978942e-07	8.0370160858e-11	7.6245218510e-10	8.0467794590e-09	8.0232896785e-15	2.5022957977e-07	3.8400785903e-06	6.8540278707e-05	1.3456757335e-14	4.0192617677e-06	8.1988530027e-08	0.0000000000e+00	2.4051782180e-19	2.5306613052e-12	1.7362385548e-16	2.1453238570e-13	1.1924292799e-17	2.9695781797e-19	1.5154037469e-14	2.0651819970e-15	1.8598084518e-14	9.2169159234e-17	2.7359944424e-19	1.4486051165e-30	1.5263624573e-26	4.6367262084e-04	3.6880429315e-08	1.6502455575e-27	9.3175370299e-24	5.5425306100e-19	1.3185424142e-25	5.2969245122e-24	2.0696199732e-30	1.8662061773e-30	1.1933428283e-33	1.1115355174e-21	5.8196377262e-23	7.1077146114e-22	1.1270620151e-27	1.3058221583e-21	1.5920372498e-23	4.5073094984e-30	2.1215462967e-26	1.0933907266e-21	3.4168689533e-33	1.2593439548e-28	1.2123623432e-45	1.3719708659e-37	4.7388602448e-45	1.3594827693e-13	1.2586122850e-17	4.5277568788e-24	8.2768868997e-36	4.7714750147e-08	2.6650685403e-19	8.5927726698e-01	3.9628535815e-13	4.7200337763e-22	2.0132627484e-04	2.5762824911e-11	2.1204424328e-28	4.7963578498e-12	5.7723110623e-23	1.1910093948e-37	5.8252712587e-05	2.3077679225e-20	7.4595779698e-44	4.4355517562e-56	1.1169486714e-67	1.9749919382e-14	1.5356712229e-31	3.0451556621e-17	4.0159361389e-27	1.6163328407e-28	2.3819735245e-29	1.6730284535e-21	7.2859417286e-28	1.8828130980e-20	2.5592489924e-33	3.7225287154e-34	4.3714983988e-38	5.5378799377e-46	5.2179552440e-46	1.2468722815e-42	5.6787306025e-38	6.2573093981e-45	1.2926571108e-42	2.7534951490e-48	1.3208651538e-47	5.6956408930e-55	1.4359235785e-62	1.4838872102e-61	2.7016663477e-26	7.4557845394e-27	3.2536177754e-25	9.0170961728e-33	6.6098168320e-39	1.5621655636e-34	9.6049543570e-29	4.6236732857e-37	1.3058221583e-21	4.7448987938e-29	8.8464863509e-20	1.2716361071e-31	8.2067730891e-33	7.6995560788e-39	1.2367826792e-36	5.2194177385e-25	3.1446396716e-36	5.8363591663e-36	3.7835282943e-62	1.0575844291e-63	1.0263264335e-33	1.5227758804e-07	1.1338926639e-08	1.1014246455e-08	1.7159904473e-14	4.3194478552e-29	3.6463364355e-17	2.0211425146e-28	8.8594196570e-16	2.7992599056e-21	3.4406770873e-07	1.8748577659e-12	9.1404271662e-25	3.3789684902e-29	1.0392823263e-29	2.4409572013e-29	4.7169374845e-29	4.4051297652e-12	5.3511383902e-08	6.7215669756e-11	3.3358918941e-07	1.1798144323e-05	1.3567338564e-08	1.3278593170e-11	2.3464182080e-13	4.2757347888e-22	2.6770834241e-10	4.6809478350e-11	1.5455499533e-15	1.0118883101e-05	1.2297593569e-10	6.6549645792e-05	2.9410118933e-12	5.4638727460e-11	1.0854779532e-13	1.8474168505e-20	5.6352720620e-05	6.0862055586e-17	2.9695781797e-19	1.6627466635e-16	2.7269809915e-13	4.3028615160e-12	2.7805540603e-14	5.0594678228e-22	9.9292948930e-49	2.1684313744e-12	2.1411989380e-17	9.7378779121e-27	6.5243216305e-34	2.9495316091e-21	7.9363470842e-22	1.2637354317e-08	3.0703830145e-13	1.5538595349e-22	1.5182781878e-27	1.1992715535e-20	9.1387808788e-10	1.6584767097e-11	1.5122334049e-08	8.8565832646e-13	1.5568652220e-19	1.1244774498e-17	2.5919807993e-26	2.2317667185e-11	7.6133982614e-17	1.2745443605e-12	1.5629279624e-15	1.9678532856e-10	4.7052447867e-25	1.8105903163e-19	8.2016294515e-27	1.6185554548e-24	3.3730894258e-50	1.0854550587e-16	2.3720457082e-24	2.2317667185e-11	1.3898820973e-26	1.8815800233e-31
5.6898660300e-05	1.5854161369e+03	4.8333802685e+14	2.5994115454e+14	2.3054784965e+00	7.2762672295e-19	5.7215834688e-03	1.3505549360e-01	4.8568077588e-13	2.7914195572e-10	2.1076325686e-07	5.2327055845e-07	7.9954559262e-11	7.5971698900e-10	8.0319916603e-09	8.0078700616e-15	2.5009561264e-07	3.8380202179e-06	6.8503365811e-05	1.6545185251e-14	4.0170964071e-06	8.1638366508e-08	0.0000000000e+00	1.9314541095e-19	1.6548131295e-12	1.1359795610e-16	1.7309411723e-13	7.7682441443e-18	1.9336072766e-19	9.9115481465e-15	1.0919842976e-15	7.9792500882e-15	7.4198415047e-17	2.2052874568e-19	9.4104243790e-31	9.9334803503e-27	4.6342281855e-04	3.6895328374e-08	1.0706382968e-27	4.9075997478e-24	2.3724247653e-19	4.5616199792e-26	1.4874048207e-24	4.6971471123e-31	3.4357603479e-31	3.3460981648e-34	5.8737106379e-22	3.0737057857e-23	3.0461235552e-22	3.9041694982e-28	5.5947246530e-22	8.4058757180e-24	2.3708174128e-30	9.0756333364e-27	7.1212065910e-22	1.4533757256e-33	5.3930692592e-29	3.3717287014e-46	2.5165496772e-38	8.6874404060e-46	1.3517692236e-13	1.2522752183e-17	4.5028825311e-24	8.2137073464e-36	5.8720325676e-08	3.2716636136e-19	8.5827698789e-01	3.1949681446e-13	3.0782732040e-22	2.0120106543e-04	1.6856807732e-11	9.0640391656e-29	5.9000249981e-12	7.0857713941e-23	1.4570035356e-37	5.8221333285e-05	2.2972646801e-20	7.3823258440e-44	4.3812369016e-56	1.1000842540e-67	2.9975139706e-14	2.3195328637e-31	2.4536928462e-17	2.1183737420e-27	4.5359421877e-29	8.2407842643e-30	7.1640258260e-22	2.5216743605e-28	9.9458479203e-21	7.1566746405e-34	6.8400371744e-35	6.5000850570e-39	5.3936473662e-47	4.1226208274e-47	2.8147494413e-43	1.0414795911e-38	9.2736709442e-46	1.5552079008e-43	2.6786055524e-49	1.0425105227e-48	2.9466650548e-56	6.0020864571e-64	5.0312664577e-63	9.3536937983e-27	2.0935163335e-27	1.3944552992e-25	2.0435895091e-33	7.9667997421e-40	5.3988202225e-35	2.6974030494e-29	1.0483742913e-37	5.5947246530e-22	1.6431535539e-29	8.8028178050e-20	3.5627346726e-32	3.4953993997e-33	1.7434910229e-39	2.2735779738e-37	3.3999811282e-25	1.6562620321e-36	2.4917770554e-36	1.2839997114e-63	4.4213689757e-65	1.8860219209e-34	1.5217718880e-07	1.1353505916e-08	1.1018765375e-08	1.3827905702e-14	1.8435057053e-29	2.9397804448e-17	8.6417059381e-29	7.1555044181e-16	1.8235065192e-21	3.4388269927e-07	1.5182594722e-12	7.3793423259e-25	2.2019527811e-29	5.4884569585e-30	1.0453987732e-29	1.6387278286e-29	3.5597390038e-12	5.3482551769e-08	5.4283524209e-11	4.0664675833e-07	1.0544039724e-05	1.8469166581e-08	1.8098484315e-11	2.8592879097e-13	5.8186439549e-22	2.3940215483e-10	4.1743349954e-11	1.1149185870e-15	1.1154025438e-05	1.2130977587e-10	6.6513793388e-05	2.3695001234e-12	4.4155249070e-11	1.0802481258e-13	1.8375907200e-20	5.6322666817e-05	9.2081228019e-17	1.9336072766e-19	2.0336568109e-16	2.1797347110e-13	4.7363257644e-12	3.0309652635e-14	4.9330700471e-22	6.1951721225e-49	2.3888097595e-12	2.3588892285e-17	1.0713899865e-26	5.8191678766e-34	1.3953666777e-21	3.0432703753e-22	1.2631112837e-08	1.6313593641e-13	1.0215880178e-22	9.9762407618e-28	7.9217999810e-21	7.3980054246e-10	1.0874999848e-11	1.5142995329e-08	8.8740988362e-13	1.5588575219e-19	5.9753930088e-18	1.3823043458e-26	1.8134324083e-11	6.1888579061e-17	1.0328636134e-12	1.0251800912e-15	1.2966107637e-10	1.3419672715e-25	7.8083776793e-20	2.3171562649e-27	5.6467722802e-25	9.6699580070e-51	5.7792673274e-17	1.2627411213e-24	1.8134324083e-11	9.1850475820e-27	1.2429727516e-31
3.7275937200e-05	1.5852303148e+03	3.1647455167e+14	1.7031483552e+14	2.3039416105e+00	7.2289211865e-19	7.0496877027e-03	1.3496546245e-01	5.9730199979e-13	4.2446396845e-10	2.8335145318e-07	5.2313678701e-07	7.9632918111e-11	7.5743525889e-10	8.0183184515e-09	7.9952657272e-15	2.4992957409e-07	3.8354701502e-06	6.8457710264e-05	2.0376908835e-14	4.0144185164e-06	8.1332550550e-08	0.0000000000e+00	1.5537428775e-19	1.0815689907e-12	7.4297579263e-17	1.3972073412e-13	5.0638744273e-18	1.2600452674e-19	6.4799139949e-15	5.7700906024e-16	3.4170228273e-15	5.9795968371e-17	1.7792409799e-19	6.1251999811e-31	6.4733221370e-27	4.6311388904e-04	3.6905216894e-08	6.9605860303e-28	2.5867108021e-24	1.0144653593e-19	1.5767807893e-26	4.1676940796e-25	1.0639142387e-31	6.3057784287e-32	9.3697520904e-35	3.1034143498e-22	1.6234664192e-23	1.3039417223e-22	1.3510857777e-28	2.3945838926e-22	4.4391071017e-24	1.2487366959e-30	3.8806977859e-27	4.6430012443e-22	6.1894174414e-34	2.3084090196e-29	9.3889294016e-47	4.6080000896e-39	1.5907364294e-46	1.3460647752e-13	1.2479109067e-17	4.4872510493e-24	8.1762229585e-36	7.2360123472e-08	4.0263473555e-19	8.5703962964e-01	2.5772031351e-13	2.0086956212e-22	2.0104611603e-04	1.1021341162e-11	3.8734342050e-29	7.2697093123e-12	8.7215576560e-23	1.7898888601e-37	5.8182523855e-05	2.2904068149e-20	7.3367409649e-44	4.3501040411e-56	1.0905409639e-67	4.5612511317e-14	3.5195500556e-31	1.9788781562e-17	1.1179500423e-27	1.2706207213e-29	2.8489390294e-30	3.0645812567e-22	8.7199953349e-29	5.2530260671e-21	1.9999259381e-34	1.2538414627e-35	9.6395515546e-40	5.2360304206e-48	3.2429914276e-48	6.3537320106e-44	1.9068548515e-39	1.3723853648e-46	1.8658085315e-44	2.5984362302e-50	8.1955515648e-50	1.5171118338e-57	2.4974277080e-65	1.6962977245e-64	3.2354064339e-27	5.8668856496e-28	5.9704635615e-26	4.6246926295e-34	9.5688361839e-41	1.8654823052e-35	7.5610040565e-30	2.3738559561e-38	2.3945838926e-22	5.6852209490e-30	8.7738826016e-20	9.9702178314e-33	1.4900602816e-33	3.9440605120e-40	4.1696725429e-38	2.2169222059e-25	8.7348366886e-37	1.0643255550e-36	4.3320062814e-65	1.8400787822e-66	3.4574640918e-35	1.5206057826e-07	1.1362881020e-08	1.1019739039e-08	1.1148827831e-14	7.8680957006e-30	2.3714234579e-17	3.6932354263e-29	5.7797707993e-16	1.1886734114e-21	3.4365374778e-07	1.2284756883e-12	5.9608106436e-25	1.4361983093e-29	2.8988119033e-30	4.4732170032e-30	5.6818740988e-30	2.8763153045e-12	5.3446895204e-08	4.3844417821e-11	4.8370011241e-07	9.3019287648e-06	2.4861026838e-08	2.4389560113e-11	3.4013696203e-13	7.8356562550e-22	2.1136430729e-10	3.6775446874e-11	7.9444045969e-16	1.2147925067e-05	1.1673729165e-10	6.6469454460e-05	1.9102268408e-12	3.5679213191e-11	1.0761538732e-13	1.8306004939e-20	5.6285372202e-05	1.3978378411e-16	1.2600452674e-19	2.4955683964e-16	1.6985222940e-13	5.1545169778e-12	3.1839419015e-14	4.5772490744e-22	3.4983923415e-49	2.6014575864e-12	2.5697430762e-17	1.1665274119e-26	5.1334224641e-34	6.5137746377e-22	1.1505578521e-22	1.2623621272e-08	8.6506647479e-14	6.7067876822e-23	6.5490763868e-28	5.2200810753e-21	5.9848747437e-10	7.1220046012e-12	1.5157279611e-08	8.8888384718e-13	1.5612267836e-19	3.1698751012e-18	7.3571969300e-27	1.4715783723e-11	5.0251333586e-17	8.3641848968e-13	6.7174313062e-16	8.5218947487e-11	3.8045946599e-26	3.3578007656e-20	6.5233912404e-28	1.9640775237e-25	2.7560233331e-51	3.0700354348e-17	6.7107881704e-25	1.4715783723e-11	6.0562175843e-27	8.1961725564e-32
2.4420530900e-05	1.5851084882e+03	2.0717659564e+14	1.1158668776e+14	2.3020431528e+00	7.1924438455e-19	8.6905757444e-03	1.3485425033e-01	7.3559594207e-13	6.4654245165e-10	3.7664154005e-07	5.2286311340e-07	7.9360939741e-11	7.5533566910e-10	8.0044494435e-09	7.9839213826e-15	2.4972418140e-07	3.8323165327e-06	6.8401309218e-05	2.5124115761e-14	4.0111106185e-06	8.1037936527e-08	0.0000000000e+00	1.2510434984e-19	7.0649136620e-13	4.8572792830e-17	1.1279682872e-13	3.3013106142e-18	8.2128969100e-20	4.2342233724e-15	3.0464122347e-16	1.4608300795e-15	4.8214370783e-17	1.4362564174e-19	3.9911182527e-31	4.2212304550e-27	4.6273227628e-04	3.6911846305e-08	4.5301981340e-28	1.3635386169e-24	4.3330662981e-20	5.4443489930e-27	1.1654092471e-25	2.4049425234e-32	1.1540712332e-32	2.6199845899e-35	1.6390417210e-22	8.5723064477e-24	5.5752578066e-23	4.6704267183e-29	1.0238222517e-22	2.3438607852e-24	6.5809412863e-31	1.6582750632e-27	3.0286880303e-22	2.6367682748e-34	9.8746196429e-30	2.6150463459e-47	8.4216678454e-40	2.9085725924e-47	1.3415143317e-13	1.2447806392e-17	4.4777857836e-24	8.1562996744e-36	8.9245283372e-08	4.9635726974e-19	8.5551081957e-01	2.0791799799e-13	1.3109328516e-22	2.0085448895e-04	7.2004778796e-12	1.6543224633e-29	8.9674711795e-12	1.0755177958e-22	2.2052997643e-37	5.8134582208e-05	2.2859298875e-20	7.3127465726e-44	4.3349076445e-56	1.0860293878e-67	6.9536261972e-14	5.3576422410e-31	1.5966366990e-17	5.8998357274e-28	3.5529787923e-30	9.8394378039e-31	1.3095189843e-22	3.0121545002e-29	2.7732156912e-21	5.5829005689e-35	2.2930553255e-36	1.4258448331e-40	5.0670308838e-49	2.5409679751e-49	1.4332026066e-44	3.4847928875e-40	2.0273055228e-47	2.2322574652e-45	2.5135218942e-51	6.4191585731e-51	7.7765931707e-59	1.0346972807e-66	5.6899990098e-66	1.1178773133e-27	1.6410841135e-28	2.5537235852e-26	1.0448556142e-34	1.1456061330e-41	6.4421477689e-36	2.1156381380e-30	5.3670305737e-39	1.0238222517e-22	1.9650120118e-30	8.7544575094e-20	2.7864704071e-33	6.3530600710e-34	8.9105961633e-41	7.6297168007e-39	1.4461002099e-25	4.6094517982e-37	4.5460180256e-37	1.4539476993e-66	7.6255016771e-68	6.3233488632e-36	1.5192148679e-07	1.1368788484e-08	1.1017920718e-08	8.9898570289e-15	3.3566487431e-30	1.9132692385e-17	1.5772750380e-29	4.6680736004e-16	7.7495850287e-22	3.4337080979e-07	9.9331258318e-13	4.8163041363e-25	9.3707833141e-30	1.5307128557e-30	1.9122302867e-30	1.9665722100e-30	2.3235985174e-12	5.3402849971e-08	3.5409998421e-11	5.6156610464e-07	8.1021937972e-06	3.3086172323e-08	3.2495448616e-11	3.9506870378e-13	1.0439066494e-21	1.8428037639e-10	3.2005442964e-11	5.5911507309e-16	1.3071723883e-05	1.0961719917e-10	6.6414683922e-05	1.5402467602e-12	2.8823678345e-11	1.0726438246e-13	1.8253264927e-20	5.6239220412e-05	2.1268374880e-16	8.2128969100e-20	3.0689589073e-16	1.2908414816e-13	5.5450370288e-12	3.2246693014e-14	4.0445569469e-22	1.7908737639e-49	2.8002329786e-12	2.7677909886e-17	1.2564765009e-26	4.4781928409e-34	3.0007812907e-22	4.2900439669e-23	1.2614224529e-08	4.5797799927e-14	4.3984552637e-23	4.2965381002e-28	3.4344818216e-21	4.8387756907e-10	4.6591760042e-12	1.5167189727e-08	8.9023114406e-13	1.5640601121e-19	1.6792771586e-18	3.9105846332e-27	1.1931173176e-11	4.0774100724e-17	6.7695923434e-13	4.3977523381e-16	5.5907728272e-11	1.0740444453e-26	1.4407415047e-20	1.8313366222e-28	6.8151384408e-26	7.8256130550e-52	1.6279986117e-17	3.5621084740e-25	1.1931173176e-11	3.9877701201e-27	5.3991927375e-32
1.5998587200e-05	1.5850286377e+03	1.3559599706e+14	7.3107308681e+13	2.2997002216e+00	7.1617441240e-19	1.0715979562e-02	1.3471700085e-01	9.0669286161e-13	9.8600508239e-10	4.9505699576e-07	5.2244482316e-07	7.9107075481e-11	7.5321443410e-10	7.9893100247e-09	7.9726833321e-15	2.4947046648e-07	3.8284216648e-06	6.8331699774e-05	3.1000283730e-14	4.0070282641e-06	8.0728790881e-08	0.0000000000e+00	1.0076385523e-19	4.6116006084e-13	3.1738588322e-17	9.1051749557e-14	2.1515575580e-18	5.3518241229e-20	2.7650723090e-15	1.6067563412e-16	6.2347435839e-16	3.8880443650e-17	1.1596302447e-19	2.6016816810e-31	2.7530866433e-27	4.6226131313e-04	3.6916393890e-08	2.9494235706e-28	7.1847564936e-25	1.8483720827e-20	1.8772387687e-27	3.2519985071e-26	5.4244457419e-33	2.1062410790e-33	7.3142984899e-36	8.6507909030e-23	4.5237714230e-24	2.3808377122e-23	1.6123790812e-29	4.3723470186e-23	1.2369613052e-24	3.4680638115e-31	7.0797427873e-28	1.9757395188e-22	1.1229351148e-34	4.2207858381e-30	7.2793187206e-48	1.5358236429e-40	5.3087815158e-48	1.3375256631e-13	1.2423918171e-17	4.4725258574e-24	8.1489046226e-36	1.1013222560e-07	6.1263315446e-19	8.5362371320e-01	1.6771430044e-13	8.5538251631e-23	2.0061769719e-04	4.7002564823e-12	7.0594119913e-30	1.1070433498e-11	1.3281200645e-22	2.7229953244e-37	5.8075415129e-05	2.2830123548e-20	7.3041578196e-44	4.3312746829e-56	1.0851841219e-67	1.0615651796e-13	8.1752097049e-31	1.2883513147e-17	3.1123442128e-28	9.9162833925e-31	3.3939537500e-31	5.5887394384e-23	1.0391094561e-29	1.4630044716e-21	1.5562599439e-35	4.1832341571e-37	2.1032854076e-41	4.8872904093e-50	1.9830909237e-50	3.2286583949e-45	6.3548159287e-41	2.9881558232e-48	2.6628318691e-46	2.4238850568e-52	5.0090364652e-52	3.9686538059e-60	4.2677808393e-68	1.8989861126e-67	3.8572681490e-28	4.5815926602e-29	1.0911000872e-26	2.3560957175e-35	1.3670913485e-42	2.2225764925e-36	5.9088949759e-31	1.2112901053e-39	4.3723470186e-23	6.7832720981e-31	8.7411253588e-20	7.7755037548e-34	2.7076216276e-34	2.0098252941e-41	1.3927764495e-39	9.4326812157e-26	2.4327181857e-37	1.9409344031e-37	4.8549920135e-68	3.1462766999e-69	1.1536027810e-36	1.5175307111e-07	1.1372367802e-08	1.1013699988e-08	7.2474414298e-15	1.4307953156e-30	1.5434379207e-17	6.7295354358e-30	3.7692430583e-16	5.0509470300e-22	3.4302152981e-07	8.0264839374e-13	3.8918805096e-25	6.1139291941e-30	8.0787220439e-31	8.1654778974e-31	6.7948140198e-31	1.8764708198e-12	5.3348492698e-08	2.8591202357e-11	6.3683765794e-07	6.9706160368e-06	4.3543906187e-08	4.2818874860e-11	4.4837112813e-13	1.3761416572e-21	1.5873207845e-10	2.7522456825e-11	3.8872928045e-16	1.3900812115e-05	1.0051605034e-10	6.6347090075e-05	1.2417207153e-12	2.3277500776e-11	1.0693221685e-13	1.8210095069e-20	5.6182208960e-05	3.2411759857e-16	5.3518241229e-20	3.7792276736e-16	9.5759234104e-14	5.8973708048e-12	3.1525988608e-14	3.4091303424e-22	8.3398415601e-50	2.9799400980e-12	2.9480243364e-17	1.3389749411e-26	3.8640942744e-34	1.3646367974e-22	1.5782462649e-23	1.2602304182e-08	2.4210531887e-14	2.8823079238e-23	2.8175334349e-28	2.2575528495e-21	3.9098335441e-10	3.0449495311e-12	1.5174085145e-08	8.9156952289e-13	1.5674756503e-19	8.8854393712e-19	2.0767197740e-27	9.6677425667e-12	3.3071750834e-17	5.4764074979e-13	2.8768808846e-16	3.6626927295e-11	3.0223468257e-27	6.1703708433e-21	5.1286157563e-29	2.3598791105e-26	2.2169349700e-52	8.6205488693e-18	1.8890477190e-25	9.6677425667e-12	2.6238722396e-27	3.5552920428e-32
1.0481131300e-05	1.5849763089e+03	8.8724138078e+13	4.7896266697e+13	2.2968111099e+00	7.1332189663e-19	1.3213890729e-02	1.3454775598e-01	1.1181577759e-12	1.5050667028e-09	6.4368410870e-07	5.2186867952e-07	7.8847448745e-11	7.5090597568e-10	7.9719327644e-09	7.9606313538e-15	2.4915741633e-07	3.8236164798e-06	6.8245860188e-05	3.8269837766e-14	4.0019942374e-06	8.0383320523e-08	0.0000000000e+00	8.1147872983e-20	3.0075939183e-13	2.0725712181e-17	7.3476561112e-14	1.4012816427e-18	3.4852524380e-20	1.8042895645e-15	8.4637391987e-17	2.6561110848e-16	3.1347033265e-17	9.3625382143e-20	1.6958546309e-31	1.7951442369e-27	4.6168055259e-04	3.6919671469e-08	1.9198103446e-28	3.7826190965e-25	7.8724719492e-21	6.4616482568e-28	9.0534946255e-27	1.2204581664e-33	3.8323885284e-34	2.0381241643e-36	4.5617052228e-23	2.3852333362e-24	1.0152622444e-23	5.5577951760e-30	1.8647517752e-23	6.5229154506e-25	1.8266437428e-31	3.0191221543e-28	1.2884600941e-22	4.7780599453e-35	1.8024022060e-30	2.0236921721e-48	2.7936238818e-41	9.6686559763e-49	1.3336686185e-13	1.2404086868e-17	4.4702406303e-24	8.1510443274e-36	1.3595635418e-07	7.5682531443e-19	8.5129631594e-01	1.3523051585e-13	5.5786471997e-23	2.0032535681e-04	3.0651923355e-12	3.0089125342e-30	1.3674413696e-11	1.6418105060e-22	3.3679503443e-37	5.8002454366e-05	2.2811206378e-20	7.3073243923e-44	4.3367005495e-56	1.0872358883e-67	1.6224820788e-13	1.2498389176e-30	1.0394123557e-17	1.6406505575e-28	2.7617176441e-31	1.1688130108e-31	2.3816667721e-23	3.5787564777e-30	7.7103554526e-22	4.3300688319e-36	7.6102429180e-38	3.0930301897e-42	4.6964998468e-51	1.5411516275e-51	7.2597405491e-46	1.1558946791e-41	4.3924471405e-49	3.1659231693e-47	2.3291837549e-53	3.8927295470e-53	2.0156812826e-61	1.7516754821e-69	6.3032514835e-69	1.3287972671e-28	1.2763594763e-29	4.6559852096e-27	5.3006260374e-36	1.6256213189e-43	7.6578279065e-37	1.6469839614e-31	2.7280226079e-40	1.8647517752e-23	2.3380331093e-31	8.7316357458e-20	2.1656479864e-34	1.1529361152e-34	4.5239560214e-42	2.5357051511e-40	6.1504920719e-26	1.2835345475e-37	8.2806250813e-38	1.6123713164e-69	1.2918820878e-70	2.0986991295e-37	1.5154750417e-07	1.1374363976e-08	1.1007203853e-08	5.8398552757e-15	6.0913347318e-31	1.2446330416e-17	2.8675564190e-30	3.0422611059e-16	3.2899405901e-22	3.4259074560e-07	6.4815597674e-13	3.1446865318e-25	3.9875596950e-30	4.2603423147e-31	3.4822198098e-31	2.3434032828e-31	1.5146997447e-12	5.3281463717e-08	2.3076418451e-11	7.0622937716e-07	5.9266023152e-06	5.6697980480e-08	5.5832059100e-11	4.9777750978e-13	1.7959525810e-21	1.3515722503e-10	2.3395309081e-11	2.6709057284e-16	1.4615798142e-05	9.0105734679e-11	6.6263738674e-05	1.0005972053e-12	1.8789929130e-11	1.0658860828e-13	1.8171169214e-20	5.6111871343e-05	4.9450825321e-16	3.4852524380e-20	4.6577692266e-16	6.9420014326e-14	6.2032876385e-12	2.9802931467e-14	2.7474450769e-22	3.5497681882e-50	3.1365347413e-12	3.1065989006e-17	1.4123117480e-26	3.2995699318e-34	6.1283790007e-23	5.7310645043e-24	1.2587209341e-08	1.2780129031e-14	1.8875489110e-23	1.8470976057e-28	1.4831699962e-21	3.1572301141e-10	1.9879536550e-12	1.5178893173e-08	8.9299832182e-13	1.5716257790e-19	4.6960152503e-19	1.1021549249e-27	7.8305325074e-12	2.6820409820e-17	4.4283087408e-13	1.8805418507e-16	2.3967657834e-11	8.4828682723e-28	2.6381302565e-21	1.4329044474e-29	8.1554728375e-27	6.2721715050e-53	4.5587339736e-18	1.0010471879e-25	7.8305325074e-12	1.7260007054e-27	2.3412727119e-32
6.8664884500e-06	1.5849420198e+03	5.8036884812e+13	3.1378891051e+13	2.2932513429e+00	7.1041591455e-19	1.6291987285e-02	1.3433922396e-01	1.3793093526e-12	2.2990713900e-09	8.2833927586e-07	5.2111318148e-07	7.8562451254e-11	7.4826256883e-10	7.9513623334e-09	7.9469621461e-15	2.4877154420e-07	3.8176939596e-06	6.8140092153e-05	4.7260158090e-14	3.9957916519e-06	7.9981233949e-08	0.0000000000e+00	6.5316563358e-20	1.9593980207e-13	1.3523757911e-17	5.9264989834e-14	9.1170134470e-19	2.2674366025e-20	1.1762420785e-15	4.4513979350e-17	1.1292013225e-16	2.5261083628e-17	7.5573459070e-20	1.1049070471e-31	1.1698535414e-27	4.6096497119e-04	3.6922270934e-08	1.2487409619e-28	1.9889618980e-25	3.3467123963e-21	2.2194035065e-28	2.5137246943e-27	2.7378505903e-34	6.9491759776e-35	5.6664388393e-37	2.4026108992e-23	1.2562038126e-24	4.3221549096e-24	1.9121301874e-30	7.9402218797e-24	3.4360449318e-25	9.6116092022e-32	1.2856286175e-28	8.3973762564e-23	2.0301682567e-35	7.6877236813e-31	5.6149748022e-49	5.0657808911e-42	1.7562010712e-49	1.3296086111e-13	1.2385944117e-17	4.4701860649e-24	8.1611115797e-36	1.6787371525e-07	9.3562801876e-19	8.4842829029e-01	1.0896938672e-13	3.6355311348e-23	1.9996477346e-04	1.9965910953e-12	1.2805476827e-30	1.6898493744e-11	2.0314557184e-22	4.1718045114e-37	5.7912556602e-05	2.2799097947e-20	7.3203096827e-44	4.3499537137e-56	1.0918210367e-67	2.4823475409e-13	1.9139817613e-30	8.3823770378e-18	8.6393021552e-29	7.6722603020e-32	4.0171118831e-32	1.0131737401e-23	1.2300473559e-30	4.0582312222e-22	1.2019373813e-36	1.3799540104e-38	4.5321037876e-43	4.4936883941e-52	1.1919352943e-52	1.6283023464e-46	2.0959905904e-42	6.4350818662e-50	3.7494171248e-48	2.2288172885e-54	3.0110037985e-54	1.0181931083e-62	7.1487235484e-71	2.0792882550e-70	4.5684696717e-29	3.5469191240e-30	1.9838813769e-27	1.1891694099e-36	1.9251917094e-44	2.6338941115e-37	4.5798467070e-32	6.1282894732e-41	7.9402218797e-24	8.0435890446e-32	8.7244941836e-20	6.0180249173e-35	4.9026448859e-35	1.0157089874e-42	4.6022278548e-41	4.0076275413e-26	6.7677625156e-38	3.5289050477e-38	5.3219567187e-71	5.2749104679e-72	3.8055831797e-38	1.5129557658e-07	1.1375263978e-08	1.0998359078e-08	4.7020573675e-15	2.5889757561e-31	1.0030738832e-17	1.2199440078e-30	2.4541400583e-16	2.1407891017e-22	3.4205989736e-07	5.2302374713e-13	2.5404650152e-25	2.5990205119e-30	2.2442552078e-31	1.4826784666e-31	8.0652046860e-32	1.2219613088e-12	5.3198875130e-08	1.8615181325e-11	7.6684424138e-07	4.9825161475e-06	7.3085673540e-08	7.2088842101e-11	5.4129345630e-13	2.3219435754e-21	1.1383459712e-10	1.9668094294e-11	1.8143541510e-16	1.5202528791e-05	7.9061245126e-11	6.6161038608e-05	8.0570828703e-13	1.5158585715e-11	1.0620835435e-13	1.8132551645e-20	5.6025182535e-05	7.5515392311e-16	2.2674366025e-20	5.7432927332e-16	4.9240205415e-14	6.4568437437e-12	2.7295938581e-14	2.1225605882e-22	1.3883008567e-50	3.2671281363e-12	3.2408405509e-17	1.4753293752e-26	2.7900612162e-34	2.7188525014e-23	2.0549992761e-24	1.2568203766e-08	6.7358639207e-15	1.2353928551e-23	1.2106574218e-28	9.7421417722e-22	2.5476790543e-10	1.2964203076e-12	1.5182255788e-08	8.9460967387e-13	1.5767036741e-19	2.4788446366e-19	5.8467544694e-28	6.3406826353e-12	2.1751364127e-17	3.5792078975e-13	1.2282713747e-16	1.5667266660e-11	2.3754713551e-28	1.1259971097e-21	3.9937328685e-30	2.8126991207e-27	1.7734698042e-53	2.4076085243e-18	5.3012412925e-26	6.3406826353e-12	1.1354891769e-27	1.5425127027e-32
4.4984326700e-06	1.5849195530e+03	3.7949500323e+13	2.0557499021e+13	2.2888690059e+00	7.0723559494e-19	2.0081675422e-02	1.3408250558e-01	1.7016075347e-12	3.5142712616e-09	1.0556099239e-06	5.2014831692e-07	7.8234389110e-11	7.4513962701e-10	7.9265809592e-09	7.9309056807e-15	2.4829638353e-07	3.8104013664e-06	6.8009881980e-05	5.8376512170e-14	3.9881558096e-06	7.9501948907e-08	0.0000000000e+00	5.2527948091e-20	1.2748363810e-13	8.8160736551e-18	4.7769939967e-14	5.9234667907e-19	1.4731308211e-20	7.6591981398e-16	2.3366468298e-17	4.7888457888e-17	2.0341530875e-17	6.0977609351e-20	7.1930053379e-32	7.6169024941e-28	4.6008402959e-04	3.6924671021e-08	8.1130775251e-29	1.0440503350e-25	1.4194829787e-21	7.6028487934e-29	6.9571615723e-28	6.1200111502e-35	1.2549585471e-35	1.5710895298e-37	1.2635291433e-23	6.6060863142e-25	1.8363205768e-24	6.5633892030e-31	3.3744539053e-24	1.8074428200e-25	5.0503788350e-32	5.4646917735e-29	5.4678555254e-23	8.6091293819e-36	3.2742471137e-31	1.5537993252e-49	9.1512446403e-43	3.1794186192e-50	1.3250615832e-13	1.2367730158e-17	4.4719515583e-24	8.1784891464e-36	2.0731245088e-07	1.1574095181e-18	8.4489718991e-01	8.7731442636e-14	2.3667653862e-23	1.9952045320e-04	1.2987024427e-12	5.4394488553e-31	2.0890787246e-11	2.5157580022e-22	5.1747997748e-37	5.7801885492e-05	2.2791598522e-20	7.3423994685e-44	4.3707285553e-56	1.0988728789e-67	3.8018277453e-13	2.9358103710e-30	6.7558154100e-18	4.5427531483e-29	2.1250220039e-32	1.3772144999e-32	4.3008690263e-24	4.2171894929e-31	2.1324522929e-22	3.3264827906e-37	2.4924487394e-39	6.6119815729e-44	4.2774416227e-53	9.1661837153e-54	3.6404730537e-47	3.7863280790e-43	9.3886951972e-51	4.4197125867e-49	2.1220089339e-55	2.3160280812e-55	5.1101905315e-64	2.8976851886e-72	6.8091025552e-72	1.5668095984e-29	9.8275072232e-31	8.4381062354e-28	2.6587022561e-37	2.2689998022e-45	9.0391779023e-38	1.2699756769e-32	1.3723830976e-41	3.3744539053e-24	2.7608975081e-32	8.7186968280e-20	1.6676393405e-35	2.0808956635e-35	2.2732393140e-43	8.3219438504e-42	2.6087616880e-26	3.5650027339e-38	1.5017017108e-38	1.7439838550e-72	2.1394802687e-73	6.8736288804e-39	1.5098628581e-07	1.1375389422e-08	1.0986928130e-08	3.7819921170e-15	1.0980390205e-31	8.0772270461e-18	5.1795536819e-31	1.9782929870e-16	1.3911494934e-22	3.4140633111e-07	4.2170044948e-13	2.0517153337e-25	1.6923989476e-30	1.1805516982e-31	6.3009242179e-32	2.7690237730e-32	9.8507080941e-13	5.3097202411e-08	1.5005697934e-11	8.1632399911e-07	4.1440093311e-06	9.3326035442e-08	9.2237552505e-11	5.7730131816e-13	2.9762128697e-21	9.4891404622e-11	1.6360333195e-11	1.2190155819e-16	1.5651361826e-05	6.7981286220e-11	6.6034607109e-05	6.4812370301e-13	1.2219977123e-11	1.0576839448e-13	1.8091113843e-20	5.5918446474e-05	1.1540642817e-15	1.4731308211e-20	7.0834300055e-16	3.4213225584e-14	6.6540684457e-12	2.4267022423e-14	1.5759811581e-22	5.0148063082e-51	3.3698306865e-12	3.3490932534e-17	1.5273552067e-26	2.3378835852e-34	1.1919659481e-23	7.2780809540e-25	1.2544420868e-08	3.5439669435e-15	8.0810722401e-24	7.9339956553e-29	6.3993141699e-22	2.0541012846e-10	8.4435848136e-13	1.5184632685e-08	8.9649756747e-13	1.5829532534e-19	1.3067027943e-19	3.1005973375e-28	5.1332830315e-12	1.7643568634e-17	2.8915266493e-13	8.0151765302e-17	1.0230721415e-11	6.6373933926e-29	4.7970443445e-22	1.1101199884e-30	9.6787458549e-28	5.0142744913e-54	1.2697537902e-18	2.8055604666e-26	5.1332830315e-12	7.4731574216e-28	1.0170992312e-32
2.9470517000e-06	1.5849048330e+03	2.4803488626e+13	1.3467929735e+13	2.2834793134e+00	7.0358325069e-19	2.4742788246e-02	1.3376677608e-01	2.0991219086e-12	5.3752703007e-09	1.3328367148e-06	5.1893488407e-07	7.7845785113e-11	7.4138446293e-10	7.8964456001e-09	7.9116621485e-15	2.4771189936e-07	3.8014312093e-06	6.7849739243e-05	7.2120636393e-14	3.9787647377e-06	7.8923200682e-08	0.0000000000e+00	4.2191407906e-20	8.2809733845e-14	5.7404875931e-18	3.8470587788e-14	3.8416546580e-19	9.5537178371e-21	4.9802263953e-16	1.2236448528e-17	2.0249124336e-17	1.6363381131e-17	4.9172441010e-20	4.6772322047e-32	4.9533354428e-28	4.5900058076e-04	3.6927323763e-08	5.2626067491e-29	5.4684240987e-26	6.0037058909e-22	2.5959152687e-29	1.9180805926e-28	1.3621087591e-35	2.2552567869e-36	4.3414686512e-38	6.6323498485e-24	3.4674868337e-25	7.7827478347e-25	2.2464929158e-31	1.4306977284e-24	9.4906150070e-26	2.6487091259e-32	2.3176164805e-29	3.5559342527e-23	3.6414350662e-36	1.3920198623e-31	4.2849396129e-50	1.6454931749e-43	5.7325943148e-51	1.3197624464e-13	1.2348040430e-17	4.4753659064e-24	8.2033216365e-36	2.5603630954e-07	1.4326533836e-18	8.4055408129e-01	7.0552456298e-14	1.5387071980e-23	1.9897352938e-04	8.4330399838e-13	2.3050537106e-31	2.5835746421e-11	3.1183284158e-22	6.4283985477e-37	5.7665774535e-05	2.2787354079e-20	7.3738231715e-44	4.3994585269e-56	1.1085654860e-67	5.8291434542e-13	4.5109216106e-30	5.4402875371e-18	2.3843012847e-29	5.8643246256e-33	4.7070614900e-33	1.8209081052e-24	1.4413860955e-31	1.1182005823e-22	9.1725992122e-38	4.4803851063e-40	9.5956217890e-45	4.0460965603e-54	7.0008133776e-55	8.1064198486e-48	6.8081792852e-44	1.3628214647e-51	5.1802594194e-50	2.0078853959e-56	1.7694839400e-56	2.5448781312e-65	1.1649246307e-73	2.2102571823e-73	5.3573183481e-30	2.7131703721e-31	3.5812167978e-28	5.9192070603e-38	2.6586836630e-46	3.0935230897e-38	3.5096704892e-33	3.0615913428e-42	1.4306977284e-24	9.4497525901e-33	8.7135593261e-20	4.6052382400e-36	8.8110428075e-36	5.0678026144e-44	1.4980426599e-42	1.6959333830e-26	1.8754325721e-38	6.3784646600e-39	5.6656323036e-74	8.6077813442e-75	1.2355983279e-39	1.5060639561e-07	1.1374961304e-08	1.0972527121e-08	3.0378406316e-15	4.6445103055e-32	6.4970770321e-18	2.1935911777e-31	1.5932614184e-16	9.0243032421e-23	3.4060248884e-07	3.3967291247e-13	1.6562992800e-25	1.1006578840e-30	6.1989689979e-32	2.6714053859e-32	9.4791531713e-33	7.9337175821e-13	5.2972158398e-08	1.2085138295e-11	8.5288857196e-07	3.4110522943e-06	1.1812508660e-07	1.1703314443e-10	6.0458610587e-13	3.7849802215e-21	7.8326525606e-11	1.3470299285e-11	8.1028598416e-17	1.5956015882e-05	5.7341835347e-11	6.5879113077e-05	5.2067357414e-13	9.8419417621e-12	1.0524567222e-13	1.8044136556e-20	5.5787164586e-05	1.7649693496e-15	9.5537178371e-21	8.7366809782e-16	2.3309070611e-14	6.7924698412e-12	2.0976780058e-14	1.1271251032e-22	1.6805972351e-51	3.4435037254e-12	3.4304754054e-17	1.5680916999e-26	1.9425881814e-34	5.1645308618e-24	2.5460887094e-25	1.2514821632e-08	1.8607666144e-15	5.2829889436e-24	5.1990451068e-29	4.2045353123e-22	1.6545033605e-10	5.4909457741e-13	1.5186376328e-08	8.9876592415e-13	1.5906831071e-19	6.8772679209e-20	1.6438678652e-28	4.1552124191e-12	1.4316195202e-17	2.3346986612e-13	5.2248587847e-17	6.6731776505e-12	1.8502878980e-29	2.0393597582e-22	3.0761254486e-31	3.3218842135e-28	1.4183034832e-54	6.6859921491e-19	1.4837705493e-26	4.1552124191e-12	4.9218999897e-28	6.7145553438e-33
1.9306977300e-06	1.5848951890e+03	1.6202457317e+13	8.8232790730e+12	2.2768584133e+00	6.9926529834e-19	3.0468946697e-02	1.3337892213e-01	2.5890941803e-12	8.2274998408e-09	1.6679942863e-06	5.1742344924e-07	7.7378088271e-11	7.3682714089e-10	7.8596310010e-09	7.8883514999e-15	2.4699381676e-07	3.7904109356e-06	6.7653012684e-05	8.9113906249e-14	3.9672283933e-06	7.8219900435e-08	0.0000000000e+00	3.3834200870e-20	5.3683283941e-14	3.7325202820e-18	3.0946957891e-14	2.4858393852e-19	6.1818686061e-21	3.2325841830e-16	6.3891087914e-18	8.5313311183e-18	1.3145861758e-17	3.9622651471e-20	3.0366652926e-32	3.2161216077e-28	4.5766962433e-04	3.6930735611e-08	3.4064520513e-29	2.8562572122e-26	2.5304827035e-22	8.8275946529e-30	5.2631930819e-29	3.0155189244e-36	4.0287282185e-37	1.1947716628e-38	3.4732055280e-24	1.8158095107e-25	3.2886268895e-25	7.6623710916e-32	6.0482975914e-25	4.9722501820e-26	1.3857885884e-32	9.8019361468e-30	2.3088715761e-23	1.5352219537e-36	5.9049864384e-32	1.1765223690e-50	2.9419078834e-44	1.0284214233e-51	1.3134419353e-13	1.2325654208e-17	4.4804432721e-24	8.2364038258e-36	3.1622304703e-07	1.7745317356e-18	8.3521854829e-01	5.6655552042e-14	9.9865202562e-24	1.9830109927e-04	5.4644081930e-13	9.7392278420e-32	3.1963474003e-11	3.8691120688e-22	7.9988719618e-37	5.7498570609e-05	2.2785608071e-20	7.4156214932e-44	4.4372419920e-56	1.1212946762e-67	8.9488751668e-13	6.9445640084e-30	4.3761413746e-18	1.2485269056e-29	1.6111318801e-33	1.6026613282e-33	7.6845343496e-25	4.9077006334e-32	5.8484095573e-23	2.5177994003e-38	8.0069369500e-41	1.3835984544e-45	3.7979463507e-55	5.3025316756e-56	1.7960389147e-48	1.2171998394e-44	1.9657812184e-52	6.0294871365e-51	1.8855661743e-57	1.3408303549e-57	1.2553955858e-66	4.6363259679e-75	7.0980680960e-75	1.8249797076e-30	7.4577247245e-32	1.5158650906e-28	1.3109936985e-38	3.0932471226e-47	1.0550598938e-38	9.6591220572e-34	6.7978362632e-43	6.0482975914e-25	3.2231027366e-33	8.7086076137e-20	1.2663577266e-36	3.7195061964e-36	1.1243244424e-44	2.6818193344e-43	1.1006511642e-26	9.8492482025e-39	2.7028932668e-39	1.8212714657e-75	3.4291413079e-76	2.2081560728e-40	1.5013995541e-07	1.1374148264e-08	1.0954631563e-08	2.4359251634e-15	1.9579621674e-32	5.2188154979e-18	9.2612426061e-32	1.2817102276e-16	5.8410528207e-23	3.3961498452e-07	2.7327777802e-13	1.3363627035e-25	7.1467225728e-31	3.2477395796e-32	1.1293259987e-32	3.2334857150e-33	6.3824733768e-13	5.2818549540e-08	9.7219810278e-12	8.7529895509e-07	2.7793058136e-06	1.4827503756e-07	1.4734669823e-10	6.2230657510e-13	4.7792454468e-21	6.4041462412e-11	1.0979965875e-11	5.3289598162e-17	1.6112331851e-05	4.7481196507e-11	6.5688098323e-05	4.1758607126e-13	7.9176041359e-12	1.0461549263e-13	1.7989029591e-20	5.5625885345e-05	2.7012627793e-15	6.1818686061e-21	1.0774751696e-15	1.5580750919e-14	6.8704993850e-12	1.7652561945e-14	7.7776766974e-23	5.2429099818e-52	3.4874890343e-12	3.4846119626e-17	1.5974952130e-26	1.6015792083e-34	2.2112024878e-24	8.7959236625e-26	1.2478152569e-08	9.7458952245e-16	3.4515311969e-24	3.4067051286e-29	2.7637218003e-22	1.3310422972e-10	3.5642792686e-13	1.5187791090e-08	9.0153669178e-13	1.6002855689e-19	3.6127265833e-20	8.7136685025e-29	3.3631595763e-12	1.1621850593e-17	1.8839010346e-13	3.4016628109e-17	4.3472030840e-12	5.1447133750e-30	8.6483966384e-23	8.4922666773e-32	1.1365995637e-28	4.0150520801e-55	3.5140482442e-19	7.8412799601e-27	3.3631595763e-12	3.2449136262e-28	4.4398605567e-33
1.2648552200e-06	1.5848888706e+03	1.0576870403e+13	5.7804051410e+12	2.2687365044e+00	6.9407807783e-19	3.7493514446e-02	1.3290313872e-01	3.1926086406e-12	1.2603173637e-08	2.0694165302e-06	5.1555300979e-07	7.6810636244e-11	7.3127258136e-10	7.8145750624e-09	7.8599705978e-15	2.4611287456e-07	3.7768914778e-06	6.7411685720e-05	1.1012631124e-13	3.9530766712e-06	7.7363163598e-08	0.0000000000e+00	2.7076556658e-20	3.4715611470e-14	2.4226632681e-18	2.4859988308e-14	1.6039585662e-19	3.9887334333e-21	2.0936689761e-16	3.3238982937e-18	3.5785629222e-18	1.0543380890e-17	3.1896724248e-20	1.9676521910e-32	2.0840175917e-28	4.5603692294e-04	3.6935557125e-08	2.1990816416e-29	1.4867094954e-26	1.0620177598e-22	2.9868772169e-30	1.4358594586e-29	6.6324076985e-37	7.1442879661e-38	3.2713957072e-39	1.8135584843e-24	9.4812673955e-26	1.3845080041e-25	2.6022571745e-32	2.5478294620e-25	2.5977963951e-26	7.2283983053e-33	4.1313622499e-30	1.4961532397e-23	6.4461085964e-37	2.4981027334e-32	3.2128286589e-51	5.2227884893e-45	1.8335715827e-52	1.3058086729e-13	1.2299416719e-17	4.4873576857e-24	8.2791566726e-36	3.9056123980e-07	2.1996573102e-18	8.2867314316e-01	4.5413892652e-14	6.4676204231e-24	1.9747546909e-04	3.5316345516e-13	4.0999676570e-32	3.9561675723e-11	4.8063064326e-22	9.9722976275e-37	5.7293460173e-05	2.2786061867e-20	7.4696248859e-44	4.4858574672e-56	1.1376894074e-67	1.3758969220e-12	1.0715571691e-29	3.5152925008e-18	6.5190124557e-30	4.4020811915e-34	5.4310927054e-34	3.2301304938e-25	1.6631344268e-32	3.0490543906e-23	6.8723063519e-39	1.4206845467e-41	1.9792455384e-46	3.5314876007e-56	3.9753399790e-57	3.9544960447e-49	2.1608961238e-45	2.8135333555e-53	6.9580293626e-52	1.7542772545e-58	1.0058051348e-58	6.1213458523e-68	1.8225663173e-76	2.2497333528e-76	6.1882765600e-31	2.0389091800e-32	6.3954525173e-29	2.8850615122e-39	3.5676237102e-48	3.5829572507e-39	2.6448493014e-34	1.5006183332e-43	2.5478294620e-25	1.0946071695e-33	8.7035105238e-20	3.4640610369e-37	1.5642093778e-36	2.4795176404e-45	4.7686400500e-44	7.1280166224e-27	5.1614516544e-39	1.1420169992e-39	5.7795292221e-77	1.3496292937e-77	3.9179773850e-41	1.4956777724e-07	1.1373107116e-08	1.0932574119e-08	1.9490816784e-15	8.2197476558e-33	4.1847765723e-18	3.8950544110e-32	1.0296273010e-16	3.7702028434e-23	3.3840357769e-07	2.1954466825e-13	1.0774892740e-25	4.6311503096e-31	1.6968187291e-32	4.7572157083e-33	1.0982125569e-33	5.1272822277e-13	5.2630116211e-08	7.8099267352e-12	8.8278859728e-07	2.2415312043e-06	1.8464382003e-07	1.8416995350e-10	6.2994251728e-13	5.9954555466e-21	5.1872180076e-11	8.8602820140e-12	3.4669194350e-17	1.6117217174e-05	3.8608271839e-11	6.5453779010e-05	3.3420688320e-13	6.3605175942e-12	1.0385018588e-13	1.7923126488e-20	5.5428036856e-05	4.1376527111e-15	3.9887334333e-21	1.3285342213e-15	1.0220624200e-14	6.8870881724e-12	1.4471970855e-14	5.1831299605e-23	1.5254600816e-52	3.5013721754e-12	3.5113960383e-17	1.6156673017e-26	1.3107988907e-34	9.3510588016e-25	2.9990801353e-26	1.2432902366e-08	5.0892003546e-16	2.2533379444e-24	2.2322517171e-29	1.8178318728e-22	1.0692537031e-10	2.3084925604e-13	1.5189186292e-08	9.0495890254e-13	1.6122627637e-19	1.8934936521e-20	4.6181011787e-29	2.7218986809e-12	9.4406829384e-18	1.5189970624e-13	2.2113160110e-17	2.8277830336e-12	1.4262208975e-30	3.6566527467e-23	2.3339547551e-32	3.8744576892e-29	1.1380584354e-55	1.8428428406e-19	4.1403047327e-27	2.7218986809e-12	2.1422323326e-28	2.9419055566e-33
8.2864277300e-07	1.5848847312e+03	6.8988505684e+12	3.7869183600e+12	2.2587904876e+00	6.8779686130e-19	4.6095956254e-02	1.3232049863e-01	3.9353841976e-12	1.9324113691e-08	2.5453023483e-06	5.1324944830e-07	7.6119784568e-11	7.2449350412e-10	7.7594249094e-09	7.8253553081e-15	2.4503402848e-07	3.7603350240e-06	6.7116158089e-05	1.3611284343e-13	3.9357465993e-06	7.6319488835e-08	0.0000000000e+00	2.1612678193e-20	2.2381495651e-14	1.5690874350e-18	1.9935736605e-14	1.0312858635e-19	2.5645889317e-21	1.3524005370e-16	1.7215020817e-18	1.4929334872e-18	8.4385014941e-18	2.5646354116e-20	1.2718194748e-32	1.3470694604e-28	4.5403752473e-04	3.6942696039e-08	1.4148940267e-29	7.7052038258e-27	4.4337553205e-23	1.0043949068e-30	3.8893153292e-30	1.4470368423e-37	1.2555603814e-38	8.9016653891e-40	9.4356899954e-25	4.9329332078e-26	5.8023845959e-26	8.7908663763e-33	1.0685688330e-25	1.3525858990e-26	3.7561775575e-33	1.7339582572e-30	9.6709573369e-24	2.6929015395e-37	1.0532915035e-32	8.7143178268e-52	9.1918612996e-46	3.2441771703e-53	1.2965345051e-13	1.2268157149e-17	4.4964397455e-24	8.3336780523e-36	4.8236994013e-07	2.7290820875e-18	8.2065746161e-01	3.6321247682e-14	4.1775692539e-24	1.9646331286e-04	2.2752076670e-13	1.7182057680e-32	4.8991140931e-11	5.9789828028e-22	1.2461647652e-36	5.7042283677e-05	2.2788817077e-20	7.5385283301e-44	4.5478624268e-56	1.1586530158e-67	2.1193151841e-12	1.6579849639e-29	2.8189312432e-18	3.3916631384e-30	1.1946674955e-34	1.8298106486e-34	1.3511208472e-25	5.6033635241e-33	1.5833371968e-23	1.8627742173e-39	2.4985433412e-42	2.8037792017e-47	3.2457367392e-57	2.9430684953e-58	8.6399517512e-50	3.8030673879e-46	3.9883960215e-54	7.9452476858e-53	1.6135009197e-59	7.4517152169e-60	2.9424250450e-69	7.0564571776e-78	7.0162408366e-78	2.0864896217e-31	5.5374954839e-33	2.6874304234e-29	6.2990831075e-40	4.0708852827e-49	1.2103426462e-39	7.1969588262e-35	3.2889613329e-44	1.0685688330e-25	3.6977526469e-34	8.6980419479e-20	9.4147733746e-38	6.5472338627e-37	5.4279847567e-46	8.4089399013e-45	4.6040540701e-27	2.6976104894e-39	4.8077921210e-40	1.8051672115e-78	5.2331683755e-79	6.8905161112e-42	1.4886687901e-07	1.1372022912e-08	1.0905537815e-08	1.5553791030e-15	3.4329846166e-33	3.3483918212e-18	1.6304077059e-32	8.2568277775e-17	2.4251702129e-23	3.3692007743e-07	1.7606688581e-13	8.6802963249e-26	2.9935468194e-31	8.8347988113e-33	1.9951826587e-33	3.7101082079e-34	4.1117688558e-13	5.2399362190e-08	6.2630294319e-12	8.7500414297e-07	1.7888388041e-06	2.2815051130e-07	2.2861225751e-10	6.2724655507e-13	7.4761704653e-21	4.1617311002e-11	7.0759234166e-12	2.2301386674e-17	1.5967962139e-05	3.0823978307e-11	6.5166833642e-05	2.6677891467e-13	5.1007521823e-12	1.0291797298e-13	1.7843527848e-20	5.5185747892e-05	6.3439160763e-15	2.5645889317e-21	1.6375440719e-15	6.5776687815e-15	6.8413324942e-12	1.1559128868e-14	3.3360710425e-23	4.1402371744e-53	3.4848177373e-12	3.5108156501e-17	1.6227740573e-26	1.0653556462e-34	3.9027259153e-25	1.0082325458e-26	1.2377257320e-08	2.6478058816e-16	1.4698452499e-24	1.4627530780e-29	1.1967440311e-22	8.5741882090e-11	1.4910831073e-13	1.5190931914e-08	9.0921971873e-13	1.6272624094e-19	9.8966339914e-21	2.4471943844e-29	2.2028270053e-12	7.6753939736e-18	1.2236638719e-13	1.4348696580e-17	1.8361962537e-12	3.9398246069e-31	1.5405061183e-23	6.3794692939e-33	1.3147510983e-29	3.2315032227e-56	9.6384475413e-20	2.1839350156e-27	2.2028270053e-12	1.4167825947e-28	1.9545607272e-33
5.4286754400e-07	1.5848820194e+03	4.4953228863e+12	2.4809226051e+12	2.2466365999e+00	6.8016716981e-19	5.6608211004e-02	1.3160852091e-01	4.8486997296e-12	2.9662850839e-08	3.1029334536e-06	5.1042390422e-07	7.5278170959e-11	7.1622418065e-10	7.6919840450e-09	7.7831468239e-15	2.4371565233e-07	3.7401027580e-06	6.6755026986e-05	1.6825947454e-13	3.9145695036e-06	7.5050129082e-08	0.0000000000e+00	1.7195978907e-20	1.4375576500e-14	1.0135652566e-18	1.5952777630e-14	6.6018418986e-20	1.6417300304e-21	8.7071082069e-17	8.8667283361e-19	6.1867823889e-19	6.7364092314e-18	2.0590172976e-20	8.1953748831e-33	8.6804224168e-29	4.5159428251e-04	3.6953471532e-08	9.0655814445e-30	3.9721596293e-27	1.8390322029e-23	3.3517715051e-31	1.0442704142e-30	3.1258754863e-38	2.1822128440e-39	2.4036491568e-40	4.8875699460e-25	2.5551854287e-26	2.4182008879e-26	2.9503460209e-33	4.4574870732e-26	7.0126737579e-27	1.9427530291e-33	7.2397380260e-31	6.2319419407e-24	1.1179304581e-37	4.4228598104e-33	2.3438991606e-52	1.6004916657e-46	5.6861889238e-54	1.2852420701e-13	1.2230632130e-17	4.5081927846e-24	8.4028673433e-36	5.9574679369e-07	3.3896419059e-18	8.1086220424e-01	2.8968580190e-14	2.6895549607e-24	1.9522476232e-04	1.4600134717e-13	7.1606167424e-33	6.0706014751e-11	7.4507304587e-22	1.5617041702e-36	5.6735349541e-05	2.2794387329e-20	7.6260645068e-44	4.6267850045e-56	1.1854395386e-67	3.2717294138e-12	2.5739991984e-29	2.2557091763e-18	1.7568098876e-30	3.2152588076e-35	6.1207939714e-35	5.6175257803e-26	1.8743558845e-33	8.1820052544e-24	5.0059398937e-40	4.3465153629e-43	3.9242393455e-48	2.9406324862e-58	2.1453363171e-59	1.8697645683e-50	6.6219117694e-47	5.5872641707e-55	8.9552738030e-54	1.4631695306e-60	5.4368812094e-61	1.3896896135e-70	2.6813276838e-79	2.1450378124e-79	6.9859231641e-32	1.4917207639e-33	1.1237192917e-29	1.3619664799e-40	4.5842147360e-50	4.0620002362e-40	1.9433692036e-35	7.1451760133e-45	4.4574870732e-26	1.2410174537e-34	8.6920653938e-20	2.5385031256e-38	2.7245157272e-37	1.1774939193e-46	1.4676821215e-45	2.9640963571e-27	1.4052412883e-39	2.0150312385e-40	5.5291383170e-80	1.9922065849e-80	1.1986888762e-42	1.4800991927e-07	1.1371155571e-08	1.0872548017e-08	1.2371020920e-15	1.4246781852e-33	2.6720351965e-18	6.7847793210e-33	6.6071418005e-17	1.5533434252e-23	3.3510724374e-07	1.4089550999e-13	6.9856586654e-26	1.9290459374e-31	4.5805381893e-33	8.3227878816e-34	1.2452031454e-34	3.2903299922e-13	5.2117383744e-08	5.0117867704e-12	8.5198429900e-07	1.4116773835e-06	2.7972190291e-07	2.8188744689e-10	6.1422055949e-13	9.2707519363e-21	3.3060531242e-11	5.5890921697e-12	1.4172478692e-17	1.5662045639e-05	2.4147242181e-11	6.4816190549e-05	2.1226756781e-13	4.0817384890e-12	1.0178199869e-13	1.7746978639e-20	5.4889668311e-05	9.7377825692e-15	1.6417300304e-21	2.0175172648e-15	4.1496993124e-15	6.7323757117e-12	8.9892458890e-15	2.0721025907e-23	1.0464324169e-53	3.4374990396e-12	3.4828657126e-17	1.6190019555e-26	8.6003225014e-35	1.6054722640e-25	3.3370266516e-27	1.2309057285e-08	1.3714236889e-16	9.5781972393e-25	9.5862080580e-30	7.8879671337e-23	6.8604768155e-11	9.5989683150e-14	1.5193525983e-08	9.1455870571e-13	1.6461275458e-19	5.1551300056e-21	1.2966824402e-29	1.7827455187e-12	6.2470848386e-18	9.8467723174e-14	9.2897186492e-18	1.1898010318e-12	1.0837407340e-31	6.4614698875e-24	1.7320835853e-33	4.4367757691e-30	9.1975215925e-57	5.0247411967e-20	1.1506184890e-27	1.7827455187e-12	9.3915001694e-29	1.3030029446e-33
3.5564803100e-07	1.5848802427e+03	2.9256002931e+12	1.6253250695e+12	2.2318238348e+00	6.7089820682e-19	6.9420384357e-02	1.3074078551e-01	5.9704607473e-12	4.5596553693e-08	3.7475456145e-06	5.0697126155e-07	7.4254135604e-11	7.0615538664e-10	7.6096634241e-09	7.7317635293e-15	2.4210882444e-07	3.7154439090e-06	6.6314891571e-05	2.0804175008e-13	3.8887595447e-06	7.3510768317e-08	0.0000000000e+00	1.3627459377e-20	9.1908818147e-15	6.5260140804e-19	1.2732099357e-14	4.2034254310e-20	1.0452943668e-21	5.5832338369e-17	4.5357928644e-19	2.5427602065e-19	5.3605168883e-18	1.6500778386e-20	5.2609757483e-33	5.5724125193e-29	4.4861653076e-04	3.6969832768e-08	5.7786524647e-30	2.0342758992e-27	7.5670659757e-24	1.1080330292e-31	2.7735943117e-31	6.6702442728e-39	3.7412540275e-40	6.4292440236e-41	2.5179316908e-25	1.3163518313e-26	1.0009048347e-26	9.8223991628e-34	1.8471139522e-26	3.6168982727e-27	9.9903466174e-34	3.0034913120e-31	4.0006238092e-24	4.6051074478e-38	1.8478737129e-33	6.2395107012e-53	2.7502448605e-47	9.8515525977e-55	1.2714943242e-13	1.2185489573e-17	4.5233285724e-24	8.4906341542e-36	7.3575185423e-07	4.2157956983e-18	7.9892387201e-01	2.3025312655e-14	1.7245851005e-24	1.9371246030e-04	9.3236613969e-14	2.9637664630e-33	7.5280699690e-11	9.3048190544e-22	1.9640897112e-36	5.6361267989e-05	2.2803778498e-20	7.7372938920e-44	4.7274349839e-56	1.2197774591e-67	5.0647844527e-12	4.0127461932e-29	1.8002937089e-18	9.0504683440e-31	8.5649285534e-36	2.0293905557e-35	2.3182691413e-26	6.2145688705e-34	4.2027193946e-24	1.3310924265e-40	7.4603632773e-44	5.4115001125e-49	2.6175229767e-59	1.5342468931e-60	3.9989898886e-51	1.1378917563e-47	7.7135874018e-56	9.9331755457e-55	1.3039025293e-61	3.8926991249e-62	6.4225627428e-72	9.9558778781e-81	6.3990360629e-81	2.3189300165e-32	3.9783303705e-34	4.6702686490e-30	2.9096219867e-41	5.0789646764e-51	1.3523161568e-40	5.1981451020e-36	1.5354766975e-45	1.8471139522e-26	4.1316326532e-35	8.6855371435e-20	6.7778028078e-39	1.1256346056e-37	2.5258640398e-47	2.5295046245e-46	1.9006114353e-27	7.2904731268e-40	8.3991371143e-41	1.6532838762e-81	7.4143382887e-82	2.0574319889e-43	1.4696467256e-07	1.1370900665e-08	1.0832466990e-08	9.7993799381e-16	5.8660610565e-34	2.1252991838e-18	2.8031185192e-33	5.2731168924e-17	9.8970354120e-24	3.3289780628e-07	1.1245301536e-13	5.6148197976e-26	1.2383651000e-31	2.3624900581e-33	3.4488286213e-34	4.1456540257e-35	2.6260785887e-13	5.1773716935e-08	3.9999918252e-12	8.1419027793e-07	1.1005444047e-06	3.4022610889e-07	3.4528929055e-10	5.9112665839e-13	1.1436177979e-20	2.5986658827e-11	4.3622589553e-12	8.8870658133e-18	1.5197494234e-05	1.8539810832e-11	6.4388838070e-05	1.6822123365e-13	3.2577185359e-12	1.0039956470e-13	1.7629773967e-20	5.4528808403e-05	1.4968291090e-14	1.0452943668e-21	2.4842237963e-15	2.5627450199e-15	6.5595111488e-12	6.7971953845e-15	1.2397401443e-23	2.4540389744e-54	3.3591335510e-12	3.4275542842e-17	1.6045537127e-26	6.8965635614e-35	6.4983972001e-26	1.0852031453e-27	1.2225756071e-08	7.0641748434e-17	6.2342950381e-25	6.2836458742e-30	5.2072347330e-23	5.4745824446e-11	6.1541397385e-14	1.5197683967e-08	9.2128695748e-13	1.6699664747e-19	2.6741922004e-21	6.8704454598e-30	1.4428524742e-12	5.0918305182e-18	7.9132762577e-14	5.9980361366e-18	7.6899065522e-13	2.9658753731e-32	2.6956503780e-24	4.6643277211e-34	1.4871072535e-30	2.6259676149e-57	2.6091552921e-20	6.0536161687e-28	1.4428524742e-12	6.2436867427e-29	8.7239533443e-34
2.3299518100e-07	1.5848791122e+03	1.9011924482e+12	1.0647976253e+12	2.2138294537e+00	6.5965948492e-19	8.4984632710e-02	1.2968667027e-01	7.3464142595e-12	7.0210273353e-08	4.4808319994e-06	5.0276905977e-07	7.3011411082e-11	6.9393165292e-10	7.5094433405e-09	7.6693832049e-15	2.4015684091e-07	3.6854882804e-06	6.5780219587e-05	2.5730049486e-13	3.8574058956e-06	7.1651729322e-08	0.0000000000e+00	1.0746479392e-20	5.8428502432e-15	4.1852621454e-19	1.0128978076e-14	2.6585500267e-20	6.6111838406e-22	3.5623803735e-17	2.3008363817e-19	1.0344950920e-19	4.2489523329e-18	1.3194346487e-20	3.3615692705e-33	3.5605915562e-29	4.4499918304e-04	3.6994670584e-08	3.6601067480e-30	1.0334000680e-27	3.0830415367e-24	3.6206646173e-32	7.2689153736e-32	1.4020133197e-39	6.3069246212e-41	1.6997700127e-41	1.2884913132e-25	6.7361018197e-27	4.1079014419e-27	3.2378855423e-34	7.5919490516e-27	1.8535541078e-27	5.1010131004e-34	1.2362787066e-31	2.5562758580e-24	1.8789428043e-38	7.6730854282e-34	1.6399334039e-53	4.6497662601e-48	1.6826843789e-55	1.2547871669e-13	1.2131258058e-17	4.5428280314e-24	8.6022222022e-36	9.0863689519e-07	5.2521892385e-18	7.8442114701e-01	1.8224283459e-14	1.1003588400e-24	1.9187062725e-04	5.9186447584e-14	1.2163735198e-33	9.3446162689e-11	1.1651671874e-21	2.4810857730e-36	5.5906837668e-05	2.2818658641e-20	7.8790608067e-44	4.8563917403e-56	1.2640662488e-67	7.8674999266e-12	6.2880388038e-29	1.4322106399e-18	4.6313302126e-31	2.2528697502e-36	6.6556119114e-36	9.4798861961e-27	2.0381401590e-34	2.1427959729e-24	3.4934982562e-41	1.2594760441e-44	7.3271224760e-50	2.2797037970e-60	1.0717001014e-61	8.4297973820e-52	1.9238024215e-48	1.0459221325e-56	1.0802452975e-55	1.1372707026e-62	2.7230769489e-63	2.8899533639e-73	3.5929001280e-82	1.8521242911e-82	7.6163015953e-33	1.0479655986e-34	1.9265876388e-30	6.1245948806e-42	5.5154348626e-52	4.4577747584e-41	1.3742993957e-36	3.2558026966e-46	7.5919490516e-27	1.3619623335e-35	8.6785309982e-20	1.7879860491e-39	4.6095683788e-38	5.3440298295e-48	4.2922577373e-47	1.2126654878e-27	3.7635150056e-40	3.4774541371e-41	4.7992158214e-83	2.6835147180e-83	3.4734062920e-44	1.4569363000e-07	1.1371871741e-08	1.0783994916e-08	7.7232447706e-16	2.3920492067e-34	1.6836109390e-18	1.1478653950e-33	4.1948360990e-17	6.2650313472e-24	3.3021379484e-07	8.9462987234e-14	4.5061839625e-26	7.9127969880e-32	1.2107086537e-33	1.4175254192e-34	1.3666029681e-35	2.0891826121e-13	5.1356233414e-08	3.1821940472e-12	7.6258438513e-07	8.4644327271e-07	4.1038164888e-07	4.2015704606e-10	5.5853196514e-13	1.4038245671e-20	2.0192067179e-11	3.3599346900e-12	5.4898817100e-18	1.4573810996e-05	1.3926857953e-11	6.3869695045e-05	1.3265942878e-13	2.5916855967e-12	9.8721715475e-14	1.7487705739e-20	5.4090428870e-05	2.3048168576e-14	6.6111838406e-22	3.0566977287e-15	1.5462305655e-15	6.3225134323e-12	4.9869742346e-15	7.1249838305e-24	5.3102816096e-55	3.2496266493e-12	3.3450044454e-17	1.5796848542e-26	5.4934347974e-35	2.5821714832e-26	3.4584266977e-28	1.2124393865e-08	3.6141713391e-17	4.0522521032e-25	4.1202722816e-30	3.4445827367e-23	4.3543430523e-11	3.9257852209e-14	1.5204461587e-08	9.2981322781e-13	1.7002525842e-19	1.3802134394e-21	3.6405169008e-30	1.1679177747e-12	4.1578718318e-18	6.3494471734e-14	3.8598899885e-18	4.9548198676e-13	8.0667358097e-33	1.1172264498e-24	1.2434808435e-34	4.9431664652e-31	7.5280041302e-58	1.3483110281e-20	3.1796829380e-28	1.1679177747e-12	4.1665582743e-29	5.8729341891e-34
1.5264179700e-07	1.5848784051e+03	1.2332776123e+12	6.9757964433e+11	2.1920588184e+00	6.4607925753e-19	1.0381530849e-01	1.2841134113e-01	9.0314832434e-12	1.0834273449e-07	5.2991286396e-06	4.9767734092e-07	7.1509090498e-11	6.7915162502e-10	7.3878538756e-09	7.5939371760e-15	2.3779519760e-07	3.6492459735e-06	6.5133342397e-05	3.1834055821e-13	3.8194724510e-06	6.9418952206e-08	0.0000000000e+00	8.4233503548e-21	3.6886501852e-15	2.6711513191e-19	8.0264204869e-15	1.6676981093e-20	4.1471647840e-22	2.2591740353e-17	1.1550820013e-19	4.1563266005e-20	3.3517317138e-18	1.0522262236e-20	2.1357169996e-33	2.2621726997e-29	4.4062269783e-04	3.7032270010e-08	2.3001766623e-30	5.1974542199e-28	1.2409589458e-24	1.1663160527e-32	1.8739244625e-32	2.8925742663e-40	1.0413671660e-41	4.4299981803e-42	6.5394375895e-26	3.4187472231e-27	1.6685243650e-27	1.0544435430e-34	3.0893338540e-27	9.4245929630e-28	2.5819225840e-34	5.0399461162e-32	1.6240966165e-24	7.5767698404e-39	3.1623716516e-34	4.2432330120e-54	7.7056985328e-49	2.8243275631e-56	1.2345434112e-13	1.2066333680e-17	4.5680177395e-24	8.7446473548e-36	1.1221309848e-06	6.5572744528e-18	7.6687475707e-01	1.4349611593e-14	6.9781596650e-25	1.8963422830e-04	3.7296349714e-14	4.9405691612e-34	1.1613957523e-10	1.4639870737e-21	3.1515161945e-36	5.5357041405e-05	2.2841582343e-20	8.0606334572e-44	5.0227186878e-56	1.3216739667e-67	1.2273516697e-11	9.9168729408e-29	1.1349115571e-18	2.3505149160e-31	5.8342442928e-37	2.1536875214e-36	3.8330838086e-27	6.5952183218e-35	1.0826121628e-24	9.0227269242e-42	2.0834034255e-45	9.6999199134e-51	1.9329288765e-61	7.2721800109e-63	1.7455904638e-52	3.1881680618e-49	1.3871704212e-57	1.1465883247e-56	9.6604942305e-64	1.8511834704e-64	1.2582992206e-74	1.2519522381e-83	5.1649553234e-84	2.4691016030e-33	2.7189141559e-35	7.8753056084e-31	1.2659237078e-42	5.8434258123e-53	1.4517018801e-41	3.5817595829e-37	6.7908152844e-47	3.0893338540e-27	4.4353368845e-36	8.6712609164e-20	4.6473942814e-40	1.8672349255e-38	1.1116400007e-48	7.1455522940e-48	7.6903537083e-28	1.9309964576e-40	1.4279148867e-41	1.3432794045e-84	9.3852410147e-85	5.7456497879e-45	1.4415386433e-07	1.1375022979e-08	1.0725688069e-08	6.0492344395e-16	9.6387898561e-35	1.3271162116e-18	4.6494751680e-34	3.3238602455e-17	3.9343529207e-24	3.2696651447e-07	7.0893113806e-14	3.6099297949e-26	5.0273045200e-32	6.1559858212e-34	5.7682276878e-35	4.4504894248e-36	1.6555214615e-13	5.0851136439e-08	2.5216473416e-12	6.9873668978e-07	6.4113638582e-07	4.9064543948e-07	5.0783815058e-10	5.1737541334e-13	1.7153680222e-20	1.5490514917e-11	2.5496489176e-12	3.3339828782e-18	1.3793434016e-05	1.0212451943e-11	6.3241605994e-05	1.0398261324e-13	2.0537178113e-12	9.6693208233e-14	1.7316019367e-20	5.3560035749e-05	3.5565815471e-14	4.1471647840e-22	3.7577902788e-15	9.0908216926e-16	6.0221774880e-12	3.5402957615e-15	3.9188927754e-24	1.0524586396e-55	3.1093139426e-12	3.2356410597e-17	1.5447747824e-26	4.3463465877e-35	1.0043602686e-26	1.0765545554e-28	1.2001590442e-08	1.8337689838e-17	2.6297709765e-25	2.7032067491e-30	2.2846947560e-23	3.4494795407e-11	2.4889132793e-14	1.5215433293e-08	9.4068053284e-13	1.7389681157e-19	7.0796987613e-22	1.9294474385e-30	9.4561042824e-13	3.4033297204e-18	5.0851116725e-14	2.4739504922e-18	3.1806744988e-13	2.1777602902e-33	4.5934025134e-25	3.2744269690e-35	1.6264826144e-31	2.1696648342e-58	6.9267756069e-21	1.6669373269e-28	9.4561042824e-13	2.7938430966e-29	3.9811796056e-34
1.0000000000e-07	1.5848779753e+03	7.9829640167e+11	4.5700446877e+11	2.1658525136e+00	6.2975134095e-19	1.2648279890e-01	1.2687616938e-01	1.1091232570e-11	1.6763180250e-07	6.1914711743e-06	4.9154011881e-07	6.9702373648e-11	6.6137545918e-10	7.2409970807e-09	7.5031353588e-15	2.3495236280e-07	3.6056192450e-06	6.4354666609e-05	3.9406342309e-13	3.7738102367e-06	6.6756365976e-08	0.0000000000e+00	6.5534183004e-21	2.3089056308e-15	1.6948250861e-19	6.3298782225e-15	1.0356212648e-20	2.5753394819e-22	1.4220770685e-17	5.7252857054e-20	1.6443514203e-20	2.6284917803e-18	8.3643967290e-21	1.3475062969e-33	1.4272959943e-29	4.3535450971e-04	3.7088941993e-08	1.4317254969e-30	2.5822020661e-28	4.9210595758e-25	3.6916074332e-33	4.7342608440e-33	5.8328749598e-41	1.6761098419e-42	1.1344621136e-42	3.2855769631e-26	1.7176627523e-27	6.6912014792e-28	3.3830681055e-35	1.2418066513e-27	4.7462550543e-28	1.2929883108e-34	2.0306363315e-32	1.0247083883e-24	3.0116113251e-39	1.2915368881e-34	1.0770259553e-54	1.2460736648e-49	4.6403618117e-57	1.2101154267e-13	1.1989014694e-17	4.6006897305e-24	8.9273662128e-36	1.3858005965e-06	8.2085457720e-18	7.4575321684e-01	1.1226922803e-14	4.3925105790e-25	1.8692831267e-04	2.3290975338e-14	1.9812861411e-34	1.4457388494e-10	1.8472802745e-21	4.0308824658e-36	5.4695226029e-05	2.2876384667e-20	8.2947086036e-44	5.2391021016e-56	1.3974225334e-67	1.9249228998e-11	1.5765334798e-28	8.9502456494e-19	1.1809552762e-31	1.4822424820e-37	6.8551492174e-37	1.5285678926e-27	2.0992475651e-35	5.4089046884e-25	2.2848250039e-42	3.3611543800e-46	1.2490565072e-51	1.5857243196e-62	4.7618630667e-64	3.5364906844e-53	5.1555240514e-50	1.7904383215e-58	1.1812395938e-57	7.9437971792e-65	1.2150071430e-65	5.2615251380e-76	4.1784315620e-85	1.3759179221e-85	7.8775548938e-34	6.9238601345e-36	3.1834037524e-31	2.5587185386e-43	6.0059462777e-54	4.6576120998e-42	9.1724194905e-38	1.3880552182e-47	1.2418066513e-27	1.4230292413e-36	8.6641320961e-20	1.1862565376e-40	7.4636216128e-39	2.2648075518e-49	1.1619940612e-48	4.8408035490e-28	9.8341732769e-41	5.8044179478e-42	3.5952446573e-86	3.1470715031e-86	9.2694571151e-46	1.4229736632e-07	1.1381812957e-08	1.0655995480e-08	4.7019736964e-16	3.8276660118e-35	1.0397807789e-18	1.8582931970e-34	2.6210442434e-17	2.4466341789e-24	3.2305760787e-07	5.5908832434e-14	2.8857613938e-26	3.1719366677e-32	3.1001786787e-34	2.3186317716e-35	1.4278994179e-36	1.3055990709e-13	5.0243125967e-08	1.9886525587e-12	6.2491856341e-07	4.7724361962e-07	5.8109267426e-07	6.0966474229e-10	4.6903228571e-13	2.0874176030e-20	1.1715506019e-11	1.9023325217e-12	1.9854914465e-18	1.2863584469e-05	7.2901884979e-12	6.2485546595e-05	8.0899607300e-14	1.6196299886e-12	9.4253513148e-14	1.7109472261e-20	5.2921552293e-05	5.5028503665e-14	2.5753394819e-22	4.6147807119e-15	5.1919364725e-16	5.6610232812e-12	2.4236396513e-15	2.0535755794e-24	1.8933346269e-56	2.9392808295e-12	3.1004460190e-17	1.5004290115e-26	3.4155603977e-35	3.8105955102e-27	3.2601629602e-29	1.1853580820e-08	9.2098809071e-18	1.7035554561e-25	1.7750252695e-30	1.5207024527e-23	2.7193415171e-11	1.5660998264e-14	1.5232936079e-08	9.5461699257e-13	1.7888151746e-19	3.6042222717e-22	1.0230433133e-30	7.6594840241e-13	2.7943375501e-18	4.0634851962e-14	1.5779317034e-18	2.0326926419e-13	5.8269783118e-34	1.8701841459e-25	8.4934307183e-36	5.2856443412e-32	6.2972830196e-59	3.5333081113e-21	8.7195053599e-29	7.6594840241e-13	1.8849753686e-29	2.7227169469e-34
