P               	T               	n_<tot>         	n_g             	m               	C               	H               	He              	N               	O               	S               	P               	Si              	Ti              	V               	Cl              	K               	Na              	Mg              	F               	Ca              	Fe              	e-              	CH              	HCN             	HNCO            	HCO             	CH2             	CH2_1           	H2CO            	CH3             	CH4             	CN              	NCO             	CN2_cnn         	CN2_ncn         	CO              	CO2             	C2              	C2H             	C2H2            	C2H3            	C2H4            	C2H5            	C2H6            	C2H4O           	CH2OH           	CH3O            	CH3OH           	CH3CO           	H2CCO           	HCCO            	C2N             	C2N2            	CCO             	C3              	C3O2            	C4              	C4H2            	C4N2            	NH              	HNO             	HNO2            	HNO3            	OH              	HO2             	H2              	NH2             	N2H2            	H2O             	NH3             	N2H4            	NO              	NO2             	NO3             	N2              	N2O             	N2O3            	N2O4            	N2O5            	O2              	O3              	N2H             	N2H3            	CH3NH2          	CH3NH           	CH2NH           	CH2NH2          	H2CN            	C3H2            	C3H4            	C3H5            	C3H7            	C3H8            	C4H             	C4H2            	C4H3            	C4H4            	C4H5            	C4H6            	C4H8            	C4H9            	C4H10           	CH2CN           	CH3CN           	CH3NO           	C3H3            	C3H6            	C2H3O           	CH3CHO          	C2H4OH          	CH2CO           	CH2CHO          	H2O2            	HC3N            	HC2N            	C2H2CN          	C2H3CN          	H2NN            	CH3O2           	CH3OOH          	C6H6            	C6H5            	CH3C2H          	TiO             	TiO2            	VO              	TiH             	TiC2            	TiN             	VC2             	VN              	TiC             	Cl2             	HCl             	HOCl            	CCl             	CHCl            	CH2Cl           	CH3Cl           	KH              	HF              	MgH             	S2              	H2S             	SO              	SO2             	S2O             	SO3             	COS             	CS              	HCS             	SH              	HS2             	SiO             	SiH             	NaH             	FeO             	FeO2            	Fe(OH)2         	O_1             	CH2_1           	N_2D            	CS2             	NS              	S3              	S4              	S8              	HSO             	HSO2            	HSO3            	H2SO4           	CH3S            	CH3SH           	P               	PH3             	P2O             	P2O2            	P2O3            	PH              	PH2             	PO              	PO2             	PO3             	H2POH           	H3PO4           	HOPO            	HOPO2           	HPO             	HPOH            	P2              	P4              	P2H2            	P2H4            	P2H3            	P4O6            	P2H             	H3PO3           	HPO2            	P2O4            	P2O5            
1.0000000000e+02	1.5066572128e+03	8.9728964359e+20	4.8073066056e+20	2.3142804564e+00	5.3722391747e-22	1.7728969427e-06	1.3557111445e-01	4.6904110886e-17	6.9607658750e-17	6.5512132370e-14	2.4591920119e-10	7.4531593751e-12	9.2369206743e-11	2.2966446509e-09	5.2953541600e-15	2.4701804024e-07	3.8017441249e-06	6.8712522327e-05	2.9888032844e-18	4.0324330594e-06	3.5548190365e-09	0.0000000000e+00	3.1026552532e-19	1.8963493585e-08	4.2526251116e-12	3.0657489510e-12	3.8312323098e-14	8.2394794040e-16	4.3194618643e-10	1.9114340422e-08	4.5396442011e-04	1.9069655140e-16	2.2600310247e-18	1.2250084961e-27	2.1936286658e-23	1.1219060183e-05	3.2596037184e-09	1.1410610934e-26	1.9952555710e-19	4.9532222826e-11	9.8667452882e-15	1.1520645334e-09	3.7642921020e-13	8.2708238037e-10	4.6894841070e-19	2.3739270050e-14	1.0703832956e-15	3.4773866413e-11	3.4019092548e-16	4.2619306215e-13	1.9334656068e-18	5.0441312710e-26	9.6166868927e-19	6.5588889431e-20	3.4788379359e-28	7.1914733449e-22	8.1800485644e-37	1.0810331308e-21	1.9159576539e-29	2.8116093031e-14	8.7036046616e-18	7.5690760233e-24	2.0363481299e-35	4.6332073519e-11	3.4622221272e-22	8.6300734381e-01	1.7553345024e-10	1.7425787917e-16	6.5590570792e-04	3.1896169963e-05	1.4647475079e-16	3.1772607070e-15	5.7424892097e-26	1.1970589222e-40	4.2485960415e-05	1.4313397911e-20	6.3682649850e-44	5.9864451561e-56	1.7847353346e-67	2.4613625278e-20	1.2872458800e-37	8.8695725587e-15	1.5333251370e-18	3.1459358035e-12	1.9221836524e-16	1.7983248549e-11	6.6018249622e-15	1.0177909283e-13	1.1889556985e-21	6.7639795458e-16	9.5108586472e-17	1.8627882912e-18	4.3186952594e-15	2.4726833442e-30	4.2934614589e-22	3.7634756154e-26	2.3537264852e-20	4.7412868437e-23	5.8376748656e-19	4.8239066713e-20	9.1572716047e-25	2.2838666763e-20	1.9607209433e-15	1.2419548470e-12	1.2557883293e-14	7.8361273891e-18	2.8322035856e-14	2.3833918975e-23	5.9621802218e-14	1.7593600932e-19	4.2619306215e-13	1.3118317047e-17	2.2411760843e-19	8.0098790014e-20	1.3245034149e-25	4.0399206348e-24	1.9931645816e-18	1.3658063574e-19	7.0743988363e-29	2.5917956520e-25	3.9855150351e-25	3.7164361308e-30	1.9168191249e-15	1.2077613675e-07	4.4047071473e-08	1.6826616301e-08	2.0795802986e-12	4.0224778659e-22	3.9698018473e-15	4.5082404532e-21	2.2964276155e-13	2.1690041813e-18	3.4198885467e-07	3.2082609558e-09	1.7656598754e-21	9.7529946364e-26	5.4772371476e-23	2.8995062389e-19	1.3699178285e-15	4.0359720608e-09	5.3686756479e-08	5.2433222196e-08	5.2247374039e-13	2.2818564618e-05	2.4046130586e-14	9.3678784841e-17	9.1712868465e-19	5.2788393116e-27	1.2492125805e-11	3.4745337257e-13	1.2305474178e-14	9.3571324653e-09	2.3079697259e-13	6.6767396442e-05	4.1149859636e-10	5.0973383915e-08	1.1078395503e-14	4.5021772658e-21	5.6616093369e-05	1.0850505309e-23	8.2394794040e-16	7.4096235690e-21	6.5593513699e-15	2.0414494521e-15	7.0576421677e-20	2.2569756351e-27	3.8830327770e-53	4.6455858405e-15	1.2821220852e-19	1.1006403680e-28	4.1286333136e-32	5.1838839517e-14	2.7078019663e-11	5.1062439670e-12	5.3566828788e-07	3.0508031599e-22	6.9853294269e-27	7.1894876001e-19	5.6828388399e-10	1.6448636967e-08	2.9177639995e-11	5.6581824389e-15	2.2455924561e-21	5.6489639840e-11	7.9109360685e-18	3.1916324129e-10	3.4044271521e-15	2.9968418909e-12	4.7216140863e-12	2.6598972494e-10	2.2292471594e-18	3.0373411065e-13	2.2252135110e-14	2.9615207464e-15	3.2751970693e-40	1.1514652194e-13	1.5420690395e-16	3.1916324129e-10	2.6368754070e-24	8.8476817652e-29
6.5512855700e+01	1.4910023139e+03	5.9399537990e+20	3.1824712589e+20	2.3142151454e+00	6.2197349453e-22	1.8142007117e-06	1.3556728775e-01	4.0779454777e-17	6.8591922849e-17	7.4838381957e-14	3.6628107440e-10	5.8694999160e-12	7.9282517230e-11	2.1198156254e-09	4.8593609881e-15	2.4786880098e-07	3.8123678685e-06	6.8723362949e-05	2.7296552239e-18	4.0323192596e-06	3.0949150721e-09	0.0000000000e+00	3.2264344913e-19	2.4751024576e-08	5.4779573012e-12	4.0685668141e-12	3.8486918325e-14	8.0248597193e-16	5.2851640560e-10	1.9127544703e-08	4.4429274122e-04	2.3806972807e-16	2.9049921217e-18	1.0976817726e-27	2.1979227722e-23	2.0868439332e-05	6.1267684194e-09	1.6670099150e-26	2.9488780747e-19	7.8844750062e-11	1.2058924763e-14	1.4053973771e-09	3.5251666506e-13	7.4489160843e-10	4.9840876832e-19	2.1786984613e-14	9.5219664228e-16	3.0295679456e-11	4.2902845936e-16	6.8536907914e-13	3.1671588396e-18	7.0673250689e-26	1.5676241235e-18	1.1627662912e-19	7.0409686518e-28	2.0115110072e-21	1.9397648605e-36	2.7339447807e-21	4.9741313807e-29	2.1907400109e-14	6.7259387089e-18	5.4176040118e-24	1.2161474018e-35	4.4381179209e-11	2.7118021881e-22	8.6302526956e-01	1.2799222618e-10	1.0598106203e-16	6.4622765540e-04	2.3020616243e-05	6.4581444724e-17	3.0520669493e-15	4.6219146549e-26	7.4268600918e-41	4.6919218705e-05	1.1750803286e-20	3.3075924503e-44	2.6339679912e-56	6.2576815784e-68	2.3975361419e-20	8.8710520230e-38	6.4354412553e-15	7.4849243003e-19	2.0274327973e-12	1.2909643436e-16	1.6092550195e-11	4.5432062449e-15	9.8851254199e-14	2.1058449440e-21	1.0148173996e-15	1.1816149783e-16	1.6118337005e-18	3.6012692228e-15	5.8658037891e-30	1.0764186747e-21	7.1671235923e-26	4.5123208468e-20	7.1616864220e-23	8.5722036366e-19	5.1631833278e-20	7.3599512513e-25	1.7617876444e-20	2.5881887410e-15	1.5568210672e-12	1.1314345963e-14	1.2625610278e-17	3.2350641453e-14	2.6032992966e-23	6.9764467591e-14	1.4802945045e-19	6.8536907914e-13	1.6240372303e-17	1.6107092020e-19	1.6443482637e-19	1.5980778507e-25	6.3603894701e-24	3.1685669895e-18	7.7237608411e-20	5.0496236727e-29	1.7017422326e-25	1.1467844874e-24	1.0644512282e-29	2.8924586334e-15	1.1841913389e-07	4.6413164357e-08	1.7002955359e-08	1.4231678503e-12	5.3260862178e-22	2.8856799391e-15	6.4416277944e-21	1.7992404469e-13	2.1626197025e-18	3.4231945864e-07	2.8679158274e-09	1.2451602986e-21	9.6015529828e-26	4.8799283038e-23	2.4436277696e-19	1.1110935090e-15	3.1781263007e-09	5.3685241380e-08	3.9651976314e-08	6.8503429018e-13	2.2817220447e-05	2.8570755035e-14	1.1451009870e-16	1.1211711245e-18	5.5841005419e-27	2.3246332090e-11	5.7071170021e-13	1.6351298334e-14	1.0048013844e-08	2.5058588492e-13	6.6765643581e-05	2.8168192258e-10	4.0240912367e-08	8.8819536092e-15	3.3345807008e-21	5.6614955406e-05	9.1255106486e-24	8.0248597193e-16	5.2452043491e-21	1.2023594759e-14	2.0702485332e-15	8.9222659258e-20	2.7991635502e-27	4.3847346270e-53	4.5792183772e-15	1.2068222044e-19	9.1096942375e-29	3.0124189728e-32	5.1727950820e-14	2.4766428251e-11	7.3670541524e-12	5.3275009550e-07	5.2426867391e-22	1.1049371071e-26	1.5022058227e-18	7.1564181582e-10	1.8217373237e-08	4.4995115637e-11	8.6353191765e-15	3.1295037415e-21	5.3987138406e-11	8.1692316299e-18	4.6012853636e-10	4.7998214299e-15	3.8407226562e-12	5.0853305608e-12	5.4950034838e-10	7.3975961373e-18	4.1735604360e-13	2.1507014674e-14	3.3032053442e-15	1.1219216908e-39	1.8019187524e-13	1.4947165738e-16	4.6012853636e-10	5.4018726355e-24	1.6879473720e-28
4.2919342600e+01	1.4733492331e+03	3.9379078072e+20	2.1099085730e+20	2.3141263210e+00	6.3938511661e-22	1.8038031892e-06	1.3556208559e-01	3.2817298898e-17	6.2721960478e-17	8.1782876182e-14	5.2602290508e-10	4.4913377334e-12	6.7064779721e-11	1.9445007158e-09	4.3981734500e-15	2.4854816569e-07	3.8208446390e-06	6.8730701397e-05	2.3804243377e-18	4.0321644929e-06	2.6774078052e-09	0.0000000000e+00	3.0269291444e-19	3.0445536686e-08	6.5853439437e-12	5.0172041196e-12	3.5837382921e-14	7.2103779371e-16	6.1302889208e-10	1.8315619522e-08	4.2836115442e-04	2.6932376452e-16	3.3726910997e-18	8.5478526245e-28	1.9468533710e-23	3.6772177257e-05	1.0842732404e-08	2.0755831236e-26	3.8438053618e-19	1.1563951778e-10	1.3470083000e-14	1.6181289290e-09	3.0906657002e-13	6.4491496348e-10	4.8576017893e-19	1.8734941763e-14	7.8998363839e-16	2.5342903344e-11	4.9308724717e-16	1.0092224115e-12	4.6121116391e-18	8.4604219635e-26	2.2545848169e-18	1.7963768839e-19	1.1825116090e-27	4.8311760618e-21	3.6230927992e-36	5.8684530830e-21	1.0499003067e-28	1.6047647910e-14	4.8426175783e-18	3.5430325996e-24	6.4051995110e-36	4.0569439003e-11	1.9502095943e-22	8.6304973294e-01	8.9709950819e-11	6.0805026783e-17	6.3028404487e-04	1.6470768936e-05	2.7280197076e-17	2.7339585319e-15	3.3501900334e-26	3.9569993590e-41	5.0189072099e-05	8.8610212181e-21	1.4484510826e-44	9.4532787055e-57	1.7151677552e-68	2.1464172473e-20	5.2878374752e-38	4.3806803021e-15	3.4421292833e-19	1.2582587809e-12	8.1345694143e-17	1.3667131022e-11	2.9442427345e-15	8.9324657583e-14	3.2357980701e-21	1.3740628652e-15	1.3295738469e-16	1.2750477399e-18	2.8199227308e-15	1.1321982012e-29	2.2874951501e-21	1.1457181952e-25	7.5082878759e-20	9.3512307085e-23	1.1190685697e-18	4.9945437097e-20	5.2852401494e-25	1.2464491883e-20	3.0862209035e-15	1.8065881916e-12	9.6103087928e-15	1.7967959752e-17	3.4126177022e-14	2.5348786908e-23	7.5964992039e-14	1.1382205885e-19	1.0092224115e-12	1.8270473915e-17	1.0835005170e-19	2.9260372190e-19	1.6632504166e-25	8.6079694656e-24	4.4793055378e-18	4.0743867859e-20	3.2248730442e-29	1.0194760307e-25	2.7907182903e-24	2.4944333172e-29	3.9424276772e-15	1.1587280429e-07	4.8965848374e-08	1.7177578393e-08	9.5771772622e-13	6.3718129858e-22	2.0330412690e-15	8.3906865913e-21	1.3783100223e-13	2.0135706785e-18	3.4257297033e-07	2.6011559899e-09	8.5249371698e-22	8.7287615435e-26	4.0843239006e-23	1.9813664909e-19	8.9033672203e-16	2.4891260180e-09	5.3683180855e-08	2.9674295405e-08	8.7750780056e-13	2.2815815892e-05	3.2415533373e-14	1.3320248016e-16	1.3145075349e-18	5.4559225949e-27	4.0985796909e-11	8.7810868216e-13	2.0350812970e-14	1.0560608469e-08	2.6674566357e-13	6.6763174651e-05	1.8940844612e-10	3.1616272673e-08	6.9324647192e-15	2.3570293996e-21	5.6613199825e-05	6.9511687942e-24	7.2103779371e-16	3.3310236367e-21	2.0996671359e-14	1.9895390847e-15	1.0958535730e-19	3.3632115267e-27	4.7310673368e-53	4.3265496866e-15	1.0727647735e-19	6.9280105618e-29	2.0307416946e-32	4.9375005833e-14	2.2084185753e-11	1.0198447466e-11	5.2926720994e-07	8.5257499702e-22	1.6207001032e-26	3.0139810249e-18	8.7475119502e-10	1.9834564693e-08	6.6735811410e-11	1.2557160095e-14	4.0667754686e-21	5.0828143445e-11	8.2163340925e-18	6.4721112074e-10	6.5294406435e-15	4.7534319857e-12	5.3199273974e-12	1.1136811357e-09	2.4257620097e-17	5.6398013881e-13	2.0669553026e-14	3.6246497151e-15	3.6439361474e-39	2.7385034276e-13	1.4082917081e-16	6.4721112074e-10	1.0512855797e-23	3.0028457228e-28
2.8117687000e+01	1.4542819337e+03	2.6135212069e+20	1.4003843869e+20	2.3140030294e+00	5.9121250244e-22	1.7522856065e-06	1.3555486260e-01	2.4865813206e-17	5.3659213176e-17	8.6222972243e-14	7.3259975980e-10	3.3785950606e-12	5.6498928578e-11	1.7843279309e-09	3.9361191125e-15	2.4908292652e-07	3.8275116959e-06	6.8734691893e-05	1.9998197660e-18	4.0319496643e-06	2.3320022472e-09	0.0000000000e+00	2.5873839649e-19	3.5428131569e-08	7.3843911060e-12	5.7378834402e-12	3.1077399071e-14	6.0102062374e-16	6.7019207771e-10	1.6758828776e-08	4.0406142287e-04	2.7921659998e-16	3.5572009617e-18	5.9107304779e-28	1.5526163633e-23	6.1036486119e-05	1.7876460124e-08	2.2266891757e-26	4.4384548166e-19	1.5565893105e-10	1.3718676648e-14	1.7434648051e-09	2.5192449037e-13	5.3034631980e-10	4.3019489894e-19	1.5041914239e-14	6.0967400911e-16	2.0189589314e-11	5.1236058171e-16	1.3487185675e-12	5.9512261736e-18	8.7644207086e-26	2.8863255505e-18	2.4202481386e-19	1.6581971929e-27	9.8390140026e-21	5.3645509631e-36	1.0608152243e-20	1.8105285644e-28	1.1207815863e-14	3.2799535217e-18	2.1324821186e-24	2.9985915359e-36	3.5488698777e-11	1.2929084611e-22	8.6308374051e-01	6.1036237173e-11	3.3430959235e-17	6.0596587979e-04	1.1728061105e-05	1.1181823101e-17	2.3054139621e-15	2.2088860492e-26	1.8341082095e-41	5.2554836591e-05	6.2279160950e-21	5.4491220404e-45	2.8204160203e-57	3.7527055829e-69	1.7728943740e-20	2.7517823401e-38	2.8447353363e-15	1.5152160200e-19	7.5178294823e-13	4.8316019953e-17	1.1043080265e-11	1.8039319248e-15	7.5567564733e-14	4.3037878832e-21	1.6627414738e-15	1.3409582559e-16	9.1094018121e-19	2.0379446762e-15	1.7784772681e-29	4.0893506085e-21	1.5286377622e-25	1.0713327971e-19	1.0436485936e-22	1.2773077978e-18	4.2811112235e-20	3.3320817989e-25	7.9077619110e-21	3.3313351670e-15	1.9357377916e-12	7.6771411590e-15	2.2458750867e-17	3.2779359534e-14	2.1921040874e-23	7.6057711651e-14	7.9304674491e-20	1.3487185675e-12	1.8540152246e-17	6.8243599973e-20	4.5140154162e-19	1.5096561314e-25	1.0031847002e-23	5.6044588426e-18	2.0409159838e-20	1.8412358113e-29	5.5472969426e-26	5.5925298016e-24	4.6862915517e-29	4.8057600267e-15	1.1336942313e-07	5.1471326970e-08	1.7336765732e-08	6.4074609567e-13	6.9386932457e-22	1.4104823061e-15	9.9971578045e-21	1.0446964797e-13	1.7698440168e-18	3.4276903669e-07	2.3866998454e-09	5.6626731409e-22	7.3664407800e-26	3.2177746799e-23	1.5417078512e-19	6.9951391103e-16	1.9409902449e-09	5.3680320685e-08	2.2020335683e-08	1.1030782397e-12	2.2814227240e-05	3.5212303393e-14	1.4703297322e-16	1.4807861989e-18	4.9076511971e-27	6.8080080905e-11	1.2689467903e-12	2.3787357294e-14	1.0908081437e-08	2.7944085302e-13	6.6759681792e-05	1.2631425116e-10	2.4743961670e-08	5.3252804854e-15	1.6036367259e-21	5.6610528812e-05	4.8575296671e-24	6.0102062374e-16	1.9422000379e-21	3.4911762668e-14	1.8347002229e-15	1.3148489402e-19	3.9385787362e-27	4.9216890341e-53	3.9258572862e-15	8.9932127695e-20	4.8303852797e-29	1.2530270118e-32	4.5023763269e-14	1.9104044637e-11	1.3637361714e-11	5.2472219015e-07	1.3145538738e-21	2.2037371894e-26	5.7312685573e-18	1.0425027020e-09	2.1273054893e-08	9.5204715480e-11	1.7324087546e-14	4.8970225083e-21	4.6932051938e-11	7.8836014750e-18	8.8041276190e-10	8.4613011554e-15	5.6773033614e-12	5.3960052797e-12	2.2169911881e-09	7.8398719415e-17	7.5008110233e-13	1.9728195261e-14	3.9156540126e-15	1.0875472390e-38	4.0546478339e-13	1.2715487130e-16	8.8041276190e-10	1.9106196074e-23	4.8842665587e-28
1.8420699700e+01	1.4342286874e+03	1.7360089970e+20	9.3025924455e+19	2.3138389695e+00	4.9530526501e-22	1.6698379019e-06	1.3554525250e-01	1.7953189380e-17	4.3174744372e-17	8.8241075700e-14	9.9256631431e-10	2.5213131026e-12	4.7821878101e-11	1.6470349169e-09	3.4894113940e-15	2.4949800720e-07	3.8326789613e-06	6.8735611064e-05	1.6289301434e-18	4.0316638109e-06	2.0671506497e-09	0.0000000000e+00	2.0253359076e-19	3.9012209211e-08	7.6972732343e-12	6.0606654286e-12	2.5130973530e-14	4.6567705433e-16	6.8584991695e-10	1.4607959015e-08	3.7026770617e-04	2.6679850624e-16	3.4120562497e-18	3.6761271831e-28	1.1265225772e-23	9.4786645134e-05	2.7156517174e-08	2.0659743268e-26	4.5358228053e-19	1.9095857384e-10	1.2664231699e-14	1.7398962947e-09	1.8916745677e-13	4.0897446476e-10	3.4227126648e-19	1.1216669539e-14	4.3569262084e-16	1.5186132840e-11	4.7628197051e-16	1.6175290044e-12	6.7559361524e-18	7.8939014189e-26	3.2942569603e-18	2.8316031765e-19	1.9380443834e-27	1.6711659257e-20	6.2737368905e-36	1.5925217698e-20	2.5370519283e-28	7.5366456003e-15	2.1023653493e-18	1.1854816587e-24	1.2520604178e-36	2.9748416318e-11	7.9143556724e-23	8.6312900862e-01	4.0583387238e-11	1.7802585322e-17	5.7214543389e-04	8.3315878582e-06	4.4853500214e-18	1.8407615924e-15	1.3321433727e-26	7.4483012972e-42	5.4247149743e-05	4.1176713354e-21	1.7803792688e-45	7.0685002683e-58	6.6281915965e-70	1.3530387860e-20	1.2562146185e-38	1.7824370434e-15	6.4539697428e-20	4.3129169208e-13	2.7077200545e-17	8.4836302362e-12	1.0454320858e-15	5.9976483798e-14	4.9161913380e-21	1.7745424811e-15	1.1957116236e-16	5.7901441894e-19	1.3341412024e-15	2.2551593883e-29	6.0658424825e-21	1.6812595557e-25	1.2887184511e-19	9.7934206212e-23	1.2490622639e-18	3.1791228458e-20	1.8060365441e-25	4.3896439348e-21	3.2454720094e-15	1.9030137527e-12	5.7402933696e-15	2.4402931210e-17	2.8202609685e-14	1.6710032374e-23	6.9085779001e-14	4.9524483022e-20	1.6175290044e-12	1.6798762572e-17	4.0203415926e-20	5.9986392640e-19	1.1990544217e-25	1.0014338859e-23	6.1446900780e-18	9.8266024147e-21	9.3614589040e-30	2.7234847647e-26	8.9413102890e-24	6.8694465379e-29	5.1695390212e-15	1.1112343174e-07	5.3714515716e-08	1.7472728522e-08	4.3009323908e-13	6.8944002774e-22	9.7559112029e-16	1.0885221606e-20	7.9057572627e-14	1.4787873137e-18	3.4292053406e-07	2.2107325559e-09	3.6452352868e-22	5.7810063137e-26	2.3847735340e-23	1.1466719364e-19	5.3478753406e-16	1.5081127035e-09	5.3676514909e-08	1.6226515235e-08	1.3651203468e-12	2.2812375807e-05	3.6669103637e-14	1.5349768636e-16	1.6038029640e-18	4.0468106835e-27	1.0581916261e-10	1.7220104366e-12	2.6108608398e-14	1.1105660710e-08	2.8888071009e-13	6.6754991709e-05	8.4179320664e-11	1.9303582570e-08	4.0603195479e-15	1.0566662704e-21	5.6606779979e-05	3.1410086164e-24	4.6567705433e-16	1.0568765889e-21	5.5135292418e-14	1.6377123466e-15	1.5472836049e-19	4.5153569373e-27	4.9686500857e-53	3.4237280659e-15	7.0938617755e-20	3.0766511880e-29	7.0110021490e-33	3.9104491790e-14	1.5942112412e-11	1.7682083513e-11	5.1824203601e-07	1.9191458142e-21	2.7679664085e-26	1.0191033325e-17	1.2140267436e-09	2.2485307909e-08	1.3042274700e-10	2.2552629009e-14	5.4233174884e-21	4.2291576848e-11	7.0836239197e-18	1.1482218978e-09	1.0318187333e-14	6.5293024897e-12	5.2908713180e-12	4.3296466568e-09	2.4823471843e-16	9.8036503799e-13	1.8644981298e-14	4.1578023010e-15	2.8925904693e-38	5.8498168326e-13	1.0857551890e-16	1.1482218978e-09	3.1879360495e-23	7.1233340886e-28
1.2067926400e+01	1.4184107606e+03	1.1498791896e+20	6.1623578234e+19	2.3136116249e+00	4.7142642281e-22	1.6724469867e-06	1.3553193353e-01	1.4344985550e-17	3.7688264178e-17	9.7475781306e-14	1.4150722714e-09	2.0732120038e-12	4.4107560758e-11	1.6023297894e-09	3.1651786838e-15	2.4980058869e-07	3.8364393229e-06	6.8732908654e-05	1.4369097803e-18	4.0312676652e-06	2.0338165664e-09	0.0000000000e+00	1.7523376444e-19	4.2659522300e-08	7.7279924023e-12	6.4129920243e-12	2.1438372102e-14	3.8374375495e-16	6.7938416911e-10	1.2716558091e-08	3.2236564613e-04	2.7083493335e-16	3.3350878564e-18	2.5290051421e-28	8.7785933302e-24	1.4263018132e-04	3.8532152585e-08	2.1630825246e-26	4.9319639145e-19	2.3116093338e-10	1.1697751576e-14	1.6439341158e-09	1.3637830407e-13	2.8933897370e-10	2.5844481779e-19	8.2605539553e-15	3.1005264531e-16	1.0816632923e-11	4.2468074616e-16	1.8452703460e-12	7.6762879295e-18	7.7385512956e-26	3.7509626876e-18	3.4340309665e-19	2.4770950611e-27	2.6629744364e-20	8.1277209196e-36	2.3289605997e-20	3.4992035578e-28	5.4598345862e-15	1.4063009457e-18	6.7835918842e-25	5.4561062740e-37	2.5777350400e-11	5.1046606866e-23	8.6319159304e-01	2.7978661714e-11	9.8368154890e-18	5.2421276931e-04	5.8196032872e-06	1.8176882876e-18	1.5313249357e-15	8.4773570788e-27	3.3044110247e-42	5.5495584387e-05	2.8203727979e-21	6.3531595736e-46	1.9538617801e-58	1.3251140264e-70	1.0861398149e-20	6.3878823542e-39	1.1695385954e-15	2.8587529827e-20	2.3680148646e-13	1.5189627781e-17	6.3949388480e-12	6.0257154917e-16	4.8331415613e-14	5.6899575793e-21	1.7931930237e-15	1.0034961705e-16	3.4085054690e-19	7.7250501087e-16	2.9956398528e-29	8.7852842585e-21	1.8360029281e-25	1.4531620265e-19	8.6762923484e-23	1.0987470879e-18	2.0648128052e-20	8.7329560852e-26	2.0783198485e-21	3.1269318902e-15	1.7738461661e-12	4.0634658038e-15	2.6051365055e-17	2.2082897815e-14	1.2690380179e-23	5.8062957912e-14	2.9524002826e-20	1.8452703460e-12	1.4671427057e-17	2.4143556856e-20	7.8357258178e-19	1.0197878360e-25	9.9672910063e-24	6.3364375903e-18	5.0043278542e-21	4.8553120498e-30	1.3187201968e-26	1.2012128555e-23	8.9575537564e-29	5.2572545605e-15	1.1076433495e-07	5.4061239821e-08	1.7515571211e-08	3.1584960049e-13	7.4265944365e-22	7.3285980386e-16	1.2416278640e-20	6.2806123275e-14	1.3668093028e-18	3.4310206283e-07	1.9952921381e-09	2.3527144936e-22	4.8126196606e-26	1.8204987906e-23	8.4307832488e-20	3.8612582362e-16	1.1808677020e-09	5.3671240728e-08	1.2173465388e-08	1.7582574961e-12	2.2809454688e-05	3.9428671820e-14	1.5873819889e-16	1.7799858728e-18	3.3193868003e-27	1.5934548072e-10	2.4205495786e-12	2.9687405293e-14	1.1732112858e-08	3.0894738648e-13	6.6748456413e-05	6.0662058005e-11	1.5164730504e-08	3.3943077227e-15	7.5346537644e-22	5.6601251006e-05	2.2975734609e-24	3.8374375495e-16	6.7197450722e-22	8.7613724067e-14	1.5532661609e-15	1.9131575648e-19	5.4663613316e-27	5.4286480238e-53	3.0630230971e-15	5.6164292597e-20	1.9668414549e-29	3.7211319514e-33	3.3942479709e-14	1.2866115118e-11	2.4328263710e-11	5.0683542055e-07	2.8688576968e-21	3.5171137544e-26	1.6465018679e-17	1.4706462373e-09	2.4187249904e-08	1.8006260890e-10	2.8678027853e-14	5.8085012903e-21	3.6861516934e-11	5.4471943075e-18	1.4043471842e-09	1.1473113263e-14	7.5153302655e-12	5.1409427453e-12	8.5326340365e-09	7.6504111693e-16	1.2879395143e-12	1.7383997137e-14	4.4342347745e-15	6.0568540420e-38	8.6671508500e-13	8.3469081285e-17	1.4043471842e-09	4.6960475263e-23	9.0336614250e-28
7.9060432100e+00	1.4064994493e+03	7.5960511594e+19	4.0713261446e+19	2.3133275933e+00	4.9903798306e-22	1.7588111673e-06	1.3551529717e-01	1.2673893941e-17	3.5435775116e-17	1.1606019057e-13	2.1035819695e-09	1.8856778090e-12	4.4607187081e-11	1.6504989234e-09	2.9368290329e-15	2.5001889366e-07	3.8391353431e-06	6.8727348408e-05	1.3706073624e-18	4.0307728093e-06	2.2431195842e-09	0.0000000000e+00	1.6414036484e-19	4.5508529480e-08	7.3042923327e-12	6.6327046613e-12	1.8913051601e-14	3.2966145004e-16	6.3597623345e-10	1.0848942604e-08	2.6189149476e-04	2.8660209749e-16	3.2433867989e-18	1.8888437666e-28	7.2149392049e-24	2.0303577035e-04	4.9604805947e-08	2.4554530664e-26	5.4877738518e-19	2.6593381806e-10	1.0410079535e-14	1.4174047895e-09	9.0959950893e-14	1.8110302755e-10	1.7747872932e-19	5.8635971634e-15	2.1438227811e-16	7.1254467498e-12	3.4800411828e-16	1.9188649641e-12	8.3580027124e-18	7.9465292127e-26	4.1113666753e-18	4.1294822122e-19	3.2663467635e-27	3.7231350315e-20	1.0794238716e-35	3.0775459197e-20	4.4144710074e-28	4.2597721517e-15	9.7636917630e-19	3.9523010541e-25	2.4398337642e-37	2.2944936969e-11	3.4266590681e-23	8.6326966284e-01	2.0007535032e-11	5.6473352262e-18	4.6370270292e-04	4.0023644052e-06	7.4556520087e-19	1.3201407773e-15	5.6283918724e-27	1.5734325149e-42	5.6395612456e-05	1.9927208664e-21	2.4351370363e-46	5.8237407066e-59	2.9135990678e-71	9.0587817046e-21	3.5498633109e-39	8.0461191866e-16	1.3185763175e-20	1.2231967197e-13	8.3778039931e-18	4.6477240836e-12	3.3933149234e-16	3.8833027606e-14	6.3030522158e-21	1.6226228331e-15	7.4969255583e-17	1.7581030116e-19	3.7460615365e-16	3.8615028779e-29	1.1522964321e-20	1.8458901804e-25	1.4257055657e-19	6.7346743089e-23	8.0759309068e-19	1.0899963485e-20	3.4994916176e-26	7.8024741607e-22	2.8724016887e-15	1.5125338782e-12	2.6623963793e-15	2.5824720242e-17	1.4892789150e-14	9.1932515346e-24	4.3289305445e-14	1.6099676436e-20	1.9188649641e-12	1.1832509638e-17	1.4607818983e-20	9.5187984704e-19	8.9403831153e-26	9.3559645648e-24	5.8193011899e-18	2.6983958467e-21	2.4911069848e-30	6.1107996710e-27	1.2142173418e-23	9.2943820227e-29	4.7804674824e-15	1.1248073305e-07	5.2324164235e-08	1.7465065387e-08	2.5532259761e-13	8.4047331650e-22	6.0233242973e-16	1.4354921431e-20	5.2682393265e-14	1.3797230699e-18	3.4329913702e-07	1.7558560794e-09	1.5140435388e-22	4.1666339650e-26	1.4041042109e-23	6.0149841241e-20	2.5866710647e-16	9.3175365280e-10	5.3664652347e-08	9.2949487289e-09	2.3551651245e-12	2.2805466951e-05	4.3501822474e-14	1.6080167265e-16	2.0119931538e-18	2.6627082647e-27	2.2694188441e-10	3.4562108550e-12	3.4295221363e-14	1.2851420266e-08	3.4159642935e-13	6.6740276117e-05	4.7470397564e-11	1.1995908918e-08	3.1251010578e-15	5.8084566400e-22	5.6594093401e-05	1.8860391759e-24	3.2966145004e-16	4.9821952753e-22	1.3744591148e-13	1.5651725677e-15	2.4832771234e-19	6.9807553385e-27	6.4070129410e-53	2.7939226163e-15	4.4124684368e-20	1.2405055850e-29	1.8328080049e-33	2.8891283442e-14	9.8599580698e-12	3.5191133247e-11	4.8689986606e-07	4.2938577683e-21	4.3962922390e-26	2.3415312448e-17	1.8367588043e-09	2.6254465361e-08	2.4705495055e-10	3.4946878905e-14	5.8696826802e-21	3.0665738769e-11	3.4853400853e-18	1.5814353741e-09	1.1361190817e-14	8.5380722031e-12	4.8827359472e-12	1.6691367246e-08	2.2221578887e-15	1.6729000142e-12	1.5732354905e-14	4.6723081404e-15	9.3769133085e-38	1.2967143603e-12	5.6437644521e-17	1.5814353741e-09	5.8856900320e-23	9.5482063099e-28
5.1794746800e+00	1.3977963215e+03	5.0067067894e+19	2.6838491258e+19	2.3130190978e+00	5.6514747847e-22	1.9283949999e-06	1.3549722230e-01	1.2207326387e-17	3.5469385968e-17	1.4734017318e-13	3.1908763425e-09	1.8714054157e-12	4.8794173068e-11	1.7860330334e-09	2.7783949452e-15	2.5017711875e-07	3.8410718450e-06	6.8720271037e-05	1.3977649213e-18	4.0302352162e-06	2.7336958079e-09	0.0000000000e+00	1.6073647699e-19	4.6447815615e-08	6.4008122777e-12	6.5652350083e-12	1.6773416556e-14	2.8665994965e-16	5.5355224184e-10	8.8862928956e-09	1.9587407500e-04	3.0710446001e-16	3.0660367000e-18	1.4794914050e-28	6.0668612923e-24	2.6898534024e-04	5.7289828451e-08	2.8500525903e-26	5.9422887017e-19	2.7946735622e-10	8.5623265237e-15	1.0782302649e-09	5.4157209250e-14	9.7397040185e-11	1.0711650950e-19	3.9358838662e-15	1.4113385488e-16	4.2845782362e-12	2.5288863524e-16	1.7572345351e-12	8.3642659000e-18	8.1044169103e-26	4.1651942366e-18	4.6989135300e-19	4.1230523567e-27	4.3297655644e-20	1.3331530633e-35	3.3947733714e-20	4.7014239354e-28	3.5425024418e-15	6.9941001258e-19	2.3349307922e-25	1.1126362461e-37	2.0879154500e-11	2.3757331391e-23	8.6335437212e-01	1.4767959175e-11	3.3524924623e-18	3.9765585190e-04	2.7173282906e-06	3.0921488087e-19	1.1726789029e-15	3.8690655165e-27	7.9396244330e-43	5.7029873344e-05	1.4455804066e-21	9.9017896207e-47	1.8457905324e-59	6.9215400250e-72	7.7918399154e-21	2.1223215250e-39	5.7689401430e-16	6.3008597934e-21	5.8600371194e-14	4.4502138870e-18	3.1993420385e-12	1.8304976107e-16	3.0413053269e-14	6.2681555004e-21	1.2451090230e-15	4.7254034978e-17	7.5480162929e-20	1.4546421912e-16	4.4167534985e-29	1.2640749920e-20	1.5741822005e-25	1.1305040754e-19	4.2501098624e-23	4.6341499578e-19	4.3869150355e-21	1.0870555434e-26	2.1864904877e-22	2.4178976761e-15	1.1407354346e-12	1.5939533393e-15	2.2394010155e-17	8.2382294256e-15	6.0971064520e-24	2.7768664427e-14	7.7542148364e-21	1.7572345351e-12	8.4974951202e-18	8.8781429972e-21	1.0132497920e-18	7.6780993937e-26	7.7882507638e-24	4.5128801717e-18	1.5290728344e-21	1.2345815645e-30	2.6588389310e-27	8.3582638313e-24	6.8895670208e-29	3.6815495583e-15	1.1590959311e-07	4.8869162224e-08	1.7326988134e-08	2.2397377291e-13	9.4644685549e-22	5.3468558230e-16	1.6026932370e-20	4.6332702177e-14	1.4666456106e-18	3.4349678965e-07	1.5121829559e-09	9.7104586814e-23	3.6441630210e-26	1.0672459538e-23	4.0856955805e-20	1.5876567183e-16	7.4005870687e-10	5.3657494973e-08	7.2047607508e-09	3.2623773636e-12	2.2800679495e-05	4.9018967548e-14	1.5973890919e-16	2.3079797085e-18	2.0896478348e-27	3.0074175904e-10	4.8857826820e-12	3.9228091127e-14	1.4520996076e-08	3.8861494428e-13	6.6731382397e-05	3.9898135442e-11	9.5457731252e-09	3.1286967631e-15	4.7879089267e-22	5.6586054445e-05	1.7070697570e-24	2.8665994965e-16	4.2141161780e-22	2.0832167418e-13	1.6617204130e-15	3.3601441093e-19	9.3316246447e-27	8.0764652121e-53	2.5886153123e-15	3.4372870738e-20	7.7121575433e-30	8.4357034753e-34	2.3622584431e-14	7.0613144829e-12	5.2310684663e-11	4.5352107939e-07	6.2305680912e-21	5.2425132738e-26	2.8858389383e-17	2.3183518261e-09	2.8275967336e-08	3.3165463288e-10	4.0352416712e-14	5.5406897392e-21	2.4112150285e-11	1.8689171189e-18	1.6306472305e-09	1.0002415050e-14	9.4351660788e-12	4.4734362294e-12	3.1450565571e-08	5.7650683055e-15	2.0858849246e-12	1.3452569225e-14	4.7231783916e-15	1.0473790191e-37	1.8963212290e-12	3.3567270566e-17	1.6306472305e-09	6.2037745834e-23	8.3306993134e-28
3.3932217700e+00	1.3915025409e+03	3.2944601167e+19	1.7662188599e+19	2.3127297890e+00	6.5661553169e-22	2.1834128468e-06	1.3548027468e-01	1.2569429296e-17	3.7555148514e-17	1.9654091893e-13	4.8031379358e-09	1.9708430363e-12	5.5982317493e-11	1.9913019668e-09	2.6682329897e-15	2.5029498405e-07	3.8425049455e-06	6.8713229627e-05	1.5009315468e-18	4.0297311243e-06	3.5422160118e-09	0.0000000000e+00	1.5864028495e-19	4.4625816257e-08	5.1945840640e-12	6.1666551289e-12	1.4546413780e-14	2.4504295358e-16	4.4713500355e-10	6.8693335181e-09	1.3384979345e-04	3.2363439639e-16	2.7839604731e-18	1.1711038379e-28	5.0579130192e-24	3.3095331939e-04	6.0207458503e-08	3.1919344774e-26	5.9759838246e-19	2.5976523461e-10	6.2856036192e-15	7.0627359257e-10	2.8017683425e-14	4.4189923309e-11	5.5943880518e-20	2.4839153863e-15	8.7815036216e-17	2.3570830435e-12	1.6012807226e-16	1.3947108508e-12	7.4981731550e-18	7.7991676469e-26	3.7673181247e-18	4.8980883752e-19	4.6482247234e-27	4.0993848282e-20	1.4004882223e-35	2.9304423749e-20	3.9534421450e-28	3.0950801474e-15	5.1739391268e-19	1.4167236720e-25	5.2757429889e-38	1.9479082494e-11	1.7156314721e-23	8.6343367666e-01	1.1171621744e-11	2.0427044512e-18	3.3560487738e-04	1.8268350476e-06	1.2937250090e-19	1.0746593770e-15	2.7759608780e-27	4.2910545107e-43	5.7468728160e-05	1.0790100835e-21	4.3164400171e-47	6.3328824324e-60	1.8163385273e-72	6.9730124139e-21	1.3747432972e-39	4.2712587575e-16	3.0949312592e-21	2.5799862513e-14	2.2365652812e-18	2.0570457053e-12	9.3038282556e-17	2.2746102933e-14	5.2979503839e-21	7.7708934318e-16	2.4129878161e-17	2.5980114325e-20	4.3953095921e-17	4.1440996719e-29	1.0867828510e-20	1.0636109436e-25	6.8421863075e-20	2.0565689647e-23	1.9761239070e-19	1.2882661427e-21	2.4955827189e-27	4.3981634735e-23	1.8048176533e-15	7.4233802126e-13	8.7387777446e-16	1.6177652231e-17	3.6124395209e-15	3.6111733221e-24	1.5163225188e-14	3.2441528429e-21	1.3947108508e-12	5.3343008700e-18	5.5010128461e-21	8.9985430461e-19	6.1562624354e-26	5.4592502600e-24	2.8376229744e-18	9.0051812819e-22	5.8940723068e-31	1.0903352440e-27	3.6494794238e-24	3.3613127863e-29	2.3037806545e-15	1.2021192707e-07	4.4539041284e-08	1.7119332991e-08	2.0659377729e-13	9.9418303495e-22	4.9734815122e-16	1.6386689290e-20	4.1926415141e-14	1.5600638447e-18	3.4368495768e-07	1.2808622392e-09	6.2612335922e-23	3.1284882972e-26	7.8118159348e-24	2.6022735151e-20	8.8709095007e-17	5.9080930899e-10	5.3650783625e-08	5.6499075081e-09	4.6377581903e-12	2.2795469845e-05	5.6589947882e-14	1.5880803495e-16	2.6991717698e-18	1.6512299490e-27	3.7007296047e-10	6.6747249420e-12	4.3367649757e-14	1.6805088692e-08	4.5194831714e-13	6.6723040439e-05	3.5154267688e-11	7.6310468468e-09	3.3155637341e-15	4.1565597010e-22	5.6578167938e-05	1.6792525143e-24	2.4504295358e-16	3.9461470869e-22	2.9944972556e-13	1.8370312899e-15	4.6951459879e-19	1.2922782825e-26	1.0712039755e-52	2.4468402769e-15	2.7026778229e-20	4.8557212547e-30	3.8033223232e-34	1.8235694698e-14	4.6742020933e-12	7.7584936220e-11	4.0298928760e-07	8.4932441336e-21	5.8465044085e-26	3.1131331208e-17	2.8823116845e-09	2.9573506325e-08	4.3113190389e-10	4.4367293914e-14	4.9647022128e-21	1.7875056128e-11	8.8182954110e-19	1.5592782826e-09	8.0464900951e-15	1.0050869565e-11	3.9254151103e-12	5.4955983475e-08	1.2490587057e-14	2.4054965886e-12	1.0509624010e-14	4.4140422854e-15	8.6891940554e-38	2.6010032356e-12	1.8092694975e-17	1.5592782826e-09	5.6369234361e-23	6.2252936036e-28
2.2229964800e+00	1.3868692914e+03	2.1652844017e+19	1.1609660503e+19	2.3124938145e+00	7.5321370869e-22	2.5284785036e-06	1.3546645365e-01	1.3562194508e-17	4.2086656738e-17	2.7143168646e-13	7.0042279977e-09	2.1265034993e-12	6.4830929456e-11	2.2298304490e-09	2.5895165822e-15	2.5038684798e-07	3.8436231282e-06	6.8707401914e-05	1.6711012289e-18	4.0293200105e-06	4.6280039790e-09	0.0000000000e+00	1.5267055867e-19	3.9853174147e-08	3.9418856451e-12	5.5094061510e-12	1.2042846984e-14	2.0071072246e-16	3.3820987555e-10	4.9446829763e-09	8.3255872055e-05	3.2689860165e-16	2.4249278576e-18	9.0561101165e-29	4.0647124395e-24	3.8150809622e-04	5.9464522085e-08	3.2786813008e-26	5.3663497683e-19	2.0834140174e-10	4.0067925768e-15	3.9174786455e-10	1.2351787369e-14	1.6735396000e-11	2.5262263422e-20	1.4813590049e-15	5.1823808732e-17	1.2021603693e-12	8.8092929979e-17	9.5818550526e-13	5.9545074336e-18	6.7767109575e-26	2.9595354238e-18	4.5943859630e-19	4.4149960315e-27	3.1728740118e-20	1.1615762356e-35	1.8838274103e-20	2.4913405316e-28	2.7993777343e-15	3.9834115166e-19	9.0681730457e-26	2.7085560894e-38	1.8817685968e-11	1.3199587212e-23	8.6349817746e-01	8.5978080526e-12	1.2675580428e-18	2.8498857668e-04	1.2197136250e-06	5.4460443516e-20	1.0242436803e-15	2.1249774015e-27	2.5637839886e-43	5.7768719269e-05	8.3607451918e-22	2.0815112712e-47	2.4624431605e-60	5.5750044155e-73	6.6430894105e-21	9.9240845174e-40	3.2344137853e-16	1.5498049484e-21	1.0381506638e-14	1.0485053877e-18	1.2226537786e-12	4.3982464185e-17	1.5972819291e-14	3.6437241273e-21	3.8264951580e-16	9.6946484019e-18	6.9842777210e-21	1.0157797774e-17	2.9929118103e-29	6.9654710818e-21	5.3982536780e-26	3.0304070719e-20	7.3055410530e-24	6.0519182076e-20	2.6822614509e-22	4.0986128782e-28	6.2009263392e-24	1.1645340316e-15	4.0965677870e-13	4.4445653247e-16	9.3771303150e-18	1.2274391619e-15	1.8905751854e-24	7.0771609389e-15	1.1766524833e-21	9.5818550526e-13	2.9158618347e-18	3.5771650261e-21	6.4187447860e-19	4.4236820553e-26	3.0936146881e-24	1.4046825535e-18	5.4486607688e-22	2.7522341952e-31	4.3066918403e-28	9.6313074400e-25	1.0172358830e-29	1.1366368435e-15	1.2439566915e-07	4.0329650882e-08	1.6878858693e-08	1.9268414319e-13	9.1308903175e-22	4.6663772151e-16	1.4570182547e-20	3.8068083984e-14	1.5716339467e-18	3.4385827229e-07	1.0723542756e-09	4.1233992263e-23	2.5708205259e-26	5.4002678793e-24	1.5364008279e-20	4.5001356255e-17	4.7334997274e-10	5.3645310163e-08	4.4669093341e-09	6.7141789552e-12	2.2790108358e-05	6.7615876059e-14	1.6356312721e-16	3.2559768775e-18	1.3813248784e-27	4.2661676862e-10	8.6338376411e-12	4.5397425371e-14	1.9777950251e-08	5.3379624197e-13	6.6716236874e-05	3.1464731182e-11	6.1200725635e-09	3.5937166343e-15	3.7422213317e-22	5.6571309675e-05	1.7819043065e-24	2.0071072246e-16	3.9683172507e-22	4.0221355225e-13	2.0892828386e-15	6.7104339064e-19	1.8346019955e-26	1.4724778776e-52	2.3866547731e-15	2.2147120815e-20	3.2497237799e-30	1.8118534981e-34	1.3112156183e-14	2.8393498517e-12	1.1190331475e-10	3.3743757896e-07	1.0697208033e-20	6.1104746981e-26	3.0573055400e-17	3.4534754902e-09	2.9513348677e-08	5.4306702006e-10	4.7534578254e-14	4.4012558435e-21	1.2601804569e-11	3.9718054683e-19	1.4262336885e-09	6.2351933970e-15	1.0341757292e-11	3.3120829785e-12	8.6409519075e-08	2.1465360241e-14	2.4914954925e-12	7.3108408660e-15	3.7037579190e-15	5.8456056264e-38	3.2357100833e-12	9.3393529880e-18	1.4262336885e-09	4.6940498145e-23	4.3185435003e-28
1.4563484800e+00	1.3832484462e+03	1.4221491746e+19	7.6257294447e+18	2.3123252193e+00	8.2703823596e-22	2.9688983747e-06	1.3545657606e-01	1.5059142252e-17	5.0036213477e-17	3.8295053879e-13	9.7783164201e-09	2.2733079353e-12	7.3213830310e-11	2.4493144765e-09	2.5293725598e-15	2.5046183278e-07	3.8445445299e-06	6.8703309482e-05	1.9024613019e-18	4.0290262238e-06	5.7907009482e-09	0.0000000000e+00	1.3956150759e-19	3.2823754281e-08	2.8365865526e-12	4.7173546844e-12	9.3477962699e-15	1.5448936719e-16	2.4282633872e-10	3.2863988696e-09	4.7151509274e-05	3.1032872110e-16	2.0347380524e-18	6.6586593578e-29	3.0804435943e-24	4.1759010955e-04	5.7239846572e-08	2.9721362118e-26	4.1832921113e-19	1.4203464776e-10	2.1795148634e-15	1.8257207045e-10	4.5931387619e-15	5.2784014737e-12	9.9461159103e-21	8.4329462625e-16	2.9259308583e-17	5.7840755009e-13	4.2381616828e-17	5.7435720330e-13	4.1849151690e-18	5.1462865778e-26	1.9838989647e-18	3.8509196507e-19	3.3887238367e-27	2.0445639470e-20	7.2167496638e-36	8.7510665147e-21	1.1386954206e-28	2.5861360257e-15	3.2197050643e-19	6.2950462283e-26	1.5699540453e-38	1.9027219774e-11	1.1081936271e-23	8.6354402361e-01	6.6867258748e-12	7.9528194255e-19	2.4886971832e-04	8.1082584260e-07	2.3007435878e-20	1.0244219254e-15	1.7764860145e-27	1.7516551830e-43	5.7972421810e-05	6.7900676143e-22	1.1482075082e-47	1.1388867414e-60	2.1260580572e-73	6.9028979357e-21	8.2338492163e-40	2.4829650141e-16	7.8517980826e-22	3.8127150116e-15	4.5429995693e-19	6.6794922484e-13	1.9182443108e-17	1.0408556882e-14	1.9822175558e-21	1.4623538721e-16	3.0177658102e-18	1.4481488984e-21	1.7874147252e-18	1.5940320455e-29	3.2281093085e-21	1.9904155163e-26	9.5948800644e-21	1.8588364842e-24	1.3097513031e-20	3.9153721863e-23	4.7453809551e-29	6.0861947462e-25	6.3934593617e-16	1.9010077866e-13	2.1331895903e-16	4.2622555749e-18	3.2010926439e-16	8.7479352178e-25	2.8596883636e-15	3.7270732227e-22	5.7435720330e-13	1.3957713350e-18	2.5149759591e-21	3.5924238421e-19	2.7654084482e-26	1.3809881536e-24	5.3889914310e-19	3.3513569265e-22	1.2836364141e-31	1.6831298733e-28	1.5035527986e-25	1.8502811866e-30	4.3505206593e-16	1.2769073419e-07	3.7014204995e-08	1.6657985591e-08	1.7543587301e-13	6.9679542940e-22	4.2673895779e-16	1.0825066133e-20	3.3882896515e-14	1.4323361430e-18	3.4401411992e-07	8.9135708061e-10	2.8182908837e-23	1.9839347285e-26	3.4770625949e-24	8.3521889461e-21	2.0752909375e-17	3.8007439720e-10	5.3641398765e-08	3.5494073308e-09	9.8299594942e-12	2.2784656985e-05	8.4537354058e-14	1.8069571796e-16	4.1012494843e-18	1.2868183957e-27	4.6695616798e-10	1.0418311636e-11	4.4333576448e-14	2.3518552366e-08	6.3650221624e-13	6.6711376005e-05	2.7756518179e-11	4.9179776549e-09	3.8553497861e-15	3.4455562667e-22	5.6566021901e-05	2.0294918912e-24	1.5448936719e-16	4.1690787418e-22	4.9991296358e-13	2.4178068877e-15	9.7252086149e-19	2.6447162176e-26	2.0692066109e-52	2.4314731759e-15	1.9538091170e-20	2.4280229042e-30	9.8355426016e-35	8.7069482652e-15	1.5783072102e-12	1.5488055657e-10	2.6592897553e-07	1.2529501299e-20	6.1378433825e-26	2.9039722485e-17	3.9486149137e-09	2.7934843672e-08	6.7101053973e-10	5.1355657104e-14	4.0686696396e-21	8.6145799423e-12	1.8694747823e-19	1.3005803277e-09	4.9561337593e-15	1.0417534898e-11	2.7282588279e-12	1.2134051158e-07	2.9052828519e-14	2.3019911608e-12	4.5126113136e-15	2.7717301732e-15	3.6298327265e-38	3.6125039453e-12	4.9275201257e-18	1.3005803277e-09	3.8891361715e-23	3.0778490276e-28
9.5409547600e-01	1.3800820873e+03	9.3378534042e+18	5.0072951881e+18	2.3122192486e+00	8.5360155935e-22	3.5075904818e-06	1.3545036805e-01	1.6933066593e-17	6.2796179894e-17	5.4545556353e-13	1.3064952300e-08	2.3539273871e-12	7.9014098326e-11	2.6031520850e-09	2.4776464953e-15	2.5052494102e-07	3.8453306845e-06	6.8700883423e-05	2.1874969518e-18	4.0288415780e-06	6.7229760767e-09	0.0000000000e+00	1.1951189054e-19	2.4989061833e-08	1.9641904864e-12	3.9059196789e-12	6.7577018810e-15	1.1086097645e-16	1.6786991781e-10	2.0204430168e-09	2.4547762833e-05	2.7461507287e-16	1.6544821899e-18	4.5865874375e-29	2.1790231185e-24	4.4018409868e-04	5.5194332248e-08	2.3411493458e-26	2.8129241093e-19	8.2743868612e-11	1.0148359511e-15	7.2333378388e-11	1.4545078357e-15	1.4097099955e-12	3.4797128126e-21	4.6339153014e-16	1.5961922323e-17	2.6722386838e-13	1.8142815845e-17	3.0602965548e-13	2.6310807277e-18	3.3806000377e-26	1.1379426851e-18	2.8998602752e-19	2.0829127801e-27	1.1302973471e-20	3.3271812150e-36	2.9686537360e-21	3.8054757219e-29	2.4113099398e-15	2.7338539294e-19	4.7889365560e-26	1.0438672549e-38	2.0187478982e-11	1.0226083657e-23	8.6357250859e-01	5.2237015072e-12	5.0122599776e-19	2.2625367690e-04	5.3785201777e-07	9.7311587140e-21	1.0761502664e-15	1.6325976168e-27	1.3807105885e-43	5.8110151321e-05	5.7875991935e-22	7.3067614470e-48	6.3575235341e-61	1.0259029633e-73	7.8820861136e-21	7.9006977717e-40	1.9169758128e-16	3.9970582735e-22	1.2883168342e-15	1.8212137614e-19	3.3679140521e-13	7.7344314417e-18	6.2868110302e-15	8.5534289260e-22	4.3954922332e-17	7.3825924976e-19	2.3550190481e-22	2.4527026567e-19	6.2562590266e-30	1.0928198672e-21	5.3720380242e-27	2.2078367436e-21	3.4402841656e-25	2.0494337658e-21	4.1177211050e-24	3.9680879345e-30	4.2901609714e-26	3.0002199583e-16	7.5006245172e-14	9.8305409100e-17	1.5307969986e-18	6.5335145877e-17	3.6187541554e-25	1.0235732777e-15	1.0498101835e-22	3.0602965548e-13	5.9486362870e-19	1.9354111894e-21	1.5887708373e-19	1.4923409555e-26	4.8799879467e-25	1.6247347960e-19	2.0756515120e-22	6.0631087997e-32	6.6337675714e-29	1.4403249525e-26	2.0799359072e-31	1.3094328212e-16	1.2977486382e-07	3.4916746260e-08	1.6503277032e-08	1.5272015052e-13	4.3469937038e-22	3.7278881447e-16	6.6560934523e-21	2.9165283115e-14	1.1563831629e-18	3.4415116076e-07	7.3850966631e-10	2.0135405372e-23	1.4269187612e-26	2.0788661663e-24	4.1945651595e-21	8.7912081613e-18	3.0547034505e-10	5.3638940439e-08	2.8267066873e-09	1.4463897622e-11	2.2778998982e-05	1.1089096560e-13	2.1773279700e-16	5.4149699301e-18	1.3670375094e-27	4.9220271958e-10	1.1682430451e-11	4.0232804186e-14	2.8095666470e-08	7.6219965243e-13	6.6708322710e-05	2.3660765716e-11	3.9554063841e-09	4.0043045278e-15	3.2042948661e-22	5.6562497002e-05	2.4527776670e-24	1.1086097645e-16	4.4653579010e-22	5.7531860874e-13	2.8191828706e-15	1.4182280079e-18	3.8387182354e-26	2.9365758124e-52	2.5968120400e-15	1.8830758079e-20	2.0709998013e-30	6.3245738283e-35	5.3486061937e-15	8.0829791595e-13	2.0537388361e-10	1.9905590776e-07	1.3911321656e-20	6.0977633959e-26	2.8129196817e-17	4.3146817998e-09	2.5200056910e-08	8.2475336937e-10	5.7451916864e-14	4.0646789587e-21	5.8279021882e-12	9.7865862795e-20	1.2218336748e-09	4.2261880061e-15	1.0429709815e-11	2.2308207148e-12	1.5428398762e-07	3.2057495797e-14	1.9248052417e-12	2.5147554357e-15	1.8769730290e-15	2.3301010613e-38	3.6597972053e-12	2.7845609564e-18	1.2218336748e-09	3.4215057995e-23	2.4293866062e-28
6.2505519300e-01	1.3768630206e+03	6.1316397498e+18	3.2880916078e+18	2.3121599630e+00	8.2528766895e-22	4.1400492184e-06	1.3544689584e-01	1.8994064668e-17	8.1707100860e-17	7.7577547375e-13	1.6784715277e-08	2.3429761202e-12	8.1299073303e-11	2.6746571764e-09	2.4257234196e-15	2.5057851956e-07	3.8460067252e-06	6.8699698264e-05	2.5114618390e-18	4.0287382844e-06	7.2242114095e-09	0.0000000000e+00	9.5918622796e-20	1.7858654015e-08	1.3265449969e-12	3.1533704189e-12	4.5827058888e-15	7.4614475616e-17	1.1323015243e-10	1.1664376818e-09	1.2012520763e-05	2.2782445713e-16	1.3106868376e-18	2.9581858534e-29	1.4440755720e-24	4.5271686291e-04	5.3959364159e-08	1.6223794882e-26	1.6659139750e-19	4.2516716451e-11	4.1667107413e-16	2.5296810645e-11	4.0646690410e-16	3.3253588161e-13	1.1158264828e-21	2.4834602028e-16	8.4914436551e-18	1.2050544934e-13	7.1171885152e-18	1.4944886251e-13	1.5146275033e-18	1.9541364009e-26	5.7505167077e-19	1.9981847316e-19	1.0583201136e-27	5.5860231938e-21	1.1904400175e-36	7.8347739855e-22	9.8829590063e-30	2.2439935380e-15	2.4072824847e-19	3.9241568435e-26	7.7609718350e-39	2.2226220018e-11	1.0164323148e-23	8.6358802755e-01	4.0759310291e-12	3.1537079430e-19	2.1370795835e-04	3.5671606939e-07	4.1110456284e-21	1.1723981212e-15	1.6153176703e-27	1.2158749597e-43	5.8202788435e-05	5.1141677781e-22	5.1922790389e-48	4.1143733488e-61	5.9564503013e-74	9.6949261554e-21	8.4703635878e-40	1.4772717502e-16	2.0312502655e-22	4.0892838746e-16	6.8523967968e-20	1.5944470740e-13	2.9273149019e-18	3.5630210017e-15	3.0554641129e-22	1.0951522282e-17	1.4972463118e-19	3.1758850409e-23	2.7934256351e-20	1.9076292612e-30	2.8780486785e-22	1.1275597424e-27	3.9552923340e-22	4.9564513381e-26	2.4986341957e-22	3.3759577079e-25	2.5857063395e-31	2.3586506660e-27	1.2411613590e-16	2.6110722181e-14	4.4199438029e-17	4.5540793499e-19	1.1062001379e-17	1.3707905634e-25	3.3596450270e-16	2.7099644191e-23	1.4944886251e-13	2.3230353114e-19	1.6053224023e-21	5.8174887586e-20	7.0888087331e-27	1.4273279800e-25	4.0590039841e-20	1.2829219719e-22	2.8985494450e-32	2.6479750812e-29	9.4924450185e-28	1.6068042183e-32	3.2670023383e-17	1.3074556011e-07	3.3939566564e-08	1.6431286985e-08	1.2673892336e-13	2.2801147255e-22	3.1035048609e-16	3.4893450877e-21	2.4259939690e-14	8.3556751400e-19	3.4426870346e-07	6.1212455370e-10	1.4935956874e-23	9.6256515855e-27	1.1663918061e-24	1.9784167741e-21	3.5005973947e-18	2.4546088226e-10	5.3637565214e-08	2.2504030587e-09	2.1265796483e-11	2.2772942141e-05	1.5094972460e-13	2.8294003596e-16	7.4203902558e-18	1.6261626490e-27	5.0620075381e-10	1.2293041182e-11	3.4262060421e-14	3.3539303938e-08	9.1211099016e-13	6.6706616682e-05	1.9394840938e-11	3.1806756125e-09	3.9980487154e-15	2.9753074847e-22	5.6560545415e-05	3.0708384139e-24	7.4614475616e-17	4.7661945199e-22	6.2166524030e-13	3.2817784972e-15	2.0662096226e-18	5.5658827273e-26	4.1612861265e-52	2.8784029940e-15	1.9567455277e-20	1.9776502107e-30	4.7330428825e-35	3.0853145838e-15	3.8896080253e-13	2.6180951840e-10	1.4343243190e-07	1.4850339319e-20	6.0495555740e-26	2.8312637774e-17	4.5342688561e-09	2.1872140379e-08	1.0129767099e-09	6.6730089563e-14	4.3787114802e-21	3.9428314177e-12	5.7499438447e-20	1.1926876830e-09	3.8903651125e-15	1.0435559624e-11	1.8233104989e-12	1.8169153239e-07	3.0370392421e-14	1.4907288334e-12	1.2985164641e-15	1.1773204439e-15	1.6165408293e-38	3.4328561618e-12	1.6991065731e-18	1.1926876830e-09	3.2496862361e-23	2.1502774609e-28
4.0949150600e-01	1.3730870692e+03	4.0280058824e+18	2.1600464847e+18	2.3121294921e+00	7.4960964354e-22	4.8467474259e-06	1.3544511058e-01	2.0932247727e-17	1.0723281779e-16	1.0895209959e-12	2.0819632374e-08	2.2451074081e-12	8.0383114127e-11	2.6744302253e-09	2.3655931724e-15	2.5062370558e-07	3.8465821310e-06	6.8699256939e-05	2.8458770238e-18	4.0286851902e-06	7.2996260955e-09	0.0000000000e+00	7.2650047422e-20	1.2246997784e-08	8.8328001270e-13	2.4961859705e-12	2.9554528425e-15	4.7693521920e-17	7.5312088994e-11	6.4621593087e-10	5.6877965797e-06	1.7935649064e-16	1.0142463143e-18	1.7967806480e-29	9.0565395967e-25	4.5904217310e-04	5.3491524395e-08	1.0144803330e-26	8.9895773806e-20	2.0154499135e-11	1.5746184085e-16	8.2175583151e-12	1.0526471977e-16	7.3241587309e-14	3.3963355014e-22	1.3080886631e-16	4.4338034260e-18	5.3780429157e-14	2.6455007922e-18	6.9248001160e-14	8.2038055170e-19	1.0243509559e-26	2.6707883588e-19	1.2881958181e-19	4.6793071286e-28	2.5750478034e-21	3.5487395182e-37	1.7597226451e-22	2.1762952673e-30	2.0607294210e-15	2.1496287784e-19	3.3411714263e-26	6.1154186718e-39	2.4879359663e-11	1.0467438934e-23	8.6359552681e-01	3.1582339546e-12	1.9684021239e-19	2.0737496608e-04	2.3700176585e-07	1.7304082429e-21	1.2956085002e-15	1.6538658049e-27	1.1262571831e-43	5.8264682636e-05	4.5839105646e-22	3.8774084247e-48	2.8559748905e-61	3.7758933380e-74	1.2358579645e-20	9.5308904425e-40	1.1275403937e-16	1.0235772612e-22	1.2531609495e-16	2.4708347414e-20	7.2577100349e-14	1.0628886635e-18	1.9306231825e-15	9.6187428731e-23	2.4317060495e-18	2.7088510588e-20	3.8308303481e-24	2.8674048020e-21	4.8911726936e-31	6.4481384664e-23	2.0078083106e-28	6.0686922352e-23	6.1087184137e-27	2.6268184821e-23	2.3978558176e-26	1.4549424055e-32	1.1280995389e-28	4.7304424329e-17	8.4325289928e-15	1.9648920824e-17	1.2000597166e-19	1.6800798585e-18	4.8894431013e-26	1.0510873604e-16	6.6336178077e-24	6.9248001160e-14	8.5889047111e-20	1.3871209414e-21	1.8847908822e-20	3.0618753226e-27	3.6851227438e-26	9.0377375187e-21	7.8408474549e-23	1.3848730242e-32	1.0622471804e-29	5.0221892971e-29	9.8715939287e-34	7.2659468684e-18	1.3088073119e-07	3.3803165795e-08	1.6431266769e-08	1.0100602818e-13	1.0587603956e-22	2.4816161737e-16	1.6402273536e-21	1.9631154684e-14	5.5520722915e-19	3.4436682387e-07	5.0945906522e-10	1.1319168404e-23	6.1684704927e-27	6.2473163850e-25	8.9685143894e-22	1.3498347310e-18	1.9696929241e-10	5.3636858332e-08	1.7863141529e-09	3.1059695646e-11	2.2766360189e-05	2.0894619813e-13	3.8483424922e-16	1.0352798907e-17	2.0684225128e-27	5.1327582204e-10	1.2338485685e-11	2.7829801364e-14	3.9793428993e-08	1.0853663279e-12	6.6705741704e-05	1.5352557600e-11	2.5545418771e-09	3.8449448719e-15	2.7262324399e-22	5.6559724501e-05	3.8512637732e-24	4.7693521920e-17	4.9539044203e-22	6.4381515351e-13	3.7784009933e-15	2.9855740350e-18	7.9974717415e-26	5.8207705225e-52	3.2478317728e-15	2.1235573857e-20	2.0163576077e-30	3.9024882436e-35	1.7077088698e-15	1.8056724728e-13	3.2179257763e-10	1.0079244783e-07	1.5302472366e-20	5.9346448595e-26	2.9322249019e-17	4.6093169493e-09	1.8429701174e-08	1.2367525624e-09	7.9169378503e-14	4.9338585626e-21	2.6697126396e-12	3.6859466836e-20	1.1972394740e-09	3.7823864549e-15	1.0391230386e-11	1.4855122081e-12	2.0252930399e-07	2.5971915426e-14	1.0935678711e-12	6.3708147278e-16	6.9953422601e-16	1.1968412827e-38	3.0390817444e-12	1.0972989575e-18	1.1972394740e-09	3.2621439563e-23	2.0615902820e-28
2.6826958000e-01	1.3682116130e+03	2.6482476977e+18	1.4201507059e+18	2.3121144289e+00	6.3821103404e-22	5.5833409791e-06	1.3544422805e-01	2.2284852721e-17	1.3783808633e-16	1.4925874271e-12	2.4964063901e-08	2.0727851906e-12	7.6909681188e-11	2.6184798842e-09	2.2893163503e-15	2.5066140458e-07	3.8470648351e-06	6.8699185992e-05	3.1424994510e-18	4.0286589442e-06	7.0456329679e-09	0.0000000000e+00	5.2040222335e-20	8.2112463993e-09	5.8405189655e-13	1.9404287078e-12	1.8301285306e-15	2.9193981846e-17	4.9744622808e-11	3.4993421572e-10	2.6756036301e-06	1.3504625768e-16	7.6526852626e-19	1.0285876353e-29	5.4047181020e-25	4.6205563932e-04	5.3579263167e-08	5.8221224634e-27	4.5384277626e-20	9.1602615231e-12	5.6794213568e-17	2.5941157269e-12	2.6371693503e-17	1.5838346975e-14	1.0095952007e-22	6.7975798498e-17	2.2781365929e-18	2.4006445299e-14	9.5701484244e-19	3.1310762149e-14	4.2648197555e-19	4.9786042731e-27	1.1812718241e-19	7.8825886994e-20	1.8741973402e-28	1.1433815866e-21	9.3250869689e-38	3.6328882698e-23	4.3760286316e-31	1.8441484348e-15	1.9008446580e-19	2.8458933406e-26	4.8266613326e-39	2.7707042010e-11	1.0718925234e-23	8.6359874930e-01	2.4145702586e-12	1.2100889511e-19	2.0435562272e-04	1.5807202397e-07	7.2363004885e-22	1.4185246147e-15	1.6803276338e-27	1.0295135537e-43	5.8305785536e-05	4.0718102253e-22	2.8530394770e-48	1.9584094368e-61	2.3580980629e-74	1.5674391829e-20	1.0533034463e-39	8.4504177416e-17	5.0764049704e-23	3.8002118187e-17	8.6884580848e-21	3.2425438489e-14	3.7714334920e-19	1.0154083063e-15	2.8122364449e-23	5.1267263470e-19	4.6626823189e-21	4.4193053510e-25	2.8575107922e-22	1.1257533512e-31	1.3268961421e-23	3.2658711684e-29	8.6663939590e-24	6.9914734560e-28	2.6050410658e-24	1.6214735765e-27	7.7442815802e-34	5.1791979750e-30	1.7245848910e-17	2.6409647684e-15	8.7236297949e-18	2.9666640564e-20	2.4542809630e-19	1.6764728732e-26	3.2380007859e-17	1.5827844709e-24	3.1310762149e-14	3.0855803199e-20	1.2047364314e-21	5.7184549877e-21	1.2327896202e-27	8.8682835194e-27	1.9116363710e-21	4.6903030222e-23	6.4970198635e-33	4.2303454323e-30	2.4466554089e-30	5.4817080646e-35	1.5351059934e-18	1.3040036323e-07	3.4285957051e-08	1.6487096724e-08	7.7800570630e-14	4.5486679358e-23	1.9191005211e-16	7.2203409747e-22	1.5548439673e-14	3.4703436025e-19	3.4444654320e-07	4.2749301932e-10	8.6174158738e-24	3.7878073838e-27	3.2372662923e-25	3.9862188463e-22	5.1798112431e-19	1.5763624468e-10	5.3636508899e-08	1.4096886034e-09	4.4775723980e-11	2.2759325404e-05	2.8784992023e-13	5.3102172439e-16	1.4410443498e-17	2.6808668532e-27	5.1669072680e-10	1.1961281036e-11	2.1832197086e-14	4.6648389110e-08	1.2772816364e-12	6.6705310875e-05	1.1780770728e-11	2.0467615236e-09	3.5663518978e-15	2.4333709451e-22	5.6559609973e-05	4.6668027576e-24	2.9193981846e-17	4.8878361123e-22	6.5010892544e-13	4.2581522812e-15	4.2447080733e-18	1.1288713401e-25	7.9371771651e-52	3.6549759349e-15	2.3280431963e-20	2.0887244355e-30	3.3491990331e-35	9.2371090224e-16	8.2794911431e-14	3.8129539275e-10	6.9837572854e-08	1.5199427473e-20	5.6667102601e-26	3.0785190295e-17	4.5463703179e-09	1.5175258493e-08	1.4886775210e-09	9.4083327297e-14	5.6189836471e-21	1.8062830229e-12	2.4993166701e-20	1.2198847553e-09	3.7886485222e-15	1.0224473381e-11	1.1998343675e-12	2.1741450150e-07	2.0905916167e-14	7.7362307138e-13	3.0329667857e-16	4.0090957614e-16	9.2500628091e-39	2.5763937256e-12	7.3310389321e-19	1.2198847553e-09	3.3701478458e-23	2.0560599970e-28
1.7575106200e-01	1.3616356107e+03	1.7433159435e+18	9.3487454308e+17	2.3121069684e+00	5.0316630819e-22	6.2718630321e-06	1.3544379108e-01	2.2481220662e-17	1.6873585344e-16	1.9668830074e-12	2.8876189303e-08	1.8353304475e-12	7.1281458945e-11	2.5153435379e-09	2.1891270600e-15	2.5069259577e-07	3.8474653523e-06	6.8699271629e-05	3.3325466667e-18	4.0286459448e-06	6.5405381912e-09	0.0000000000e+00	3.5003554511e-20	5.4460671558e-09	3.8512387011e-13	1.4779164159e-12	1.0896922617e-15	1.7111244459e-17	3.2761067863e-11	1.8735098834e-10	1.2765072153e-06	9.7187798555e-17	5.5956561007e-19	5.5012633593e-30	3.0588937655e-25	4.6345568687e-04	5.4086682521e-08	3.0674201234e-27	2.1674788609e-20	4.0922987464e-12	1.9992480044e-17	8.2205438389e-13	6.5853134121e-18	3.4938723066e-15	2.9869097651e-23	3.4862671004e-17	1.1505630190e-18	1.0804925583e-14	3.4269138360e-19	1.4072305957e-14	2.1474391441e-19	2.2573506149e-27	5.0829649438e-20	4.5913341135e-20	6.9178667574e-29	4.9842853202e-22	2.2170118400e-38	7.2446342537e-24	8.4152796844e-32	1.5852408238e-15	1.6287643489e-19	2.3479249616e-26	3.6372213326e-39	3.0114326251e-11	1.0530351571e-23	8.6359994077e-01	1.8080316305e-12	7.2671625672e-20	2.0294987064e-04	1.0608371537e-07	2.9964639211e-22	1.5061453333e-15	1.6328078314e-27	8.7785218062e-44	5.8332974289e-05	3.5097326452e-22	1.9539000347e-48	1.2346197550e-61	1.3262728680e-74	1.9088968708e-20	1.0776591730e-39	6.1570853439e-17	2.4564946378e-23	1.1617303219e-17	3.0103748129e-21	1.4418625372e-14	1.3228617200e-19	5.2237165869e-16	7.8783001011e-24	1.0720814090e-19	7.9854957565e-22	5.1143135013e-26	2.9244483782e-23	2.4119019121e-32	2.6344509059e-24	5.0818150470e-30	1.2191003840e-24	7.8542361195e-29	2.5988053572e-25	1.1190114395e-28	4.1647715102e-35	2.4581059840e-31	6.1585106686e-18	8.2772935247e-16	3.8967373839e-18	7.1386546014e-21	3.6286329561e-20	5.5811560730e-27	1.0056173597e-17	3.7473233089e-25	1.4072305957e-14	1.0945209656e-20	1.0208523886e-21	1.6843487467e-21	4.6693402018e-28	2.0568077692e-27	4.0142928621e-22	2.7139648299e-23	2.9375991973e-33	1.6517627934e-30	1.2120474603e-31	3.0068341271e-36	3.2193816544e-19	1.2937932651e-07	3.5312110258e-08	1.6590174893e-08	5.7937353917e-14	1.8525455193e-23	1.4365104776e-16	3.0532574479e-22	1.2077035685e-14	2.0596442007e-19	3.4450958795e-07	3.6333556439e-10	6.5005704830e-24	2.2293300404e-27	1.6321680448e-25	1.7602473134e-22	2.0212244824e-19	1.2563573562e-10	5.3636335829e-08	1.1023740640e-09	6.3247518499e-11	2.2752196050e-05	3.8723660472e-13	7.2536559198e-16	1.9662590943e-17	3.4071964415e-27	5.1838270564e-10	1.1252876562e-11	1.6619596563e-14	5.3665307374e-08	1.4773565991e-12	6.6705098901e-05	8.7529330077e-12	1.6338243379e-09	3.1774284344e-15	2.0846564553e-22	5.6559932543e-05	5.2723404104e-24	1.7111244459e-17	4.4465321448e-22	6.4656539453e-13	4.6419242636e-15	5.8843904976e-18	1.5498768215e-25	1.0402611565e-51	4.0298880276e-15	2.5096581159e-20	2.1120488054e-30	2.8666765349e-35	4.9385332207e-16	3.8153656009e-14	4.3398217418e-10	4.8147803771e-08	1.4508529714e-20	5.1941102607e-26	3.2527334609e-17	4.3511261977e-09	1.2260180881e-08	1.7537726081e-09	1.1035515570e-13	6.3019490950e-21	1.2214666907e-12	1.7629249702e-20	1.2525429616e-09	3.8507366814e-15	9.8813492572e-12	9.5668408258e-13	2.2766733180e-07	1.6386679643e-14	5.3499530288e-13	1.4252323082e-16	2.2467545584e-16	7.4202409198e-39	2.1117521773e-12	5.0021044902e-19	1.2525429616e-09	3.5295057124e-23	2.0794661274e-28
1.1513954000e-01	1.3527209093e+03	1.1496208414e+18	6.1649926608e+17	2.3121032234e+00	3.5994426312e-22	6.8009011105e-06	1.3544357172e-01	2.1032584646e-17	1.9151113581e-16	2.4546522468e-12	3.2067931291e-08	1.5436694711e-12	6.3714558748e-11	2.3666173809e-09	2.0584629678e-15	2.5071827213e-07	3.8477955091e-06	6.8699411616e-05	3.3393930890e-18	4.0286394193e-06	5.8317966542e-09	0.0000000000e+00	2.1784302631e-20	3.5955920159e-09	2.5382823041e-13	1.0975066432e-12	6.2060537203e-16	9.5371914529e-18	2.1559025672e-11	9.9763557657e-11	6.2774564978e-07	6.6347043047e-17	3.9287707647e-19	2.7036285827e-30	1.6245708910e-25	4.6410475426e-04	5.4983524016e-08	1.4639700096e-27	9.7800254338e-21	1.8225908935e-12	6.9463862841e-18	2.6747885990e-13	1.6717596918e-18	8.0941302204e-16	8.9006868123e-24	1.7611664217e-17	5.6912950594e-19	4.9361598537e-15	1.2265861609e-19	6.3589120275e-15	1.0483710524e-19	9.4838070845e-28	2.1496367389e-20	2.5305524854e-20	2.3501816358e-29	2.1540757991e-22	4.7779064413e-39	1.4354238233e-24	1.5858597081e-32	1.2880620835e-15	1.3259114778e-19	1.8260349750e-26	2.5140436749e-39	3.1405798540e-11	9.6208254607e-24	8.6360031116e-01	1.3150844711e-12	4.2243539047e-20	2.0229431953e-04	7.1821177516e-08	1.2240289211e-22	1.5209463419e-15	1.4693511793e-27	6.6453928096e-44	5.8350936537e-05	2.8800290734e-22	1.1843822922e-48	6.7225806072e-62	6.2143797366e-75	2.1646986127e-20	9.6843299180e-40	4.3130004312e-17	1.1486596395e-23	3.6301140603e-18	1.0325529648e-21	6.4372742055e-15	4.6143715748e-20	2.6330877009e-16	2.1454452674e-24	2.2875383424e-20	1.4016082905e-22	6.1357182511e-27	3.2064517849e-24	4.8746611274e-33	5.1883983425e-25	7.7505202321e-31	1.7512877171e-25	8.9660201565e-30	2.7266674419e-26	8.2879051912e-30	2.3701275332e-36	1.2748457717e-32	2.1819526130e-18	2.6524543579e-16	1.7615568566e-18	1.7070827422e-21	5.6312547434e-21	1.8076300074e-27	3.2028297621e-18	8.8983439178e-26	6.3589120275e-15	3.8672225873e-21	8.2368909838e-22	4.9125681441e-22	1.6580953615e-28	4.6754408084e-28	8.6131177719e-23	1.4991781558e-23	1.2563768857e-33	6.2489708646e-31	6.5477580515e-33	1.7268769258e-37	6.8963694440e-20	1.2776471224e-07	3.6934041024e-08	1.6738872997e-08	4.1498318614e-14	7.2094679725e-24	1.0359970806e-16	1.2537747159e-22	9.1827927337e-15	1.1584350177e-19	3.4455797164e-07	3.1439338579e-10	4.8061523800e-24	1.2493889868e-27	8.0027434881e-26	7.7837264826e-23	8.1596157664e-20	9.9553102364e-11	5.3636248950e-08	8.5110778098e-10	8.6830469278e-11	2.2745643263e-05	5.0026453607e-13	9.6292633351e-16	2.5903870039e-17	4.1229454414e-27	5.1936966242e-10	1.0258045293e-11	1.2257747510e-14	6.0133057907e-08	1.6679429474e-12	6.6704993637e-05	6.2606906940e-12	1.2974327884e-09	2.6946885061e-15	1.6859311022e-22	5.6560549660e-05	5.3604242304e-24	9.5371914529e-18	3.6103226381e-22	6.3618943994e-13	4.8304776674e-15	7.8744715627e-18	2.0470571315e-25	1.2901374772e-51	4.2867902545e-15	2.6046588025e-20	2.0204334044e-30	2.3751505171e-35	2.6251487058e-16	1.7893426127e-14	4.7139441690e-10	3.3282740051e-08	1.3257778235e-20	4.5179100370e-26	3.4596847740e-17	4.0307423217e-09	9.7382546751e-09	2.0096079462e-09	1.2648866744e-13	6.8355517292e-21	8.2743286342e-13	1.2893089415e-20	1.2938375616e-09	3.9473164603e-15	9.3352574571e-12	7.5099629669e-13	2.3473795103e-07	1.2862479171e-14	3.6537942694e-13	6.7047973290e-17	1.2440095576e-16	6.2429060090e-39	1.6832472780e-12	3.4735388588e-19	1.2938375616e-09	3.7321497488e-23	2.1093626725e-28
7.5431200600e-02	1.3408738575e+03	7.5980317293e+17	4.0745473923e+17	2.3121014381e+00	2.2811523015e-22	7.0460897054e-06	1.3544346714e-01	1.7853520668e-17	1.9654037317e-16	2.8556946554e-12	3.3979121371e-08	1.2186986566e-12	5.4517896403e-11	2.1725230401e-09	1.8939966423e-15	2.5073933259e-07	3.8480665489e-06	6.8699563316e-05	3.1102247297e-18	4.0286363086e-06	4.9653162937e-09	0.0000000000e+00	1.2317409145e-20	2.3704369224e-09	1.6742785876e-13	7.8987676464e-13	3.3519889725e-16	5.0032816456e-18	1.4192345269e-11	5.2985677237e-11	3.2244264891e-07	4.2498000294e-17	2.6213125184e-19	1.1966377241e-30	7.9839655663e-26	4.6440965370e-04	5.6310745293e-08	6.2040591703e-28	4.1371987757e-21	8.1566479511e-13	2.3941629057e-18	9.0850453952e-14	4.3736526670e-19	2.0152320687e-16	2.6926633031e-24	8.7368438804e-18	2.7444674727e-19	2.3020303529e-15	4.4133205932e-20	2.9103167092e-15	4.9463279376e-20	3.6430782829e-28	8.9698010332e-21	1.3063444797e-20	7.2683476479e-30	9.2722590248e-23	9.2319765114e-40	2.8706978695e-25	2.9635908155e-33	9.7324312463e-16	1.0072647336e-19	1.3080470715e-26	1.5403483938e-39	3.0956757545e-11	7.9551086009e-24	8.6360049983e-01	9.2135969502e-13	2.3547185633e-20	2.0198153558e-04	4.9180862452e-08	4.9135704909e-23	1.4352929217e-15	1.1902738696e-27	4.2752743704e-44	5.8362824431e-05	2.2114251834e-22	6.0778845648e-49	2.9935711696e-62	2.2659656553e-75	2.2252685069e-20	7.2940555836e-40	2.8718326484e-17	5.1392452754e-24	1.1721100051e-18	3.5114313538e-22	2.9017773046e-15	1.6052421201e-20	1.2985399446e-16	5.7077288799e-25	5.0764217399e-21	2.5731632941e-23	7.8143983772e-28	3.8940375238e-25	9.2998390678e-34	1.0292113151e-25	1.1723507931e-31	2.6309178880e-26	1.0635293262e-30	3.1076291441e-27	6.8446283267e-31	1.4769052406e-37	7.5462332415e-34	7.7205853025e-19	8.8247105137e-17	8.0988332815e-19	4.1033502260e-22	9.4273222953e-22	5.6831678963e-28	1.0599424262e-18	2.1334256204e-26	2.9103167092e-15	1.3673493232e-21	6.2010656035e-22	1.4336061306e-22	5.4657492988e-29	1.0494103037e-28	1.9254971128e-23	7.8005907649e-24	4.9929048573e-34	2.2659721197e-31	4.0621171230e-34	1.0806476525e-38	1.5385477479e-20	1.2541687784e-07	3.9290958046e-08	1.6932954961e-08	2.8355637377e-14	2.6773272320e-24	7.1435333308e-17	5.0115655148e-23	6.8076626058e-15	6.1242619184e-20	3.4459370065e-07	2.7839824063e-10	3.4516759594e-24	6.6016369986e-28	3.8015871406e-26	3.4631097981e-23	3.4567378224e-20	7.8298974783e-11	5.3636207535e-08	6.4636089983e-10	1.1490932055e-10	2.2740572505e-05	6.1152265291e-13	1.2245876818e-15	3.2518036383e-17	4.6406036760e-27	5.2017381002e-10	9.0181580634e-12	8.7174678922e-15	6.5129701626e-08	1.8253508052e-12	6.6704944440e-05	4.2765256885e-12	1.0234209806e-09	2.1504098820e-15	1.2654943532e-22	5.6561372463e-05	4.7420075508e-24	5.0032816456e-18	2.5314043443e-22	6.2015147766e-13	4.7343138151e-15	1.0068997476e-17	2.5722426375e-25	1.4905735132e-51	4.3407743942e-15	2.5584712803e-20	1.7830511868e-30	1.8644125134e-35	1.3912563820e-16	8.6223376054e-15	4.8477906444e-10	2.3217374614e-08	1.1546006053e-20	3.6920288425e-26	3.7197800850e-17	3.6003605643e-09	7.6101465841e-09	2.2276398013e-09	1.4066666707e-13	7.0768491301e-21	5.6325213965e-13	9.8168374451e-21	1.3463680287e-09	4.0770871578e-15	8.5868732254e-12	5.7928901795e-13	2.3992691266e-07	1.0345839078e-14	2.4833856194e-13	3.1947473619e-17	6.8584950564e-17	5.6111667083e-39	1.3088840026e-12	2.4590095507e-19	1.3463680287e-09	3.9926978024e-23	2.1397646856e-28
4.9417133600e-02	1.3256868689e+03	5.0347103651e+17	2.6999322925e+17	2.3121008479e+00	1.2539296816e-22	6.9152367036e-06	1.3544343257e-01	1.3499965663e-17	1.7872252074e-16	3.0562221828e-12	3.4156757047e-08	8.9343222377e-13	4.4309940732e-11	1.9375486661e-09	1.6980492302e-15	2.5075652802e-07	3.8482881048e-06	6.8699710808e-05	2.6554926920e-18	4.0286352803e-06	4.0102136492e-09	0.0000000000e+00	6.2246205273e-21	1.5628676349e-09	1.1060903573e-13	5.4798316376e-13	1.7028085692e-16	2.4465893737e-18	9.3520174161e-12	2.8103873071e-11	1.7473914129e-07	2.5280543785e-17	1.6470538492e-19	4.6849308722e-31	3.5845024699e-26	4.6455624500e-04	5.8143453285e-08	2.2906321374e-28	1.6266339521e-21	3.6844966175e-13	8.2021265970e-19	3.2590686583e-14	1.1901779175e-19	5.4859813609e-17	8.3133526604e-25	4.2439488211e-18	1.2847521483e-19	1.1008530447e-15	1.6016510693e-20	1.3555280122e-15	2.2461243856e-20	1.2625397423e-28	3.6969897114e-21	6.2540312435e-21	2.0208423802e-30	3.9840792221e-23	1.5777501356e-40	5.8466035204e-26	5.5229752252e-34	6.7450033572e-16	7.0396208784e-20	8.4769159563e-27	8.1480820461e-40	2.8499742664e-11	5.8274969898e-24	8.6360083318e-01	6.1738903930e-13	1.2488029247e-20	2.0182525948e-04	3.4136889750e-08	1.9320995974e-23	1.2481331966e-15	8.4882182774e-28	2.2585360621e-44	5.8370735480e-05	1.5672977893e-22	2.5495277294e-49	1.0445259526e-62	6.0956172653e-76	2.0305423011e-20	4.4369837053e-40	1.8003915955e-17	2.1819379791e-24	3.9422549255e-19	1.1842073030e-22	1.3255286102e-15	5.5766070741e-21	6.2507769070e-17	1.4847707343e-25	1.1867325219e-21	5.0102507698e-24	1.0743087065e-28	5.3693730741e-26	1.6683772353e-34	2.0739378494e-26	1.7685404718e-32	4.1982583878e-27	1.3298978542e-31	3.9361944861e-28	6.4808556501e-32	1.0325765400e-38	5.2653680904e-35	2.7374545393e-19	3.0810432994e-17	3.8013788890e-19	9.9773934872e-23	1.7364487541e-22	1.7288200859e-28	3.6801012225e-19	5.1861811220e-27	1.3555280122e-15	4.8501165669e-22	4.2886514890e-22	4.2089977618e-23	1.6550881875e-29	2.3326138903e-29	4.5442512802e-24	3.7803850801e-24	1.8171387351e-34	7.8079014698e-32	3.0030110056e-35	7.5701829701e-40	3.6216870021e-21	1.2215023524e-07	4.2567776595e-08	1.7167926367e-08	1.8329127072e-14	9.4416221749e-25	4.6720023200e-17	1.9475966634e-23	4.8991560144e-15	3.0142827232e-20	3.4461865363e-07	2.5335742704e-10	2.3915540489e-24	3.2576697795e-28	1.7420640458e-26	1.5546589716e-23	1.5534486925e-20	6.1039523351e-11	5.3636193844e-08	4.8133250954e-10	1.4557886012e-10	2.2737885466e-05	6.9912398611e-13	1.4763301475e-15	3.8499125937e-17	4.7752625323e-27	5.2107589596e-10	7.6070146080e-12	5.9475368091e-15	6.7749651899e-08	1.9250652508e-12	6.6704929246e-05	2.7688458677e-12	8.0088255907e-10	1.5976936866e-15	8.6901275168e-23	5.6562313127e-05	3.5508000803e-24	2.4465893737e-18	1.4909252839e-22	5.9893384055e-13	4.3211025855e-15	1.2198112939e-17	3.0465552106e-25	1.5837864727e-51	4.1403043242e-15	2.3482250252e-20	1.4245650807e-30	1.3660066145e-35	7.3604432964e-17	4.2988051507e-15	4.6862429642e-10	1.6424419560e-08	9.5445062806e-21	2.8123458056e-26	4.0623836576e-17	3.0892785987e-09	5.8514336138e-09	2.3784272134e-09	1.5102533684e-13	6.9288226611e-21	3.8641447189e-13	7.8289313487e-21	1.4144257521e-09	4.2474820578e-15	7.6664201339e-12	4.3848284101e-13	2.4423503610e-07	8.6760411153e-15	1.6889159619e-13	1.5555052321e-17	3.7858017464e-17	5.4866999300e-39	9.9450571432e-13	1.7804176596e-19	1.4144257521e-09	4.3379877333e-23	2.1716305733e-28
3.2374575400e-02	1.3070990348e+03	3.3452880829e+17	1.7939563191e+17	2.3121010651e+00	5.9106084490e-23	6.3997565780e-06	1.3544344530e-01	9.0046536327e-18	1.4247135070e-16	2.9877245374e-12	3.2477345105e-08	6.0466268141e-13	3.4021904704e-11	1.6738354445e-09	1.4798901978e-15	2.5077046060e-07	3.8484679909e-06	6.8699847702e-05	2.0631765956e-18	4.0286356587e-06	3.0598205047e-09	0.0000000000e+00	2.7865292096e-21	1.0312459605e-09	7.3215593565e-14	3.6540077810e-13	8.0989004068e-17	1.1092321350e-18	6.1705051646e-12	1.4894775826e-11	1.0043503994e-07	1.3887826508e-17	9.6990776014e-20	1.6068194336e-31	1.4600229504e-26	4.6462872536e-04	6.0559874254e-08	7.2921571915e-29	5.9154384334e-22	1.6835868071e-13	2.7954101862e-19	1.2422593915e-14	3.3848246755e-20	1.6476773365e-17	2.6265889342e-25	2.0154321441e-18	5.8254511499e-20	5.4109861592e-16	5.8728846042e-21	6.4409187260e-16	9.7940423203e-21	3.9184935839e-29	1.5057128418e-21	2.7621091526e-21	5.0154997779e-31	1.7106509712e-23	2.3665979287e-41	1.2179269082e-26	1.0291463063e-34	4.2562987351e-16	4.4923230531e-20	4.9237411854e-27	3.6705228618e-40	2.4352522937e-11	3.7398762284e-24	8.6360142892e-01	3.9418268808e-13	6.2751848917e-21	2.0174104632e-04	2.4045642228e-08	7.4295012273e-24	9.9281774221e-16	5.2669462762e-28	9.6226793584e-45	5.8376052532e-05	1.0179378471e-22	8.5831401821e-50	2.7927576862e-63	1.1764798906e-76	1.6266726836e-20	2.1378331471e-40	1.0572814216e-17	8.7520527616e-25	1.3870274306e-19	3.9605772528e-23	6.1471926073e-16	1.9358414833e-21	2.9330021140e-17	3.7771881379e-26	2.9416795810e-22	1.0421051957e-24	1.6081236533e-29	8.5158398681e-27	2.8075730230e-35	4.2629195065e-27	2.6675760610e-33	7.1728509666e-28	1.7660024977e-32	5.6065972098e-29	7.1383399968e-33	8.2032982294e-40	4.4045203275e-36	9.7415917726e-20	1.1351218657e-17	1.8253848961e-19	2.4616575422e-23	3.5553422547e-23	5.0791424700e-29	1.3472874284e-19	1.2810157856e-27	6.4409187260e-16	1.7280650073e-22	2.7027627574e-22	1.2465224729e-23	4.5773176834e-30	5.1411162838e-30	1.1397992123e-24	1.6961853519e-24	6.0105466152e-35	2.5450741557e-32	2.6968203930e-36	6.0194222760e-41	9.0556113117e-22	1.1778042217e-07	4.6947900380e-08	1.7431642870e-08	1.1144181535e-14	3.1486858914e-25	2.8821172814e-17	7.3469576107e-24	3.4121189091e-15	1.3720997103e-20	3.4463457926e-07	2.3746441061e-10	1.5927309169e-24	1.4932948650e-28	7.6812512886e-27	7.0508523297e-24	7.4467120556e-21	4.7130500531e-11	5.3636198883e-08	3.5089159793e-10	1.7591703712e-10	2.2738122442e-05	7.4296468899e-13	1.6781518565e-15	4.2757175689e-17	4.4527020671e-27	5.2223361926e-10	6.1393094150e-12	3.8815712209e-15	6.7454482492e-08	1.9504374759e-12	6.6704936878e-05	1.6922397412e-12	6.2135805220e-10	1.0984058271e-15	5.4155722895e-23	5.6563268835e-05	2.2179437283e-24	1.1092321350e-18	7.2687934116e-23	5.7307516477e-13	3.6507980147e-15	1.3937081662e-17	3.3845073101e-25	1.5375852713e-51	3.6994445583e-15	2.0005478623e-20	1.0204309752e-30	9.2725307747e-36	3.8895618948e-17	2.2255146883e-15	4.2422942199e-10	1.1815156353e-08	7.4749335659e-21	1.9893138322e-26	4.5205509760e-17	2.5414798559e-09	4.4273293174e-09	2.4407372232e-09	1.5617192232e-13	6.3867937229e-21	2.6764290244e-13	6.5646217686e-21	1.5023290277e-09	4.4676666791e-15	6.6338070871e-12	3.2552646255e-13	2.4826943088e-07	7.6590481950e-15	1.1528866594e-13	7.7778235972e-18	2.0987482798e-17	5.9010871657e-39	7.3912904286e-13	1.3213070127e-19	1.5023290277e-09	4.7997310827e-23	2.2074260577e-28
2.1209508900e-02	1.2855014541e+03	2.2284152096e+17	1.1950176436e+17	2.3121017968e+00	2.3992788860e-23	5.5938742912e-06	1.3544348816e-01	5.3158302619e-18	9.9896800702e-17	2.6743392805e-12	2.9264883845e-08	3.7863587021e-13	2.4657569872e-11	1.4005735492e-09	1.2544135302e-15	2.5078161688e-07	3.8486125096e-06	6.8699969779e-05	1.4623973050e-18	4.0286369336e-06	2.2080367456e-09	0.0000000000e+00	1.1087672399e-21	6.8116755513e-10	4.8563315456e-14	2.3445190176e-13	3.6134292685e-17	4.6728198734e-19	4.0769267457e-12	7.8897553111e-12	6.1149117850e-08	7.0616817265e-18	5.3628548544e-20	4.8461373230e-32	5.4107353562e-27	4.6466546319e-04	6.3614511005e-08	2.0102449092e-29	1.9948144975e-22	7.7835438976e-14	9.4836803264e-20	5.0259820938e-15	1.0054073381e-20	5.4488285934e-18	8.4912042302e-26	9.3637020184e-19	2.5611631028e-20	2.7320690217e-16	2.1761694351e-21	3.1217976768e-16	4.1067098596e-21	1.0928743358e-29	6.0653849589e-22	1.1285288111e-21	1.1151635666e-31	7.3443024366e-24	3.1293986923e-42	2.5962852398e-27	1.9196855939e-35	2.4515143132e-16	2.6235933981e-20	2.5701628743e-27	1.4137079163e-40	1.9348445574e-11	2.1093926088e-24	8.6360224959e-01	2.4009714711e-13	2.9921998807e-21	2.0169041328e-04	1.7181432029e-08	2.7955977267e-24	7.2398065199e-16	2.8533929246e-28	3.3243034481e-45	5.8379678244e-05	6.0723794735e-23	2.3319038246e-50	5.7602814027e-64	1.6427168714e-77	1.1476680202e-20	8.2060079464e-41	5.8261022000e-18	3.3217621556e-25	5.1005700854e-20	1.3143352620e-23	2.8938217784e-16	6.7170377589e-22	1.3427367878e-17	9.4094315851e-27	7.7263686356e-23	2.3134073355e-25	2.6173925643e-30	1.5492033673e-27	4.4438095498e-36	8.9429772965e-28	4.0273794808e-34	1.3111917123e-28	2.4892877166e-33	8.9626993152e-30	9.1209757102e-34	7.3895116165e-41	4.4016467527e-37	3.4809496269e-20	4.4092724044e-18	8.9638075277e-20	6.1652715961e-24	8.0762657070e-24	1.4430799249e-29	5.1959738144e-20	3.2151691940e-28	3.1217976768e-16	6.1864383249e-23	1.5555119761e-22	3.7260620587e-24	1.1595637841e-30	1.1246353292e-30	3.0358766164e-25	7.0603748486e-25	1.8115379467e-35	7.8598497819e-33	2.9321425897e-37	5.4241613027e-42	2.4032356365e-22	1.1218635947e-07	5.2551384344e-08	1.7704911924e-08	6.3692108790e-15	9.9255511161e-26	1.6757029451e-17	2.6909744361e-24	2.2996290762e-15	5.7750467305e-21	3.4464316914e-07	2.2898389626e-10	1.0202042802e-24	6.3706506140e-29	3.2621947150e-27	3.2296946087e-24	3.8013424143e-21	3.6053595382e-11	5.3636215857e-08	2.5055509994e-10	2.0301442139e-10	2.2741174847e-05	7.3524498053e-13	1.8009648634e-15	4.4614979357e-17	3.7709590556e-27	5.2372650053e-10	4.7470858794e-12	2.4265718136e-15	6.4355483153e-08	1.9005122285e-12	6.6704958927e-05	9.7789415268e-13	4.7805742796e-10	6.9979124733e-16	3.0685528538e-23	5.6564138519e-05	1.1610500372e-24	4.6728198734e-19	2.9486327041e-23	5.4353680841e-13	2.8610162226e-15	1.5041756853e-17	3.5330036473e-25	1.3680614396e-51	3.1015014162e-15	1.5847203920e-20	6.5702751203e-31	5.8417647324e-36	2.0537095930e-17	1.1955288472e-15	3.6041684166e-10	8.6432372957e-09	5.5576181168e-21	1.3100902441e-26	5.1264062346e-17	2.0076634721e-09	3.2990709966e-09	2.4105347409e-09	1.5572477180e-13	5.5521792734e-21	1.8717939313e-13	5.7806693695e-21	1.6132005893e-09	4.7441940835e-15	5.5697084581e-12	2.3722481734e-13	2.5222973684e-07	7.1203718925e-15	7.9054601296e-14	3.9952098489e-18	1.1693458784e-17	6.9744099349e-39	5.3808781468e-13	1.0046095514e-19	1.6132005893e-09	5.4088569497e-23	2.2485090982e-28
1.3894954900e-02	1.2617294312e+03	1.4874047500e+17	7.9764047763e+16	2.3121027687e+00	8.5809757756e-24	4.6587740148e-06	1.3544354509e-01	2.8297542494e-18	6.2829885729e-17	2.2215399002e-12	2.5191048340e-08	2.2199099127e-13	1.6957881915e-11	1.1393790446e-09	1.0382403730e-15	2.5079041190e-07	3.8487269711e-06	6.8700073417e-05	9.5905475933e-19	4.0286386271e-06	1.5185340140e-09	0.0000000000e+00	3.9925677514e-22	4.5036504427e-10	3.2271182804e-14	1.4560736967e-13	1.5271547971e-17	1.8496483060e-19	2.6969780763e-12	4.1773554979e-12	3.9096444848e-08	3.3630454271e-18	2.8114571014e-20	1.3108790512e-32	1.8511361532e-27	4.6468424673e-04	6.7314517391e-08	4.9055387541e-30	6.3109875298e-23	3.6349699792e-14	3.2053298292e-20	2.1391792437e-15	3.0990139367e-21	1.9555311787e-18	2.7996553371e-26	4.2705041421e-19	1.0971369212e-20	1.4113247849e-16	8.1377273000e-22	1.5390304341e-16	1.6660671855e-21	2.7844989371e-30	2.4212309330e-22	4.3188326095e-22	2.2589499997e-32	3.1539765516e-24	3.7196947263e-43	5.6460178179e-28	3.5856521535e-36	1.3068517953e-16	1.4213625768e-20	1.2256000235e-27	4.7688039664e-41	1.4452857976e-11	1.0664158383e-24	8.6360316830e-01	1.4051757322e-13	1.3648944536e-21	2.0165562500e-04	1.2426036068e-08	1.0328646087e-24	4.9044651249e-16	1.3779508496e-28	9.6159984179e-46	5.8382195947e-05	3.3708775555e-23	5.2836537913e-51	9.5383768330e-65	1.7439545911e-78	7.2707172594e-21	2.5980600449e-41	3.0418811681e-18	1.2030847950e-25	1.9475446867e-20	4.3335736577e-24	1.3798087214e-16	2.3301075608e-22	6.0204662102e-18	2.3031345742e-27	2.1320318294e-23	5.4291176570e-26	4.5749066259e-31	3.1670429457e-28	6.6797788148e-37	1.9095957995e-28	6.0873393500e-35	2.5391354335e-29	3.6924621256e-34	1.5806357319e-30	1.3223991384e-34	7.4082304856e-42	5.1174739120e-38	1.2484402719e-20	1.7916817961e-18	4.4869245861e-20	1.5643026725e-24	2.0040894087e-24	3.9861859100e-30	2.0947356503e-20	8.1815316608e-29	1.5390304341e-16	2.2242168973e-23	8.2895566497e-23	1.1229088172e-24	2.7275712231e-31	2.4450942158e-31	8.5105239886e-26	2.7578715897e-25	5.0468754271e-36	2.3191454692e-33	3.7516573197e-38	5.4383122756e-43	6.7100894574e-23	1.0538515216e-07	5.9360363534e-08	1.7966115254e-08	3.4425121853e-15	2.9726490160e-26	9.2333487366e-18	9.6026572770e-25	1.5055353631e-15	2.2660715848e-21	3.4464619027e-07	2.2610795573e-10	6.3202905110e-25	2.5564836763e-29	1.3417719278e-27	1.4914833029e-24	2.0461826740e-21	2.7364009499e-11	5.3636238404e-08	1.7579669758e-10	2.2532008902e-10	2.2746278332e-05	6.8496065908e-13	1.8409104345e-15	4.4157321524e-17	2.9438456441e-27	5.2557025536e-10	3.5397890083e-12	1.4626545783e-15	5.9217124869e-08	1.7916217171e-12	6.6704987563e-05	5.3888257671e-13	3.6521389558e-10	4.1760823813e-16	1.6026310011e-23	5.6564851801e-05	5.2328527547e-25	1.8496483060e-19	1.0237994726e-23	5.1175171963e-13	2.1036349353e-15	1.5468358302e-17	3.4987729438e-25	1.1313947355e-51	2.4635483114e-15	1.1802697779e-20	3.8654223486e-31	3.4561172525e-36	1.0837387512e-17	6.6271012079e-16	2.9010103959e-10	6.4124002585e-09	3.9519512966e-21	8.1180642477e-27	5.9062467290e-17	1.5319787319e-09	2.4261495730e-09	2.3041270603e-09	1.5053703338e-13	4.5925989004e-21	1.3196635203e-13	5.3064435310e-21	1.7481050600e-09	5.0784804695e-15	4.5573217790e-12	1.7014897810e-13	2.5601069802e-07	6.9108543668e-15	5.4396004233e-14	2.0991319689e-18	6.5398072127e-18	8.9285662605e-39	3.8474835000e-13	7.7962342976e-20	1.7481050600e-09	6.1902737482e-23	2.2945511637e-28
9.1029817800e-03	1.2369456573e+03	9.9396591974e+16	5.3302714952e+16	2.3121037512e+00	2.8162673436e-24	3.7552188146e-06	1.3544360265e-01	1.4043383384e-18	3.6712017078e-17	1.7542576832e-12	2.1010612165e-08	1.2445903758e-13	1.1200464464e-11	9.0824697057e-10	8.4522661676e-16	2.5079722352e-07	3.8488161417e-06	6.8700156522e-05	5.9671735545e-19	4.0286403390e-06	1.0096148954e-09	0.0000000000e+00	1.3434270653e-22	2.9796296743e-10	2.1473794913e-14	8.8453763825e-14	6.2208102003e-18	7.0178259527e-20	1.7856745049e-12	2.2109530364e-12	2.5840784656e-08	1.5318762339e-18	1.4217807190e-20	3.2938320222e-33	5.9993948721e-28	4.6469356975e-04	7.1598893591e-08	1.1019160882e-30	1.9119802800e-23	1.7092455963e-14	1.0805299640e-20	9.4236337132e-16	9.7952512900e-22	7.4192150207e-19	9.3569284413e-27	1.9233670000e-19	4.6185924320e-21	7.4048204196e-17	3.0625550977e-22	7.6762300997e-17	6.6100347114e-22	6.6724932869e-31	9.6072005528e-23	1.5819202085e-22	4.2947089298e-33	1.3551200240e-24	4.1127179970e-44	1.2446789177e-28	6.7049211823e-37	6.6100789009e-17	7.3185340742e-21	5.4979326848e-28	1.4709159331e-41	1.0353776365e-11	5.0061263428e-25	8.6360404611e-01	8.0036230934e-14	6.0421315505e-22	2.0162849608e-04	9.0603915972e-09	3.7692704483e-25	3.1607058209e-16	6.1562861987e-29	2.4668902911e-46	5.8383979818e-05	1.7824226630e-23	1.0589187768e-51	1.3617286517e-65	1.5385214259e-79	4.2823751691e-21	7.2203335535e-42	1.5311304226e-18	4.2213228684e-26	7.6291462472e-21	1.4226901547e-24	6.6364198970e-17	8.0820221733e-23	2.6615238670e-18	5.5702865378e-28	6.0841008056e-24	1.3232913827e-26	8.3937919632e-32	7.0089555219e-29	9.6954966178e-38	4.1272945580e-29	9.2087954780e-36	5.1137615672e-30	5.6711077792e-35	2.9799827323e-31	2.0894278388e-35	7.9883076194e-43	6.5952026492e-39	4.4890330887e-21	7.5069110755e-19	2.2757584623e-20	4.0045020766e-25	5.2809456956e-25	1.0803998788e-30	8.7039732982e-21	2.1017853295e-29	7.6762300997e-17	8.0212365769e-24	4.1936034674e-23	3.4031585379e-25	6.1016583369e-32	5.2936971489e-32	2.4700383854e-26	1.0317998186e-25	1.3333189250e-36	6.6361981562e-34	5.3627187074e-39	5.8637708683e-44	1.9393358428e-23	9.7599847804e-08	6.7151496985e-08	1.8197255987e-08	1.7830859073e-15	8.5562689054e-27	4.8820140549e-18	3.3620302672e-25	9.6518219678e-16	8.4349735792e-22	3.4464565631e-07	2.2678865425e-10	3.8263561893e-25	9.8369648613e-30	5.3981264228e-28	6.9228283284e-25	1.1413007119e-21	2.0658970053e-11	5.3636261197e-08	1.2188498831e-10	2.4354188877e-10	2.2752301825e-05	6.1254148133e-13	1.8209459046e-15	4.2169149510e-17	2.1754526199e-27	5.2772249267e-10	2.5751623514e-12	8.6001361127e-16	5.3166577997e-08	1.6515049810e-12	6.6705016257e-05	2.8752032994e-13	2.7767896307e-10	2.3811922255e-16	7.9118050857e-24	5.6565384757e-05	2.1309294239e-25	7.0178259527e-20	3.1997227636e-24	4.7945329717e-13	1.4812861059e-15	1.5394135694e-17	3.3436316953e-25	8.9127912781e-52	1.8865935035e-15	8.4317666589e-21	2.1398468428e-31	1.9607598812e-36	5.7168884737e-18	3.7526176612e-16	2.2497949443e-10	4.8006317850e-09	2.7233568995e-21	4.8228224797e-27	6.8741108243e-17	1.1411910964e-09	1.7672877758e-09	2.1530452055e-09	1.4243909876e-13	3.6723896982e-21	9.3514702964e-14	5.0109315698e-21	1.9054240884e-09	5.4653950972e-15	3.6626054974e-12	1.2067851829e-13	2.5938315078e-07	6.8917588900e-15	3.7478007131e-14	1.1190245792e-18	3.6626306723e-18	1.2057839878e-38	2.7146424579e-13	6.1341150267e-20	1.9054240884e-09	7.1565653678e-23	2.3440818498e-28
5.9636233200e-03	1.2124639104e+03	6.6432406238e+16	3.5625228681e+16	2.3121045962e+00	8.9590786739e-25	2.9917423431e-06	1.3544365215e-01	6.7951903719e-19	2.0891338224e-17	1.3601390150e-12	1.7310366021e-08	6.8649474289e-14	7.2369628742e-12	7.1749288610e-10	6.8362608595e-16	2.5080240645e-07	3.8488844591e-06	6.8700219370e-05	3.6432069452e-19	4.0286418113e-06	6.6190547674e-10	0.0000000000e+00	4.4100932818e-23	1.9717288994e-10	1.4297876700e-14	5.3306147223e-14	2.5000252764e-18	2.6215916370e-20	1.1827306178e-12	1.1698652587e-12	1.7285761626e-08	6.8650817445e-19	7.0982284870e-21	8.0588518204e-34	1.9067642206e-28	4.6469767222e-04	7.6322192722e-08	2.4014456442e-31	5.7018578336e-24	8.0567422689e-15	3.6384719998e-21	4.2031211390e-16	3.1240907064e-22	2.8720115937e-19	3.1433707675e-27	8.6234643646e-20	1.9325271478e-21	3.9072485325e-17	1.1554577016e-22	3.8452483405e-17	2.6015731274e-22	1.5637179135e-31	3.8040778134e-23	5.7074175149e-23	7.9761608810e-34	5.8255091125e-25	4.4285798116e-45	2.7575013925e-29	1.2544396187e-37	3.2802835292e-17	3.7000914224e-21	2.4133734760e-28	4.3955238439e-42	7.3063830310e-12	2.2883433264e-25	8.6360478684e-01	4.5138090981e-14	2.6462411550e-22	2.0160543795e-04	6.6253770057e-09	1.3695573740e-25	2.0007282731e-16	2.6749836720e-29	6.0634499910e-47	5.8385269081e-05	9.2633752274e-24	2.0314647294e-52	1.8444174107e-66	1.2708799403e-80	2.4572711178e-21	1.9151519861e-42	7.6053511683e-19	1.4643139783e-26	3.0166333377e-21	4.6635239503e-25	3.2017900388e-17	2.8031831920e-23	1.1705147036e-18	1.3411372700e-28	1.7574357786e-24	3.2702883902e-27	1.5674039138e-32	1.5965599069e-29	1.3893535868e-38	8.9597160260e-30	1.3934162295e-36	1.0445967373e-30	8.8212020464e-36	5.7555673700e-32	3.4064237537e-36	8.8458087685e-44	8.8252001423e-40	1.6156322893e-21	3.1804061988e-19	1.1600573726e-20	1.0283935825e-25	1.4222228171e-25	2.9086158787e-31	3.6569803839e-21	5.4187870462e-30	3.8452483405e-17	2.8964076057e-24	2.0824549353e-23	1.0334812233e-25	1.3404073862e-32	1.1441728014e-32	7.2586256805e-27	3.8004937113e-26	3.4566806467e-37	1.8786782257e-34	7.9814439418e-40	6.4923671144e-45	5.6753501562e-24	8.9279843200e-08	7.5475526187e-08	1.8388017406e-08	9.0299184695e-16	2.4092430740e-27	2.5245242094e-18	1.1667129312e-25	6.1297889147e-16	3.0562737352e-22	3.4464395802e-07	2.2861314999e-10	2.2960456048e-25	3.7252056082e-30	2.1531102964e-28	3.2169891240e-25	6.4441804791e-22	1.5567710841e-11	5.3636280799e-08	8.4143978196e-11	2.6072780949e-10	2.2758131307e-05	5.3980427341e-13	1.7805273877e-15	3.9759678721e-17	1.5770229973e-27	5.3008797389e-10	1.8564630525e-12	5.0105885988e-16	4.7310225504e-08	1.5100677913e-12	6.6705040827e-05	1.5160043765e-13	2.1076822568e-10	1.3332530291e-16	3.8212812246e-24	5.6565753140e-05	8.3662504199e-26	2.6215916370e-20	9.6308695598e-25	4.4840862722e-13	1.0268527228e-15	1.5139921793e-17	3.1550832753e-25	6.9093605363e-52	1.4259874949e-15	5.9352947213e-21	1.1595017500e-31	1.0969314320e-36	3.0154637003e-18	2.1412751053e-16	1.7199591788e-10	3.6030082772e-09	1.8522323697e-21	2.8181729855e-27	8.0227512153e-17	8.4194427141e-10	1.2817449971e-09	1.9939265676e-09	1.3366265079e-13	2.9002662264e-21	6.6350012851e-14	4.7815166695e-21	2.0803380130e-09	5.8923109430e-15	2.9223716378e-12	8.5189040395e-14	2.6215621720e-07	6.9173608087e-15	2.5791875698e-14	5.9887387455e-19	2.0485419453e-18	1.6582674830e-38	1.9027537967e-13	4.8497186741e-20	2.0803380130e-09	8.2993629246e-23	2.3951412632e-28
3.9069399400e-03	1.1895561073e+03	4.4359896530e+16	2.3788556022e+16	2.3121052410e+00	2.9394982498e-25	2.4124814754e-06	1.3544368992e-01	3.3729061874e-19	1.2214064830e-17	1.0741413202e-12	1.4403343462e-08	3.8474909602e-14	4.6825958666e-12	5.6923152547e-10	5.5570766741e-16	2.5080628944e-07	3.8489360331e-06	6.8700264331e-05	2.2676656541e-19	4.0286429347e-06	4.3785973858e-10	0.0000000000e+00	1.4832120013e-23	1.3043302193e-10	9.5174293273e-15	3.2382494046e-14	1.0178517020e-18	9.9404694952e-21	7.8318866291e-13	6.1890517633e-13	1.1424384232e-08	3.1255322475e-19	3.5913375208e-21	2.0252014846e-34	6.1807168623e-29	4.6469879997e-04	8.1251250582e-08	5.3899456344e-32	1.7268429691e-24	3.7876211728e-15	1.2259131604e-21	1.8511785625e-16	9.8719582669e-23	1.0895895297e-19	1.0512194524e-27	3.8840547421e-20	8.1409643358e-22	2.0503402700e-17	4.3507584917e-23	1.9183960422e-17	1.0323095091e-22	3.7462031361e-32	1.5097264348e-23	2.0948848267e-23	1.5143639967e-34	2.5054594792e-25	4.8924686072e-46	6.0783760648e-30	2.3463120408e-38	1.6589570049e-17	1.9059691537e-21	1.0839017573e-28	1.3585830522e-42	5.2353272364e-12	1.0749254223e-25	8.6360535136e-01	2.5704225812e-14	1.1718848732e-22	2.0158518716e-04	4.8298458901e-09	4.9994718592e-26	1.2898559722e-16	1.1962636292e-29	1.5584485940e-47	5.8386216511e-05	4.9024824874e-24	4.0796001225e-53	2.6412348547e-67	1.1251206251e-81	1.4484448800e-21	5.3304637907e-43	3.8278754949e-19	5.1385116556e-27	1.1819369297e-21	1.5311556354e-25	1.5397197814e-17	9.7230794231e-24	5.1734026226e-19	3.2416969739e-29	5.0148448277e-25	7.9730694534e-28	2.8760295121e-33	3.5345284131e-30	2.0155742215e-39	1.9363168293e-30	2.1073070344e-37	2.1034411220e-31	1.3550307420e-36	1.0850061072e-32	5.3849204770e-37	9.5431726899e-45	1.1382421729e-40	5.8091126805e-22	1.3325281628e-19	5.8877398749e-21	2.6321985786e-26	3.7478911933e-26	7.8860601373e-32	1.5201400533e-21	1.3926204143e-30	1.9183960422e-17	1.0450023086e-24	1.0542900050e-23	3.1318800409e-26	2.9985859226e-33	2.4758334166e-33	2.1058284237e-27	1.4218676473e-26	9.1416698328e-38	5.3815271310e-35	1.1416004394e-40	7.0030944452e-46	1.6400445529e-24	8.1032199458e-08	8.3725770688e-08	1.8536284316e-08	4.5848095513e-16	6.7881692815e-28	1.3077752075e-18	4.0619520375e-26	3.9096894799e-16	1.1128547818e-22	3.4464378769e-07	2.2887977820e-10	1.3879693362e-25	1.4303393673e-30	8.6472097736e-29	1.4902763553e-25	3.5878116124e-22	1.1754662864e-11	5.3636295756e-08	5.8340840664e-11	2.8182262703e-10	2.2762931314e-05	4.8293222739e-13	1.7629948578e-15	3.7989760063e-17	1.1675575802e-27	5.3252830292e-10	1.3499781169e-12	2.9446337859e-16	4.2473091330e-08	1.3920814045e-12	6.6705059530e-05	8.0850587837e-14	1.6026758387e-10	7.5652527585e-17	1.8784766320e-24	5.6565992959e-05	3.4086420226e-26	9.9404694952e-21	3.0137431951e-25	4.2015262894e-13	7.2306102966e-16	1.5068669964e-17	3.0170417755e-25	5.4669189528e-52	1.0925102359e-15	4.2439918430e-21	6.4303426512e-32	6.2442124394e-37	1.5908249971e-18	1.2123383409e-16	1.3306094137e-10	2.6914775409e-09	1.2700186991e-21	1.6681566338e-27	9.3136773566e-17	6.2555133959e-10	9.3123600367e-10	1.8592227659e-09	1.2627733124e-13	2.3180026487e-21	4.6938933751e-14	4.5178717365e-21	2.2645912290e-09	6.3388123362e-15	2.3438517243e-12	6.0308528525e-14	2.6425196801e-07	6.8332017041e-15	1.7687869424e-14	3.1803103621e-19	1.1413337618e-18	2.2321313872e-38	1.3357568880e-13	3.8142200111e-20	2.2645912290e-09	9.5798479463e-23	2.4455176133e-28
2.5595479200e-03	1.1692635784e+03	2.9565800791e+16	1.5855031887e+16	2.3121056829e+00	1.0560507544e-25	2.0145643718e-06	1.3544371581e-01	1.8035274871e-19	7.7237944283e-18	8.9510941026e-13	1.2366369078e-08	2.2602325959e-14	3.1106587171e-12	4.5953148911e-10	4.5914372927e-16	2.5080916559e-07	3.8489745422e-06	6.8700294840e-05	1.4928452449e-19	4.0286437049e-06	2.9895681864e-10	0.0000000000e+00	5.3575136567e-24	8.6210732624e-11	6.3280034560e-15	2.0137332353e-14	4.3069581550e-19	3.9399804155e-21	5.1818647033e-13	3.2742518289e-13	7.2890752128e-09	1.4910299169e-19	1.8883467112e-21	5.5031348362e-35	2.1218928278e-29	4.6469822863e-04	8.6089568122e-08	1.3197086559e-32	5.4733878825e-25	1.7672959101e-15	4.1398737016e-22	7.8594459255e-17	3.0367475335e-23	3.8971155950e-20	3.4669933631e-28	1.7728502231e-20	3.4953563977e-22	1.0584797925e-17	1.6278432919e-23	9.4551686999e-18	4.1944489184e-23	9.5744068768e-33	6.0305787270e-24	8.0679012260e-24	3.0711682169e-35	1.0778270312e-25	5.8306745535e-47	1.3203525963e-30	4.3836322284e-39	8.8688919707e-18	1.0365100366e-21	5.1987723364e-29	4.6247985147e-43	3.9220151354e-12	5.4648944576e-26	8.6360574294e-01	1.5061598528e-14	5.3587170618e-23	2.0156760855e-04	3.4900418768e-09	1.8494584657e-26	8.7697351926e-17	5.8140436255e-30	4.5559646218e-48	5.8386919693e-05	2.7336590504e-24	9.3458070641e-54	4.4371269646e-68	1.2154683768e-82	9.2293936486e-22	1.7054666792e-43	2.0026297401e-19	1.8649596985e-27	4.5075887636e-22	5.0504539330e-26	7.3355287231e-18	3.3729192168e-24	2.3204856460e-19	7.9308477506e-30	1.3807881649e-25	1.8676496399e-28	5.0128907140e-34	7.1956471219e-31	3.0327674870e-40	4.1303783668e-31	3.1828691461e-38	4.0621329581e-32	2.0061667250e-37	1.9054105463e-33	7.7737978068e-38	9.5336638884e-46	1.3170259171e-41	2.0828176501e-22	5.4043498656e-20	2.9484524950e-21	6.6725381804e-27	9.2673771823e-27	2.1820392590e-32	6.1216395218e-22	3.5442524516e-31	9.4551686999e-18	3.7593183357e-25	5.6437926934e-24	9.4329113965e-27	7.0740570226e-34	5.3782656371e-34	5.8862070703e-28	5.5680743466e-27	2.5597464307e-38	1.5938712540e-35	1.4525078545e-41	6.9949954277e-47	4.5682247668e-25	7.3465960183e-08	9.1293613615e-08	1.8645988142e-08	2.3966795506e-16	1.9607680210e-28	6.9621565870e-19	1.4359306214e-26	2.5384531637e-16	4.2097260459e-23	3.4464769194e-07	2.2504154406e-10	8.5871546465e-26	5.7315017603e-31	3.5499526955e-29	6.8554463429e-26	1.9207330046e-22	8.9264533584e-12	5.3636306009e-08	4.0964140231e-11	3.1330752720e-10	2.2766210186e-05	4.5135077356e-13	1.8090314652e-15	3.7718370204e-17	9.1759973039e-28	5.3488204152e-10	1.0073093346e-12	1.7758551224e-16	3.9134013721e-08	1.3143006811e-12	6.6705072333e-05	4.4602019181e-14	1.2249428569e-10	4.4867413638e-17	9.7676350151e-25	5.6566142675e-05	1.5469624454e-26	3.9399804155e-21	1.0553218782e-25	3.9577562832e-13	5.3301196770e-16	1.5529516175e-17	2.9976820037e-25	4.5711717612e-52	8.7040293749e-16	3.1740853391e-21	3.8094357179e-32	3.7265602162e-37	8.3959842002e-19	6.7100923806e-17	1.0684927672e-10	1.9875839807e-09	8.9638204496e-22	1.0292574403e-27	1.0672980451e-16	4.7571604027e-10	6.8190794545e-10	1.7725084059e-09	1.2187511772e-13	1.9194321124e-21	3.2980355975e-14	4.1446846920e-21	2.4471472683e-09	6.7783989492e-15	1.9125856566e-12	4.3135469661e-14	2.6569622189e-07	6.5056412592e-15	1.2064838352e-14	1.6575911753e-19	6.3211590432e-19	2.8308467569e-38	9.4692378910e-14	2.9553090244e-20	2.4471472683e-09	1.0924858541e-22	2.4927526536e-28
1.6768329400e-03	1.1522413033e+03	1.9655550472e+16	1.0540534517e+16	2.3121059480e+00	4.3516794397e-26	1.7732032504e-06	1.3544373133e-01	1.0790077773e-19	5.4977176835e-18	8.0895948893e-13	1.1140944154e-08	1.4257730910e-14	2.1675825256e-12	3.8141857546e-10	3.8902208783e-16	2.5081128361e-07	3.8490031288e-06	6.8700314363e-05	1.0694343898e-19	4.0286441667e-06	2.1450109011e-10	0.0000000000e+00	2.1559087097e-24	5.6911542002e-11	4.1995185608e-15	1.2972922948e-14	1.9321153912e-19	1.6701293647e-21	3.4240610293e-13	1.7324847470e-13	4.4096756016e-09	7.6341940623e-20	1.0521673251e-21	1.6826917220e-35	7.9442633722e-30	4.6469674261e-04	9.0536034104e-08	3.6860822877e-33	1.8585282325e-25	8.1536757304e-16	1.4030888950e-22	3.1572098744e-17	8.9706088121e-24	1.2751710631e-20	1.1194239774e-28	8.2563404848e-21	1.5441252197e-22	5.3308459376e-18	6.0311683851e-24	4.5748534965e-18	1.7662758974e-23	2.6983150008e-33	2.4323663936e-24	3.3386098795e-24	6.8840267020e-36	4.6367106536e-26	7.7941667026e-48	2.8052939118e-31	8.1751251703e-40	5.1563628458e-18	6.1171004763e-22	2.7526045303e-29	1.8201663062e-43	3.1421728242e-12	3.1301539061e-26	8.6360598478e-01	9.2153496584e-15	2.5716228955e-23	2.0155293231e-04	2.4887771484e-09	6.9798467803e-27	6.4603265986e-17	3.2031399405e-30	1.6167082793e-48	5.8387441672e-05	1.6489018866e-24	2.6102552510e-54	9.4767770936e-69	1.7713996097e-83	6.6131814389e-22	6.7312318734e-44	1.1108059319e-19	7.1216793752e-28	1.6502907403e-22	1.6774838440e-26	3.4459957326e-18	1.1702580599e-24	1.0643628800e-19	1.9764400706e-30	3.6022748601e-26	4.1179824192e-29	8.0846127697e-35	1.2905110423e-31	4.8228059455e-41	8.6386775014e-32	4.7985484422e-39	7.3649792317e-33	2.8091871799e-38	3.0064314518e-34	9.7825630134e-39	8.4784061527e-47	1.2930345380e-42	7.4360752208e-23	2.0867612578e-20	1.4465667141e-21	1.6670902080e-27	2.0813856424e-27	6.2251108323e-33	2.3495227754e-22	8.8868959386e-32	4.5748534965e-18	1.3462251935e-25	3.2859431006e-24	2.8149547403e-27	1.8082710724e-34	1.1754319893e-34	1.5556287682e-28	2.3361566919e-27	7.8104083237e-39	4.9628322416e-36	1.5482447695e-42	6.2198104851e-48	1.2037448423e-25	6.7022357659e-08	9.7738178210e-08	1.8724103330e-08	1.3194379172e-16	5.9294199453e-29	3.8933565120e-19	5.2037982888e-27	1.6958149100e-16	1.7013989010e-23	3.4465731981e-07	2.1545328388e-10	5.5051591741e-26	2.4515559995e-31	1.5074677287e-29	3.1225605843e-26	9.6979792787e-23	6.8371916540e-12	5.3636312158e-08	2.9316476917e-11	3.6341201155e-10	2.2767743405e-05	4.5055136059e-13	1.9583260289e-15	3.9675723888e-17	7.8869859966e-28	5.3699678358e-10	7.8158518703e-13	1.1138632944e-16	3.7501494083e-08	1.2863678877e-12	6.6705080007e-05	2.5898998418e-14	9.4348927056e-11	2.8497710815e-17	5.5371479314e-25	5.6566233616e-05	8.2615677017e-27	1.6701293647e-21	4.3775706801e-26	3.7580223188e-13	4.2106688548e-16	1.6868757298e-17	3.1551301423e-25	4.1479559840e-52	7.3553386303e-16	2.5397652422e-21	2.4917445497e-32	2.3857369394e-37	4.4338683205e-19	3.5890838509e-17	9.0840654423e-11	1.4435068403e-09	6.6199158730e-22	6.7686216541e-28	1.2001658335e-16	3.7502134076e-10	5.0570983526e-10	1.7485742624e-09	1.2153668291e-13	1.6768504955e-21	2.2945918101e-14	3.6354299304e-21	2.6162209642e-09	7.1832996256e-15	1.6029012781e-12	3.1352432720e-14	2.6657054606e-07	5.8755924372e-15	8.1743881215e-15	8.4084465749e-20	3.4753824759e-19	3.2835730428e-38	6.8234924789e-14	2.2387631520e-20	2.6162209642e-09	1.2237078491e-22	2.5343418538e-28
1.0985411400e-03	1.1386864314e+03	1.3030199221e+16	6.9876067724e+15	2.3121060668e+00	2.1077457209e-26	1.6604580307e-06	1.3544373830e-01	7.3684600870e-20	4.4978931424e-18	8.0440573871e-13	1.0625982707e-08	9.7815188270e-15	1.6056086126e-12	3.2734942560e-10	3.3962778763e-16	2.5081284365e-07	3.8490243431e-06	6.8700325753e-05	8.4624213073e-20	4.0286443737e-06	1.6334103951e-10	0.0000000000e+00	9.8536906927e-25	3.7516400535e-11	2.7806122277e-15	8.7126401899e-15	9.2861890273e-20	7.6634790915e-22	2.2590342076e-13	9.1696095773e-14	2.5057267434e-09	4.2487965965e-20	6.2762918248e-22	5.9123689415e-36	3.2939239171e-30	4.6469486545e-04	9.4359027907e-08	1.2025368349e-33	6.8445947324e-26	3.7123374778e-16	4.7762030580e-23	1.1883064440e-17	2.5266208280e-24	3.7572271207e-21	3.5247235472e-29	3.9371634693e-21	7.0532753887e-23	2.6076253232e-18	2.2086523225e-24	2.1657602093e-18	7.7572744463e-24	8.5332050541e-34	9.9228505848e-25	1.5029309373e-24	1.7366263425e-36	1.9942327271e-26	1.1929733572e-48	5.8069492553e-32	1.5212416866e-40	3.3094576703e-18	3.9748294538e-22	1.6370216798e-29	8.4951318491e-44	2.7244378513e-12	2.0629585390e-26	8.6360610303e-01	5.9332257735e-15	1.3062565500e-23	2.0154127119e-04	1.7474302578e-09	2.6968097933e-27	5.2301056268e-17	2.0451456766e-30	7.2053853456e-49	5.8387825046e-05	1.0908424319e-24	9.2034807697e-55	2.6838824810e-69	3.6706581358e-84	5.4402062902e-22	3.4010346439e-44	6.6008280365e-20	2.8873525594e-28	5.7580297141e-23	5.6174128060e-27	1.5922876910e-18	4.0611263251e-25	5.0125600928e-20	5.0343789464e-31	8.8195250735e-27	8.4546156833e-30	1.1898759224e-35	1.9933575176e-32	8.1865461679e-42	1.7653542904e-32	7.2191359820e-40	1.2397110482e-33	3.6835654050e-39	4.1817364664e-35	1.0470873609e-39	6.5739386826e-48	1.0459721085e-43	2.6415667953e-23	7.6044793950e-21	6.9269097246e-22	4.0946298878e-28	4.1738618653e-28	1.8409844538e-33	8.5206240418e-23	2.1893993106e-32	2.1657602093e-18	4.7945912264e-26	2.1118073722e-24	8.3094513734e-28	5.0804316675e-35	2.5876459781e-35	3.8489300854e-29	1.0631274887e-27	2.6363654428e-39	1.6387391561e-36	1.3394820782e-43	4.8220588115e-49	2.9712624174e-26	6.1885931059e-08	1.0287517531e-07	1.8778173514e-08	7.7569001160e-17	1.9019754049e-29	2.3181808332e-19	1.9435873590e-27	1.1725291189e-16	7.4718128607e-24	3.4467280993e-07	1.9998093069e-10	3.6815418061e-26	1.1329202875e-31	6.6637959894e-30	1.4063953173e-26	4.5721127858e-23	5.2900349211e-12	5.3636314914e-08	2.1456980466e-11	4.4313354606e-10	2.2767446049e-05	4.8599060012e-13	2.2574116432e-15	4.4667698720e-17	7.5301143270e-28	5.3876298211e-10	6.3507468143e-13	7.3178408062e-17	3.7638905253e-08	1.3135558063e-12	6.6705083449e-05	1.5976149359e-14	7.3332409793e-11	1.9642891917e-17	3.4782612523e-25	5.6566287683e-05	5.3440018659e-27	7.6634790915e-22	2.2163198912e-26	3.6019593210e-13	3.6088126998e-16	1.9493934848e-17	3.5535595042e-25	4.1405573578e-52	6.6617033004e-16	2.2000664681e-21	1.8308604958e-32	1.6578256532e-37	2.3431267728e-19	1.8439956624e-17	8.2630560068e-11	1.0282842592e-09	5.1606664691e-22	4.8004623199e-28	1.3201242280e-16	3.0855655909e-10	3.8083385925e-10	1.7963168087e-09	1.2597947613e-13	1.5602433011e-21	1.5783592613e-14	3.0236462943e-21	2.7621738707e-09	7.5311736715e-15	1.3866511997e-12	2.3228974445e-14	2.6696573942e-07	4.9935395940e-15	5.4984541612e-15	4.1333267359e-20	1.8958402328e-19	3.4286042834e-38	5.0163171987e-14	1.6513675729e-20	2.7621738707e-09	1.3420081837e-22	2.5682258014e-28
7.1968567300e-04	1.1283867625e+03	8.6143745225e+15	4.6195657356e+15	2.3121060632e+00	1.2009529936e-26	1.6546152416e-06	1.3544373808e-01	5.7470885358e-20	4.2322563822e-18	8.8046496212e-13	1.0733864238e-08	7.3016022213e-15	1.2684227248e-12	2.9065419350e-10	3.0561833512e-16	2.5081399868e-07	3.8490401512e-06	6.8700331041e-05	7.3998699378e-20	4.0286443674e-06	1.3213288959e-10	0.0000000000e+00	5.1187682458e-25	2.4696123780e-11	1.8368143541e-15	6.1013525576e-15	4.7836574304e-20	3.8082501024e-22	1.4880658862e-13	4.8549448313e-14	1.3370002528e-09	2.5715658631e-20	4.0091638190e-22	2.3887270027e-36	1.5132424876e-30	4.6469295724e-04	9.7446922955e-08	4.5861714581e-34	2.7351701481e-26	1.6679294532e-16	1.6331325920e-23	4.1893539924e-18	6.7839666540e-25	9.9639080132e-22	1.0820885185e-29	1.9226890883e-21	3.3315871068e-23	1.2386965346e-18	7.9935566275e-25	1.0030212229e-18	3.5539212346e-24	3.0298883505e-34	4.0944334594e-25	7.3611152607e-25	4.9342344732e-37	8.5741279936e-27	2.0923564038e-49	1.1709837840e-32	2.8244003438e-41	2.3459882347e-18	2.8449455161e-22	1.0939873879e-29	4.7045139660e-44	2.5574336109e-12	1.5653699073e-26	8.6360611830e-01	4.0209605098e-15	7.0247175306e-24	2.0153242871e-04	1.2079648094e-09	1.0668299430e-27	4.6551386117e-17	1.5141902373e-30	4.0367555068e-49	5.8388101100e-05	7.9175767726e-25	4.1001733721e-55	1.0088667524e-69	1.0828586899e-84	5.1408532273e-22	2.2020562193e-44	4.2036986840e-20	1.2432114531e-28	1.9141626190e-23	1.8966275720e-27	7.2365117564e-19	1.4096293857e-25	2.4241491149e-20	1.3109558025e-31	2.0258455168e-27	1.6157152068e-30	1.5974493229e-36	2.6498257927e-33	1.4839146396e-42	3.5245328273e-33	1.0838271836e-40	1.9366835972e-34	4.5215596088e-40	5.1245062035e-36	9.5250127712e-41	4.4410754525e-49	6.9644340220e-45	9.3368007694e-24	2.6146680501e-21	3.2367796953e-22	9.8862848225e-29	7.4692935469e-29	5.6445973892e-34	2.9188152526e-23	5.2990134843e-33	1.0030212229e-18	1.6981579339e-26	1.4987244242e-24	2.4262232460e-28	1.5695621365e-35	5.7386774758e-36	8.9130356455e-30	5.2496454403e-28	9.8480841774e-40	5.7393544500e-37	9.3960297884e-45	3.2572361558e-50	6.8681924663e-27	5.8009149422e-08	1.0675229390e-07	1.8814868750e-08	4.8853785936e-17	6.4931477450e-30	1.4744217033e-19	7.4860418766e-28	8.3957392387e-17	3.5781181835e-24	3.4469281839e-07	1.7997196640e-10	2.5692111196e-26	5.6600625860e-32	3.0677639903e-30	6.2648484933e-27	2.0124887987e-23	4.1346172161e-12	5.3636314831e-08	1.6062798304e-11	5.6815784702e-10	2.2765258737e-05	5.6662947953e-13	2.7713623069e-15	5.3834436712e-17	7.9879740273e-28	5.4013244262e-10	5.4053429187e-13	5.0371109252e-17	3.9574552295e-08	1.3996481425e-12	6.6705083353e-05	1.0473107430e-14	5.7518310133e-11	1.4708190939e-17	2.4236414271e-25	5.6566318803e-05	4.1905233729e-27	3.8082501024e-22	1.3706724066e-26	3.4848892997e-13	3.3569327801e-16	2.3972556267e-17	4.2835983722e-25	4.5457931356e-52	6.4682139718e-16	2.0637451259e-21	1.5116657986e-32	1.2503670557e-37	1.2390980602e-19	9.0986980779e-18	8.0454690084e-11	7.1847648213e-10	4.2489896290e-22	3.6734416238e-28	1.4201682842e-16	2.6505706214e-10	2.9129098646e-10	1.9222422745e-09	1.3576215780e-13	1.5464838879e-21	1.0733644153e-14	2.3833671709e-21	2.8797504682e-09	7.8101663462e-15	1.2385195849e-12	1.7545868266e-14	2.6695386264e-07	3.9942739471e-15	3.6725026499e-15	1.9688844993e-20	1.0263883041e-19	3.2200602101e-38	3.7636821842e-14	1.1857554088e-20	2.8797504682e-09	1.4405508609e-22	2.5932463657e-28
4.7148663600e-04	1.1208639181e+03	5.6813998086e+15	3.0467216273e+15	2.3121059507e+00	7.9114471601e-27	1.7428862216e-06	1.3544373149e-01	5.0473998624e-20	4.5119595850e-18	1.0499612339e-12	1.1413354150e-08	5.8773760250e-15	1.0631966242e-12	2.6607358363e-10	2.8258186127e-16	2.5081486021e-07	3.8490519999e-06	6.8700331490e-05	7.0745010268e-20	4.0286441714e-06	1.1285872922e-10	0.0000000000e+00	2.9813231675e-25	1.6236557864e-11	1.2107975128e-15	4.4353459683e-15	2.6218187184e-20	2.0322297360e-22	9.7883693723e-14	2.5714042861e-14	6.7441338240e-10	1.6775826196e-20	2.7223632050e-22	1.0932975089e-36	7.6186290417e-31	4.6469124237e-04	9.9809386287e-08	2.0109644943e-34	1.1757244815e-26	7.4057520361e-17	5.6067882089e-24	1.3931729389e-18	1.7453631432e-25	2.4051843456e-22	3.2476325637e-30	9.5909468314e-22	1.6213968249e-23	5.7321029550e-19	2.8626750247e-25	4.5549975947e-19	1.6907955794e-24	1.1930892097e-34	1.7067372252e-25	3.8868846869e-25	1.5592348911e-37	3.6849926408e-27	4.1447456793e-50	2.3067837645e-33	5.2333041311e-42	1.8173818118e-18	2.2198115765e-22	8.1127863031e-30	3.0348976573e-44	2.5770490087e-12	1.3470634100e-26	8.6360604315e-01	2.8527243214e-15	3.9751560899e-24	2.0152595108e-04	8.2353183850e-10	4.3100335597e-28	4.5093301066e-17	1.2795129437e-30	2.7738631461e-49	5.8388294705e-05	6.2424808720e-25	2.2507013870e-55	4.8824528809e-70	4.3782618844e-85	5.4981037878e-22	1.7790729768e-44	2.8479279164e-20	5.6484144124e-29	6.0942197914e-24	6.4508393403e-28	3.2405226050e-19	4.8938502716e-26	1.2005140117e-20	3.4818439591e-32	4.3956820335e-28	2.8961463530e-31	1.9756231098e-37	3.0804855794e-34	2.8523235006e-43	6.8919560222e-34	1.6242176785e-41	2.8304701002e-35	5.2324226445e-41	5.6081988051e-37	7.4927192396e-42	2.6526956429e-50	3.8969367404e-46	3.2854110233e-24	8.5352288805e-22	1.4797084937e-22	2.3508079509e-29	1.2074336785e-29	1.7873679929e-34	9.5021317529e-24	1.2623354249e-33	4.5549975947e-19	5.9847126879e-27	1.1620868414e-24	7.0154828333e-29	5.2782917018e-36	1.2811413867e-36	1.9455878889e-30	2.7883755136e-28	4.0269939755e-40	2.1184928253e-37	5.4648672373e-46	1.9454195039e-51	1.4972452407e-27	5.5204369173e-08	1.0955727137e-07	1.8839448452e-08	3.2775755109e-17	2.3477144495e-30	9.9638874069e-20	2.9644433682e-28	6.2037530318e-17	1.8546843476e-24	3.4471519667e-07	1.5757692687e-10	1.8627272360e-26	3.0322002709e-32	1.4646019617e-30	2.7637264524e-27	8.3325100092e-24	3.2608767621e-12	5.3636312221e-08	1.2269398566e-11	7.6182479174e-10	2.2761069986e-05	7.0815232768e-13	3.5988867780e-15	6.8948879727e-17	9.3080874316e-28	5.4111308518e-10	4.7953961739e-13	3.6147083783e-17	4.3373346244e-08	1.5491075574e-12	6.6705080111e-05	7.2491647793e-15	4.5482269744e-11	1.1862799955e-17	1.8532360274e-25	5.6566335324e-05	3.9023193163e-27	2.0322297360e-22	1.0134811364e-26	3.3998003859e-13	3.3595291199e-16	3.1161127565e-17	5.4858645878e-25	5.4307151853e-52	6.6826623204e-16	2.0783670717e-21	1.3849311013e-32	1.0143786353e-37	6.5565050868e-20	4.3302825800e-18	8.3243887465e-11	4.9340515449e-10	3.6732764861e-22	3.0081241552e-28	1.4974805976e-16	2.3663081685e-10	2.2592102607e-10	2.1332983682e-09	1.5146293472e-13	1.6216323245e-21	7.2248894523e-15	1.7902834509e-21	2.9684397212e-09	8.0195639280e-15	1.1381900528e-12	1.3483019465e-14	2.6657798412e-07	3.0263889299e-15	2.4374313420e-15	9.1179599665e-21	5.5193705642e-20	2.7496101994e-38	2.8756948771e-14	8.3107222743e-21	2.9684397212e-09	1.5166103949e-22	2.6092263997e-28
3.0888436000e-04	1.1155389431e+03	3.7398139376e+15	2.0055221359e+15	2.3121057329e+00	5.8676810801e-27	1.9209695955e-06	1.3544371873e-01	4.8841390402e-20	5.3264998202e-18	1.3428389401e-12	1.2653570148e-08	5.0316210934e-15	9.3622662849e-13	2.4974481887e-10	2.6715394743e-16	2.5081550666e-07	3.8490609157e-06	6.8700327762e-05	7.2745205621e-20	4.0286437919e-06	1.0079307492e-10	0.0000000000e+00	1.9065017142e-25	1.0663977858e-11	7.9674919871e-16	3.3241571331e-15	1.5116225592e-20	1.1495026175e-22	6.4312964034e-14	1.3623562860e-14	3.2493301552e-10	1.1635070364e-20	1.9431600639e-22	5.5405191960e-37	4.1335991427e-31	4.6468982332e-04	1.0153916629e-07	9.8826158322e-35	5.3643112944e-27	3.2566362941e-17	1.9313070836e-24	4.4172957990e-19	4.3366304415e-26	5.3766621028e-23	9.5682345416e-31	4.8679995001e-22	8.0856855987e-24	2.5964250585e-19	1.0163794839e-25	2.0356485771e-19	8.2957431679e-25	5.1123844798e-35	7.1737022003e-26	2.1822023914e-25	5.3745961097e-38	1.5831771771e-27	9.0688066378e-51	4.4584056362e-34	9.6806752110e-43	1.5137597646e-18	1.8585314287e-22	6.5497508039e-30	2.2175632329e-44	2.7516050130e-12	1.2846354198e-26	8.6360588226e-01	2.1010729925e-15	2.3450214384e-24	2.0152128290e-04	5.5512139182e-10	1.7714501128e-28	4.6806585985e-17	1.2044280022e-30	2.2518165148e-49	5.8388426197e-05	5.2657134782e-25	1.4650425031e-55	2.9041223801e-70	2.2897417717e-85	6.5055536515e-22	1.7221164475e-44	2.0294122233e-20	2.6814422970e-29	1.8729681905e-24	2.2072743465e-28	1.4337076230e-19	1.6993012694e-26	6.0617819269e-21	9.3983336161e-33	9.1042283769e-29	4.9267139200e-32	2.2849086416e-38	3.2096736845e-35	5.7519199102e-44	1.3249921979e-34	2.4304763384e-42	3.9176871046e-36	5.7703940799e-42	5.5960184912e-38	5.2343903526e-43	1.4329061019e-51	1.8917606305e-47	1.1518484836e-24	2.6705460272e-22	6.6444915377e-23	5.5206200930e-30	1.7963239452e-30	5.8106561755e-35	2.9673179279e-24	2.9684034461e-34	2.0356485771e-19	2.1005736725e-27	9.6860508658e-25	2.0124789012e-29	1.9023776577e-36	2.8757111461e-37	4.0469513512e-31	1.5719800094e-28	1.7728801817e-40	8.1621691055e-38	2.7273969365e-47	1.0507946914e-52	3.1114455816e-28	5.3237433031e-08	1.1152431898e-07	1.8855775432e-08	2.3174824197e-17	8.9047663765e-31	7.0818053042e-20	1.2009441226e-28	4.7038425739e-17	1.0265991776e-24	3.4473782380e-07	1.3491733308e-10	1.3933630885e-26	1.7198501442e-32	7.2035797253e-31	1.2096711988e-27	3.2820517657e-24	2.5908056734e-12	5.3636307168e-08	9.5273406665e-12	1.0595040311e-09	2.2754669409e-05	9.3662223759e-13	4.8925420316e-15	9.2794371954e-17	1.1709889517e-27	5.4174741700e-10	4.4007316820e-13	2.6837365683e-17	4.9174872090e-08	1.7684306954e-12	6.6705073831e-05	5.2455671264e-15	3.6203967605e-11	1.0168589070e-17	1.5290735641e-25	5.6566342062e-05	4.1816038311e-27	1.1495026175e-22	8.6704581246e-27	3.3391999931e-13	3.5689456752e-16	4.2378199784e-17	7.3806154951e-25	6.9485847055e-52	7.2630517665e-16	2.2179567616e-21	1.3811810129e-32	8.7327725388e-38	3.4708591874e-20	2.0009520420e-18	9.0502866658e-11	3.3405141615e-10	3.3039779449e-22	2.6028140834e-28	1.5528836010e-16	2.1798304386e-10	1.7720487968e-10	2.4387255445e-09	1.7380509188e-13	1.7801262134e-21	4.8218712144e-15	1.2925790308e-21	3.0311491061e-09	8.1665650180e-15	1.0704886639e-12	1.0506118019e-14	2.6585219066e-07	2.1927683954e-15	1.6090148836e-15	4.1254075506e-21	2.9511302897e-20	2.1707562539e-38	2.2296551203e-14	5.7097456993e-21	3.0311491061e-09	1.5710254680e-22	2.6166688638e-28
2.0235896500e-04	1.1118577195e+03	2.4581704018e+15	1.3182248998e+15	2.3121054053e+00	4.7644648535e-27	2.1918175721e-06	1.3544369954e-01	5.0894837719e-20	6.7974823926e-18	1.8116550848e-12	1.4480850506e-08	4.5152468204e-15	8.5648268098e-13	2.3895405825e-10	2.5690063807e-16	2.5081599188e-07	3.8490676095e-06	6.8700320062e-05	7.9082730297e-20	4.0286432210e-06	9.3147732980e-11	0.0000000000e+00	1.3094206931e-25	6.9985838438e-12	5.2358965823e-16	2.5501258368e-15	9.0593568164e-21	6.7979259161e-23	4.2218650048e-14	7.2196934846e-15	1.5116072361e-10	8.4563281071e-21	1.4408677451e-22	3.0350349211e-37	2.3746390278e-31	4.6468870990e-04	1.0276388128e-07	5.2988088474e-35	2.5615686986e-27	1.4215763153e-17	6.6695815075e-25	1.3504896153e-19	1.0492032985e-26	1.1334336385e-23	2.7793994829e-31	2.5037919128e-22	4.1079954198e-24	1.1570225765e-19	3.5848646784e-26	8.9866064181e-20	4.1671824496e-25	2.3367971185e-35	3.0343976494e-26	1.2838711635e-25	1.9798428157e-38	6.7998044892e-28	2.1409742371e-51	8.4923168382e-35	1.7884810995e-43	1.3326910938e-18	1.6421364694e-22	5.6423478386e-30	1.7820756014e-44	3.0708565014e-12	1.3251295682e-26	8.6360563356e-01	1.5923622944e-15	1.4280455857e-24	2.0151789886e-04	3.7097125746e-10	7.3769663703e-29	5.1219077018e-17	1.2311770118e-30	2.0762383297e-49	5.8388511832e-05	4.6769506981e-25	1.0862160907e-55	2.0220939463e-70	1.4575552632e-85	8.3154360993e-22	1.9138040979e-44	1.5030686062e-20	1.3163563986e-29	5.6031535307e-25	7.5873239747e-29	6.2849976906e-20	5.9013075220e-27	3.1065174325e-21	2.5684047433e-33	1.8198133061e-29	8.0526034655e-33	2.5106905323e-39	3.0758505097e-36	1.2032173266e-44	2.5145239443e-35	3.6329291396e-43	5.2017772550e-37	6.1338333894e-43	5.2034219157e-39	3.3397035085e-44	7.1677465412e-53	8.2388998229e-49	4.0270855514e-25	8.0894309915e-23	2.9430679629e-23	1.2841796938e-30	2.5081608313e-31	1.9273843997e-35	8.9763131802e-25	6.9114097257e-35	8.9866064181e-20	7.3498287051e-28	8.5316442719e-25	5.7381100847e-30	7.2291972019e-37	6.4819475327e-38	8.1134514973e-32	9.2749860194e-29	8.2579471981e-41	3.2493637055e-38	1.2109669481e-48	5.2561175175e-54	6.2338648163e-29	5.1888208325e-08	1.1287360008e-07	1.8866563496e-08	1.7065023086e-17	3.5050479957e-31	5.2336019087e-20	4.9508899885e-29	3.6377433639e-17	5.9777395493e-25	3.4475912935e-07	1.1356291679e-10	1.0674694515e-26	1.0190287313e-32	3.6246896682e-31	5.2631895784e-28	1.2444337313e-24	2.0700467183e-12	5.3636299568e-08	7.4916991503e-12	1.5150740120e-09	2.2745715975e-05	1.2935530364e-12	6.8876623775e-15	1.2969518288e-16	1.5618127783e-27	5.4208879505e-10	4.1442203836e-13	2.0449509040e-17	5.7212202121e-08	2.0669538345e-12	6.6705064381e-05	3.9268269969e-15	2.8964647350e-11	9.1323681569e-18	1.3372239758e-25	5.6566341691e-05	4.9881464109e-27	6.7979259161e-23	8.2919347377e-27	3.2963265571e-13	3.9681913111e-16	5.9650906226e-17	1.0309166072e-24	9.3652327250e-52	8.2050224952e-16	2.4739150224e-21	1.4695829814e-32	7.8661137109e-38	1.8379597642e-20	9.0396179631e-19	1.0217067564e-10	2.2367550959e-10	3.0620678675e-22	2.3480003483e-28	1.5892769328e-16	2.0563716309e-10	1.4016909832e-10	2.8511667579e-09	2.0373838538e-13	2.0232449540e-21	3.1965868194e-15	9.0520162934e-22	3.0723230808e-09	8.2618313869e-15	1.0245857381e-12	8.2723498719e-15	2.6476517810e-07	1.5342644014e-15	1.0573917594e-15	1.8329232739e-21	1.5704966786e-20	1.6126504751e-38	1.7475801686e-14	3.8625510764e-21	3.0723230808e-09	1.6066629358e-22	2.6163221384e-28
1.3257113700e-04	1.1093559398e+03	1.6140490737e+15	8.6555435313e+14	2.3121049559e+00	4.1323738597e-27	2.5646595534e-06	1.3544367322e-01	5.5972430609e-20	9.1807550321e-18	2.5409313426e-12	1.6954875204e-08	4.1931781849e-15	8.0578296141e-13	2.3184608070e-10	2.5012124997e-16	2.5081635243e-07	3.8490725678e-06	6.8700308258e-05	8.9526449845e-20	4.0286424381e-06	8.8255861630e-11	0.0000000000e+00	9.4732930673e-26	4.5904860529e-12	3.4374495209e-16	1.9898176707e-15	5.5846218285e-21	4.1525736252e-23	2.7696933258e-14	3.8267301757e-15	6.8549453805e-11	6.3590911497e-21	1.0984689079e-22	1.7594740814e-37	1.4221091446e-31	4.6468785844e-04	1.0360997144e-07	3.0271519442e-35	1.2644518666e-27	6.1722566563e-18	2.3075825987e-25	4.0208158219e-20	2.4897435184e-27	2.2894539145e-24	7.9908813452e-32	1.3002840751e-22	2.1155659760e-24	5.0949801645e-20	1.2583491508e-26	3.9320046060e-20	2.1294701912e-25	1.1195343627e-35	1.2894515307e-26	7.8152201400e-26	7.6546390669e-39	2.9198973565e-28	5.3420433289e-52	1.6005502730e-35	3.3011246768e-44	1.2215717549e-18	1.5089362105e-22	5.0957010314e-30	1.5347764077e-44	3.5392900271e-12	1.4472640285e-26	8.6360528899e-01	1.2322103213e-15	8.8998857371e-25	2.0151536626e-04	2.4635432452e-10	3.1015294870e-29	5.8243433057e-17	1.3363476932e-30	2.1002289908e-49	5.8388563998e-05	4.3129558210e-25	8.8537578667e-56	1.5789693286e-70	1.0704891395e-85	1.1243212309e-21	2.3516832192e-44	1.1449694433e-20	6.6218615007e-30	1.6436537892e-25	2.6168083714e-29	2.7367713381e-20	2.0496012469e-27	1.6093012345e-21	7.0825526744e-34	3.5446829683e-30	1.2784384591e-33	2.6578405024e-40	2.7734345004e-37	2.5850328517e-45	4.7271856577e-36	5.4259363475e-44	6.7009599693e-38	6.3478914676e-44	4.5961302593e-40	1.9947070407e-45	3.3904623733e-54	3.3155490350e-50	1.4050972549e-25	2.3932977568e-23	1.2906465487e-23	2.9665869186e-31	3.3440423925e-32	6.4873542018e-36	2.6532528188e-25	1.5976299606e-35	3.9320046060e-20	2.5658355358e-28	7.8229478346e-25	1.6288781413e-30	2.8550914533e-37	1.4655086605e-38	1.5835776197e-32	5.6568202288e-29	4.0076698347e-41	1.3247515024e-38	4.9379484704e-50	2.4861651018e-55	1.2161827621e-29	5.0976723159e-08	1.1378510394e-07	1.8873667768e-08	1.2945685123e-17	1.4176978971e-31	3.9800447162e-20	2.0671610106e-29	2.8540923290e-17	3.6124121597e-25	3.4477821478e-07	9.4410476372e-11	8.3215625139e-27	6.2329667704e-33	1.8543925938e-31	2.2800913679e-28	4.5894677587e-25	1.6607515081e-12	5.3636289145e-08	5.9451641901e-12	2.2106231661e-09	2.2733706633e-05	1.8435346034e-12	9.9454578545e-15	1.8630347128e-16	2.1734598638e-27	5.4218452028e-10	3.9765414378e-13	1.5878662356e-17	6.7823877504e-08	2.4574128367e-12	6.6705051419e-05	3.0131952316e-15	2.3258407171e-11	8.4853183148e-18	1.2201123967e-25	5.6566335590e-05	6.4333814259e-27	4.1525736252e-23	8.5998136100e-27	3.2656643633e-13	4.5606758407e-16	8.6079643971e-17	1.4794893500e-24	1.3103090820e-51	9.5331911454e-16	2.8494847278e-21	1.6389931270e-32	7.3221478192e-38	9.7344159541e-21	4.0170049767e-19	1.1851761846e-10	1.4852953766e-10	2.8988592509e-22	2.1822474914e-28	1.6101352466e-16	1.9732716310e-10	1.1152697628e-10	3.3873858807e-09	2.4249515028e-13	2.3578496899e-21	2.1082428112e-15	6.1981668140e-22	3.0964544654e-09	8.3160079470e-15	9.9296040428e-13	6.5614390723e-15	2.6328374941e-07	1.0454894465e-15	6.9225338325e-16	8.0324446266e-22	8.3247311564e-21	1.1448877777e-38	1.3798663294e-14	2.5829569043e-21	3.0964544654e-09	1.6269441548e-22	2.6088308376e-28
8.6851137400e-05	1.1076759573e+03	1.0590131121e+15	5.6790940117e+14	2.3121043663e+00	3.7543422597e-27	3.0545830883e-06	1.3544363868e-01	6.3936298609e-20	1.2904211806e-17	3.6622235718e-12	2.0166317862e-08	3.9891523321e-15	7.7325049658e-13	2.2717346784e-10	2.4565412775e-16	2.5081661298e-07	3.8490761197e-06	6.8700291933e-05	1.0427910686e-19	4.0286414107e-06	8.5102923754e-11	0.0000000000e+00	7.1090220006e-26	3.0097964285e-12	2.2551867186e-16	1.5712715875e-15	3.5115964813e-21	2.5951462031e-23	1.8161973507e-14	2.0285942991e-15	3.0533351786e-11	4.8980385731e-21	8.5393894465e-23	1.0614836813e-37	8.7695710677e-32	4.6468720521e-04	1.0418440279e-07	1.8083170063e-35	6.3890141468e-28	2.6698171093e-18	7.9944479907e-26	1.1750036854e-20	5.8281743724e-28	4.4876578565e-25	2.2808098011e-32	6.7987297063e-23	1.0999205148e-24	2.2248930827e-20	4.4020970476e-27	1.7096458509e-20	1.1013775354e-25	5.5439627764e-36	5.4972690414e-27	4.8726456762e-26	3.0619839061e-39	1.2536305276e-28	1.3858474646e-52	2.9941585200e-36	6.0891621839e-45	1.1519475451e-18	1.4253041648e-22	4.7574503606e-30	1.3877592933e-44	4.1726306697e-12	1.6454745435e-26	8.6360483498e-01	9.6758683304e-16	5.6376093422e-25	2.0151335402e-04	1.6287648882e-10	1.3127827606e-29	6.8046169424e-17	1.5130384980e-30	2.2675975540e-49	5.8388591636e-05	4.0837365895e-25	7.7140407362e-56	1.3364897311e-70	8.6943001159e-86	1.5814793630e-21	3.1014415943e-44	8.8960464357e-21	3.3887954214e-30	4.7554452028e-26	9.0464132087e-30	1.1861088458e-20	7.1190399801e-28	8.4004272809e-22	1.9654935414e-34	6.7799424347e-31	1.9885395002e-34	2.7407932354e-41	2.3958594736e-38	5.6590632601e-46	8.8281400326e-37	8.0993357887e-45	8.4504824544e-39	6.4468319220e-45	3.9156464897e-41	1.1373124586e-46	1.5418693868e-55	1.2621135008e-51	4.8955715789e-26	6.9642205068e-24	5.6203828618e-24	6.8198390445e-32	4.3159867612e-33	2.2061675838e-36	7.7158915758e-26	3.6743496788e-36	1.7096458509e-20	8.9430380415e-29	7.3787766203e-25	4.6095640060e-31	1.1585780642e-37	3.3205011486e-39	3.0330722075e-33	3.5314879080e-29	2.0019440379e-41	5.4921891069e-39	1.8964944117e-51	1.1306080705e-56	2.3286970866e-30	5.0367308598e-08	1.1439450901e-07	1.8878335515e-08	1.0029587600e-17	5.8456901295e-32	3.0886312670e-20	8.7088720030e-30	2.2620925424e-17	2.2410455453e-25	3.4479473049e-07	7.7806816694e-11	6.5670978066e-27	3.8987392619e-33	9.5985650668e-32	9.8477484772e-29	1.6599234970e-25	1.3362281367e-12	5.3636275465e-08	4.7483625975e-12	3.2710634621e-09	2.2717934597e-05	2.6858862001e-12	1.4618206406e-14	2.7278657464e-16	3.1161379169e-27	5.4206712957e-10	3.8660568476e-13	1.2493257357e-17	8.1466381820e-08	2.9564634437e-12	6.6705034407e-05	2.3527041116e-15	1.8724786484e-11	8.0751116826e-18	1.1469994224e-25	5.6566324317e-05	8.7657889568e-27	2.5951462031e-23	9.4427395092e-27	3.2429740099e-13	5.3648102199e-16	1.2638475255e-16	2.1634457923e-24	1.8810106551e-51	1.1296563990e-15	3.3568260383e-21	1.8893172765e-32	6.9745757161e-38	5.1559135028e-21	1.7643557649e-19	1.4008417011e-10	9.8021060623e-11	2.7838258828e-22	2.0697789343e-28	1.6185689850e-16	1.9157374999e-10	8.9074947421e-11	4.0688442203e-09	2.9163600464e-13	2.7956284734e-21	1.3849440794e-15	4.1759295441e-22	3.1072813733e-09	8.3378639507e-15	9.7046246141e-13	5.2295044466e-15	2.6135496656e-07	6.9834057826e-16	4.5169047778e-16	3.4837899465e-22	4.3974718702e-21	7.8617239174e-39	1.0944465359e-14	1.7126954691e-21	3.1072813733e-09	1.6349246019e-22	2.5945418937e-28
5.6898660300e-05	1.1065570547e+03	6.9449103481e+14	3.7242987093e+14	2.3121036104e+00	3.5213890707e-27	3.6826697363e-06	1.3544359440e-01	7.4961826223e-20	1.8641780113e-17	5.3775882996e-12	2.4236271349e-08	3.8584846028e-15	7.5223714780e-13	2.2410580456e-10	2.4271740044e-16	2.5081678997e-07	3.8490784845e-06	6.8700270413e-05	1.2386463666e-19	4.0286400937e-06	8.3060232354e-11	0.0000000000e+00	5.4706180002e-26	1.9728725189e-12	1.4788455910e-16	1.2509877817e-15	2.2383893483e-21	1.6474508078e-23	1.1905829724e-14	1.0754822591e-15	1.3433502579e-11	3.8353589176e-21	6.7280527445e-23	6.5817203573e-38	5.5176944188e-32	4.6468668645e-04	1.0456969163e-07	1.1138742802e-35	3.2804291618e-28	1.1518482447e-18	2.7721329790e-26	3.3900056097e-21	1.3515909195e-28	8.6167226966e-26	6.4776746671e-33	3.5714461127e-23	5.7562414297e-25	9.6600336086e-21	1.5364122671e-27	7.4015889729e-21	5.7437907111e-26	2.8085088672e-36	2.3488626564e-27	3.0884164262e-26	1.2538395534e-39	5.3817464919e-29	3.6927192257e-53	5.5725795644e-37	1.1226899841e-45	1.1076824574e-18	1.3720581049e-22	4.5441881974e-30	1.2975205029e-44	4.9964675453e-12	1.9232127754e-26	8.6360425235e-01	7.6748008644e-16	3.6112895721e-25	2.0151161626e-04	1.0735847577e-10	5.5823279866e-30	8.0989398013e-17	1.7635020411e-30	2.5604511169e-49	5.8388600825e-05	3.9375087086e-25	7.0359414637e-56	1.1956885867e-70	7.5667335621e-86	2.2857702015e-21	4.2938281627e-44	7.0065082603e-21	1.7548333332e-30	1.3628601119e-26	3.1324409092e-30	5.1239409623e-21	2.4728343005e-28	4.4079210865e-22	5.4783276532e-35	1.2806940788e-31	3.0498663008e-35	2.7758670813e-42	2.0096374152e-39	1.2549575660e-46	1.6411842049e-37	1.2085319611e-45	1.0502121908e-39	6.4631235081e-46	3.2541127803e-42	6.2808812782e-48	6.8248763602e-57	4.6243572728e-53	1.7040244666e-26	2.0035452561e-24	2.4357302750e-24	1.5625685473e-32	5.4474670446e-34	7.5558284000e-37	2.2188766111e-26	8.4211098878e-37	7.4015889729e-21	3.1136041123e-29	7.0963173903e-25	1.3016825916e-31	4.7898559329e-38	7.5346075881e-40	5.7345466041e-34	2.2402758804e-29	1.0200654196e-41	2.3033215684e-39	6.9901219690e-53	5.0044510540e-58	4.4019304373e-31	4.9962691533e-08	1.1479909323e-07	1.8881396937e-08	7.8839163927e-18	2.4426208555e-32	2.4305556682e-20	3.6917289749e-30	1.8054385100e-17	1.4156481894e-25	3.4480868427e-07	6.3740297320e-11	5.2263372939e-27	2.4764787222e-33	5.0083902890e-32	4.2444030611e-29	5.9237689592e-26	1.0772496414e-12	5.3636257931e-08	3.8093030295e-12	4.8861593123e-09	2.2697428955e-05	3.9724425412e-12	2.1748191204e-14	4.0462104818e-16	4.5596512230e-27	5.4175119837e-10	3.7923377818e-13	9.9182419224e-18	9.8730435856e-08	3.5852627017e-12	6.6705012601e-05	1.8590845195e-15	1.5101734436e-11	7.8122662771e-18	1.1006298248e-25	5.6566307867e-05	1.2403149189e-26	1.6474508078e-23	1.0782781029e-26	3.2250832241e-13	6.4116619019e-16	1.8772661784e-16	3.2034038383e-24	2.7462756909e-51	1.3567112121e-15	4.0157795880e-21	2.2276465257e-32	6.7487644663e-38	2.7307074961e-21	7.6868099901e-20	1.6765177111e-10	6.4386046500e-11	2.6973977663e-22	1.9889550406e-28	1.6169293199e-16	1.8740358431e-10	7.1297905121e-11	4.9222510855e-09	3.5309257794e-13	3.3527726284e-21	9.0692688481e-16	2.7811412570e-22	3.1075259281e-09	8.3337010890e-15	9.5357560800e-13	4.1799509948e-15	2.5890694000e-07	4.5931153788e-16	2.9379458237e-16	1.4989579892e-22	2.3154276606e-21	5.2671476872e-39	8.7000808301e-15	1.1285606344e-21	3.1075259281e-09	1.6329074569e-22	2.5734340948e-28
3.7275937200e-05	1.1058159686e+03	4.5528563620e+14	2.4415295854e+14	2.3121026545e+00	3.3748757325e-27	4.4766161317e-06	1.3544353840e-01	8.9451471010e-20	2.7434192328e-17	7.9955185828e-12	2.9316925065e-08	3.7741702479e-15	7.3860237826e-13	2.2209360604e-10	2.4078981411e-16	2.5081689389e-07	3.8490798005e-06	6.8700242755e-05	1.4908986445e-19	4.0286384281e-06	8.1732165248e-11	0.0000000000e+00	4.2819972853e-26	1.2929517459e-12	9.6944634206e-17	1.0015322061e-15	1.4400268235e-21	1.0569785570e-23	7.8030633695e-15	5.7021568947e-16	5.8611449661e-12	3.0368958736e-21	5.3492132335e-23	4.1572879165e-38	3.5191949269e-32	4.6468624683e-04	1.0482592919e-07	7.0049816109e-36	1.7027004664e-28	4.9607744297e-19	9.6184895003e-27	9.6961531789e-22	3.1146507268e-29	1.6315558983e-26	1.8335193137e-33	1.8820493604e-23	3.0257912826e-25	4.1779126976e-21	5.3539295431e-28	3.1950449409e-21	3.0122712402e-26	1.4448012399e-36	1.0051330426e-27	1.9794277330e-26	5.2161901773e-40	2.3101702264e-29	1.0019318144e-53	1.0335571434e-37	2.0693405898e-46	1.0792572687e-18	1.3378317905e-22	4.4079872374e-30	1.2409080067e-44	6.0462616156e-12	2.2901979863e-26	8.6360351577e-01	6.1291603059e-16	2.3308479881e-25	2.0150996971e-04	7.0618992249e-11	2.3811894389e-30	9.7613116349e-17	2.0961334581e-30	2.9800229094e-49	5.8388595395e-05	3.8433895145e-25	6.6192547119e-56	1.1105536709e-70	6.9005229672e-86	3.3649448780e-21	6.1431478406e-44	5.5692553008e-21	9.1599334600e-31	3.8808317562e-27	1.0858359181e-30	2.2086799995e-21	8.5898053676e-29	2.3211356342e-22	1.5314624495e-35	2.3987987363e-32	4.6333740100e-36	2.7773453996e-43	1.6524456340e-40	2.8074077788e-47	3.0416428541e-38	1.8028327111e-46	1.2923491854e-40	6.4230029617e-47	2.6593229633e-43	3.3946036399e-49	2.9662125679e-58	1.6511468497e-54	5.9273619829e-27	5.7197793994e-25	1.0521442109e-24	3.5720917671e-33	6.7725800695e-35	2.6001813109e-37	6.3327640378e-27	1.9254549293e-37	3.1950449409e-21	1.0832245004e-29	6.9148863598e-25	3.6704951293e-32	2.0053587101e-38	1.7114032604e-40	1.0747582502e-34	1.4366499152e-29	5.2678109671e-42	9.7351574146e-40	2.5057217616e-54	2.1750236768e-59	8.2489323312e-32	4.9695310441e-08	1.1506641984e-07	1.8883401240e-08	6.2585126978e-18	1.0298812529e-32	1.9308719219e-20	1.5714904474e-30	1.4477883332e-17	9.0527316960e-26	3.4482027622e-07	5.2005769832e-11	4.1830490911e-27	1.5895102539e-33	2.6275338425e-32	1.8267724030e-29	2.0949583790e-26	8.6962785066e-13	5.3636235756e-08	3.0651140803e-12	7.3436488885e-09	2.2670867064e-05	5.9345902574e-12	3.2617701029e-14	6.0529408509e-16	6.7635555710e-27	5.4123247658e-10	3.7420736962e-13	7.9209014788e-18	1.2036228433e-07	4.3701392231e-12	6.6704985024e-05	1.4809563831e-15	1.2194372986e-11	7.6426084952e-18	1.0709018479e-25	5.6566285809e-05	1.8003453694e-26	1.0569785570e-23	1.2643736896e-26	3.2096046894e-13	7.7444751178e-16	2.8093009891e-16	4.7811262793e-24	4.0515000034e-51	1.6440600621e-15	4.8536845074e-21	2.6666614618e-32	6.5991886519e-38	1.4460130268e-21	3.3301852444e-20	2.0223354259e-10	4.2136049373e-11	2.6266846279e-22	1.9261840961e-28	1.6067496853e-16	1.8416709032e-10	5.7121932798e-11	5.9801037305e-09	4.2920839431e-13	4.0499338646e-21	5.9231087619e-16	1.8367985894e-22	3.0989281960e-09	8.3074458297e-15	9.3987911575e-13	3.3457356630e-15	2.5584868203e-07	2.9831359504e-16	1.9047979166e-16	6.4078600973e-23	1.2151795719e-21	3.4630372052e-39	6.9189427765e-15	7.4010856130e-22	3.0989281960e-09	1.6223872198e-22	2.5451155056e-28
2.4420530900e-05	1.1053269417e+03	2.9840242957e+14	1.6002234204e+14	2.3121014553e+00	3.2814541320e-27	5.4717904874e-06	1.3544346815e-01	1.0800801020e-19	4.0877245294e-17	1.1985495694e-11	3.5592722059e-08	3.7194923051e-15	7.2972867388e-13	2.2077462256e-10	2.3952600722e-16	2.5081693078e-07	3.8490801438e-06	6.8700207717e-05	1.8104905425e-19	4.0286363386e-06	8.0866754607e-11	0.0000000000e+00	3.3899742526e-26	8.4725316741e-13	6.3537681373e-17	8.0480214560e-16	9.3214725701e-22	6.8296708279e-24	5.1133974000e-15	3.0233883521e-16	2.5430381468e-12	2.4226585454e-21	4.2788289596e-23	2.6586610504e-38	2.2650650348e-32	4.6468584092e-04	1.0499528727e-07	4.4668951996e-36	8.9022116538e-29	2.1340073899e-19	3.3387115784e-27	2.7572865171e-22	7.1471825028e-30	3.0605965744e-27	5.1781257642e-34	9.9388194903e-24	1.5952354835e-25	1.8022297551e-21	1.8637190503e-28	1.3765168783e-21	1.5856869947e-26	7.5094441786e-37	4.3055456422e-28	1.2781343663e-26	2.1931255436e-40	9.9161402321e-30	2.7516310345e-54	1.9125275121e-38	3.8134466478e-47	1.0608801001e-18	1.3156874944e-22	4.3202365206e-30	1.2048620808e-44	7.3683203271e-12	2.7614914357e-26	8.6360259290e-01	4.9171444257e-16	1.5120382935e-25	2.0150827342e-04	4.6388400618e-11	1.0178404315e-30	1.1864182241e-16	2.5244072298e-30	3.5393315036e-49	5.8388577449e-05	3.7824413300e-25	6.3575698163e-56	1.0576551381e-70	6.4928449965e-86	5.0148645880e-21	8.9842177244e-44	4.4541272336e-21	4.8069265441e-31	1.1003583266e-27	3.7667198447e-31	9.5066054449e-22	2.9838817039e-29	1.2251630517e-22	4.2896613488e-36	4.4677280920e-33	6.9944126118e-37	2.7562691472e-44	1.3407630116e-41	6.3171283911e-48	5.6255525040e-39	2.6889263224e-47	1.5798339427e-41	6.3458794715e-48	2.1489810880e-44	1.8083719540e-50	1.2734983073e-59	5.7944856029e-56	2.0608934186e-27	1.6245040781e-25	4.5349552266e-25	8.1536125005e-34	8.3354430054e-36	8.9766742580e-38	1.7982682892e-27	4.3955352319e-38	1.3765168783e-21	3.7666680858e-30	6.7975467304e-25	1.0340133332e-32	8.4668772527e-39	3.8898738555e-41	2.0025236540e-35	9.2800131758e-30	2.7449201085e-42	4.1361071186e-40	8.8165072960e-56	9.3381863138e-61	1.5368335735e-32	4.9519189745e-08	1.1524246395e-07	1.8884710317e-08	5.0010519825e-18	4.3685723998e-33	1.5436693696e-20	6.7082353387e-31	1.1646609533e-17	5.8367051741e-26	3.4482978641e-07	4.2316704694e-11	3.3607907070e-27	1.0273416541e-33	1.3834901864e-32	7.8549386702e-30	7.3641293560e-27	7.0265052746e-13	5.3636207937e-08	2.4712524354e-12	1.1078799419e-08	2.2636448919e-05	8.9241977702e-12	4.9175853480e-14	9.1034832936e-16	1.0123028468e-26	5.4048709148e-10	3.7064793127e-13	6.3499170492e-18	1.4729010698e-07	5.3433276582e-12	6.6704950427e-05	1.1861369107e-15	9.8546622797e-12	7.5325620752e-18	1.0517033401e-25	5.6566257335e-05	2.6582399526e-26	6.8296708279e-24	1.5091126884e-26	3.1946624278e-13	9.4193489278e-16	4.2229783476e-16	7.1691050601e-24	6.0106648961e-51	2.0039007869e-15	5.9058647920e-21	3.2241665777e-32	6.4972947702e-38	7.6550388366e-22	1.4370981986e-20	2.4507456128e-10	2.7488204396e-11	2.5629000421e-22	1.8725856804e-28	1.5888383258e-16	1.8142075594e-10	4.5762301597e-11	7.2811596546e-09	5.2277409594e-13	4.9123075653e-21	3.8588407951e-16	1.2055272262e-22	3.0823907049e-09	8.2609940026e-15	9.2766959413e-13	2.6787217819e-15	2.5206956736e-07	1.9160545738e-16	1.2306504151e-16	2.7237647146e-23	6.3550109725e-22	2.2423227160e-39	5.4966445165e-15	4.8348737237e-22	3.0823907049e-09	1.6041412579e-22	2.5088483771e-28
1.5998587200e-05	1.1050050381e+03	1.9554877641e+14	1.0486574621e+14	2.3120999582e+00	3.2213400834e-27	6.7127158940e-06	1.3544338045e-01	1.3143959164e-19	6.1411201965e-17	1.8060302465e-11	4.3281075459e-08	3.6839174389e-15	7.2394288368e-13	2.1991059131e-10	2.3869807926e-16	2.5081690295e-07	3.8490795380e-06	6.8700163707e-05	2.2115665893e-19	4.0286337299e-06	8.0302100929e-11	0.0000000000e+00	2.7041333348e-26	5.5514886508e-13	4.1636752260e-17	6.4831237457e-16	6.0586829843e-22	4.4338339625e-24	3.3505285805e-15	1.6031029550e-16	1.0992944978e-12	1.9422534791e-21	3.4364486828e-23	1.7143172869e-38	1.4667062664e-32	4.6468543134e-04	1.0510665841e-07	2.8748099641e-36	4.6768323686e-29	9.1728745591e-20	1.1592320280e-27	7.8107544199e-23	1.6354581527e-30	5.7057989078e-28	1.4601896842e-34	5.2559055667e-24	8.4268379786e-26	7.7608673959e-22	6.4831293972e-29	5.9227487778e-22	8.3680134694e-27	3.9298449717e-37	1.8455450434e-28	8.2939421314e-27	9.2860068205e-41	4.2562464021e-30	7.6179349960e-55	3.5335732387e-39	7.0266246687e-48	1.0489451883e-18	1.3012963713e-22	4.2633612025e-30	1.1816802578e-44	9.0215445672e-12	3.3575109767e-26	8.6360144307e-01	3.9567526203e-16	9.8417212384e-26	2.0150641303e-04	3.0443912133e-11	4.3568027837e-31	1.4500783594e-16	3.0667896850e-30	4.2605586429e-49	5.8388547759e-05	3.7428094632e-25	6.1908096277e-56	1.0241807823e-70	6.2374477820e-86	7.5350190240e-21	1.3332383506e-43	3.5768576055e-21	2.5315283447e-31	3.1110371863e-28	1.3072951409e-31	4.0878580756e-22	1.0365413081e-29	6.4769330745e-23	1.2031241303e-36	8.2898967007e-34	1.0514061359e-37	2.7205873695e-45	1.0782880346e-42	1.4269885750e-48	1.0390325359e-39	4.0100901960e-48	1.9228106241e-42	6.2453632235e-49	1.7236744259e-45	9.5416239891e-52	5.4233412593e-61	2.0102925869e-57	7.1634584492e-28	4.5980709148e-26	1.9518239378e-25	1.8592693148e-34	1.0190393090e-36	3.1056385805e-38	5.0892647323e-28	1.0023855404e-38	5.9227487778e-22	1.3093408040e-30	6.7212962482e-25	2.9110557296e-33	3.5949022709e-39	8.8453066825e-42	3.7166757453e-36	6.0233402284e-30	1.4388572544e-42	1.7633626853e-40	3.0640175595e-57	3.9768173170e-62	2.8521930869e-33	4.9403455045e-08	1.1535809775e-07	1.8885561979e-08	4.0137856399e-18	1.8605260201e-33	1.2393268632e-20	2.8688805277e-31	9.3887057065e-18	3.7837776490e-26	3.4483750898e-07	3.4370815745e-11	2.7069942853e-27	6.6707441198e-34	7.3021643679e-33	3.3754289739e-30	2.5782162626e-27	5.6807221065e-13	5.3636173206e-08	1.9951015282e-12	1.6748012105e-08	2.2591718808e-05	1.3475309909e-11	7.4380320974e-14	1.3733916802e-15	1.5238128669e-26	5.3946946461e-10	3.6796322034e-13	5.1022465856e-18	1.8065499389e-07	6.5436884222e-12	6.6704907234e-05	9.5342870913e-16	7.9681259910e-12	7.4609532698e-18	1.0392441072e-25	5.6566221272e-05	3.9696976614e-26	4.4338339625e-24	1.8225675405e-26	3.1786522885e-13	1.1506649912e-15	6.3626432122e-16	1.0773189879e-23	8.9342292493e-51	2.4514060015e-15	7.2165468097e-21	3.9232181633e-32	6.4246782572e-38	4.0508219459e-22	6.1840636726e-21	2.9765252367e-10	1.7879974872e-11	2.4997841509e-22	1.8220932802e-28	1.5634133447e-16	1.7885086522e-10	3.6629964966e-11	8.8707201098e-09	6.3704857189e-13	5.9696879164e-21	2.5077860050e-16	7.8726372240e-23	3.0581352155e-09	8.1945792589e-15	9.1570089909e-13	2.1432744473e-15	2.4743900345e-07	1.2175443462e-16	7.9192989144e-17	1.1514969525e-23	3.3101606421e-22	1.4324420390e-39	4.3563874315e-15	3.1477132857e-22	3.0581352155e-09	1.5783629029e-22	2.4635824596e-28
1.0481131300e-05	1.1047934890e+03	1.2813401466e+14	6.8713699670e+13	2.3120980945e+00	3.1824270274e-27	8.2550116055e-06	1.3544327127e-01	1.6078495178e-19	9.2763648279e-17	2.7299490053e-11	5.2631491235e-08	3.6607246695e-15	7.2016704246e-13	2.1934503080e-10	2.3815603863e-16	2.5081680940e-07	3.8490779585e-06	6.8700108714e-05	2.7120228813e-19	4.0286304826e-06	7.9933527622e-11	0.0000000000e+00	2.1678520057e-26	3.6373325553e-13	2.7282312482e-17	5.2310332793e-16	3.9486511233e-22	2.8874333702e-24	2.1952811336e-15	8.5003625597e-17	4.7403613155e-13	1.5622199628e-21	2.7672707201e-23	1.1114332638e-38	9.5354533062e-33	4.6468498601e-04	1.0517952692e-07	1.8614893938e-36	2.4648511025e-29	3.9408750941e-20	4.0256980636e-28	2.2069853805e-23	3.7354000366e-31	1.0593664393e-28	4.1135426234e-35	2.7820361490e-24	4.4572699670e-26	3.3382119526e-22	2.2541786981e-29	2.5462036254e-22	4.4232599093e-27	2.0658828030e-37	7.9143353863e-29	5.3996482632e-27	3.9501653453e-41	1.8268435755e-30	2.1202933351e-55	6.5219963334e-40	1.2946110337e-48	1.0411706525e-18	1.2919146314e-22	4.2263410817e-30	1.1666683915e-44	1.1079894581e-11	4.1046172517e-26	8.6360001563e-01	3.1903141099e-16	6.4201339344e-26	2.0150428972e-04	1.9967747081e-11	1.8666127527e-31	1.7788831525e-16	3.7472247421e-30	5.1745710336e-49	5.8388506029e-05	3.7169632064e-25	6.0834869419e-56	1.0027358764e-70	6.0749106209e-86	1.1382872756e-20	1.9976749504e-43	2.8801370389e-21	1.3363376211e-31	8.7792554566e-29	4.5386187098e-32	1.7566573805e-22	3.6007765387e-30	3.4276468915e-23	3.3773485480e-37	1.5343841271e-34	1.5760768299e-38	2.6757782667e-46	8.6214021477e-44	3.2317462898e-49	1.9173524184e-40	5.9799609128e-49	2.3334686784e-43	6.1306779636e-50	1.3757431032e-46	5.0027002125e-53	2.2972273918e-62	6.9216346905e-59	2.4894675837e-28	1.2985181137e-26	8.3925036002e-26	4.2368921773e-35	1.2403044966e-37	1.0759623615e-38	1.4371099871e-28	2.2843191754e-39	2.5462036254e-22	4.5504385487e-31	6.6715742562e-25	8.1920455593e-34	1.5320029585e-39	2.0119598799e-42	6.8804223994e-37	3.9220092940e-30	7.5721042306e-43	7.5350031962e-41	1.0561789826e-58	1.6845318767e-63	5.2798656927e-34	4.9327551432e-08	1.1543387233e-07	1.8886112141e-08	3.2307693314e-18	7.9448650316e-34	9.9776659231e-21	1.2284326778e-31	7.5790542206e-18	2.4617935152e-26	3.4484371813e-07	2.7883689992e-11	2.1840271639e-27	4.3447118279e-34	3.8602876251e-33	1.4498898955e-30	9.0024634784e-28	4.5945010762e-13	5.3636129972e-08	1.6121096411e-12	2.5337003418e-08	2.2533314691e-05	2.0396647877e-11	1.1270956909e-13	2.0749313951e-15	2.3017700690e-26	5.3810810990e-10	3.6573873683e-13	4.1047123923e-18	2.2184496380e-07	8.0172523124e-12	6.6704853466e-05	7.6819905119e-16	6.4450168917e-12	7.4142643551e-18	1.0311320737e-25	5.6566176045e-05	5.9727778905e-26	2.8874333702e-24	2.2183377678e-26	3.1600339380e-13	1.4092856699e-15	9.5921491722e-16	1.6192522882e-23	1.3263908795e-50	3.0051450869e-15	8.8400319298e-21	4.7925650117e-32	6.3690742351e-38	2.1423331171e-22	2.6553062262e-21	3.6166932882e-10	1.1595735544e-11	2.4326289826e-22	1.7703426747e-28	1.5302339468e-16	1.7622382476e-10	2.9273067256e-11	1.0800529217e-08	7.7575213163e-13	7.2563208587e-21	1.6254210759e-16	5.1189155897e-23	3.0258334901e-09	8.1070778918e-15	9.0300750800e-13	1.7123423214e-15	2.4180703361e-07	7.6505026611e-17	5.0721995966e-17	4.8405780214e-24	1.7160630188e-22	9.0320508302e-40	3.4401616111e-15	2.0425744969e-22	3.0258334901e-09	1.5447908179e-22	2.4079933822e-28
6.8664884500e-06	1.1046546122e+03	8.3954721798e+13	4.5021966517e+13	2.3120957786e+00	3.1571419222e-27	1.0167858194e-05	1.3544313561e-01	1.9735438356e-19	1.4062609048e-16	4.1333201993e-11	6.3921561805e-08	3.6455881568e-15	7.1770286131e-13	2.1897526975e-10	2.3780134145e-16	2.5081664592e-07	3.8490753339e-06	6.8700040210e-05	3.3342656583e-19	4.0286264474e-06	7.9693067075e-11	0.0000000000e+00	1.7436585719e-26	2.3830975489e-13	1.7875503849e-17	4.2252964562e-16	2.5780723961e-22	1.8842406235e-24	1.4382986744e-15	4.5073293361e-17	2.0408348524e-13	1.2592625356e-21	2.2323166771e-23	7.2315900992e-39	6.2156095103e-33	4.6468447530e-04	1.0522689497e-07	1.2102017412e-36	1.3017958673e-29	1.6925201199e-20	1.3981854337e-28	6.2255586178e-24	8.5212515556e-32	1.9615652023e-29	1.1580823521e-35	1.4734760584e-24	2.3596363888e-26	1.4347960342e-22	7.8353772244e-30	1.0940016438e-22	2.3406371537e-27	1.0892560308e-37	3.3949406739e-29	3.5229461182e-27	1.6855211434e-41	7.8409717237e-31	5.9221478469e-56	1.2029790763e-40	2.3851123095e-49	1.0360958663e-18	1.2857840389e-22	4.2021656645e-30	1.1568981622e-44	1.3635613405e-11	5.0361280631e-26	8.6359824786e-01	2.5757301836e-16	4.1942357371e-26	2.0150181304e-04	1.3091354203e-11	8.0020775313e-32	2.1875553054e-16	4.5960342436e-30	6.3215969710e-49	5.8388451045e-05	3.7000695774e-25	6.0139418856e-56	9.8888036999e-71	5.9703520635e-86	1.7256890711e-20	3.0123264046e-43	2.3232572819e-21	7.0651344460e-32	2.4744047620e-29	1.5760353215e-32	7.5456131074e-23	1.2508603575e-30	1.8151823479e-23	9.4861769724e-38	2.8353695847e-35	2.3582283995e-39	2.6255132263e-47	6.8666951143e-45	7.3314619241e-50	3.5360464994e-41	8.9170887526e-50	2.8264299984e-44	6.0079362250e-51	1.0944844284e-47	2.6120019068e-54	9.6962810932e-64	2.3713038638e-60	8.6503890523e-29	3.6616197753e-27	3.6063477396e-26	9.6508153191e-36	1.5052120860e-38	3.7311771613e-39	4.0521794981e-29	5.2033186896e-40	1.0940016438e-22	1.5812169054e-31	6.6390580785e-25	2.3047013776e-34	6.5447466199e-40	4.5773226372e-43	1.2715701640e-37	2.5591210612e-30	3.9952370519e-43	3.2246194270e-41	3.6211506888e-60	7.1103175366e-65	9.7574690116e-35	4.9277871581e-08	1.1548338962e-07	1.8886462767e-08	2.6054829575e-18	3.3985964971e-34	8.0476913807e-21	5.2643351101e-32	6.1238147671e-18	1.6055072399e-26	3.4484865322e-07	2.2603160490e-11	1.7640291792e-27	2.8354527049e-34	2.0428856873e-33	6.2261881721e-31	3.1379167948e-28	3.7169400032e-13	5.3636076248e-08	1.3033937233e-12	3.8317377351e-08	2.2456620923e-05	3.0909301346e-11	1.7092526265e-13	3.1351602163e-15	3.4834071684e-26	5.3629867518e-10	3.6366483344e-13	3.3034712857e-18	2.7252874708e-07	9.8172938352e-12	6.6704786652e-05	6.1992591208e-16	5.2142632929e-12	7.3837916994e-18	1.0258389131e-25	5.6566119626e-05	9.0311004088e-26	1.8842406235e-24	2.7139426924e-26	3.1371410450e-13	1.7282519390e-15	1.4448423349e-15	2.4300656336e-23	1.9610557556e-50	3.6875180929e-15	1.0841932351e-20	5.8672109617e-32	6.3218942417e-38	1.1320962273e-22	1.1380195692e-21	4.3902220240e-10	7.4959542744e-12	2.3576832762e-22	1.7140130477e-28	1.4887175915e-16	1.7335373978e-10	2.3339284405e-11	1.3127997006e-08	9.4301089088e-13	8.8103351188e-21	1.0503269354e-16	3.3146571280e-23	2.9847057960e-09	7.9962374081e-15	8.8878593195e-13	1.3649913385e-15	2.3500681477e-07	4.7475793626e-17	3.2303806051e-17	2.0221107550e-24	8.8462877167e-23	5.6175242603e-40	2.7032491606e-15	1.3208875889e-22	2.9847057960e-09	1.5028247540e-22	2.3405326144e-28
4.4984326700e-06	1.1045635072e+03	5.5005603866e+13	2.9497608734e+13	2.3120929035e+00	3.1406749412e-27	1.2537085892e-05	1.3544296718e-01	2.4278562579e-19	2.1368707434e-16	6.2613086133e-11	7.7447769706e-08	3.6357072041e-15	7.1609633718e-13	2.1873398654e-10	2.3756931975e-16	2.5081640498e-07	3.8490715426e-06	6.8699955030e-05	4.1061935750e-19	4.0286214378e-06	7.9536461448e-11	0.0000000000e+00	1.4055109453e-26	1.5613172467e-13	1.1711630836e-17	3.4153375199e-16	1.6852017881e-22	1.2312536483e-24	9.4231499753e-16	2.3900396402e-17	8.7769443051e-14	1.0165002103e-21	1.8028570729e-23	4.7163856998e-39	4.0586246021e-33	4.6468386946e-04	1.0525737748e-07	7.8886701124e-37	6.8848792512e-30	7.2674064607e-21	4.8565010601e-29	1.7541997418e-24	1.9423186649e-32	3.6256673136e-30	3.2589418331e-36	7.8072404638e-25	1.2498721611e-26	6.1638328449e-23	2.7229815504e-30	4.6987445773e-23	1.2394701296e-27	5.7544779378e-38	1.4565809147e-29	2.3017726169e-27	7.2066018820e-42	3.3653838460e-31	1.6579311194e-56	2.2179239583e-41	4.3940435439e-50	1.0327785821e-18	1.2817694542e-22	4.1863308358e-30	1.1505129341e-44	1.6803314629e-11	6.1937258210e-26	8.6359606230e-01	2.0813428427e-16	2.7427078535e-26	2.0149889713e-04	8.5807659703e-12	3.4318119218e-32	2.6944157515e-16	5.6511884996e-30	7.7526790827e-49	5.8388380735e-05	3.6890052101e-25	5.9686457320e-56	9.7987229429e-71	5.9025686236e-86	2.6223306577e-20	4.5613518249e-43	1.8762449771e-21	3.7390879285e-32	6.9683352090e-30	5.4735476402e-33	3.2402703547e-23	4.3453383640e-31	9.6170150798e-24	2.6654572010e-38	5.2338270643e-36	3.5242756737e-40	2.5722061259e-48	5.4552869559e-46	1.6650584735e-50	6.5187780112e-42	1.3296461228e-50	3.4192440861e-45	5.8811235879e-52	8.6887127159e-49	1.3600370735e-55	4.0831656919e-65	8.0972700897e-62	3.0055875692e-29	1.0315096226e-27	1.5490401569e-26	2.1976440392e-36	1.8231973866e-39	1.2946714301e-39	1.1414815277e-29	1.1848779072e-40	4.6987445773e-23	5.4940008805e-32	6.6177319160e-25	6.4827482771e-35	2.8004268374e-40	1.0415039580e-43	2.3473763650e-38	1.6721377739e-30	2.1115883952e-43	1.3813461455e-41	1.2371431574e-61	2.9942735359e-66	1.8012429032e-35	4.9245440880e-08	1.1551561704e-07	1.8886680294e-08	2.1038626516e-18	1.4555104992e-34	6.4989022379e-21	2.2571942880e-32	4.9509775586e-18	1.0487075302e-26	3.4485251438e-07	1.8313154524e-11	1.4258260814e-27	1.8529306806e-34	1.0818537736e-33	2.6731985422e-31	1.0924968303e-28	3.0075063419e-13	5.3636009551e-08	1.0541974781e-12	5.7868103544e-08	2.2355297625e-05	4.6849631012e-11	2.5919565408e-13	4.7320425600e-15	5.2751016036e-26	5.3389365241e-10	3.6148556925e-13	2.6577822087e-18	3.3468295804e-07	1.2003416067e-11	6.6704703705e-05	5.0078766412e-16	4.2191813860e-12	7.3638989077e-18	1.0223799388e-25	5.6566049443e-05	1.3699845071e-25	1.2312536483e-24	3.3314986632e-26	3.1079952798e-13	2.1199872498e-15	2.1713656885e-15	3.6348634359e-23	2.8783083171e-50	4.5251087214e-15	1.3300184143e-20	7.1889024590e-32	6.2766369477e-38	5.9758894619e-23	4.8686259824e-22	5.3173976927e-10	4.8278268647e-12	2.2718122773e-22	1.6504475934e-28	1.4380503067e-16	1.7008146256e-10	1.8550676959e-11	1.5914336236e-08	1.1432229836e-12	1.0672463159e-20	6.7629386210e-17	2.1371481549e-23	2.9335953989e-09	7.8588505233e-15	8.7231697806e-13	1.0847942320e-15	2.2686022208e-07	2.9037777971e-17	2.0433176483e-17	8.3860385631e-25	4.5290903290e-23	3.4408294587e-40	2.1106692908e-15	8.5091929422e-23	2.9335953989e-09	1.4516350710e-22	2.2595018548e-28
2.9470517000e-06	1.1045037690e+03	3.6037635263e+13	1.9325771018e+13	2.3120893358e+00	3.1299394326e-27	1.5469017410e-05	1.3544275819e-01	2.9911583848e-19	3.2520931525e-16	9.4805776298e-11	9.3508411792e-08	3.6292613471e-15	7.1505156468e-13	2.1857705593e-10	2.3741756855e-16	2.5081607533e-07	3.8490664081e-06	6.8699849224e-05	5.0624374538e-19	4.0286152214e-06	7.9434836822e-11	0.0000000000e+00	1.1345543899e-26	1.0229031204e-13	7.6729870042e-18	2.7619221060e-16	1.1024126677e-22	8.0527516764e-25	6.1735521620e-16	1.2673415320e-17	3.7720388197e-14	8.2130463058e-22	1.4571222456e-23	3.0807637265e-39	2.6531924095e-33	4.6468313630e-04	1.0527665453e-07	5.1511598196e-37	3.6445612822e-30	3.1200590959e-21	1.6869637410e-29	4.9393079392e-25	4.4249522084e-33	6.6937087415e-31	9.1683555241e-37	4.1377683949e-25	6.6228720733e-27	2.6470957131e-23	9.4617739868e-31	2.0176234046e-23	6.5666228022e-28	3.0439806475e-38	6.2501903812e-30	1.5053019335e-27	3.0853477093e-42	1.4444317337e-31	4.6485169261e-57	4.0880132537e-42	8.0949077383e-51	1.0306077539e-18	1.2791343019e-22	4.1759232852e-30	1.1463224325e-44	2.0725096338e-11	7.6292810899e-26	8.6359336359e-01	1.6828054668e-16	1.7946535005e-26	2.0149546000e-04	5.6233153614e-12	1.4721667485e-32	3.3221983643e-16	6.9599622605e-30	9.5317839918e-49	5.8388292144e-05	3.6817420658e-25	5.9390130333e-56	9.7398495160e-71	5.8583518773e-86	3.9909635299e-20	6.9258910517e-43	1.5164055823e-21	1.9801603042e-32	1.9613463919e-30	1.9011298674e-33	1.3911974073e-23	1.5095232625e-31	5.0967008903e-24	7.4913747963e-39	9.6543665431e-37	5.2627175295e-41	2.5174226869e-49	4.3267858775e-47	3.7843261831e-51	1.2014490842e-42	1.9826334822e-51	4.1330005099e-46	5.7528071796e-53	6.8880096268e-50	7.0688057193e-57	1.7168271075e-66	2.7590106189e-63	1.0442400851e-29	2.9039857483e-28	6.6517911228e-27	5.0034611009e-37	2.2055804593e-40	4.4941476107e-40	3.2134701737e-30	2.6976217052e-41	2.0176234046e-23	1.9087946308e-32	6.6036932295e-25	1.8232802421e-35	1.1995400194e-40	2.3700019548e-44	4.3302079241e-39	1.0935699002e-30	1.1172796569e-43	5.9211721058e-42	4.2168310285e-63	1.2590238950e-67	3.3227170579e-36	4.9224354305e-08	1.1553645043e-07	1.8886807745e-08	1.7002246490e-18	6.2382464379e-35	5.2523664677e-21	9.6816309913e-33	4.0043512845e-18	6.8571726396e-27	3.4485546306e-07	1.4832320335e-11	1.1530078680e-27	1.2119198348e-34	5.7317887819e-34	1.1475952525e-31	3.8007523752e-29	2.4337496667e-13	5.3635926788e-08	8.5285808390e-13	8.7177979375e-08	2.2220666123e-05	7.0963948231e-11	3.9272699565e-13	7.1260127388e-15	7.9854814457e-26	5.3068835614e-10	3.5896049353e-13	2.1361677622e-18	4.1060101191e-07	1.4638786853e-11	6.6704600776e-05	4.0481989406e-16	3.4143409414e-12	7.3509217158e-18	1.0201171248e-25	5.6565962260e-05	2.0826525274e-25	8.0527516764e-25	4.0986558783e-26	3.0701154185e-13	2.5989334082e-15	3.2506353198e-15	5.4081555668e-23	4.1779841868e-50	5.5487955035e-15	1.6305357992e-20	8.8062612268e-32	6.2278014310e-38	3.1496814867e-23	2.0787870499e-22	6.4186437636e-10	3.0958951336e-12	2.1723459975e-22	1.5774635212e-28	1.3773051679e-16	1.6626168309e-10	1.4686236238e-11	1.9221067737e-08	1.3808074880e-12	1.2883679678e-20	4.3360343231e-17	1.3714110390e-23	2.8710337614e-09	7.6909120884e-15	8.5291834937e-13	8.5873577853e-16	2.1718820715e-07	1.7457261228e-17	1.2817126357e-17	3.4479629902e-25	2.2994905848e-23	2.0704807810e-40	1.6347813139e-15	5.4573157903e-23	2.8710337614e-09	1.3902810659e-22	2.1631694198e-28
1.9306977300e-06	1.1044646101e+03	2.3610075886e+13	1.2661313388e+13	2.3120849094e+00	3.1229406681e-27	1.9095234629e-05	1.3544249889e-01	3.6887223153e-19	4.9543710940e-16	1.4335249188e-10	1.1237542558e-07	3.6250640746e-15	7.1437534369e-13	2.1847555929e-10	2.3731829469e-16	2.5081564157e-07	3.8490596904e-06	6.8699717865e-05	6.2459080899e-19	4.0286075088e-06	7.9369329299e-11	0.0000000000e+00	9.1668983974e-27	6.7015326053e-14	5.0269375921e-18	2.2341956909e-16	7.2153402343e-23	5.2698022095e-25	4.0445356373e-16	6.7202301060e-18	1.6203557580e-14	6.6399916768e-22	1.1782748189e-23	2.0144186832e-39	1.7357353232e-33	4.6468223903e-04	1.0528845926e-07	3.3674604519e-37	1.9304310894e-30	1.3393863016e-21	5.8600847365e-30	1.3901052814e-25	1.0077358279e-33	1.2348482973e-31	2.5788493089e-37	2.1933574544e-25	3.5102012115e-27	1.1365667682e-23	3.2874800223e-31	8.6622195858e-24	3.4800232890e-28	1.6115580565e-38	2.6821887776e-30	9.8503282418e-28	1.3220792854e-42	6.1995205393e-32	1.3046596592e-57	7.5335283649e-43	1.4912671531e-51	1.0291857130e-18	1.2773990117e-22	4.1690502135e-30	1.1435578958e-44	2.5576900583e-11	9.4071544338e-26	8.6359003443e-01	1.3610877722e-16	1.1747933634e-26	2.0149142590e-04	3.6847606321e-12	6.3163208971e-33	4.0990659907e-16	8.5810300490e-30	1.1738577515e-48	5.8388181349e-05	3.6769591813e-25	5.9195365003e-56	9.7011645623e-71	5.8293345641e-86	6.0800047916e-20	1.0535079259e-42	1.2261962272e-21	1.0491187710e-32	5.5185702123e-31	6.6036016211e-34	5.9723378457e-24	5.2439309208e-32	2.7016101026e-24	2.1058329424e-39	1.7800350531e-37	7.8546210878e-42	2.4621667679e-50	3.4279918560e-48	8.6051605724e-52	2.2139823503e-43	2.9562798951e-52	4.9930725115e-47	5.6246207576e-54	5.4554958969e-51	3.6696861268e-58	7.2114431036e-68	9.3875879854e-65	3.6279129935e-30	8.1720890379e-29	2.8558540434e-27	1.1390213421e-37	2.6659613599e-41	1.5604482421e-40	9.0427238239e-31	6.1409013453e-42	8.6622195858e-24	6.6315054896e-33	6.5944014505e-25	5.1276172872e-36	5.1417041704e-41	5.3933980026e-45	7.9841352108e-40	7.1561410168e-31	5.9160616490e-44	2.5391979166e-42	1.4351360062e-64	5.2886518062e-69	6.1264522953e-37	4.9210731678e-08	1.1554975830e-07	1.8886872666e-08	1.3747758388e-18	2.6750291003e-35	4.2471529754e-21	4.1536534525e-33	3.2395652838e-18	4.4867422184e-27	3.4485762474e-07	1.2010402611e-11	9.3267805214e-28	7.9311604630e-35	3.0376740149e-34	4.9262047276e-32	1.3216081063e-29	1.9695945604e-13	5.3635824104e-08	6.9008499959e-13	1.3083608457e-07	2.2040956068e-05	1.0732757224e-10	5.9408338662e-13	1.0691855960e-14	1.2072500197e-25	5.2640338644e-10	3.5583405555e-13	1.7139459744e-18	5.0286407667e-07	1.7784194769e-11	6.6704473073e-05	3.2738857181e-16	2.7632102798e-12	7.3424716399e-18	1.0186354889e-25	5.6565854032e-05	3.1704825448e-25	5.2698022095e-25	5.0498105130e-26	3.0203267798e-13	3.1813628413e-15	4.8382883394e-15	7.9838707365e-23	5.9685880505e-50	6.7933531413e-15	1.9959476924e-20	1.0774124814e-31	6.1700950421e-38	1.6566491192e-23	8.8548951769e-23	7.7125845029e-10	1.9749512970e-12	2.0570842417e-22	1.4933063560e-28	1.3055867904e-16	1.6175624014e-10	1.1569315057e-11	2.3104237135e-08	1.6597889245e-12	1.5481314208e-20	2.7657259114e-17	8.7522806405e-24	2.7953149285e-09	7.4878064318e-15	8.2992239255e-13	6.7643857546e-16	2.0582785163e-07	1.0279835699e-17	7.9582454461e-18	1.4030144234e-25	1.1556408422e-23	1.2198940436e-40	1.2535978107e-15	3.4815840993e-23	2.7953149285e-09	1.3178559821e-22	2.0499493666e-28
1.2648552200e-06	1.1044389462e+03	1.5467957654e+13	8.2949807295e+12	2.3120794178e+00	3.1183833909e-27	2.3578480883e-05	1.3544217719e-01	4.5518506341e-19	7.5527100505e-16	2.1624082156e-10	1.3425183555e-07	3.6223404992e-15	7.1394133252e-13	2.1841053459e-10	2.3725328600e-16	2.5081508339e-07	3.8490510750e-06	6.8699554821e-05	7.7097187633e-19	4.0285979401e-06	7.9327596548e-11	0.0000000000e+00	7.4111569767e-27	4.3904748823e-14	3.2933433298e-18	1.8076626022e-16	4.7240454400e-23	3.4499319625e-25	2.6497100008e-16	3.5634929806e-18	6.9584786068e-15	5.3703899193e-22	9.5310044756e-24	1.3180484196e-39	1.1360868948e-33	4.6468113407e-04	1.0529524247e-07	2.2030586643e-37	1.0229030354e-30	5.7494044323e-22	2.0356954270e-30	3.9110626400e-26	2.2944922765e-34	2.2768933124e-32	7.2528326382e-38	1.1627898219e-25	1.8607416221e-27	4.8793109247e-24	1.1421657613e-31	3.7185439808e-24	1.8446343169e-28	8.5367392100e-39	1.1510932893e-30	6.4484060496e-28	5.6684053210e-43	2.6608379590e-32	3.6640930343e-58	1.3881405827e-43	2.7472457099e-52	1.0282530290e-18	1.2762506668e-22	4.1644784239e-30	1.1417204422e-44	3.1576398084e-11	1.1607069848e-25	8.6358593063e-01	1.1011445224e-16	7.6923673122e-27	2.0148673102e-04	2.4143115345e-12	2.7103115561e-33	5.0598718782e-16	1.0587084545e-29	1.4471948176e-48	5.8388043313e-05	3.6737944409e-25	5.9066583898e-56	9.6755745842e-71	5.8101566205e-86	9.2686214294e-20	1.6043915752e-42	9.9185428061e-22	5.5599766901e-33	1.5523809476e-31	2.2938606011e-34	2.5636924094e-24	1.8216906333e-32	1.4322268353e-24	5.9201762813e-40	3.2809751394e-38	1.1719074210e-42	2.4070742775e-51	2.7139625328e-49	1.9573529029e-52	4.0794142342e-44	4.4080598084e-53	6.0300146648e-48	5.4975890918e-55	4.3183166386e-52	1.9036022535e-59	3.0271476234e-69	3.1911867438e-66	1.2603879864e-30	2.2990702279e-29	1.2259746746e-27	2.5927451773e-38	3.2206993899e-42	5.4190890097e-41	2.5439337513e-31	1.3978030293e-42	3.7185439808e-24	2.3038462317e-33	6.5881991083e-25	1.4419742681e-36	2.2049455055e-41	1.2274221740e-45	1.4716750279e-40	4.6846814922e-31	3.1340895467e-44	1.0891935168e-42	4.8794261388e-66	2.2201092750e-70	1.1292513042e-37	4.9202023692e-08	1.1555807538e-07	1.8886892312e-08	1.1120215198e-18	1.1474643465e-35	3.4355065725e-21	1.7822962789e-33	2.6212950154e-18	2.9370527896e-27	3.4485909208e-07	9.7239294010e-12	7.5460254080e-28	5.1923312796e-35	1.6101895173e-34	2.1145302037e-32	4.5940294771e-30	1.5940366022e-13	5.3635696709e-08	5.5843778676e-13	1.9528919595e-07	2.1800487019e-05	1.6192274324e-10	8.9638581865e-13	1.5956052343e-14	1.8208349352e-25	5.2066537881e-10	3.5181035252e-13	1.3715747288e-18	6.1424327752e-07	2.1487071785e-11	6.6704314637e-05	2.6484529904e-16	2.2363480681e-12	7.3369886981e-18	1.0176644247e-25	5.6565719719e-05	4.8309425633e-25	3.4499319625e-25	6.2276333672e-26	2.9546038027e-13	3.8847577305e-15	7.1422144712e-15	1.1656550510e-22	8.3382490306e-50	8.2961275497e-15	2.4372116448e-20	1.3151429289e-31	6.0978318119e-38	8.6887854539e-24	3.7604182281e-23	9.2131229614e-10	1.2519728302e-12	1.9244460058e-22	1.3967272989e-28	1.2222190914e-16	1.5643300127e-10	9.0582835052e-12	2.7605671410e-08	1.9831691712e-12	1.8493187164e-20	1.7531092794e-17	5.5496573066e-24	2.7046012550e-09	7.2445827559e-15	8.0267815536e-13	5.2959588967e-16	1.9265808980e-07	5.9034627998e-18	4.8803068432e-18	5.6378487055e-26	5.7360948862e-24	7.0077709606e-41	9.4954861390e-16	2.2071058853e-23	2.7046012550e-09	1.2336759886e-22	1.9186640820e-28
8.2864277300e-07	1.1044221289e+03	1.0133625196e+13	5.4343614911e+12	2.3120726047e+00	3.1154236077e-27	2.9119962449e-05	1.3544177808e-01	5.6192789897e-19	1.1518767755e-15	3.2502230432e-10	1.5921270444e-07	3.6205835759e-15	7.1366672961e-13	2.1836952593e-10	2.3721060769e-16	2.5081437470e-07	3.8490401592e-06	6.8699352489e-05	9.5195672723e-19	4.0285860689e-06	7.9301543104e-11	0.0000000000e+00	5.9941064973e-27	2.8763878310e-14	2.1575785592e-18	1.4627494342e-16	3.0936142391e-23	2.2591014272e-25	1.7359017758e-16	1.8895936520e-18	2.9876696926e-15	4.3446923743e-22	7.7112240698e-24	8.6278665573e-40	7.4384005214e-34	4.6467976880e-04	1.0529861762e-07	1.4419954315e-37	5.4215964783e-31	2.4678744587e-22	7.0717826867e-31	1.1001545478e-26	5.2235052309e-35	4.1969019783e-33	2.0396440674e-38	6.1648770106e-26	9.8647147557e-28	2.0945029226e-24	3.9680656868e-32	1.5961982344e-24	9.7790385654e-29	4.5237349281e-39	4.9402453301e-31	4.2224900883e-28	2.4312461413e-43	1.1420319725e-32	1.0294956414e-58	2.5576181845e-44	5.0610359751e-53	1.0276401619e-18	1.2754848591e-22	4.1614034710e-30	1.1404855201e-44	3.8992749691e-11	1.4327684129e-25	8.6358087482e-01	8.9098769504e-17	5.0377352007e-27	2.0148133243e-04	1.5818140567e-12	1.1630678476e-33	6.2477224234e-16	1.3068090751e-29	1.7854417400e-48	5.8387871682e-05	3.6716846554e-25	5.8980707230e-56	9.6584888784e-71	5.7973605454e-86	1.4135544286e-19	2.4452118416e-42	8.0247125359e-22	2.9471492358e-33	4.3662011734e-32	7.9682712117e-35	1.1004364986e-24	6.3283772050e-33	7.5934189072e-25	1.6644760563e-40	6.0463338012e-39	1.7480952202e-43	2.3525418256e-52	2.1476539168e-50	4.4531954911e-53	7.5161011378e-45	6.5727825013e-54	7.2806437908e-49	5.3723413818e-56	3.4168382007e-53	9.8696910391e-61	1.2701606433e-70	1.0841426070e-67	4.3787068921e-31	6.4668554576e-30	5.2625040322e-28	5.9015532071e-39	3.8894910378e-43	1.8821406758e-41	7.1554069288e-32	3.1815224901e-43	1.5961982344e-24	8.0036307681e-34	6.5840040618e-25	4.0549610265e-37	9.4584297130e-42	2.7934282809e-46	2.7121126178e-41	3.0675496141e-31	1.6608316169e-44	4.6729490175e-43	1.6579160398e-67	9.3157962600e-72	2.0810593815e-38	4.9196552407e-08	1.1556306144e-07	1.8886877023e-08	8.9969844368e-19	4.9231803252e-36	2.7796008913e-21	7.6484738133e-34	2.1212612262e-18	1.9231834335e-27	3.4485992780e-07	7.8719726868e-12	6.1060608188e-28	3.4001244392e-35	8.5362741288e-35	9.0761260507e-33	1.5965827207e-30	1.2901284875e-13	5.3635538659e-08	4.5193626591e-13	2.8928253435e-07	2.1478994180e-05	2.4340053771e-10	1.3475294906e-12	2.3632752442e-14	2.7365028133e-25	5.1299109622e-10	3.4653436287e-13	1.0934993000e-18	7.4749064211e-07	2.5763387180e-11	6.6704118078e-05	2.1429126557e-16	1.8099921897e-12	7.3334520677e-18	1.0170271570e-25	5.6565553061e-05	7.3654439237e-25	2.2591014272e-25	7.6849769679e-26	2.8680264929e-13	4.7264867990e-15	1.0423081398e-14	1.6759802177e-22	1.1295521602e-49	1.0094210531e-14	2.9652101330e-20	1.5996722730e-31	6.0045039955e-38	4.5394285347e-24	1.5905465415e-23	1.0925387858e-09	7.8765654597e-13	1.7737553590e-22	1.2871708581e-28	1.1269878768e-16	1.5017052479e-10	7.0393968893e-12	3.2740843402e-08	2.3520559038e-12	2.1929481121e-20	1.1028636407e-17	3.4919066598e-24	2.5970863276e-09	6.9563865153e-15	7.7058038940e-13	4.1154364778e-16	1.7763536018e-07	3.2890240910e-18	2.9480025137e-18	2.2314219486e-26	2.8045292007e-24	3.9048746570e-41	7.0854065291e-16	1.3885412789e-23	2.5970863276e-09	1.1375246664e-22	1.7689035509e-28
5.4286754400e-07	1.1044111096e+03	6.6388692241e+12	3.5602409230e+12	2.3120641540e+00	3.1135096916e-27	3.5968375926e-05	1.3544128303e-01	6.9389131975e-19	1.7572469228e-15	4.8606789309e-10	1.8713107756e-07	3.6194606207e-15	7.1349704117e-13	2.1834431325e-10	2.3718243461e-16	2.5081348256e-07	3.8490264359e-06	6.8699101477e-05	1.1756683557e-18	4.0285713443e-06	7.9285831207e-11	0.0000000000e+00	4.8492825509e-27	1.8844402811e-14	1.4134918748e-18	1.1837478207e-16	2.0261904550e-23	1.4795587546e-25	1.1372335108e-16	1.0019848237e-18	1.2826091077e-15	3.5155042573e-22	6.2397678579e-24	5.6493733078e-40	4.8712373137e-34	4.6467807919e-04	1.0529965847e-07	9.4415304772e-38	2.8740466154e-31	1.0592835700e-22	2.4566855831e-31	3.0942439926e-27	1.1890354054e-35	7.7342948718e-34	5.7355839671e-39	3.2686440744e-26	5.2301186275e-28	8.9903343708e-25	1.3785339332e-32	6.8514247171e-25	5.1846533974e-29	2.3977656394e-39	2.1203016085e-31	2.7654129420e-28	1.0430503047e-43	4.9015972145e-33	2.8933886021e-59	4.7121242775e-45	9.3235569588e-54	1.0272361591e-18	1.2749680665e-22	4.1593009703e-30	1.1396419894e-44	4.8158682395e-11	1.7691010820e-25	8.6357464829e-01	7.2101466040e-17	3.2995945177e-27	2.0147521982e-04	1.0363410718e-12	4.9912621663e-34	7.7159111874e-16	1.6135320306e-29	2.2037625971e-48	5.8387658550e-05	3.6702620140e-25	5.8922739479e-56	9.6469301367e-71	5.7887088971e-86	2.1564103469e-19	3.7285538357e-42	6.4934012355e-22	1.5623693808e-33	1.2279059443e-32	2.7680113434e-35	4.7233373602e-25	2.1984148269e-33	4.0261185960e-25	4.6799549794e-41	1.1141028651e-39	2.6071946689e-44	2.2988109712e-53	1.6989890654e-51	1.0132937684e-53	1.3847416586e-45	9.8005636142e-55	8.7893391832e-50	5.2492501876e-57	2.7028528597e-54	5.1154773636e-62	5.3279585176e-72	3.6816857350e-69	1.5211905615e-31	1.8187900480e-30	2.2588121530e-28	1.3432557656e-39	4.6960655088e-44	6.5374667067e-42	2.0123855885e-32	7.2411416286e-44	6.8514247171e-25	2.7804498394e-34	6.5811106638e-25	1.1402699730e-37	4.0581280012e-42	6.3575390236e-47	4.9974169526e-42	2.0089773071e-31	8.8029410004e-45	2.0050577032e-43	5.6308181135e-69	3.9079164106e-73	3.8346057434e-39	4.9193207328e-08	1.1556580449e-07	1.8886832406e-08	7.2802801911e-19	2.1125922707e-36	2.2492570449e-21	3.2824619560e-34	1.7167404099e-18	1.2595465395e-27	3.4486016696e-07	6.3723140447e-12	4.9412893995e-28	2.2268814869e-35	4.5258053374e-35	3.8956242752e-33	5.5478833348e-31	1.0441815707e-13	5.3635342619e-08	3.6576242858e-13	4.2408844084e-07	2.1051536157e-05	3.6402083954e-10	2.0153863625e-12	3.4642426894e-14	4.0919898127e-25	5.0278535343e-10	3.3958527784e-13	8.6732592993e-19	9.0497174130e-07	3.0571152643e-11	6.6703874273e-05	1.7340888847e-16	1.4649455405e-12	7.3311919320e-18	1.0166080489e-25	5.6565346328e-05	1.1234053305e-24	1.4795587546e-25	9.4872431880e-26	2.7549996406e-13	5.7214821003e-15	1.4975557347e-14	2.3600386234e-22	1.4675858775e-49	1.2219479436e-14	3.5892936829e-20	1.9360304975e-31	5.8826014254e-38	2.3592091083e-24	6.6917988145e-24	1.2840651197e-09	4.9104383358e-13	1.6056413663e-22	1.1650522138e-28	1.0204348490e-16	1.4286924068e-10	5.4212303653e-12	3.8483653385e-08	2.7645699331e-12	2.5772556484e-20	6.8751472860e-18	2.1770347183e-24	2.4712424271e-09	6.6191189860e-15	7.3313023857e-13	3.1692921256e-16	1.6083825845e-07	1.7668973951e-18	1.7487218325e-18	8.6724067828e-27	1.3465272742e-24	2.0978321912e-41	5.1921750929e-16	8.6561694201e-24	2.4712424271e-09	1.0299494592e-22	1.6014723555e-28
3.5564803100e-07	1.1044038898e+03	4.3493215441e+12	2.3324307479e+12	2.3120536781e+00	3.1122798339e-27	4.4431066614e-05	1.3544066935e-01	8.5699784542e-19	2.6812691898e-15	7.2197071011e-10	2.1759794335e-07	3.6187523265e-15	7.1339610255e-13	2.1832941743e-10	2.3716362977e-16	2.5081236603e-07	3.8490092753e-06	6.8698790272e-05	1.4521475067e-18	4.0285530909e-06	7.9276903226e-11	0.0000000000e+00	3.9237866936e-27	1.2345717454e-14	9.2601425206e-19	9.5801463172e-17	1.3271946206e-23	9.6911433618e-26	7.4502719329e-17	5.3131665865e-19	5.5057724763e-16	2.8448899805e-22	5.0495525617e-24	3.6998036194e-40	3.1905009838e-34	4.6467598727e-04	1.0529909830e-07	6.1831957022e-38	1.5237318957e-31	4.5466729797e-23	8.5343924230e-32	8.7019495132e-28	2.7064412135e-36	1.4251143822e-34	1.6128151578e-39	1.7330986408e-26	2.7730427773e-28	3.8587955824e-25	4.7890353450e-33	2.9407721349e-25	2.7489547567e-29	1.2711141468e-39	9.1002592204e-32	1.8113414004e-28	4.4756113173e-44	2.1037602715e-33	8.1333636484e-60	8.6812699440e-46	1.7176061806e-54	1.0269683081e-18	1.2746132287e-22	4.1578304183e-30	1.1390529875e-44	5.9485424489e-11	2.1847898270e-25	8.6356698020e-01	5.8350629993e-17	2.1613146826e-27	2.0146842811e-04	6.7895292787e-13	2.1420402840e-34	9.5303113612e-16	1.9926347868e-29	2.7209142079e-48	5.8387394178e-05	3.6692868394e-25	5.8882954146e-56	9.6389705453e-71	5.7827551042e-86	3.2902557427e-19	5.6873078307e-42	5.2547821446e-22	8.2832159554e-34	3.4529999866e-33	9.6155729510e-36	2.0273204305e-25	7.6370530997e-34	2.1347684601e-25	1.3158887524e-41	2.0526783229e-40	3.8881163187e-45	2.2460224380e-54	1.3437776248e-52	2.3058897239e-54	2.5511270250e-46	1.4613427652e-55	1.0609603698e-50	5.1285201545e-58	2.1376951539e-55	2.6507716852e-63	2.2345018912e-73	1.2499456193e-70	5.2846749581e-32	5.1149043058e-31	9.6950882167e-29	3.0573218731e-40	5.6690199905e-45	2.2708417462e-42	5.6591769799e-33	1.6480366829e-44	2.9407721349e-25	9.6591455034e-35	6.5790609025e-25	3.2064383545e-38	1.7413581571e-42	1.4469220662e-47	9.2075631327e-43	1.3158460237e-31	4.6664523409e-45	8.6038810221e-44	1.9118682516e-70	1.6390434508e-74	7.0651003966e-40	4.9191244485e-08	1.1556702091e-07	1.8886760737e-08	5.8917349892e-19	9.0662371594e-37	1.8202802461e-21	1.4087830385e-34	1.3894280768e-18	8.2501738072e-28	3.4485981856e-07	5.1581251208e-12	3.9989199543e-28	1.4586291220e-35	2.3996428295e-35	1.6720388088e-33	1.9276222423e-31	8.4513137791e-14	5.3635099598e-08	2.9602843182e-13	6.1317664299e-07	2.0489704838e-05	5.4070254125e-10	2.9936175537e-12	5.0084912955e-14	6.0773607065e-25	4.8936999447e-10	3.3049260931e-13	6.8321326009e-19	1.0881127479e-06	3.5777566046e-11	6.6703572038e-05	1.4033753471e-16	1.1856890504e-12	7.3297667162e-18	1.0163313676e-25	5.6565090040e-05	1.7139006794e-24	9.6911433618e-26	1.1715316059e-25	2.6099452399e-13	6.8787432185e-15	2.1074370069e-14	3.2325122331e-22	1.8039239393e-49	1.4691134511e-14	4.3150898656e-20	2.3272414457e-31	5.7238491592e-38	1.2176267905e-24	2.7957448650e-24	1.4930835621e-09	3.0282963239e-13	1.4224887025e-22	1.0320757231e-28	9.0416984717e-17	1.3446979978e-10	4.1302448805e-12	4.4749986227e-08	3.2146651073e-12	2.9965958327e-20	4.2397545883e-18	1.3425774025e-24	2.3261732710e-09	6.2303797287e-15	6.9003153986e-13	2.4144904827e-16	1.4251570094e-07	9.0896818988e-19	1.0151331503e-18	3.2983131638e-27	6.3267280529e-25	1.0791841960e-41	3.7235716934e-16	5.3380235804e-24	2.3261732710e-09	9.1257649200e-23	1.4188697527e-28
2.3299518100e-07	1.1043992956e+03	2.8493606088e+12	1.5280483444e+12	2.3120407057e+00	3.1115198576e-27	5.4887981160e-05	1.3543990943e-01	1.0585744371e-18	4.0917025655e-15	1.0628967226e-09	2.4985789089e-07	3.6183276300e-15	7.1334194679e-13	2.1832148007e-10	2.3715116206e-16	2.5081097489e-07	3.8489879055e-06	6.8698404877e-05	1.7938119256e-18	4.0285304877e-06	7.9272575659e-11	0.0000000000e+00	3.1752980143e-27	8.0881457740e-15	6.0665237157e-19	7.7535584501e-17	8.6939279358e-24	6.3481779841e-26	4.8808178688e-17	2.8173739317e-19	2.3632787661e-16	2.3023795394e-22	4.0866199463e-24	2.4233317915e-40	2.0898701569e-34	4.6467339852e-04	1.0529741455e-07	4.0499208907e-38	8.0789644585e-32	1.9515011600e-23	2.9648040882e-32	2.4470916944e-28	6.1600004607e-37	2.6256291674e-35	4.5350173368e-40	9.1893909078e-27	1.4703247106e-28	1.6562031787e-25	1.6636882152e-33	1.2622097652e-25	1.4575769888e-29	6.7392062340e-40	3.9058344563e-32	1.1865169151e-28	1.9206462031e-44	9.0292904784e-34	2.2865902733e-60	1.5993297417e-46	3.1641993119e-55	1.0267937843e-18	1.2743697597e-22	4.1567959608e-30	1.1386399625e-44	7.3481452313e-11	2.6984991891e-25	8.6355753307e-01	4.7224415555e-17	1.4157842632e-27	2.0146104657e-04	4.4480410941e-13	9.1928913699e-35	1.1772388000e-15	2.4611410278e-29	3.3601267454e-48	5.8387066699e-05	3.6686201106e-25	5.8855742787e-56	9.6335012378e-71	5.7786678802e-86	5.0209168385e-19	8.6770451176e-42	4.2526950141e-22	4.3917410174e-34	9.7097035340e-34	3.3402862490e-36	8.7013673629e-26	2.6530166128e-34	1.1319429213e-25	3.7000237039e-42	3.7817144496e-41	5.7979385130e-46	2.1942416673e-55	1.0626733871e-53	5.2476815726e-55	4.6998586925e-47	2.1789670817e-56	1.2805893611e-51	5.0102298559e-59	1.6904994432e-56	1.3733742054e-64	9.3700221067e-75	4.2427954849e-72	1.8359025629e-32	1.4383588870e-31	4.1611314929e-29	6.9584920802e-41	6.8427860427e-46	7.8881818284e-43	1.5913656566e-33	3.7507380641e-45	1.2622097652e-25	3.3555073266e-35	6.5775918773e-25	9.0163918394e-39	7.4728790944e-43	3.2930847350e-48	1.6963495000e-43	8.6191952834e-32	2.4739134765e-45	3.6921807545e-44	6.4901770659e-72	6.8734899589e-76	1.3016297204e-40	4.9190202848e-08	1.1556713818e-07	1.8886661481e-08	4.7683495019e-19	3.8910426753e-37	1.4732154674e-21	6.0464571975e-35	1.1245572172e-18	5.4044246739e-28	3.4485886658e-07	4.1751595234e-12	3.2363903005e-28	9.5548417528e-36	1.2723675907e-35	7.1764497251e-34	6.6971006484e-32	6.8403067700e-14	5.3634798665e-08	2.3959400387e-13	8.7087382847e-07	1.9764999089e-05	7.9603407538e-10	4.4072631314e-12	7.1130001453e-14	8.9463682110e-25	4.7206450129e-10	3.1878908578e-13	5.3340697566e-19	1.2967050773e-06	4.1128863528e-11	6.6703197781e-05	1.1357961680e-16	9.5967212078e-13	7.3289124936e-18	1.0161525717e-25	5.6564772671e-05	2.6152432625e-24	6.3481779841e-26	1.4469329360e-25	2.4286511780e-13	8.1969555207e-15	2.8872314847e-14	4.2719780640e-22	2.0641997403e-49	1.7506336897e-14	5.1417580058e-20	2.7728482060e-31	5.5201051440e-38	6.2283199287e-25	1.1575616695e-24	1.7144107731e-09	1.8440536631e-13	1.2288058372e-22	8.9149723684e-29	7.8111842238e-17	1.2497812240e-10	3.1071726686e-12	5.1384462512e-08	3.6911778307e-12	3.4405609172e-20	2.5816612946e-18	8.1751305238e-25	2.1620642327e-09	5.7906707271e-15	6.4132034557e-13	1.8163578824e-16	1.2312548428e-07	4.4451507595e-19	5.7455817258e-19	1.2230438605e-27	2.8983531799e-25	5.2771522504e-42	2.6036966624e-16	3.2503333736e-24	2.1620642327e-09	7.8836003621e-23	1.2256720638e-28
1.5264179700e-07	1.1043964217e+03	1.8666894180e+12	1.0010707138e+12	2.3120246698e+00	3.1110628867e-27	6.7808421902e-05	1.3543897004e-01	1.3076692932e-18	6.2446022689e-15	1.5475853782e-09	2.8279407990e-07	3.6180832217e-15	7.1331690936e-13	2.1831777321e-10	2.3714267505e-16	2.5080924835e-07	3.8489613925e-06	6.8697928443e-05	2.2159984719e-18	4.0285025466e-06	7.9271070804e-11	0.0000000000e+00	2.5697816638e-27	5.2988264390e-15	3.9742947832e-19	6.2753785394e-17	5.6952661546e-24	4.1585553603e-26	3.1975031714e-17	1.4939405327e-19	1.0143599594e-16	1.8634149729e-22	3.3074464535e-24	1.5873866760e-40	1.3690066376e-34	4.6467019906e-04	1.0529502446e-07	2.6528947882e-38	4.2837339322e-32	8.3760236506e-24	1.0299533189e-32	6.8811816659e-29	1.4019937838e-37	4.8370935181e-36	1.2751553375e-40	4.8725267677e-27	7.7960844717e-29	7.1082864418e-26	5.7794932395e-34	5.4174323090e-26	7.7286697331e-30	3.5732375091e-40	1.6763894246e-32	7.7726381723e-29	8.2427438044e-45	3.8753327093e-34	6.4289457404e-61	2.9463335868e-47	5.8290805029e-56	1.0266794549e-18	1.2741992188e-22	4.1560507857e-30	1.1383441912e-44	9.0774834602e-11	3.3332805843e-25	8.6354588402e-01	3.8220803671e-17	9.2744796675e-28	2.0145321758e-04	2.9140155995e-13	3.9453002580e-35	1.4542763485e-15	3.0400755855e-29	4.1500848662e-48	5.8386661814e-05	3.6681564329e-25	5.8836884650e-56	9.6296904181e-71	5.7758243286e-86	7.6625495379e-19	1.3240454071e-41	3.4418421898e-22	2.3285637732e-34	2.7302273186e-34	1.1603557922e-36	3.7346128780e-26	9.2161808168e-35	6.0020998788e-26	1.0403811784e-42	6.9668325775e-42	8.6453803512e-47	2.1435051580e-56	8.4028372684e-55	1.1942917383e-55	8.6581963392e-48	3.2489590123e-57	1.5455955427e-52	4.8944081216e-60	1.3367329799e-57	7.1146764964e-66	3.9287666647e-76	1.4399691999e-73	6.3778873522e-33	4.0446251581e-32	1.7859203677e-29	1.5837288024e-41	8.2589035113e-47	2.7401450620e-43	4.4747430681e-34	8.5360676140e-46	5.4174323090e-26	1.1656636389e-35	6.5765071135e-25	2.5353435408e-39	3.2070864514e-43	7.4947843954e-49	3.1251036239e-44	5.6460964223e-32	1.3116163813e-45	1.5844713144e-44	2.2028862270e-73	2.8821771671e-77	2.3979211555e-41	4.9189703461e-08	1.1556649485e-07	1.8886532679e-08	3.8593242560e-19	1.6700163079e-37	1.1923729662e-21	2.5951594816e-35	9.1019712752e-19	3.5404528782e-28	3.4485727039e-07	3.3794408989e-12	2.6193239445e-28	6.2592364669e-36	6.7466373053e-36	3.0801192060e-34	2.3266470663e-32	5.5364128390e-14	5.3634426663e-08	1.9392031281e-13	1.2096828003e-06	1.8854866065e-05	1.1590235806e-09	6.4168988124e-12	9.8798464580e-14	1.3024868634e-24	4.5033035921e-10	3.0410489150e-13	4.1184981745e-19	1.5282237722e-06	4.6240943308e-11	6.6702735140e-05	9.1926729072e-17	7.7674097182e-13	7.3284211967e-18	1.0160372602e-25	5.6564380349e-05	3.9910718738e-24	4.1585553603e-26	1.7872913363e-25	2.2102123929e-13	9.6601553185e-15	3.8258248001e-14	5.4001085272e-22	2.1609440533e-49	2.0630980355e-14	6.0592771908e-20	3.2674429692e-31	5.2649481003e-38	3.1505917022e-25	4.7396232758e-25	1.9403828736e-09	1.1067912950e-13	1.0312877395e-22	7.4816310646e-29	6.5557997071e-17	1.1449271977e-10	2.3039962820e-12	5.8157458340e-08	4.1776156055e-12	3.8937773282e-20	1.5494479667e-18	4.9063477431e-25	1.9806840877e-09	5.3047367436e-15	5.8750677555e-13	1.3468065684e-16	1.0334283110e-07	2.0516503908e-19	3.1592905730e-19	4.4058441958e-28	1.2899336291e-25	2.4354047239e-42	1.7687785137e-16	1.9507005486e-24	1.9806840877e-09	6.6164059355e-23	1.0286154663e-28
1.0000000000e-07	1.1043946749e+03	1.2229130151e+12	6.5583104813e+11	2.3120048918e+00	3.1107970643e-27	8.3772231866e-05	1.3543781144e-01	1.6154633946e-18	9.5308252428e-15	2.2238127010e-09	3.1500780937e-07	3.6179484041e-15	7.1330846802e-13	2.1831632834e-10	2.3713659812e-16	2.5080711338e-07	3.8489286150e-06	6.8697340809e-05	2.7376585951e-18	4.0284680851e-06	7.9271101711e-11	0.0000000000e+00	2.0798307455e-27	3.4714239521e-15	2.6036229699e-19	5.0790753191e-17	3.7309651634e-24	2.7242493962e-26	2.0947250018e-17	7.9217049416e-20	4.3536559941e-17	1.5081862058e-22	2.6769002341e-24	1.0398593137e-40	8.9682431914e-35	4.6466625235e-04	1.0529226169e-07	1.7378714041e-38	2.2714322389e-32	3.5950119657e-24	3.5779547756e-33	1.9349010519e-29	3.1907791710e-38	8.9106675423e-37	3.5854022825e-41	2.5835870545e-27	4.1337369115e-29	3.0507575542e-26	2.0077113385e-34	2.3251344811e-26	4.0980989200e-30	1.8946621389e-40	7.1950577334e-33	5.0918466093e-29	3.5376302665e-45	1.6632647142e-34	1.8076271793e-61	5.4276766766e-48	1.0738144044e-56	1.0266034019e-18	1.2740770584e-22	4.1555037367e-30	1.1381294012e-44	1.1214167796e-10	4.1176244437e-25	8.6353150077e-01	3.0934293677e-17	6.0756091114e-28	2.0144511705e-04	1.9090172548e-13	1.6932013889e-35	1.7965783444e-15	3.7554250920e-29	5.1262509857e-48	5.8386162401e-05	3.6678288847e-25	5.8823734752e-56	9.6270198964e-71	5.7738367916e-86	1.1694701186e-18	2.0205945253e-41	2.7856611184e-22	1.2346595173e-34	7.6767603644e-35	4.0308394407e-37	1.6028648787e-26	3.2015291202e-35	3.1826091570e-26	2.9253543773e-43	1.2834050883e-42	1.2890633953e-47	2.0938203277e-57	6.6437934654e-56	2.7180544181e-56	1.5949927322e-48	4.8442823028e-58	1.8653494664e-53	4.7810345827e-61	1.0569204087e-58	3.6853758002e-67	1.6471601558e-77	4.8866105498e-75	2.2156364127e-33	1.1372968571e-32	7.6648800166e-30	3.6044334601e-42	9.9674373486e-48	9.5185806533e-44	1.2582049791e-34	1.9426306891e-46	2.3251344811e-26	4.0493291749e-36	6.5756852851e-25	7.1290796383e-40	1.3764036712e-43	1.7057308260e-49	5.7569861752e-45	3.6986389180e-32	6.9541604034e-46	6.7997556450e-45	7.4761529937e-75	1.2084475355e-78	4.4173699191e-42	4.9189467141e-08	1.1556532178e-07	1.8886370693e-08	3.1236662149e-19	7.1677397088e-38	9.6509037572e-22	1.1138536271e-35	7.3670514095e-19	2.3194269142e-28	3.4485496442e-07	2.7353303134e-12	2.1199430181e-28	4.1004398072e-36	3.5773889719e-36	1.3219645744e-34	8.0827273672e-33	4.4810697927e-14	5.3633967851e-08	1.5695428552e-13	1.6365274086e-06	1.7750562751e-05	1.6654459511e-09	9.2205590584e-12	1.3365553838e-13	1.8714743289e-24	4.2395881076e-10	2.8629472550e-13	3.1382562289e-19	1.7774748744e-06	5.0633757897e-11	6.6702164537e-05	7.4403197282e-17	6.2868011917e-13	7.3281504036e-18	1.0159627704e-25	5.6563896473e-05	6.0911757358e-24	2.7242493962e-26	2.2078856128e-25	1.9589791946e-13	1.1235512478e-14	4.8726984908e-14	6.4750232372e-22	2.0354426836e-49	2.3994957972e-14	7.0470614424e-20	3.7999260766e-31	4.9558718719e-38	1.5727993211e-25	1.9151186433e-25	2.1614021746e-09	6.5375693184e-14	8.3832869058e-23	6.0815585328e-29	5.3291814346e-17	1.0322677371e-10	1.6813700329e-12	6.4781452025e-08	4.6533323324e-12	4.3370059236e-20	9.1519840606e-19	2.8978601070e-25	1.7857649620e-09	4.7825806774e-15	5.2968804759e-13	9.8282359470e-17	8.4011769223e-08	8.8831082121e-20	1.6825584352e-19	1.5372185614e-28	5.5604212433e-26	1.0543480167e-42	1.1638231694e-16	1.1521596517e-24	1.7857649620e-09	5.3783195189e-23	8.3610834947e-29
