P               	T               	n_<tot>         	n_g             	m               	C               	H               	He              	N               	O               	S               	P               	Si              	Ti              	V               	Cl              	K               	Na              	Mg              	F               	Ca              	Fe              	e-              	CH              	HCN             	HNCO            	HCO             	CH2             	CH2_1           	H2CO            	CH3             	CH4             	CN              	NCO             	CN2_cnn         	CN2_ncn         	CO              	CO2             	C2              	C2H             	C2H2            	C2H3            	C2H4            	C2H5            	C2H6            	C2H4O           	CH2OH           	CH3O            	CH3OH           	CH3CO           	H2CCO           	HCCO            	C2N             	C2N2            	CCO             	C3              	C3O2            	C4              	C4H2            	C4N2            	NH              	HNO             	HNO2            	HNO3            	OH              	HO2             	H2              	NH2             	N2H2            	H2O             	NH3             	N2H4            	NO              	NO2             	NO3             	N2              	N2O             	N2O3            	N2O4            	N2O5            	O2              	O3              	N2H             	N2H3            	CH3NH2          	CH3NH           	CH2NH           	CH2NH2          	H2CN            	C3H2            	C3H4            	C3H5            	C3H7            	C3H8            	C4H             	C4H2            	C4H3            	C4H4            	C4H5            	C4H6            	C4H8            	C4H9            	C4H10           	CH2CN           	CH3CN           	CH3NO           	C3H3            	C3H6            	C2H3O           	CH3CHO          	C2H4OH          	CH2CO           	CH2CHO          	H2O2            	HC3N            	HC2N            	C2H2CN          	C2H3CN          	H2NN            	CH3O2           	CH3OOH          	C6H6            	C6H5            	CH3C2H          	TiO             	TiO2            	VO              	TiH             	TiC2            	TiN             	VC2             	VN              	TiC             	Cl2             	HCl             	HOCl            	CCl             	CHCl            	CH2Cl           	CH3Cl           	KH              	HF              	MgH             	S2              	H2S             	SO              	SO2             	S2O             	SO3             	COS             	CS              	HCS             	SH              	HS2             	SiO             	SiH             	NaH             	FeO             	FeO2            	Fe(OH)2         	O_1             	CH2_1           	N_2D            	CS2             	NS              	S3              	S4              	S8              	HSO             	HSO2            	HSO3            	H2SO4           	CH3S            	CH3SH           	P               	PH3             	P2O             	P2O2            	P2O3            	PH              	PH2             	PO              	PO2             	PO3             	H2POH           	H3PO4           	HOPO            	HOPO2           	HPO             	HPOH            	P2              	P4              	P2H2            	P2H4            	P2H3            	P4O6            	P2H             	H3PO3           	HPO2            	P2O4            	P2O5            
1.0000000000e+02	8.4652891738e+02	1.5971728976e+21	8.5560729502e+20	2.3145289008e+00	7.5720909482e-44	1.6750862866e-12	1.3558566880e-01	6.8855005456e-31	1.9667522118e-30	3.1598161514e-23	9.1236970187e-18	4.5711671322e-20	7.2468637727e-18	1.0409779029e-12	6.0310873387e-19	2.5065251207e-07	3.8463598965e-06	6.8771999236e-05	6.1368549656e-28	4.0328659502e-06	3.6180693708e-15	0.0000000000e+00	9.4304293647e-38	2.4682525081e-15	7.1666610369e-19	2.2777700559e-22	5.7273023553e-27	1.2060031930e-29	5.1999427827e-16	1.4177481381e-14	4.6527933100e-04	1.2913299939e-31	5.1710018620e-32	3.8156445354e-49	2.7331207451e-41	9.6156226623e-12	2.3156962600e-14	5.3321851055e-54	1.6065097231e-39	6.5346808848e-22	2.4096790390e-27	1.7112488759e-15	1.0912610074e-20	9.0908697001e-12	9.5265619047e-29	9.8745618509e-23	5.2110578204e-25	2.0330576748e-14	3.3780335609e-27	4.1087758065e-23	1.0983867159e-34	2.3017547097e-50	7.0047311884e-34	3.3497177591e-40	5.4109459501e-58	4.9830755201e-40	2.2736264435e-74	1.7842284014e-43	2.0513180758e-55	7.2752036651e-25	4.3033469294e-28	4.6535833368e-36	7.0030309372e-53	9.4577478865e-19	7.8737412984e-36	8.6294136456e-01	2.0982614894e-16	6.6285675915e-24	6.6707424781e-04	1.1577068651e-04	9.8886158149e-21	2.4167759114e-25	3.1031605525e-41	1.0264571017e-63	5.6455922003e-07	2.0402218810e-31	2.0109602552e-68	3.3955862942e-85	1.6771307181e-103	9.4220652891e-34	1.2807700827e-61	2.2172904154e-23	2.9025700276e-26	1.4545886562e-14	2.8613702957e-24	6.8060756606e-17	5.8736324498e-22	2.5256043062e-23	4.7634560714e-42	5.8987978997e-28	4.8898062984e-28	8.5551564384e-28	8.8409426200e-19	4.9241387850e-61	3.7207776235e-44	2.7900625320e-50	1.9132669873e-37	5.6866635446e-41	5.2478702660e-31	1.3763852932e-28	1.0081919180e-35	8.2932257880e-26	4.7577416823e-28	4.2541852611e-20	2.9547967254e-19	2.0346714832e-34	1.7564553889e-21	5.2774200022e-39	1.4312319881e-20	6.5280539803e-30	4.1087758065e-23	3.2273807625e-29	5.7426331222e-29	6.0745483809e-38	6.4219407038e-48	4.9852623525e-44	3.3779331866e-31	2.1142141514e-29	9.2876966154e-45	4.5005745766e-37	2.9662510475e-41	2.8665027417e-53	2.5074228407e-27	6.1118544048e-10	1.6432417982e-07	1.9124502558e-08	6.5690555651e-20	3.4769175650e-41	2.6348157419e-23	2.8589817405e-36	9.4180069321e-18	9.4780338112e-34	3.6131095077e-08	3.0910308441e-07	1.2994369997e-26	2.1005234608e-40	5.1412909249e-34	2.7098932451e-25	4.9834436948e-16	4.2845145277e-10	5.3692519877e-08	3.3838672516e-10	6.9611128357e-18	2.2830413515e-05	7.0601756848e-22	7.9634316869e-23	2.3340687472e-25	3.7305530231e-37	1.2900925346e-17	8.8788285770e-24	2.9630079862e-25	2.8461544113e-13	1.6878439413e-17	6.6774983070e-05	4.8684429484e-16	6.7712102899e-09	7.9006671987e-23	3.1993980773e-31	5.6625726443e-05	2.3724803774e-42	1.2060031930e-29	3.4412125428e-41	6.7167776703e-22	2.6415432690e-24	6.4962788459e-26	5.8630531211e-34	2.7026199047e-62	8.5381127689e-22	2.6326116514e-27	6.1935788995e-40	5.9675646867e-40	3.6255278088e-20	1.8183514482e-13	1.7587613114e-20	5.5407744462e-07	2.9740384489e-31	6.3163881195e-38	2.4053865919e-20	5.0764696253e-16	6.9074630841e-12	4.6095044066e-17	1.4565873215e-20	2.7227275013e-29	1.0560038543e-11	2.2985088363e-14	8.2613697968e-11	6.4919821512e-16	3.4308066984e-17	9.1837729390e-16	7.0900692537e-14	6.3759616344e-20	2.8170603726e-16	4.9490312435e-15	2.9548374931e-18	3.7888382339e-37	2.2954237607e-19	1.0450743341e-15	8.2613697968e-11	7.9625228552e-26	5.3686230391e-32
6.5512855700e+01	8.3745193170e+02	1.0576936868e+21	5.6660828298e+20	2.3145264486e+00	5.0925845428e-44	1.4718107273e-12	1.3558552515e-01	5.6898326448e-31	1.3924878678e-30	2.8425660622e-23	1.1267473441e-17	2.8604559609e-20	4.6638313723e-18	8.5804309701e-13	5.2991644310e-19	2.5075241727e-07	3.8479106534e-06	6.8772022995e-05	4.3775869803e-28	4.0328616774e-06	2.5170869783e-15	0.0000000000e+00	6.1982111286e-38	3.7417512283e-15	1.0956612545e-18	2.4175154660e-22	4.2100148810e-27	8.3661932046e-30	5.6752491289e-16	1.2345279209e-14	4.6527883368e-04	1.5076732879e-31	6.6137164427e-32	3.7015290790e-49	3.2550561356e-41	1.5892309394e-11	4.0478123916e-14	4.0066631118e-54	1.4767084049e-39	8.2160013619e-22	2.2177023457e-27	1.8764960223e-15	8.7825524844e-21	8.1369117862e-12	8.4134075598e-29	7.5816812675e-23	3.8046047815e-25	1.6923961553e-14	3.4219361687e-27	5.4366113933e-23	1.2597716244e-34	2.4420204070e-50	1.4932391752e-33	3.8031150492e-40	5.3861572949e-58	9.7217505134e-40	2.2313279513e-74	2.8231476845e-43	5.5230119615e-55	5.8433398125e-25	3.5186357506e-28	3.4265907180e-36	3.8391972868e-53	7.5505914825e-19	4.4868888302e-36	8.6294203888e-01	1.7771306398e-16	6.1359266359e-24	6.6707328238e-04	1.1471287999e-04	7.2124775031e-21	2.4686257793e-25	2.3706618417e-41	5.0520844801e-64	1.0934005513e-06	2.3807561986e-31	1.0846449751e-68	1.4045154394e-85	4.7253519539e-104	6.7259430750e-34	5.0215247860e-62	2.3690182790e-23	2.1358151537e-26	1.2253862235e-14	2.1787211338e-24	7.3373245679e-17	4.6739215469e-22	2.6520309401e-23	5.3190378255e-42	6.9449666381e-28	4.8734744431e-28	6.2306282583e-28	7.1903802042e-19	5.7860003362e-61	5.7943600546e-44	3.1218435524e-50	2.5860979050e-37	5.9413674930e-41	6.1864155088e-31	1.2996787588e-28	6.7162530640e-36	6.1233126647e-26	6.4441611877e-28	6.2468823199e-20	3.3439511172e-19	2.2886259843e-34	1.7843235535e-21	4.0990503426e-39	1.5041663178e-20	4.4708414479e-30	5.4366113933e-23	3.1576148664e-29	3.3361513936e-29	1.1367252574e-37	6.1937263096e-48	6.8024264558e-44	5.5990134283e-31	1.7061690709e-29	4.6708504743e-45	2.3160929547e-37	6.5011500267e-41	5.2146822363e-53	2.9805541758e-27	5.1800439777e-10	1.6441718611e-07	1.9124665230e-08	3.3689175268e-20	2.6460377764e-41	1.9006539045e-23	2.8008801319e-36	8.6779270284e-18	5.8036693022e-34	3.7833623482e-08	3.0740019029e-07	8.6321641160e-27	1.5288740622e-40	3.7330921374e-34	2.1122418223e-25	4.3204668335e-16	3.2828023183e-10	5.3692462990e-08	2.4176379563e-10	8.0669308730e-18	2.2830389360e-05	7.0395548605e-22	8.6507379366e-23	2.4585266379e-25	3.2246569507e-37	2.1488368669e-17	1.1333685316e-23	3.0548080022e-25	2.7206209643e-13	1.6510865879e-17	6.6774912322e-05	2.8063387704e-16	5.2163710172e-09	4.8654094786e-23	1.7631403280e-31	5.6625666449e-05	1.2553834055e-42	8.3661932046e-30	1.9740191404e-41	1.0558916430e-21	2.8921095520e-24	7.0569287794e-26	6.1932522893e-34	2.5160017156e-62	7.2085038507e-22	2.1100922755e-27	4.0686810540e-40	3.8779831669e-40	3.1614470907e-20	1.6075031982e-13	2.0473932853e-20	5.5399733205e-07	4.1391850884e-31	7.8794528162e-38	5.1964861141e-20	5.4821023087e-16	7.0260865034e-12	6.2517884626e-17	2.0045971626e-20	3.2980727324e-29	1.0147345590e-11	2.8336156053e-14	1.2245709528e-10	9.5886147659e-16	3.9552932891e-17	9.1979241278e-16	1.3440110324e-13	2.0721524071e-19	3.6129909943e-16	4.7744648161e-15	3.0625886623e-18	1.6451318826e-36	3.1208767311e-19	1.1043837393e-15	1.2245709528e-10	1.7232047322e-25	1.0598136944e-31
4.2919342600e+01	8.2613822520e+02	7.0241346724e+20	3.7628475274e+20	2.3145222685e+00	2.4277912529e-44	1.1767648490e-12	1.3558528027e-01	3.7260992677e-31	7.9699708214e-31	2.2088889290e-23	1.2375648895e-17	1.5717082303e-20	2.6552322703e-18	6.7034553507e-13	4.2632827216e-19	2.5083255216e-07	3.8491568986e-06	6.8771973697e-05	2.6820105872e-28	4.0328543939e-06	1.5818940864e-15	0.0000000000e+00	3.0422817357e-38	5.0163589484e-15	1.4850592374e-18	2.1885580217e-22	2.5276331036e-27	4.6646849410e-30	5.6453269333e-16	9.7571211522e-15	4.6527798752e-04	1.3655524778e-31	6.7317228271e-32	2.4860596245e-49	2.8409713563e-41	2.3889048200e-11	6.5372535390e-14	1.9576213345e-54	9.8966114403e-40	8.7101291126e-22	1.6734749247e-27	1.8779546274e-15	6.2778764656e-21	7.0638998641e-12	6.3876830159e-29	5.1033484656e-23	2.4017288592e-25	1.3391594378e-14	2.9194450094e-27	6.1527966077e-23	1.1202641109e-34	1.7413646057e-50	2.4386426930e-33	3.1496918132e-40	3.3523428761e-58	1.4298169089e-39	1.2133900643e-74	3.1772459177e-43	9.6189540983e-55	3.9125085763e-25	2.4105289832e-28	2.0540068136e-36	1.5792483393e-53	5.3414368770e-19	2.0637561732e-36	8.6294318928e-01	1.3500876092e-16	4.9051144871e-24	6.6707174043e-04	1.1290759650e-04	4.7813315349e-21	2.1193594520e-25	1.4046608205e-41	1.7077768604e-64	1.9959367323e-06	2.2759603010e-31	3.8713005926e-69	3.5726615355e-86	7.3621369522e-105	3.8904742187e-34	1.3514564303e-62	2.1451048896e-23	1.3504199224e-26	9.8051893055e-15	1.4450160558e-24	7.1551999139e-17	3.2795272134e-22	2.3585282540e-23	4.3107804113e-42	6.7711979903e-28	4.0726837838e-28	3.9211180381e-28	5.5246760543e-19	4.1992435762e-61	6.3899265392e-44	2.3929987533e-50	2.6755972493e-37	4.6913170871e-41	6.0420549841e-31	1.0750571447e-28	3.7728106201e-36	4.1593082747e-26	7.0575255171e-28	8.0419711416e-20	3.4702933725e-19	1.9853319354e-34	1.6199317859e-21	2.4910339660e-39	1.4260696617e-20	2.6011580527e-30	6.1527966077e-23	2.5769216496e-29	1.6676119653e-29	1.5783181788e-37	4.1463996769e-48	6.6896902777e-44	7.4847752569e-31	1.1446625842e-29	1.8317952229e-45	9.9186986459e-38	1.1095902171e-40	6.6165758634e-53	2.9417042194e-27	4.1922669954e-10	1.6451566593e-07	1.9124818387e-08	1.5155249134e-20	1.4769909461e-41	1.1762209719e-23	2.1592234487e-36	7.3416270182e-18	2.7581580176e-34	3.8092967541e-08	3.0714022279e-07	5.1523202363e-27	8.6026179575e-41	2.2206589056e-34	1.4583725735e-25	3.6232231389e-16	2.4769187986e-10	5.3692366019e-08	1.6685645086e-10	8.6627918044e-18	2.2830348181e-05	6.2390509594e-22	8.5553018917e-23	2.3374093487e-25	2.3823901444e-37	3.2628953523e-17	1.2248379959e-23	2.6646969047e-25	2.4222713669e-13	1.5141656452e-17	6.6774791724e-05	1.4721952385e-16	3.9631668427e-09	2.6168835827e-23	8.2305302481e-32	5.6625564182e-05	4.9535619951e-43	4.6646849410e-30	8.1124315726e-42	1.4890769132e-21	2.7129449374e-24	6.9784192081e-26	5.9104547633e-34	2.0455075520e-62	5.4775443665e-22	1.5006876444e-27	2.2448543210e-40	2.2383567476e-40	2.5035469197e-20	1.3735418143e-13	2.0852606243e-20	5.5388154876e-07	4.9948630261e-31	8.2706284138e-38	1.1001630246e-19	5.3787613288e-16	6.7715152289e-12	7.7402644559e-17	2.5289924206e-20	3.5359388082e-29	9.6452057593e-12	3.7050702975e-14	1.8011589247e-10	1.4042302537e-15	4.2193569978e-17	8.6930043580e-16	2.4063217886e-13	6.5702095912e-19	4.4159120119e-16	4.5611365433e-15	3.0230664616e-18	7.5636959871e-36	3.8755483745e-19	1.1857724506e-15	1.8011589247e-10	3.6573185873e-25	2.0007439552e-31
2.8117687000e+01	8.1303836542e+02	4.6758416180e+20	2.5048679136e+20	2.3145156265e+00	8.5294815503e-45	8.6535057988e-13	1.3558489119e-01	1.9775169353e-31	3.7774464554e-31	1.5074499780e-23	1.2250280630e-17	7.6939912042e-21	1.3554694531e-18	4.9936129331e-13	3.1723091906e-19	2.5089516692e-07	3.8501348285e-06	6.8771831524e-05	1.4357787210e-28	4.0328428208e-06	9.0768265601e-16	0.0000000000e+00	1.1525083629e-38	6.0081334771e-15	1.8024048519e-18	1.7208196573e-22	1.2681296476e-27	2.1425512714e-30	5.1726495815e-16	7.0764596163e-15	4.6527664537e-04	9.8364626363e-32	5.5750059112e-32	1.1959089306e-49	1.8678753751e-41	3.3018012926e-11	9.8456178747e-14	6.5299094171e-55	5.0122341568e-40	7.9393657378e-22	1.0590078856e-27	1.7333125425e-15	4.0398507968e-21	5.9691065162e-12	4.2421196397e-29	3.0569552657e-23	1.3328514858e-25	1.0131079810e-14	2.1394678387e-27	6.0639613282e-23	7.9517589703e-35	8.6975108836e-51	3.1212321524e-33	1.9729935830e-40	1.3759439747e-58	1.6378047515e-39	3.9098280008e-75	2.6446548828e-43	1.1303415650e-54	2.2204626748e-25	1.4061162205e-28	1.0220916560e-36	5.0171058000e-54	3.3943481541e-19	7.8496428621e-37	8.6294501777e-01	9.2768601881e-17	3.4161233508e-24	6.6706939138e-04	1.1003779084e-04	2.8895542634e-21	1.5536489558e-25	6.6183911782e-42	4.1217783177e-65	3.4306718310e-06	1.8092973167e-31	9.5091010637e-70	5.8614243618e-87	6.7329202883e-106	1.8674768603e-34	2.6055200482e-63	1.6641913000e-23	7.4053123940e-27	7.4670794478e-15	8.4467290908e-25	6.3592710448e-17	2.0502417110e-22	1.8032103660e-23	2.6298797096e-42	5.5866505573e-28	2.9121681115e-28	2.1683993273e-28	4.0371414615e-19	1.9886213282e-61	5.1914308609e-44	1.3121166338e-50	2.1848920134e-37	2.8909628967e-41	4.9961676497e-31	7.9109243802e-29	1.8226922590e-36	2.6249195461e-26	6.3785490287e-28	9.1789412699e-20	3.3227722896e-19	1.3682824596e-34	1.3315182687e-21	1.2180092601e-39	1.2342810805e-20	1.3098517417e-30	6.0639613282e-23	1.7910269728e-29	7.2955976613e-30	1.6760690960e-37	2.0006436816e-48	4.9027942368e-44	8.2388986012e-31	6.4680362831e-30	5.7627165214e-46	3.6096312957e-38	1.5183481801e-40	6.1039241973e-53	2.4626327494e-27	3.2560112970e-10	1.6460881819e-07	1.9124934489e-08	6.0519750380e-21	6.2624639369e-42	6.3283624922e-24	1.3461197697e-36	5.7353214513e-18	1.0465781152e-34	3.7055950027e-08	3.0817624966e-07	2.7970297857e-27	3.8528839547e-41	1.1071040311e-34	9.0435009047e-26	2.9506010410e-16	1.8435659622e-10	5.3692211938e-08	1.1167368834e-10	8.6957699453e-18	2.2830282728e-05	4.9815388534e-22	7.7867876174e-23	2.0296043711e-25	1.5318787039e-37	4.5656620643e-17	1.1420977840e-23	2.0043058398e-25	2.0249447388e-13	1.3114377666e-17	6.6774600100e-05	7.1025605478e-17	2.9741797042e-09	1.2472351484e-23	3.3138695870e-32	5.6625401684e-05	1.5066633927e-43	2.1425512714e-30	2.4707817061e-42	1.9077129032e-21	2.2103348938e-24	6.3500737825e-26	5.1564890931e-34	1.4763197833e-62	3.7913237423e-22	9.6008382617e-28	1.0613346161e-40	1.1637173417e-40	1.8203617256e-20	1.1388059182e-13	1.8863779819e-20	5.5371459089e-07	5.3110027185e-31	7.4503324919e-38	2.2889771171e-19	4.8467092734e-16	6.2208398476e-12	8.8392476436e-17	2.9542779411e-20	3.4032621427e-29	9.0807090292e-12	5.1074954243e-14	2.6318106232e-10	2.0418912781e-15	4.2017920778e-17	7.8045196436e-16	4.0954869968e-13	2.0384664713e-18	5.1715979403e-16	4.3199564892e-15	2.8572073360e-18	3.6635375138e-35	4.4408596707e-19	1.2918331689e-15	2.6318106232e-10	7.6345920717e-25	3.6335002924e-31
1.8420699700e+01	7.9859510975e+02	3.1186661059e+20	1.6706895383e+20	2.3145058456e+00	2.2981436502e-45	5.9171593489e-13	1.3558431822e-01	8.7004449744e-32	1.5195809040e-31	9.1893656445e-24	1.1077713519e-17	3.4060173062e-21	6.2910941557e-19	3.5688343501e-13	2.2049604114e-19	2.5094286249e-07	3.8508845243e-06	6.8771579809e-05	6.8353776814e-29	4.0328257785e-06	4.8075768018e-16	0.0000000000e+00	3.4855305557e-39	6.4942885583e-15	1.9784518704e-18	1.1971632172e-22	5.4425420162e-28	8.3142027888e-31	4.4133759766e-16	4.7627472043e-15	4.6527467183e-04	5.7789819107e-32	3.8419518462e-32	4.2639673725e-50	9.5111024815e-42	4.2432417630e-11	1.3960290328e-13	1.5631767123e-55	1.9901563769e-40	6.3477896278e-22	5.7514628247e-28	1.4913736293e-15	2.3729229454e-21	4.9276533578e-12	2.5084426787e-29	1.6547355280e-23	6.6140754204e-26	7.3713680864e-15	1.3742066139e-27	5.3012874727e-23	4.6414312097e-35	3.1732742706e-51	3.2029846150e-33	9.7011026281e-41	3.9330618765e-59	1.5107377221e-39	7.9962011121e-76	1.6946196244e-43	9.3532652819e-55	1.0861907107e-25	7.0983625082e-29	4.3062423425e-37	1.2675648133e-54	1.9649817703e-19	2.5310791000e-37	8.6294771062e-01	5.8133484269e-17	2.0902795211e-24	6.6706600448e-04	1.0581110754e-04	1.5960067041e-21	9.8814773793e-26	2.5433333334e-42	7.3889918922e-66	5.5437664801e-06	1.2138391606e-31	1.6724176038e-70	6.5090686194e-88	3.8401956951e-107	7.6229628816e-35	3.7591172018e-64	1.1180512955e-23	3.5538857590e-27	5.4215583593e-15	4.4031273333e-25	5.1894271447e-17	1.1538998871e-22	1.2031911514e-23	1.2537480455e-42	3.9880499575e-28	1.8191087937e-28	1.0719488570e-28	2.8250871840e-19	6.5006135281e-62	3.2358161203e-44	5.3793258509e-51	1.4532061925e-37	1.4369135343e-41	3.5763795839e-31	5.2611887030e-29	7.7274260480e-37	1.5547435011e-26	4.8566986169e-28	9.3937139807e-20	2.9530071856e-19	7.7237274234e-35	1.0041588554e-21	4.9309671089e-40	9.8720962489e-21	5.8191295219e-31	5.3012874727e-23	1.0829459277e-29	2.8426542642e-30	1.4038410926e-37	7.2290580781e-49	2.7704562784e-44	7.6261905809e-31	3.1179937429e-30	1.4969939589e-46	1.1405052912e-38	1.7161988185e-40	4.2720367112e-53	1.7872806773e-27	2.4393753196e-10	1.6468978480e-07	1.9124996146e-08	2.1739824046e-21	2.0907282464e-42	3.0001114026e-24	6.9792955904e-37	4.1603589490e-18	3.2643061076e-35	3.4983196359e-08	3.1024754448e-07	1.3978065201e-27	1.4146744825e-41	4.7329368172e-35	5.1065730159e-26	2.3416879955e-16	1.3559999307e-10	5.3691985042e-08	7.2767656009e-11	8.2325110918e-18	2.2830186314e-05	3.6328674284e-22	6.5954483470e-23	1.6290928292e-25	8.7330328041e-38	5.9525264404e-17	9.3685934587e-24	1.3254911933e-25	1.6025660680e-13	1.0808753692e-17	6.6774317920e-05	3.1853127850e-17	2.2082011139e-09	5.3466192692e-24	1.1723778888e-32	5.6625162393e-05	3.6543874994e-44	8.3142027888e-31	5.7725559137e-43	2.2490484935e-21	1.5856936644e-24	5.3763244194e-26	4.1625988954e-34	9.6189053525e-63	2.4198717875e-22	5.6034520847e-28	4.3889284552e-41	5.5280671897e-41	1.2290945757e-20	9.1985388126e-14	1.5392507329e-20	5.5347448112e-07	5.0587649594e-31	5.8774130098e-38	4.6934212994e-19	4.0554032371e-16	5.4812330622e-12	9.4101307254e-17	3.2284322728e-20	2.9835177947e-29	8.4793222837e-12	7.3771386519e-14	3.8246629417e-10	2.9522131819e-15	3.9415609729e-17	6.7014388504e-16	6.6699857286e-13	6.2072297449e-18	5.8357754386e-16	4.0612372488e-15	2.5998879281e-18	1.8594959202e-34	4.7447857372e-19	1.4260098282e-15	3.8246629417e-10	1.5720676875e-24	6.3861954952e-31
1.2067926400e+01	7.8475191776e+02	2.0791556416e+20	1.1138239295e+20	2.3144916147e+00	6.2899813693e-46	4.0637809398e-13	1.3558348457e-01	3.7888266596e-32	6.1729842311e-32	5.6395305410e-24	1.0069917119e-17	1.5161495451e-21	2.9336107851e-19	2.5564079825e-13	1.5382564473e-19	2.5097711590e-07	3.8514286219e-06	6.8771182243e-05	3.2767628444e-29	4.0328009824e-06	2.5526133956e-16	0.0000000000e+00	1.0681695967e-39	6.9165367589e-15	2.1400967447e-18	8.3919976877e-23	2.3573522412e-28	3.2582309922e-31	3.7826619564e-16	3.2197337817e-15	4.6527180036e-04	3.3644901643e-32	2.6219271144e-32	1.4835668703e-50	4.7141701315e-42	5.4795500222e-11	1.9884557819e-13	3.8172624506e-56	8.0201744261e-41	5.1180530628e-22	3.1529918091e-28	1.2890875779e-15	1.4017193978e-21	4.0748076509e-12	1.4945595308e-29	9.0134091161e-24	3.3054433446e-26	5.3766656926e-15	8.9030614503e-28	4.6717355160e-23	2.7430887605e-35	1.1553799360e-51	3.1947962303e-33	4.8463965221e-41	1.1491383948e-59	1.4141048977e-39	1.6815989978e-76	1.1045515501e-43	7.5875843160e-55	5.2463633707e-26	3.5380725598e-29	1.7944372537e-37	3.1802055584e-55	1.1438304432e-19	8.2421035964e-38	8.6295162848e-01	3.5848351748e-17	1.2349367471e-24	6.6706113436e-04	9.9661633236e-05	8.4919492349e-22	6.2052364858e-26	9.6870262630e-43	1.3205742430e-66	8.6181442555e-06	7.8860637326e-32	2.8773642260e-71	7.0974365784e-89	2.1613467032e-108	3.1423316930e-35	5.5191938682e-65	7.2592556178e-24	1.6470682704e-27	3.8648315078e-15	2.2623381286e-25	4.1671322720e-17	6.3978515889e-23	7.9239946996e-24	6.0694554514e-43	2.8740583704e-28	1.1465631872e-28	5.3381732525e-29	1.9834919266e-19	2.1748796441e-62	2.0519910141e-44	2.2465662407e-51	9.7966610915e-38	7.2434101144e-42	2.5850426000e-31	3.5245166018e-29	3.3054727573e-37	9.2547528608e-27	3.6597575004e-28	9.4783427772e-20	2.5818587270e-19	4.4161820146e-35	7.6175474475e-22	2.0199042262e-40	7.9386020270e-21	2.6061116049e-31	4.6717355160e-23	6.6074429293e-30	1.1153811897e-30	1.1688390937e-37	2.6030896144e-49	1.5577239891e-44	6.9881967227e-31	1.4536424793e-30	3.9347681259e-47	3.6356351734e-39	1.9665652801e-40	3.0461622915e-53	1.3093112248e-27	1.8303911975e-10	1.6474966910e-07	1.9124979797e-08	7.8134825205e-22	7.0795451058e-43	1.4023705042e-24	3.6607269742e-37	2.9666380819e-18	1.0292280300e-35	3.3095622597e-08	3.1213299562e-07	7.0171498591e-28	5.2541397606e-42	2.0417797978e-35	2.8988245268e-26	1.8607836671e-16	9.9802814331e-11	5.3691654913e-08	4.7486281580e-11	7.8230954470e-18	2.2830045992e-05	2.6643482463e-22	5.6138306055e-23	1.3144482733e-25	5.0190584707e-38	7.8002748312e-17	7.7462527859e-24	8.8349274466e-26	1.2724376771e-13	8.9367392249e-18	6.6773907353e-05	1.4340250448e-17	1.6404125881e-09	2.3013438042e-24	4.1717123195e-33	5.6624814230e-05	8.9824201705e-45	3.2582309922e-31	1.3414399090e-43	2.6667402946e-21	1.1221698282e-24	4.5736380627e-26	3.3787634805e-34	6.3239797030e-63	1.5523003674e-22	3.2900102136e-28	1.8310060580e-41	2.6443524712e-41	8.3377531233e-21	7.4429488939e-14	1.2634481059e-20	5.5312362782e-07	4.8490605158e-31	4.6752302646e-38	9.6433288169e-19	3.4072699396e-16	4.8399760472e-12	1.0060522586e-16	3.5434916179e-20	2.6324894089e-29	7.9228470436e-12	1.0643677168e-13	5.5634911548e-10	4.2744317626e-15	3.7107389030e-17	5.7702123108e-16	1.0889044626e-12	1.8923558397e-17	6.5985391801e-16	3.8196403900e-15	2.3696080330e-18	9.4435981243e-34	5.0890928185e-19	1.5746600902e-15	5.5634911548e-10	3.2451377304e-24	1.1270586828e-30
7.9060432100e+00	7.7252085391e+02	1.3836682122e+20	7.4125092563e+19	2.3144716734e+00	2.0736016526e-46	2.9371328854e-13	1.3558231640e-01	1.8083887137e-32	2.8134289445e-32	3.7461931297e-24	9.7502297108e-18	7.2381052918e-22	1.4606479695e-19	1.8847860217e-13	1.1255660998e-19	2.5100069269e-07	3.8518081621e-06	6.8770605635e-05	1.7054504848e-29	4.0327662363e-06	1.4293481909e-16	0.0000000000e+00	3.8330062153e-40	7.6116187144e-15	2.3893802106e-18	6.4126787987e-23	1.1390799149e-28	1.4368097374e-31	3.4096560393e-16	2.2936991975e-15	4.6526777314e-04	2.1721746373e-32	1.9578497929e-32	5.8849833666e-51	2.5834964275e-42	7.4515927353e-11	2.9583316867e-13	1.1766927069e-56	3.8355044374e-41	4.5274898663e-22	1.9248574567e-28	1.1710801408e-15	8.8302656408e-22	3.4265377787e-12	9.6686018562e-30	5.2728589729e-24	1.7877215449e-26	4.0312415496e-15	6.3332681911e-28	4.4831307148e-23	1.8615392393e-35	5.0430693536e-52	3.4414794612e-33	2.8749203801e-41	4.3296491310e-60	1.5443769497e-39	4.8701303326e-77	8.6666100922e-44	7.2894247617e-55	2.7021320060e-26	1.8756484653e-29	8.0805544796e-38	9.0130884582e-56	7.1082387256e-20	3.0137225166e-38	8.6295711817e-01	2.2656587705e-17	7.3780091731e-25	6.6705429867e-04	9.1045143872e-05	4.4446518226e-22	4.1379360441e-26	4.0925505850e-43	2.7964907786e-67	1.2925885349e-05	5.3331669876e-32	5.7854790123e-72	9.4129597561e-90	1.5672155272e-109	1.4516012669e-35	9.9339782421e-66	4.8152847255e-24	7.7399482876e-28	2.7383967972e-15	1.2106703622e-25	3.4149676718e-17	3.6704469317e-23	5.5189271613e-24	3.4962852736e-43	2.2953027143e-28	7.9549493398e-29	2.8783454188e-29	1.4369456289e-19	9.4514403088e-63	1.5701807945e-44	1.1523249035e-51	7.6394094368e-38	4.2529362355e-42	2.0705013732e-31	2.5388994718e-29	1.5519520735e-37	5.7686967586e-27	2.9919650446e-28	9.9309991044e-20	2.2875053084e-19	2.9081529397e-35	6.1445852974e-22	9.4526953399e-41	6.7532581072e-21	1.2753879985e-31	4.4831307148e-23	4.4495606725e-30	4.7474976751e-31	1.1064809605e-37	1.1043642022e-49	1.0113072511e-44	6.9579521602e-31	6.9950964742e-31	1.1834716128e-47	1.2804742721e-39	2.5845726942e-40	2.6439831463e-53	1.0613787604e-27	1.4075112563e-10	1.6479053606e-07	1.9124882179e-08	3.0038792395e-22	2.8347874637e-43	6.8821272871e-25	2.1869133311e-37	2.1409447031e-18	3.7195488797e-36	3.1998883978e-08	3.1322675983e-07	3.7326183838e-28	2.2429661967e-42	9.8135898239e-36	1.7572918544e-26	1.5056214014e-16	7.4062781181e-11	5.3691192313e-08	3.1570790858e-11	7.7482390791e-18	2.2829849326e-05	2.0830021686e-22	5.0296305020e-23	1.1214807611e-25	3.1424735992e-38	1.0753629946e-16	7.0101409500e-24	6.4470374607e-26	1.0498995368e-13	7.6527668828e-18	6.6773332038e-05	6.7908493297e-18	1.2276748164e-09	1.0639630311e-24	1.6214333778e-33	5.6624326358e-05	2.5872705969e-45	1.4368097374e-31	3.6091074574e-44	3.3554101673e-21	8.3458794236e-25	4.0951842106e-26	2.8993127464e-34	4.4841004889e-63	1.0543065865e-22	2.0615637211e-28	8.4001954379e-42	1.3503502562e-41	5.9599307388e-21	6.1352475409e-14	1.1144090131e-20	5.5260504856e-07	5.0183099289e-31	4.0828774781e-38	2.0042986008e-18	3.0139146153e-16	4.3983474386e-12	1.1298290221e-16	4.0772014300e-20	2.4826021313e-29	7.4461913896e-12	1.4892401153e-13	8.1294437261e-10	6.2215387674e-15	3.6427006220e-17	5.1262865761e-16	1.8325192932e-12	5.8429296855e-17	7.6541150277e-16	3.6102042538e-15	2.2156419691e-18	4.6589135392e-33	5.7292560836e-19	1.7251257891e-15	8.1294437261e-10	6.7761855259e-24	2.0404722092e-30
5.1794746800e+00	7.6245731894e+02	9.1843467398e+19	4.9202418842e+19	2.3144455745e+00	9.2265819224e-47	2.3048286507e-13	1.3558078752e-01	1.0079717227e-32	1.5434449967e-32	2.8271887334e-24	1.0451192475e-17	3.8693880021e-22	8.0892372143e-20	1.4559580754e-13	8.8977015800e-20	2.5101622718e-07	3.8520625245e-06	6.8769840090e-05	1.0134446384e-29	4.0327207613e-06	8.7365730714e-17	0.0000000000e+00	1.7738840818e-40	8.8922045996e-15	2.8261249944e-18	5.6294799014e-23	6.5656438054e-29	7.6644389313e-32	3.3326078380e-16	1.7779760330e-15	4.6526249179e-04	1.6685950251e-32	1.7015965329e-32	2.9250271302e-51	1.6883304344e-42	1.1009140898e-10	4.7173811611e-13	5.2787518686e-57	2.4161541740e-41	4.6481630645e-22	1.3972620313e-28	1.1522934647e-15	6.1690020136e-22	2.9595414331e-12	7.1378103915e-30	3.4598967845e-24	1.0977477276e-26	3.1592448358e-15	5.2342985500e-28	4.9317229741e-23	1.5774917088e-35	2.9683454680e-52	4.2541299580e-33	2.2465426166e-41	2.4566924908e-60	2.1592529684e-39	2.3604536888e-77	9.1570708815e-44	9.3162996988e-55	1.5550403022e-26	1.1062331434e-29	4.1518374894e-38	3.1296225237e-56	4.9082751193e-20	1.3282156055e-38	8.6296430281e-01	1.5009994906e-17	4.5543187947e-25	6.6704518160e-04	7.9768742220e-05	2.2988528808e-22	3.0616861371e-26	2.0577355993e-43	7.8366474356e-68	1.8563427087e-05	3.9026235136e-32	1.5163817023e-72	1.7349568183e-90	1.7326442018e-110	8.0555305303e-36	2.4821220595e-66	3.3549001893e-24	3.7744089414e-28	1.9351612179e-15	6.9680507665e-26	2.9125646353e-17	2.2407949679e-23	4.2367099738e-24	2.6638065532e-43	2.1614286515e-28	6.4376800657e-29	1.7631718861e-29	1.0942385176e-19	6.2540160230e-63	1.6241859985e-44	8.2229149643e-52	7.5242383183e-38	3.1891859429e-42	1.9548306627e-31	2.0537080117e-29	8.4581027831e-38	3.8689010343e-27	2.8078847819e-28	1.1131092417e-19	2.0846630664e-19	2.4026892823e-35	5.4683399404e-22	5.4797325625e-41	6.2864155888e-21	7.1966893257e-32	4.9317229741e-23	3.5106514959e-30	2.3036756471e-31	1.2962089263e-37	6.1434418029e-50	8.3321105111e-45	7.9711456412e-31	3.5950274183e-31	4.4217566965e-48	5.2939835026e-40	4.2282406248e-40	3.1444727300e-53	1.0121625479e-27	1.1264719760e-10	1.6481678016e-07	1.9124709401e-08	1.2926679487e-22	1.4871816434e-43	3.6804536856e-25	1.6103726441e-37	1.5869986578e-18	1.6759155511e-36	3.2038498276e-08	3.1318325266e-07	2.1805923985e-28	1.1988876807e-42	5.6152411984e-36	1.1846504789e-26	1.2547006429e-16	5.5697066550e-11	5.3690586870e-08	2.1631003935e-11	8.2017060561e-18	2.2829591910e-05	1.8047650354e-22	4.8916802667e-23	1.0464579631e-25	2.2568972611e-38	1.6076249626e-16	7.3356943031e-24	5.4427657201e-26	9.2161959690e-14	6.9331345545e-18	6.6772579076e-05	3.4903346960e-18	9.2986411617e-10	5.5296957660e-25	7.2769926165e-34	5.6623687840e-05	9.6233342592e-46	7.6644389313e-32	1.2383729010e-44	4.6426080095e-21	6.7727854208e-25	3.9805185748e-26	2.7190666338e-34	3.5824118239e-63	7.8498254213e-23	1.4339824495e-28	4.4883128124e-42	7.6512243286e-42	4.6339866240e-21	5.2100045846e-14	1.1037896989e-20	5.5183095337e-07	5.8754952698e-31	4.1417597873e-38	4.2382769821e-18	2.8967800795e-16	4.1869992451e-12	1.3732308824e-16	5.0593868797e-20	2.6039135310e-29	7.0623240172e-12	1.9800608595e-13	1.1957325816e-09	9.1231892977e-15	3.8246296747e-17	4.7885157853e-16	3.2382667175e-12	1.8402178005e-16	9.2504856442e-16	3.4385383866e-15	2.1592724659e-18	2.1859985797e-32	6.9731655259e-19	1.8640233874e-15	1.1957325816e-09	1.4389312598e-23	3.8410285870e-30
3.3932217700e+00	7.5464164678e+02	6.0791629888e+19	3.2567749763e+19	2.3144147570e+00	5.7655723613e-47	1.9851616850e-13	1.3557898223e-01	6.6764192899e-33	1.0445067135e-32	2.4653011639e-24	1.2566942959e-17	2.3516795554e-22	5.0555779081e-20	1.1857801954e-13	7.6767882335e-20	2.5102605952e-07	3.8522271468e-06	6.8768930696e-05	6.9977062754e-30	4.0326670645e-06	5.9024997680e-17	0.0000000000e+00	1.0950754507e-40	1.1078492855e-14	3.5561293548e-18	5.7818617190e-23	4.6211115267e-29	5.0721873637e-32	3.5695809745e-16	1.5165013499e-15	4.6525622848e-04	1.5555649637e-32	1.7502321197e-32	1.8647750044e-51	1.3379945458e-42	1.7861866449e-10	8.1337651679e-13	3.6214475833e-57	2.0790036372e-41	5.6470470923e-22	1.2338425578e-28	1.2408672681e-15	4.8449062011e-22	2.6344827770e-12	6.1176613583e-30	2.5851929575e-24	7.7813822101e-27	2.6029297011e-15	5.1251875070e-28	6.3302231293e-23	1.7184636057e-35	2.4428246619e-52	6.1040864422e-33	2.3969128858e-41	2.2157328971e-60	3.9902613575e-39	2.0488728087e-77	1.3543459172e-43	1.6333141058e-54	1.0116100469e-26	7.3386978094e-30	2.4687058104e-38	1.3629902006e-56	3.8187517496e-20	7.2320654628e-39	8.6297278646e-01	1.0457171278e-17	2.8991679035e-25	6.6703391120e-04	6.6454486444e-05	1.1658330023e-22	2.5402485471e-26	1.2559245583e-43	3.0057074841e-68	2.5219776726e-05	3.1024488358e-32	5.3305639920e-73	4.6107484444e-91	3.0673087997e-111	5.5017717747e-36	8.9904552625e-67	2.4556791179e-24	1.9075667920e-28	1.3591092562e-15	4.3413450808e-26	2.5906534646e-17	1.4630949596e-23	3.6196533918e-24	2.7846929731e-43	2.4518953615e-28	6.1993760317e-29	1.2475473802e-29	8.8140827471e-20	6.6582624710e-63	2.3619879306e-44	8.5235324796e-52	9.6487152688e-38	3.1530532726e-42	2.2223389368e-31	1.8932659716e-29	5.4547295681e-38	2.8176241666e-27	3.0700658057e-28	1.3420068960e-19	1.9548445506e-19	2.5653445403e-35	5.4376469709e-22	4.0470935771e-41	6.4783359743e-21	4.7702029383e-32	6.3302231293e-23	3.3129169436e-30	1.2966040413e-31	1.9257445375e-37	4.6288430543e-50	8.9592815338e-45	1.0666159922e-30	1.9782547385e-31	2.1116867608e-48	2.6238992015e-40	8.8547827014e-40	5.3371993542e-53	1.1597385326e-27	9.4350945792e-11	1.6483288033e-07	1.9124481766e-08	6.3295542722e-23	1.0593836165e-43	2.1628067709e-25	1.5022874098e-37	1.2089060565e-18	9.6963141680e-37	3.3362603786e-08	3.1185455044e-07	1.4165297030e-28	8.2655827401e-43	3.9136840710e-36	9.0060671322e-27	1.0810219181e-16	4.2521643474e-11	5.3689871965e-08	1.5335316580e-11	9.3595807443e-18	2.2829287939e-05	1.7564748853e-22	5.2195128057e-23	1.0803913340e-25	1.8926087539e-38	2.6332509095e-16	9.0473552596e-24	5.4189788418e-26	8.6777076380e-14	6.6943902778e-18	6.6771689981e-05	1.9687211496e-18	7.1393818574e-10	3.2841599326e-25	3.8465742963e-34	5.6622933880e-05	4.7815131952e-46	5.0721873637e-32	5.5783827335e-45	7.1505641986e-21	6.0474398755e-25	4.2451250043e-26	2.8189027839e-34	3.2720623157e-63	6.4848343208e-23	1.1223974818e-28	2.8489190638e-42	4.8737940312e-42	3.9625119425e-21	4.5754870410e-14	1.2464251465e-20	5.5066769642e-07	7.9069668636e-31	4.9745633904e-38	9.1295674669e-18	3.0581991975e-16	4.2004160962e-12	1.8248377539e-16	6.8357694542e-20	3.0786145597e-29	6.7655172921e-12	2.4824616533e-13	1.7709779040e-09	1.3481597620e-14	4.3320923847e-17	4.7329281079e-16	6.0448657027e-12	5.9206389770e-16	1.1706100194e-15	3.3018559673e-15	2.2047277237e-18	9.6666735539e-32	9.2668935374e-19	1.9813648134e-15	1.7709779040e-09	3.1104909361e-23	7.5459431635e-30
2.2229964800e+00	7.4882849176e+02	4.0134945502e+19	2.1501694730e+19	2.3143825209e+00	4.9591801536e-47	1.8663750347e-13	1.3557709383e-01	5.1749235428e-33	8.6119291579e-33	2.4627654723e-24	1.6829248723e-17	1.6128040541e-22	3.5409468117e-20	1.0150510336e-13	7.1881362243e-20	2.5103215742e-07	3.8523322027e-06	6.8767976963e-05	5.5648714145e-30	4.0326108959e-06	4.3840308436e-17	0.0000000000e+00	8.8655577494e-41	1.4586316072e-14	4.7177319577e-18	6.8829100437e-23	3.9249843860e-29	4.1116942114e-32	4.1670366424e-16	1.4152414777e-15	4.6524961011e-04	1.7308818913e-32	2.0982310535e-32	1.4869627593e-51	1.2580392447e-42	3.1645332517e-10	1.5090887913e-12	3.7049092731e-57	2.3986189006e-41	8.0368820051e-22	1.3100230445e-28	1.4544972247e-15	4.2476903516e-22	2.4124711784e-12	6.0328563247e-30	2.1825928370e-24	6.3129313492e-27	2.2478936403e-15	5.8850059890e-28	9.3926544547e-23	2.3705780520e-35	2.7409673678e-52	9.9708443883e-33	3.4267752084e-41	3.0902775445e-60	9.5828732357e-39	3.0763182287e-77	2.7476869324e-43	3.8137052423e-54	7.3475359571e-27	5.4100136713e-30	1.6752727979e-38	7.3069703287e-57	3.3241066061e-20	4.8045218448e-39	8.6298166114e-01	7.5993606828e-18	1.8802418823e-25	6.6702099924e-04	5.2528595437e-05	5.7442128578e-23	2.3352033498e-26	9.1507605568e-44	1.5406094982e-68	3.2181908154e-05	2.6385178551e-32	2.4440815934e-73	1.7106463284e-91	8.3667212979e-112	4.5679569397e-36	4.6177922123e-67	1.8635322209e-24	9.8680729016e-29	9.4407116815e-16	2.8991672238e-26	2.3847576229e-17	1.0123771921e-23	3.4021573271e-24	3.9194834954e-43	3.3131856200e-28	7.0295566284e-29	1.0107821066e-29	7.4837233309e-20	1.1085576283e-62	4.7311133558e-44	1.2549726864e-51	1.5854985163e-37	4.0420584003e-42	3.0080728478e-31	1.9732250200e-29	4.1203580510e-38	2.2167927454e-27	3.8548598140e-28	1.7236567097e-19	1.8730681667e-19	3.4855518265e-35	6.0010697434e-22	3.7534201846e-41	7.3453210060e-21	3.6783786863e-32	9.3926544547e-23	3.6992084407e-30	8.3907755676e-32	3.5581877194e-37	4.6150780260e-50	1.2309864537e-44	1.6428783606e-30	1.1489590586e-31	1.2703378718e-48	1.5422715124e-40	2.3380790335e-39	1.2652812648e-52	1.5790403941e-27	8.2492433939e-11	1.6484244167e-07	1.9124232464e-08	3.5013076469e-23	1.0062798203e-43	1.3817241064e-25	1.7505126502e-37	9.3999342161e-19	7.0990355646e-37	3.6025643016e-08	3.0918670290e-07	1.0163242414e-28	7.2368992980e-43	3.2822264137e-36	7.6624559730e-27	9.6055277843e-17	3.2926758158e-11	5.3689124151e-08	1.1227127700e-11	1.1463093789e-17	2.2828969967e-05	1.9069528308e-22	6.0758748714e-23	1.2266396356e-25	1.8358817701e-38	4.6993670107e-16	1.3023002124e-23	6.3007446066e-26	8.7278046357e-14	6.8628393209e-18	6.6770759958e-05	1.2120972446e-18	5.5521692592e-10	2.2125030437e-25	2.3727165374e-34	5.6622145213e-05	3.1198700587e-46	4.1116942114e-32	3.2293121001e-45	1.2179871105e-20	5.8771542137e-25	4.9396228226e-26	3.2107951336e-34	3.3875345870e-63	5.9073537566e-23	9.8157157089e-29	2.1260446376e-42	3.4649119538e-42	3.7052391941e-21	4.1471235315e-14	1.5916024247e-20	5.4891324792e-07	1.2119689902e-30	6.9966557117e-38	1.9987032288e-17	3.5253026623e-16	4.4252811116e-12	2.6360401600e-16	1.0000035339e-19	4.0712224440e-29	6.5391521518e-12	2.9425120384e-13	2.6384878762e-09	2.0052827688e-14	5.2673720868e-17	4.9308890489e-16	1.1870714196e-11	1.9398252620e-15	1.5455068174e-15	3.1920848267e-15	2.3501892860e-18	4.0322622251e-31	1.3365251664e-18	2.0723713093e-15	2.6384878762e-09	6.8285067486e-23	1.5410374853e-29
1.4563484800e+00	7.4462276838e+02	2.6441715784e+19	1.4165935899e+19	2.3143525430e+00	5.5650425801e-47	1.8873983561e-13	1.3557533772e-01	4.5527842174e-33	8.3689345496e-33	2.7549317782e-24	2.4631791534e-17	1.2231394606e-22	2.7270935444e-20	9.0569537439e-14	7.1981615305e-20	2.5103603230e-07	3.8524011025e-06	6.8767089003e-05	4.9775059849e-30	4.0325586619e-06	3.5242913179e-17	0.0000000000e+00	8.9942967256e-41	2.0023983598e-14	6.5127088815e-18	9.2642601952e-23	3.8982011546e-29	3.9462564319e-32	5.2255108823e-16	1.4234270073e-15	4.6524329586e-04	2.2222076881e-32	2.8453158531e-32	1.4164996437e-51	1.3523335493e-42	6.0320336771e-10	2.9756334817e-12	5.2855814095e-57	3.5322703556e-41	1.3047185552e-21	1.6214114367e-28	1.8294739612e-15	4.0811862517e-22	2.2617573036e-12	6.6853430961e-30	2.0398111923e-24	5.7301982154e-27	2.0187754410e-15	7.7147570467e-28	1.5721688180e-22	3.9798151960e-35	3.9639182596e-52	1.7989843110e-32	6.2490533055e-41	6.1945351837e-60	2.8615398940e-38	7.2873509657e-77	7.2503411870e-43	1.1206708600e-53	5.8251075142e-27	4.3360628381e-30	1.2636739890e-38	4.6370902863e-57	3.1769521518e-20	3.7665094217e-39	8.6298991526e-01	5.6964051467e-18	1.2282401756e-25	6.6700682798e-04	3.9580322929e-05	2.7402456179e-23	2.3282129397e-26	7.6938936472e-44	1.0009393370e-68	3.8655287358e-05	2.3538162558e-32	1.3862125824e-73	8.3076018795e-92	3.2428876111e-112	4.4618718001e-36	3.1719226942e-67	1.4452317466e-24	5.1618702975e-29	6.4708131385e-16	2.0426519654e-26	2.2494016066e-17	7.3210350699e-24	3.4476499398e-24	7.0655932442e-43	5.1781763025e-28	9.1309133749e-29	9.1662176853e-30	6.6383045151e-20	2.6773672432e-62	1.2367552361e-43	2.4741870150e-51	3.2019556639e-37	6.4312473772e-42	4.7072719935e-31	2.2773305186e-29	3.5495827573e-38	1.8596109827e-27	5.4079630763e-28	2.3236636769e-19	1.8195095031e-19	5.7871088288e-35	7.2222754767e-22	4.2071764718e-41	9.0167185618e-21	3.2168820972e-32	1.5721688180e-22	4.7509840910e-30	6.0986543299e-32	7.8487855925e-37	5.7847152055e-50	2.0652897317e-44	2.8327183448e-30	6.9221096532e-32	9.2603607268e-49	1.0446692688e-40	7.4849794049e-39	3.9600945928e-52	2.4816120272e-27	7.4752382979e-11	1.6484804546e-07	1.9123995685e-08	2.1439918696e-23	1.2144779728e-43	9.4238672982e-26	2.4542812610e-37	7.4042907592e-19	6.3228976218e-37	4.0053699617e-08	3.0515417481e-07	7.9131925454e-29	7.7232267927e-43	3.2078478776e-36	7.1528108506e-27	8.7486967170e-17	2.5799852164e-11	5.3688428721e-08	8.4424696915e-12	1.4889448934e-17	2.2828674263e-05	2.2674457986e-22	7.6036177344e-23	1.5072230894e-25	2.0100536065e-38	9.0059849058e-16	2.1317389858e-23	8.3354379768e-26	9.2735477259e-14	7.3949248976e-18	6.6769895083e-05	8.0273773966e-19	4.3641107978e-10	1.6558219492e-25	1.6646328961e-34	5.6621411793e-05	2.5538628416e-46	3.9462564319e-32	2.2938552498e-45	2.2557495432e-20	6.1033728752e-25	6.1798063458e-26	3.9547203060e-34	3.8911903721e-63	5.8372804044e-23	9.4137405675e-29	1.8152012635e-42	2.6985149498e-42	3.7321861940e-21	3.8588448413e-14	2.2496266602e-20	5.4626404098e-07	2.0670285618e-30	1.1204550096e-37	4.4275952650e-17	4.3689946624e-16	4.8524748128e-12	4.0785491517e-16	1.5616753588e-19	5.9046173358e-29	6.3623333687e-12	3.3254354627e-13	3.9469349089e-09	2.9962650942e-14	6.7885258983e-17	5.3630116641e-16	2.4278793693e-11	6.4324373299e-15	2.1105196192e-15	3.0985615678e-15	2.5928333956e-18	1.5965987781e-30	2.0603438062e-18	2.1366852437e-15	3.9469349089e-09	1.5158104266e-22	3.2444130075e-29
9.5409547600e-01	7.4160689382e+02	1.7392979267e+19	9.3182499413e+18	2.3143273024e+00	7.6400016869e-47	2.0171249188e-13	1.3557385912e-01	4.3970593130e-33	9.2121155801e-33	3.3577843650e-24	3.8516189061e-17	1.0011733210e-22	2.2571830421e-20	8.3394542140e-14	7.5745793167e-20	2.5103869662e-07	3.8524496810e-06	6.8766340985e-05	4.8672310917e-30	4.0325146824e-06	3.0087191388e-17	0.0000000000e+00	1.0827653209e-40	2.8294171914e-14	9.2398849276e-18	1.3686060268e-22	4.3591378213e-29	4.3048632544e-32	6.9182386179e-16	1.5152840794e-15	4.6523760677e-04	3.1710998797e-32	4.2244273344e-32	1.5356283043e-51	1.6001018361e-42	1.2153248198e-09	6.1442117431e-12	9.7028682857e-57	6.2588517074e-41	2.3402919496e-21	2.2541969417e-28	2.4274436336e-15	4.2030463333e-22	2.1585826843e-12	8.0931872922e-30	2.0590414829e-24	5.6633017974e-27	1.8676043540e-15	1.1181551069e-27	2.8831773461e-22	7.7538842479e-35	6.9292842858e-52	3.4804361593e-32	1.3703792042e-40	1.6347341669e-59	1.0078317476e-37	2.4390620237e-76	2.3348485112e-42	3.8981873847e-53	4.9216122728e-27	3.6925648046e-30	1.0299094734e-38	3.3348970342e-57	3.2592343811e-20	3.3476650873e-39	8.6299686710e-01	4.3594933440e-18	8.0228355535e-26	6.6699105854e-04	2.8681752731e-05	1.2685519472e-23	2.4617394909e-26	7.1908880363e-44	7.7620684104e-69	4.4103935041e-05	2.1652615156e-32	9.1866579616e-74	4.9205333067e-92	1.6313917107e-112	4.9296656105e-36	2.7159072898e-67	1.1331617709e-24	2.7079549164e-29	4.3783905734e-16	1.4947149931e-26	2.1553259264e-17	5.4591646776e-24	3.6886358891e-24	1.5364953597e-42	9.0363287209e-28	1.3146610895e-28	9.0532693965e-30	6.0867072466e-20	8.5726103026e-62	3.9558196533e-43	6.0858872930e-51	7.5601200283e-37	1.2052776729e-41	8.2222061337e-31	2.8393489164e-29	3.3780588130e-38	1.6375984675e-27	8.2291603972e-28	3.2405533488e-19	1.7809773917e-19	1.1185028299e-34	9.2817168522e-22	5.4440654497e-41	1.1754883612e-20	3.0948515931e-32	2.8831773461e-22	6.7845129930e-30	4.8406556485e-32	1.9746001224e-36	8.6005770033e-50	4.0202726104e-44	5.3055124369e-30	4.2642406198e-32	7.8086272095e-49	7.8793944025e-41	2.7725763462e-38	1.5298092157e-51	4.3480309955e-27	6.9604114544e-11	1.6485139507e-07	1.9123794290e-08	1.4180264252e-23	1.7575771179e-43	6.7356193433e-26	3.9589912170e-37	5.8737256203e-19	6.5341935942e-37	4.5465891737e-08	2.9973821782e-07	6.5465693886e-29	9.5640183503e-43	3.5160799818e-36	7.1537876913e-27	8.1080970318e-17	2.0397422439e-11	5.3687843189e-08	6.4787003227e-12	2.0221216597e-17	2.2828425282e-05	2.8885179513e-22	1.0051886199e-22	1.9662985321e-25	2.4121894538e-38	1.8216364055e-15	3.8466357773e-23	1.2160890827e-25	1.0272186922e-13	8.2749260033e-18	6.6769166883e-05	5.6188279322e-19	3.4581310059e-10	1.3422325159e-25	1.2877266902e-34	5.6620794273e-05	2.4827728140e-46	4.3048632544e-32	1.8975162091e-45	4.4511840589e-20	6.6467709280e-25	8.1679086461e-26	5.1683786403e-34	4.8353925608e-63	6.1348692169e-23	9.6820213907e-29	1.7162455219e-42	2.2518869826e-42	3.9773536298e-21	3.6627490478e-14	3.4299121540e-20	5.4226826041e-07	3.8129810190e-30	1.9747997906e-37	9.8704553361e-17	5.7130995319e-16	5.4779253542e-12	6.6392633112e-16	2.5593617182e-19	9.1724445987e-29	6.2134947543e-12	3.6197962354e-13	5.9147080097e-09	4.4864112670e-14	9.1322124973e-17	6.0187645005e-16	5.1082280939e-11	2.1416039522e-14	2.9493479282e-15	3.0094463389e-15	2.9287092667e-18	6.0450015310e-30	3.3322276105e-18	2.1762480401e-15	5.9147080097e-09	3.3843421495e-22	6.9714888338e-29
6.2505519300e-01	7.3940541467e+02	1.1428466170e+19	6.1228274141e+18	2.3143076120e+00	1.2066392203e-46	2.2401885527e-13	1.3557270565e-01	4.5216537153e-33	1.1057581768e-32	4.3439695854e-24	6.2929716050e-17	8.6413319037e-23	1.9642187955e-20	7.8485822281e-14	8.2358077853e-20	2.5104073107e-07	3.8524871464e-06	6.8765757356e-05	5.0635969313e-30	4.0324803737e-06	2.6783486543e-17	0.0000000000e+00	1.4680652894e-40	4.0704998984e-14	1.3332425506e-17	2.1569466487e-22	5.2934292270e-29	5.1331465712e-32	9.5112069562e-16	1.6779822455e-15	4.6523231225e-04	4.8599554049e-32	6.6656841469e-32	1.8136907925e-51	2.0153696563e-42	2.5447519834e-09	1.3099510336e-11	2.1222740983e-56	1.2611662283e-40	4.4991011072e-21	3.3976087291e-28	3.3427027495e-15	4.5424386404e-22	2.0857687091e-12	1.0418166031e-29	2.1927504274e-24	5.9381591834e-27	1.7637363728e-15	1.7377073830e-27	5.6337373049e-22	1.6753090714e-34	1.3790045133e-51	7.0384747323e-32	3.4159915155e-40	5.2225390636e-59	3.9808281588e-37	1.0379929707e-75	8.6350353831e-42	1.5181709760e-52	4.3372694839e-27	3.2730721379e-30	8.8391616497e-39	2.6107146985e-57	3.5124001623e-20	3.2466070148e-39	8.6300229385e-01	3.3777646503e-18	5.2184610120e-26	6.6697227135e-04	2.0185599378e-05	5.7273113517e-24	2.7057582973e-26	7.2183775523e-44	6.7927259673e-69	4.8351514461e-05	2.0262314063e-32	6.7553889129e-74	3.3315061018e-92	9.7962386414e-113	5.9333487725e-36	2.7102886534e-67	8.9153116126e-25	1.4175516769e-29	2.9300192561e-16	1.1205785469e-26	2.0834930991e-17	4.1498375547e-24	4.0896207260e-24	3.8064646418e-42	1.7024553663e-27	2.0331891220e-28	9.4882268204e-30	5.7108007756e-20	3.3389503516e-61	1.4557108577e-42	1.7457611108e-50	1.9897190886e-36	2.5309111152e-41	1.5501426200e-30	3.7351585937e-29	3.4450863783e-38	1.4915399754e-27	1.3221848245e-27	4.6172414765e-19	1.7488146660e-19	2.4024833330e-34	1.2484955377e-21	7.7838532817e-41	1.5978672074e-20	3.1814646855e-32	5.6337373049e-22	1.0429312040e-29	4.0845721766e-32	5.4315030837e-36	1.4367685884e-49	8.6590849967e-44	1.0502706954e-29	2.6567678178e-32	7.2856038644e-49	6.4040268575e-41	1.1365410711e-37	6.8402936594e-51	8.2159436147e-27	6.6046882558e-11	1.6485354915e-07	1.9123636493e-08	9.8947361773e-24	2.8856466104e-43	4.9631755812e-26	7.0398634444e-37	4.6727796633e-19	7.4876601752e-37	5.2267415947e-08	2.9293375661e-07	5.6393559487e-29	1.3110570097e-42	4.1663638280e-36	7.4930038591e-27	7.5925790618e-17	1.6226957355e-11	5.3687386412e-08	5.0423864387e-12	2.8325881445e-17	2.2828231042e-05	3.8602788075e-22	1.3804418214e-22	2.6741942920e-25	3.0852566727e-38	3.8253483417e-15	7.4274505494e-23	1.8990559812e-25	1.1712321972e-13	9.5058540229e-18	6.6768598810e-05	4.0872368259e-19	2.7556808860e-10	1.1502006827e-25	1.0662056213e-34	5.6620312542e-05	2.7200592343e-46	5.1331465712e-32	1.7413226361e-45	9.1788753857e-20	7.4659787366e-25	1.1215582770e-25	7.0383489825e-34	6.3458001688e-63	6.7298792692e-23	1.0453576022e-28	1.7418541661e-42	1.9714654581e-42	4.4079679004e-21	3.5250036136e-14	5.5008161322e-20	5.3626389098e-07	7.3972444489e-30	3.7049804582e-37	2.2009641227e-16	7.7387062575e-16	6.2973336535e-12	1.1173008554e-15	4.3284579642e-19	1.4914212092e-28	6.0713842483e-12	3.8306935385e-13	8.8559944475e-09	6.7134217921e-14	1.2630521918e-16	6.8892509042e-16	1.0916194971e-10	7.0915716393e-14	4.1709925859e-15	2.9120096709e-15	3.3489360011e-18	2.2001971787e-29	5.5491114220e-18	2.1932031924e-15	8.8559944475e-09	7.5550486688e-22	1.5130712967e-28
4.0949150600e-01	7.3770243001e+02	7.5043513730e+18	4.0204990202e+18	2.3142930695e+00	2.0778365825e-46	2.5475886515e-13	1.3557185375e-01	4.8223361043e-33	1.4001191338e-32	5.8303777518e-24	1.0528506056e-16	7.7067456932e-23	1.7629698467e-20	7.4870115525e-14	9.1175520176e-20	2.5104242159e-07	3.8525181496e-06	6.8765326334e-05	5.4731661625e-30	4.0324550346e-06	2.4466967117e-17	0.0000000000e+00	2.1420065941e-40	5.9077665221e-14	1.9394802345e-17	3.5377726090e-22	6.7633537205e-29	6.4662912805e-32	1.3383634522e-15	1.9039342696e-15	4.6522646181e-04	7.7658792193e-32	1.0895355311e-31	2.2481175398e-51	2.6262155703e-42	5.4564834725e-09	2.8484785947e-11	5.1719132256e-56	2.7510538301e-40	9.0271645644e-21	5.3826836310e-28	4.7096994923e-15	5.0575034317e-22	2.0308476666e-12	1.3928874439e-29	2.4135373089e-24	6.4576616517e-27	1.6869499245e-15	2.8192711936e-27	1.1447625989e-21	3.8581529002e-34	2.9661774644e-51	1.4561697389e-31	9.2155223891e-40	1.8772496735e-58	1.6876060382e-36	5.1230130213e-75	3.4781375151e-41	6.3106067949e-52	3.9141035871e-27	2.9670513081e-30	7.8141015227e-39	2.1486663206e-57	3.9019676472e-20	3.3226734174e-39	8.6300630760e-01	2.6311230063e-18	3.3701686067e-26	6.6694772612e-04	1.3920656262e-05	2.5345804886e-24	3.0389768217e-26	7.5551399258e-44	6.3900480675e-69	5.1483618761e-05	1.9075604174e-32	5.2725874047e-74	2.4384950593e-92	6.5313008742e-113	7.5286735773e-36	2.9726522328e-67	6.9971970080e-25	7.3770400557e-30	1.9430117315e-16	8.5080054217e-27	2.0204434897e-17	3.1849248620e-24	4.6244344895e-24	1.0219635062e-41	3.3626458497e-27	3.2862701301e-28	1.0314707939e-29	5.4346345933e-20	1.4675813960e-60	5.8408054219e-42	5.5059964312e-50	5.5993715467e-36	5.7008296947e-41	3.0634499062e-30	5.0788673654e-29	3.6665934065e-38	1.3870418899e-27	2.1918304790e-27	6.6512446213e-19	1.7166751197e-19	5.5076535493e-34	1.7272704120e-21	1.1835878559e-40	2.2287280205e-20	3.4069629459e-32	1.1447625989e-21	1.6777668743e-29	3.5791419505e-32	1.5750122166e-35	2.5732556448e-49	1.9806493721e-43	2.1464489204e-29	1.6592748243e-32	7.2354142736e-49	5.4503681495e-41	4.9593912770e-37	3.3472181597e-50	1.6265175486e-26	6.3407163957e-11	1.6485515255e-07	1.9123519940e-08	7.1363756308e-24	5.1214113649e-43	3.7181271061e-26	1.3293959310e-36	3.7154540259e-19	9.1452837715e-37	6.0426177920e-08	2.8477282549e-07	4.9696971073e-29	1.9093815240e-42	5.1688979284e-36	8.0576536414e-27	7.1398365175e-17	1.2958869056e-11	5.3687049055e-08	3.9588327974e-12	4.0444246210e-17	2.2828087574e-05	5.3136932438e-22	1.9408387248e-22	3.7314991252e-25	4.1042854645e-38	8.2208877487e-15	1.4953550368e-22	3.0926634812e-25	1.3594864796e-13	1.1098135604e-17	6.6768179254e-05	3.0445959093e-19	2.2035507430e-10	1.0200451696e-25	9.2060708667e-35	5.6619956755e-05	3.2080539644e-46	6.4662912805e-32	1.6997890332e-45	1.9449286157e-19	8.5283315924e-25	1.5767370784e-25	9.8314308216e-34	8.6131232880e-63	7.5803157450e-23	1.1629827460e-28	1.8468197085e-42	1.7777208828e-42	5.0047068744e-21	3.4214843311e-14	9.0711707130e-20	5.2730505003e-07	1.4704412024e-29	7.1755295122e-37	4.8754270661e-16	1.0676888088e-15	7.2962526980e-12	1.9127560296e-15	7.4386132279e-19	2.4858227636e-28	5.9144513575e-12	3.9704172593e-13	1.3208124570e-08	1.0007912214e-13	1.7710485310e-16	7.9552487842e-16	2.3394410474e-10	2.3090227568e-13	5.9022416583e-15	2.7923423331e-15	3.8326308451e-18	7.7102243752e-29	9.3457650386e-18	2.1884472201e-15	1.3208124570e-08	1.6749948289e-21	3.2818882307e-28
2.6826958000e-01	7.3623231605e+02	4.9261097878e+18	2.6392032048e+18	2.3142827144e+00	3.7248997726e-46	2.9292940414e-13	1.3557124714e-01	5.2128246088e-33	1.8174454125e-32	7.9605006995e-24	1.7706096748e-16	6.9788143398e-23	1.6053078337e-20	7.1871854382e-14	1.0149174277e-19	2.5104388965e-07	3.8525447768e-06	6.8765019486e-05	6.0220333916e-30	4.0324369917e-06	2.2621675019e-17	0.0000000000e+00	3.2338506046e-40	8.5796502286e-14	2.8222294184e-17	5.9112212632e-22	8.8483492109e-29	8.3564203719e-32	1.9037268827e-15	2.1849072580e-15	4.6521797298e-04	1.2608927326e-31	1.8040671448e-31	2.8302139812e-51	3.4527191223e-42	1.1829689154e-08	6.2509732160e-11	1.3253839041e-55	6.2265998895e-40	1.8476257662e-20	8.7275276050e-28	6.7067654657e-15	5.7094183334e-22	1.9843873900e-12	1.8953436475e-29	2.6976441358e-24	7.1427081235e-27	1.6230508756e-15	4.6664138514e-27	2.3688276530e-21	9.1526894888e-34	6.5920910824e-51	3.0236327506e-31	2.5792173848e-39	7.1282423734e-58	7.3934233847e-36	2.7089151378e-74	1.4577226075e-40	2.6851308952e-51	3.5590652607e-27	2.7084132350e-30	6.9793011648e-39	1.8037198002e-57	4.3963885992e-20	3.4866603916e-39	8.6300917447e-01	2.0474987661e-18	2.1542722450e-26	6.6691293900e-04	9.4769151076e-06	1.1035800418e-24	3.4357641287e-26	8.0347361829e-44	6.1951187583e-69	5.3705227822e-05	1.7883928053e-32	4.2015587969e-74	1.8378974539e-92	4.5398802318e-113	9.7903773693e-36	3.4068109256e-67	5.4475936685e-25	3.8020814981e-30	1.2785930422e-16	6.4753503563e-27	1.9553833552e-17	2.4467788247e-24	5.2590454252e-24	2.8483483229e-41	6.7893780260e-27	5.4217470018e-28	1.1405588422e-29	5.2059949813e-20	6.8235977230e-60	2.4397201512e-41	1.8148711475e-49	1.6255973905e-35	1.3266935723e-40	6.1881525027e-30	7.0129847725e-29	3.9805211131e-38	1.3023790661e-27	3.6739133960e-27	9.5967882053e-19	1.6790091233e-19	1.3014504164e-33	2.4210942645e-21	1.8519843068e-40	3.1461093547e-20	3.7184297451e-32	2.3688276530e-21	2.7566640359e-29	3.1917402711e-32	4.6644650453e-35	4.7439173380e-49	4.6428406377e-43	4.4367988121e-29	1.0302850984e-32	7.3971133886e-49	4.7391296048e-41	2.2278766988e-36	1.7080878111e-49	3.2905674241e-26	6.1205038936e-11	1.6485661676e-07	1.9123437372e-08	5.2268624490e-24	9.4249091608e-43	2.7972593035e-26	2.5816373585e-36	2.9433445022e-19	1.1506476301e-36	6.9839174747e-08	2.7535828410e-07	4.4133108617e-29	2.8518991923e-42	6.5321441162e-36	8.7461854427e-27	6.7077357964e-17	1.0367475909e-11	5.3686808836e-08	3.1207452874e-12	5.8262879597e-17	2.2827985399e-05	7.4155242773e-22	2.7586636587e-22	5.2693505760e-25	5.5604730329e-38	1.7857972097e-14	3.0696643107e-22	5.1357636062e-25	1.5911604431e-13	1.3055151628e-17	6.6767880504e-05	2.2931559525e-19	1.7648909671e-10	9.1918053015e-26	8.1055375393e-35	5.6619703413e-05	3.9156068203e-46	8.3564203719e-32	1.7017000538e-45	4.1735775877e-19	9.7843444041e-25	2.2410784951e-25	1.3896248498e-33	1.1875295965e-62	8.6437802434e-23	1.3119770469e-28	1.9982758112e-42	1.6251419269e-42	5.7464701814e-21	3.3341936968e-14	1.5065344912e-19	5.1409568873e-07	2.9217749026e-29	1.3939378510e-36	1.0640657118e-15	1.4770221145e-15	8.4348855959e-12	3.2814009360e-15	1.2803608710e-18	4.1666232395e-28	5.7197014430e-12	4.0516077212e-13	1.9547832939e-08	1.4805324721e-13	2.4846389151e-16	9.1698090891e-16	4.9617722386e-10	7.2865804079e-13	8.2570369595e-15	2.6352537516e-15	4.3367128144e-18	2.5930058759e-28	1.5638465947e-17	2.1608601264e-15	1.9547832939e-08	3.6583898874e-21	7.0331287356e-28
1.7575106200e-01	7.3475910373e+02	3.2336957821e+18	1.7324841066e+18	2.3142754895e+00	6.6668307518e-46	3.3667173399e-13	1.3557082391e-01	5.5901454306e-33	2.3567789258e-32	1.0861516527e-23	2.9390764999e-16	6.3159508407e-23	1.4609698919e-20	6.8978123261e-14	1.1235343698e-19	2.5104517968e-07	3.8525678919e-06	6.8764805470e-05	6.6212780469e-30	4.0324244028e-06	2.0906044740e-17	0.0000000000e+00	4.8755649532e-40	1.2367138804e-13	4.0761370709e-17	9.8693901813e-22	1.1565080404e-28	1.0787942376e-31	2.7066616981e-15	2.5061843280e-15	4.6520264085e-04	2.0307368241e-31	2.9634387224e-31	3.5081920477e-51	4.4706553881e-42	2.5634839852e-08	1.3712064728e-10	3.3896665333e-55	1.4072100379e-39	3.7785646366e-20	1.4137570495e-27	9.5464168260e-15	6.4416736382e-22	1.9386707423e-12	2.5771380955e-29	3.0132508768e-24	7.8948474627e-27	1.5611471434e-15	7.7173340119e-27	4.8980290503e-21	2.1686533772e-33	1.4522677236e-50	6.1846294454e-31	7.2079197960e-39	2.7007557330e-57	3.2346457058e-35	1.4284420689e-73	6.0996775548e-40	1.1245602067e-50	3.2112560787e-27	2.4532437901e-30	6.1846455164e-39	1.5016407049e-57	4.9505550975e-20	3.6549250700e-39	8.6301118760e-01	1.5815699530e-18	1.3572479364e-26	6.6686081583e-04	6.4071071624e-06	4.7371151795e-25	3.8544537578e-26	8.4756441525e-44	5.9540620799e-69	5.5239949321e-05	1.6521317914e-32	3.2956803230e-74	1.3630530881e-92	3.1035377950e-113	1.2718514003e-35	3.8972979906e-67	4.1798242985e-25	1.9313442610e-30	8.3537814328e-17	4.8912302607e-27	1.8785097121e-17	1.8656692861e-24	5.9349821932e-24	7.9267393736e-41	1.3695846192e-26	8.9373802930e-28	1.2602930174e-29	4.9855130496e-20	3.1654999587e-59	1.0174245043e-40	5.9714740614e-49	4.7134177910e-35	3.0833773903e-40	1.2488724581e-29	9.6773864899e-29	4.3177618992e-38	1.2223679049e-27	6.1097138142e-27	1.3742977115e-18	1.6301729640e-19	3.0715406237e-33	3.3917583828e-21	2.8944226256e-40	4.4388005674e-20	4.0551327014e-32	4.8980290503e-21	4.5253705988e-29	2.8441464549e-32	1.3699840991e-34	8.6706914915e-49	1.0791807843e-42	9.0987057722e-29	6.3041834124e-33	7.5532727893e-49	4.1169586959e-41	9.9961766912e-36	8.7014999798e-49	6.6511678211e-26	5.9067842826e-11	1.6485823910e-07	1.9123380564e-08	3.8262226739e-24	1.7320231983e-42	2.0886091384e-26	5.0079455991e-36	2.3147900824e-19	1.4460725487e-36	8.0293276652e-08	2.6490310453e-07	3.8972021578e-29	4.2328523707e-42	8.2052053803e-36	9.4397447124e-27	6.2686198211e-17	8.2936857790e-12	5.3686641231e-08	2.4596841072e-12	8.3903083251e-17	2.2827914085e-05	1.0342898599e-21	3.9192486878e-22	7.4373763857e-25	7.5273970202e-38	3.8774903225e-14	6.2965210819e-22	8.5219357771e-25	1.8617057010e-13	1.5352793245e-17	6.6767672062e-05	1.7264557883e-19	1.4134617688e-10	8.2776395157e-26	7.1308841421e-35	5.6619526652e-05	4.7725867668e-46	1.0787942376e-31	1.6892889578e-45	8.9515361744e-19	1.1140212814e-24	3.1839961665e-25	1.9632909882e-33	1.6363807410e-62	9.8514348567e-23	1.4791808398e-28	2.1602755691e-42	1.4847324930e-42	6.5951817802e-21	3.2485887780e-14	2.4694102535e-19	4.9498537450e-07	5.6582785469e-29	2.6387873038e-36	2.2646285466e-15	2.0169861565e-15	9.6275564384e-12	5.5569199109e-15	2.1754435872e-18	6.8927919934e-28	5.4622120388e-12	4.0838843974e-13	2.8568792133e-08	2.1628118957e-13	3.4411045078e-16	1.0435382497e-15	1.0260845313e-09	2.1869861371e-12	1.1263424422e-14	2.4254528603e-15	4.7847444693e-18	8.2963797211e-28	2.5510947381e-17	2.1071366749e-15	2.8568792133e-08	7.7917159560e-21	1.4695412738e-27
1.1513954000e-01	7.3305392289e+02	2.1234097207e+18	1.1376399768e+18	2.3142704559e+00	1.1431629136e-45	3.8242922583e-13	1.3557052904e-01	5.8173998803e-33	2.9761930760e-32	1.4552163188e-23	4.7228954288e-16	5.6242624114e-23	1.3094764333e-20	6.5762263003e-14	1.2243032694e-19	2.5104630523e-07	3.8525878522e-06	6.8764656434e-05	7.1435763478e-30	4.0324156322e-06	1.9075050579e-17	0.0000000000e+00	7.0880873353e-40	1.7537382445e-13	5.7933490185e-17	1.6154377117e-21	1.4739327323e-28	1.3552738104e-31	3.8039226809e-15	2.8401558124e-15	4.6517220544e-04	3.1654208797e-31	4.7263306131e-31	4.1451683910e-51	5.5571749150e-42	5.4897650153e-08	2.9783439804e-10	8.2165979675e-55	3.0576016729e-39	7.5652547213e-20	2.2341575831e-27	1.3434429477e-14	7.1611067306e-22	1.8867604369e-12	3.4387397021e-29	3.3109418492e-24	8.5693727756e-27	1.4920695748e-15	1.2492792765e-26	9.9324849046e-21	4.9781887252e-33	3.0417919064e-50	1.2211968597e-30	1.9368791549e-38	9.6513881618e-57	1.3662880143e-34	6.9985708658e-73	2.4464863176e-39	4.4520290888e-50	2.8294486953e-27	2.1712859791e-30	5.3359498361e-39	1.2048790984e-57	5.4910606674e-20	3.7301779689e-39	8.6301260766e-01	1.2039203394e-18	8.3781426857e-27	6.6678015624e-04	4.3233351273e-06	2.0050219958e-25	4.2269702012e-26	8.6525862968e-44	5.4546913869e-69	5.6281708196e-05	1.4856412714e-32	2.4502143925e-74	9.4943338591e-93	1.9663974488e-113	1.6094338833e-35	4.2539971939e-67	3.1349340689e-25	9.6062505102e-31	5.4172090301e-17	3.6276980695e-27	1.7803245900e-17	1.3989327811e-24	6.5535769896e-24	2.1196647460e-40	2.6987045485e-26	1.4413273209e-27	1.3674811144e-29	4.7406126592e-20	1.3830322296e-58	4.0647092886e-40	1.8744708838e-48	1.3219587778e-34	6.9207717074e-40	2.4620991869e-29	1.3135914275e-28	4.5852258248e-38	1.1354217525e-27	9.8848245520e-27	1.9340169111e-18	1.5640683418e-19	7.0185785652e-33	4.6855229066e-21	4.3873672829e-40	6.1826604451e-20	4.3332870737e-32	9.9324849046e-21	7.2629071692e-29	2.4872382798e-32	3.8730357614e-34	1.5127694486e-48	2.4056780171e-42	1.8146932722e-28	3.7615661327e-33	7.4770528187e-49	3.4953645100e-41	4.3479759901e-35	4.2386504932e-48	1.3136309882e-25	5.6678385250e-11	1.6486026986e-07	1.9123342186e-08	2.7558055917e-24	3.0626292380e-42	1.5284770724e-26	9.4296269758e-36	1.7993204564e-19	1.7609030217e-36	9.1427869511e-08	2.5376776086e-07	3.3794572857e-29	6.0550684221e-42	1.0005948311e-35	9.9873314879e-27	5.8059453204e-17	6.6220825042e-12	5.3686524461e-08	1.9303009631e-12	1.1969078849e-16	2.2827864361e-05	1.4215765470e-21	5.5033152821e-22	1.0364579384e-24	9.9926007389e-38	8.3229803716e-14	1.2650717909e-21	1.3849566929e-24	2.1590829395e-13	1.7910820602e-17	6.6767526840e-05	1.2846346027e-19	1.1300620207e-10	7.3285977665e-26	6.1440613339e-35	5.6619403503e-05	5.6081841256e-46	1.3552738104e-31	1.6070755570e-45	1.8942783981e-18	1.2429080798e-24	4.4713033265e-25	2.7392229575e-33	2.2178732214e-62	1.1081364034e-22	1.6430106977e-28	2.2851439016e-42	1.3365704673e-42	7.4790182972e-21	3.1517714211e-14	3.9104534151e-19	4.6814310282e-07	1.0386960264e-28	4.7175813734e-36	4.6391101661e-15	2.6734642968e-15	1.0721982229e-11	9.1394136053e-15	3.5916690480e-18	1.1031765821e-27	5.1169887341e-12	4.0733562866e-13	4.0974159109e-08	3.1002991789e-13	4.6362996399e-16	1.1581364384e-15	2.0330093566e-09	6.0932456130e-12	1.4736993244e-14	2.1514663544e-15	5.0628507120e-18	2.4894912197e-27	3.9705659659e-17	2.0223891326e-15	4.0974159109e-08	1.5974497347e-20	2.9465041181e-27
7.5431200600e-02	7.3087699445e+02	1.3952475986e+18	7.4752032432e+17	2.3142668438e+00	1.7969800924e-45	4.2418424074e-13	1.3557031746e-01	5.7330584517e-33	3.5617070469e-32	1.8789550122e-23	7.1906245392e-16	4.8464973161e-23	1.1378936329e-20	6.1855661349e-14	1.2999262239e-19	2.5104726847e-07	3.8526048116e-06	6.8764549536e-05	7.4166750480e-30	4.0324093385e-06	1.6958411780e-17	0.0000000000e+00	9.5717019973e-40	2.4213468439e-13	8.0218581172e-17	2.5399735867e-21	1.7847822189e-28	1.6111081772e-31	5.2219417215e-15	3.1406726512e-15	4.6511125939e-04	4.6475128292e-31	7.1461818626e-31	4.5021164123e-51	6.4416185268e-42	1.1478125153e-07	6.3412271648e-10	1.7865444472e-54	6.1341066777e-39	1.4508695155e-19	3.3578557733e-27	1.8474029311e-14	7.7255656619e-22	1.8220173581e-12	4.4163301967e-29	3.5188959780e-24	8.9658127010e-27	1.4077684494e-15	1.9364834158e-26	1.9362461604e-20	1.0716484413e-32	5.7878834257e-50	2.2741052945e-30	4.8068879735e-38	3.0632638159e-56	5.3741499396e-34	2.9540527860e-72	9.0046648101e-39	1.5928306418e-49	2.3912293801e-27	1.8455490319e-30	4.3892588620e-39	9.0294195948e-58	5.9070661184e-20	3.6060773121e-39	8.6301364817e-01	8.9541407507e-19	5.0264123058e-27	6.6665349177e-04	2.9247027508e-06	8.3551468865e-26	4.4553817881e-26	8.3192555008e-44	4.5641219672e-69	5.6980933134e-05	1.2812880761e-32	1.6553553923e-74	5.8994577262e-93	1.0819579004e-113	1.9311018131e-35	4.2220020762e-67	2.2743963757e-25	4.6378263386e-31	3.4822921596e-17	2.6094149020e-27	1.6520867618e-17	1.0204802277e-24	6.9689945449e-24	5.2275074291e-40	5.0704838571e-26	2.2233570247e-27	1.4300145006e-29	4.4433286774e-20	5.3507165290e-58	1.4885428779e-39	5.3483904010e-48	3.4658542126e-34	1.4474355073e-39	4.6287760423e-29	1.7244621248e-28	4.6641125238e-38	1.0326793176e-27	1.5222919442e-26	2.6441120485e-18	1.4744413559e-19	1.5020182722e-32	6.2915715205e-21	6.2505054971e-40	8.3901693317e-20	4.4434748811e-32	1.9362461604e-20	1.1134480128e-28	2.0938792672e-32	1.0199279030e-33	2.4173203505e-48	4.9583840782e-42	3.4428500730e-28	2.1604777629e-33	6.9503657260e-49	2.8328272212e-41	1.7757336263e-34	1.8854282124e-47	2.4754946334e-25	5.3754099549e-11	1.6486293675e-07	1.9123316245e-08	1.9204928118e-24	5.0081651700e-42	1.0808391305e-26	1.6714704341e-35	1.3747171925e-19	2.0113040288e-36	1.0271259148e-07	2.4248250012e-07	2.8416049845e-29	8.0863968816e-42	1.1560091507e-35	1.0209776797e-26	5.3125073568e-17	5.2670070570e-12	5.3686440668e-08	1.5016455223e-12	1.6750205621e-16	2.2827828611e-05	1.8966236777e-21	7.5466063823e-22	1.4075767827e-24	1.2749572190e-37	1.7453841492e-13	2.4371677269e-21	2.1577893151e-24	2.4594724148e-13	2.0558407699e-17	6.6767422631e-05	9.3338054474e-20	9.0033525274e-11	6.2681687939e-26	5.0747833643e-35	5.6619315133e-05	6.1190118224e-46	1.6111081772e-31	1.4114936413e-45	3.9006518485e-18	1.3393961173e-24	6.1325777169e-25	3.7258381870e-33	2.9067082507e-62	1.2137512700e-22	1.7706787300e-28	2.3129975534e-42	1.1677674642e-42	8.2775106008e-21	3.0316153535e-14	5.8427550865e-19	4.3207625781e-07	1.7516829152e-28	7.6901296717e-36	9.0057349353e-15	3.3754485144e-15	1.1495199936e-11	1.4335389445e-14	5.6612498670e-18	1.6708131798e-27	4.6652188046e-12	4.0246970959e-13	5.7239971958e-08	4.3279631441e-13	5.9776733270e-16	1.2361080776e-15	3.7815314534e-09	1.5305656435e-11	1.8142533102e-14	1.8131907090e-15	5.0393378774e-18	6.8771839291e-27	5.7526350085e-17	1.9020108335e-15	5.7239971958e-08	3.1042702450e-20	5.5644391547e-27
4.9417133600e-02	7.2797095293e+02	9.1771435878e+17	4.9167686879e+17	2.3142640257e+00	2.4667415218e-45	4.5335659744e-13	1.3557015239e-01	5.2049324837e-33	3.9198300844e-32	2.2902912190e-23	1.0134207387e-15	3.9678388219e-23	9.4217794130e-21	5.6969587935e-14	1.3309728179e-19	2.5104806569e-07	3.8526188120e-06	6.8764466150e-05	7.2527505294e-30	4.0324044282e-06	1.4478347011e-17	0.0000000000e+00	1.1521088489e-39	3.2158045915e-13	1.0694959989e-16	3.7509837330e-21	1.9954812828e-28	1.7571906898e-31	6.9108386802e-15	3.3426959397e-15	4.6499361269e-04	6.2334169664e-31	9.9706557868e-31	4.3124704353e-51	6.7344374036e-42	2.3118674007e-07	1.3087264819e-09	3.2789099525e-54	1.0866666011e-38	2.6018681593e-19	4.6669176581e-27	2.4504501328e-14	7.9534073274e-22	1.7382387833e-12	5.3436379310e-29	3.5506941083e-24	8.8580889011e-27	1.3017629199e-15	2.8053870640e-26	3.5493176727e-20	2.0870521965e-32	9.5091893479e-50	3.8870993199e-30	1.0538864632e-37	8.0810675653e-56	1.8915756139e-33	9.8830935736e-72	2.8987552738e-38	4.8943867995e-49	1.8991003140e-27	1.4770093918e-30	3.3613399644e-39	6.1006890614e-58	6.0586681269e-20	3.2036100640e-39	8.6301448195e-01	6.4411657874e-19	2.9009364117e-27	6.6645475180e-04	1.9920467336e-06	3.4174342085e-26	4.4273857866e-26	7.3059409595e-44	3.3251671252e-69	5.7447189936e-05	1.0413028661e-32	9.6883234342e-75	3.0854026223e-93	4.8051856750e-114	2.1326733820e-35	3.6128246153e-67	1.5756945397e-25	2.1497050718e-31	2.2143778784e-17	1.7945146759e-27	1.4877359824e-17	7.1516055447e-25	7.0076940887e-24	1.1363728850e-39	8.8450794158e-26	3.1999586540e-27	1.4117286715e-29	4.0721002625e-20	1.7125782011e-57	4.7594585251e-39	1.3150112073e-47	8.1794370848e-34	2.7113945936e-39	8.0807004907e-29	2.1488484813e-28	4.4362159705e-38	9.0884443488e-28	2.1770138776e-26	3.4653086114e-18	1.3561303090e-19	2.9020908837e-32	8.0819750993e-21	8.0841696233e-40	1.0932441368e-19	4.2727033449e-32	3.5493176727e-20	1.5892914395e-28	1.6611878061e-32	2.4113844268e-33	3.3778432879e-48	9.0697739784e-42	6.0591048460e-28	1.1759364817e-33	5.8572981117e-49	2.1353729468e-41	6.5732765981e-34	7.2788534676e-47	4.3356448858e-25	5.0060698833e-11	1.6486642933e-07	1.9123297844e-08	1.2713931499e-24	7.2497004610e-42	7.2655989171e-27	2.6965276830e-35	1.0253485215e-19	2.0790851558e-36	1.1345909570e-07	2.3173557556e-07	2.2867603795e-29	9.7419942912e-42	1.2327460437e-35	9.9336209884e-27	4.7894850356e-17	4.1640734059e-12	5.3686375294e-08	1.1523402706e-12	2.2751339643e-16	2.2827800610e-05	2.4157908243e-21	9.9732347411e-22	1.8361979927e-24	1.5292598055e-37	3.5296509711e-13	4.3975612200e-21	3.1478315754e-24	2.7244511751e-13	2.3007481382e-17	6.6767341328e-05	6.5344700761e-20	7.1341618595e-11	5.0801455482e-26	3.9243369733e-35	5.6619246187e-05	5.9475025647e-46	1.7571906898e-31	1.0977017518e-45	7.6975330949e-18	1.3712409086e-24	8.1072459171e-25	4.8708776989e-33	3.6152905061e-62	1.2754179129e-22	1.8205038334e-28	2.1857607575e-42	9.7386273062e-43	8.8203112088e-21	2.8771033344e-14	8.0289835774e-19	3.8655539094e-07	2.6242391036e-28	1.1006395689e-35	1.6300801757e-14	3.9781047378e-15	1.1695272508e-11	2.1028227539e-14	8.3589116866e-18	2.3380716414e-27	4.1054018968e-12	3.9457967138e-13	7.7281909976e-08	5.8376234548e-13	7.2460535569e-16	1.2500474046e-15	6.4631376312e-09	3.3629145222e-11	2.0594888935e-14	1.4305337475e-15	4.6233036817e-18	1.7168675430e-26	7.5576457265e-17	1.7450723987e-15	7.7281909976e-08	5.6265490731e-20	9.7051777732e-27
3.2374575400e-02	7.2407371674e+02	6.0445621276e+17	3.2384528246e+17	2.3142614738e+00	2.8081223314e-45	4.6032917048e-13	1.3557000292e-01	4.2257035640e-33	3.8425839961e-32	2.5782366089e-23	1.2926582084e-15	3.0267187111e-23	7.2979387177e-21	5.0966948507e-14	1.3007330233e-19	2.5104868809e-07	3.8526297982e-06	6.8764390607e-05	6.5296773016e-30	4.0323999816e-06	1.1688153331e-17	0.0000000000e+00	1.1830339965e-39	4.0540464277e-13	1.3552728661e-16	5.0798844265e-21	1.9982622689e-28	1.7015522020e-31	8.6947105343e-15	3.3746152839e-15	4.6478078827e-04	7.3897363083e-31	1.2468830160e-30	3.4832945514e-51	6.1235155764e-42	4.4221940975e-07	2.5872608218e-09	4.7618632407e-54	1.6211162877e-38	4.2527695656e-19	5.8216961517e-27	3.0923138347e-14	7.6750177602e-22	1.6306111922e-12	5.9544231686e-29	3.3347790610e-24	8.0854721408e-27	1.1706925421e-15	3.7015531785e-26	5.9760241206e-20	3.5393468771e-32	1.2774629601e-49	5.9204902918e-30	1.9470422301e-37	1.6512607929e-55	5.7105412515e-33	2.3985175929e-71	7.7549395530e-38	1.2225233260e-48	1.3862884721e-27	1.0893812931e-30	2.3355938906e-39	3.5777664353e-58	5.8180641544e-20	2.5325266404e-39	8.6301525213e-01	4.4315374795e-19	1.5917946818e-27	6.6614863933e-04	1.3716736240e-06	1.3664268515e-26	4.0618255808e-26	5.6700143694e-44	2.0039383680e-69	5.7757312003e-05	7.8197007508e-33	4.6649103309e-75	1.2757425483e-93	1.5923450482e-114	2.1004179060e-35	2.5190893258e-67	1.0273710512e-25	9.4474729021e-32	1.3892674289e-17	1.1615914206e-27	1.2872236870e-17	4.7490320607e-25	6.5326019935e-24	2.0750967818e-39	1.3925161319e-25	4.1847321968e-27	1.2870407147e-29	3.6175142824e-20	4.2183610210e-57	1.2616358641e-38	2.6323094497e-47	1.6692380568e-33	4.3618318317e-39	1.2733699973e-28	2.4914416683e-28	3.8453826713e-38	7.6426698181e-28	2.8147830025e-26	4.2903275975e-18	1.2073865866e-19	4.8687643962e-32	9.7649410691e-21	9.1483678132e-40	1.3466883269e-19	3.7591911395e-32	5.9760241206e-20	2.0552738796e-28	1.2142131055e-32	4.9197146330e-33	3.9276797099e-48	1.4089111801e-41	9.6266132632e-28	5.9605475546e-34	4.3107959675e-49	1.4562830930e-41	2.1241501374e-33	2.3104361343e-46	6.8628628665e-25	4.5463052311e-11	1.6487084512e-07	1.9123282759e-08	7.8415919146e-25	8.8682185388e-42	4.5611888633e-27	3.8196307479e-35	7.4090371371e-20	1.8723823024e-36	1.2288571113e-07	2.2230857949e-07	1.7382417417e-29	1.0216417654e-41	1.1811122899e-35	9.0591598797e-27	4.2455372453e-17	3.2648405002e-12	5.3686316093e-08	8.6776979851e-13	2.9654069835e-16	2.2827775095e-05	2.8862588935e-21	1.2524658607e-21	2.2659058509e-24	1.6842788114e-37	6.7887169848e-13	7.2485492411e-21	4.1932425881e-24	2.9037452320e-13	2.4863945902e-17	6.6767267702e-05	4.3459909179e-20	5.6107099563e-11	3.8220234483e-26	2.7706135994e-35	5.6619183752e-05	4.9277836679e-46	1.7015522020e-31	7.2274609559e-46	1.4323408230e-17	1.3098775407e-24	1.0187009657e-24	6.0288495911e-33	4.1836086284e-62	1.2656048307e-22	1.7539007852e-28	1.8785777681e-42	7.6157991701e-43	8.9189215475e-21	2.6801714963e-14	9.8966710864e-19	3.3354633161e-07	3.3845529323e-28	1.3344144145e-35	2.7157612220e-14	4.2923179278e-15	1.1144692068e-11	2.8313394150e-14	1.1354719520e-17	2.9534473338e-27	3.4640751027e-12	3.8535002955e-13	1.0022692363e-07	7.5606144639e-13	8.1217813980e-16	1.1814740898e-15	9.9638499368e-09	6.3127960732e-11	2.1190179551e-14	1.0445880044e-15	3.8423847468e-18	3.8307472863e-26	8.7939398617e-17	1.5579554477e-15	1.0022692363e-07	9.3911663497e-20	1.5376908709e-26
2.1209508900e-02	7.1895717007e+02	3.9881421477e+17	2.1367015762e+17	2.3142587463e+00	2.5249377683e-45	4.3817721821e-13	1.3556984319e-01	2.9823812389e-33	3.2556961041e-32	2.6255805452e-23	1.4658929157e-15	2.1119614633e-23	5.1970525945e-21	4.3957665910e-14	1.2024203642e-19	2.5104912392e-07	3.8526376547e-06	6.8764309791e-05	5.2970238483e-30	4.0323952290e-06	8.7921050098e-18	0.0000000000e+00	9.9431809809e-40	4.7898226540e-13	1.6122547771e-16	6.1681427132e-21	1.7415155078e-28	1.4182005541e-31	1.0262912219e-14	3.1872503286e-15	4.6442760121e-04	7.5046107892e-31	1.3594451896e-30	2.2732909716e-51	4.6777779722e-42	7.9260017771e-07	4.8448651057e-09	5.1484398629e-54	1.9474421435e-38	6.1843486064e-19	6.3369131847e-27	3.6645314710e-14	6.8260387906e-22	1.4974199041e-12	5.9804899678e-29	2.8611707535e-24	6.6792106765e-27	1.0164735411e-15	4.3411643605e-26	9.0394330111e-20	5.0416068368e-32	1.3326974779e-49	7.8107472379e-30	2.8991117759e-37	2.4452459177e-55	1.4207342211e-32	3.8837384106e-71	1.6429788954e-37	2.3558410244e-48	9.1067397812e-28	7.2550321721e-31	1.4368495738e-39	1.7567738994e-58	5.1419191872e-20	1.7281189117e-39	8.6301607632e-01	2.8847661952e-19	8.2093877991e-28	6.6569558133e-04	9.5834062784e-07	5.3181504629e-27	3.3723787488e-26	3.7687060257e-44	9.5166843562e-70	5.7963909582e-05	5.3245059631e-33	1.7592897961e-75	3.9294603247e-94	3.6544019888e-115	1.7905942416e-35	1.3569144224e-67	6.2157255301e-26	3.8888248746e-32	8.5760598414e-18	6.9720608894e-28	1.0598487813e-17	2.9489330797e-25	5.5397533135e-24	3.0417065446e-39	1.9263098450e-25	4.8498266662e-27	1.0612890244e-29	3.0898157385e-20	7.4690252651e-57	2.6404811457e-38	4.0661035847e-47	2.8362253653e-33	5.7915327786e-39	1.7634900807e-28	2.6375887706e-28	2.9649760170e-38	6.0680616145e-28	3.2077826751e-26	4.9481044483e-18	1.0326058384e-19	6.8362568048e-32	1.0920970055e-20	8.7481905747e-40	1.5454298400e-19	2.9568632511e-32	9.0394330111e-20	2.3468941819e-28	8.0039860854e-33	8.3421352436e-33	3.6257935870e-48	1.7826655178e-41	1.3455166091e-27	2.7664191529e-34	2.6745889715e-49	8.7538917493e-42	5.7836085515e-33	5.7298229633e-46	9.5621762096e-25	3.9998858407e-11	1.6487611494e-07	1.9123267230e-08	4.4246623825e-25	8.7737947602e-42	2.6291966475e-27	4.5924476786e-35	5.1482787348e-20	1.4172513862e-36	1.3024101632e-07	2.1495286745e-07	1.2334564280e-29	9.0232164699e-42	9.9186466362e-36	7.6378827668e-27	3.6952926696e-17	2.5331142037e-12	5.3686252818e-08	6.3812239833e-13	3.6694512377e-16	2.2827747641e-05	3.1810889931e-21	1.4749598517e-21	2.6071821308e-24	1.6659310559e-37	1.2257252154e-12	1.0660423279e-20	4.9813426138e-24	2.9479563801e-13	2.5712852954e-17	6.6767189010e-05	2.7095110419e-20	4.3709771386e-11	2.6177561078e-26	1.7438387097e-35	5.6619117020e-05	3.3387108670e-46	1.4182005541e-31	3.8612985792e-46	2.4750844064e-17	1.1476105663e-24	1.2007162608e-24	6.9655042724e-33	4.4213993907e-62	1.1684008629e-22	1.5567996359e-28	1.4326362427e-42	5.4923485019e-43	8.4421783528e-21	2.4388328872e-14	1.0723684860e-18	2.7722393176e-07	3.6734500603e-28	1.3340750741e-35	4.1426025049e-14	4.1776174531e-15	9.8585353040e-12	3.4500374909e-14	1.3999069911e-17	3.3060501927e-27	2.7947627946e-12	3.7757881001e-13	1.2456845023e-07	9.3799122774e-13	8.3148519711e-16	1.0337936502e-15	1.3709537067e-08	1.0039545379e-10	1.9578250846e-14	7.0323427912e-16	2.8654477379e-18	7.6654377351e-26	8.9247183901e-17	1.3548580067e-15	1.2456845023e-07	1.4360070242e-19	2.1940750438e-26
1.3894954900e-02	7.1248750204e+02	2.6364668911e+17	1.4125250804e+17	2.3142555232e+00	1.7307359545e-45	3.8723437353e-13	1.3556965449e-01	1.7925040756e-33	2.3324629330e-32	2.3826705124e-23	1.4644431479e-15	1.3300482094e-23	3.3596235674e-21	3.6348740977e-14	1.0451390497e-19	2.5104936553e-07	3.8526423158e-06	6.8764214197e-05	3.8117662930e-30	4.0323896126e-06	6.0961855139e-18	0.0000000000e+00	6.6374550150e-40	5.2547482783e-13	1.7843811763e-16	6.6058455315e-21	1.2935958474e-28	9.9471122147e-32	1.1256770542e-14	2.7881480135e-15	4.6389767625e-04	6.3814605262e-31	1.2664655239e-30	1.1619950958e-51	2.9271846612e-42	1.3181970721e-06	8.5243938570e-09	3.9643922566e-54	1.8235692762e-38	7.8621108509e-19	5.8968355424e-27	4.0396790210e-14	5.5269700788e-22	1.3418021550e-12	5.3303680632e-29	2.2122842554e-24	4.9191869584e-27	8.4759472946e-16	4.4461674078e-26	1.2088160721e-19	5.8764211705e-32	1.0399285912e-49	8.7432937531e-30	3.3685363628e-37	2.5002625335e-55	2.8298480788e-32	3.9485006155e-71	2.6619241829e-37	3.3719771084e-48	5.3012605976e-28	4.2982016269e-31	7.6879980470e-40	7.0358148597e-59	4.1304562904e-20	9.9562161891e-40	8.6301703831e-01	1.7627934201e-19	3.9458028174e-28	6.6506517717e-04	6.8113580716e-07	2.0083256741e-27	2.4973139017e-26	2.0969491305e-44	3.4378070814e-70	5.8102430570e-05	3.2422975662e-33	5.0141691082e-76	8.6343812623e-95	5.5017606788e-116	1.2929549426e-35	5.4317385584e-68	3.4535209137e-26	1.4858821548e-32	5.1985398173e-18	3.8381588710e-28	8.2460266372e-18	1.6958538175e-25	4.2150335726e-24	3.4628282911e-39	2.2964435234e-25	4.8916282708e-27	7.7969351670e-30	2.5224294547e-20	9.0469748079e-57	4.2114372004e-38	4.6619933259e-47	3.9035843422e-33	6.1669728361e-39	2.1051957567e-28	2.5151156979e-28	1.9981617492e-38	4.5098756763e-28	3.1631148074e-26	5.2621352760e-18	8.4360994615e-20	7.8220120003e-32	1.1175171617e-20	6.8924978308e-40	1.6347373498e-19	2.0445959385e-32	1.2088160721e-19	2.3225703368e-28	4.6849946667e-33	1.1440318651e-32	2.5679919490e-48	1.7822921151e-41	1.6236880803e-27	1.1611733145e-34	1.3634956472e-49	4.5509895707e-42	1.2933002081e-32	1.0699255923e-45	1.1505315415e-24	3.3929519002e-11	1.6488195458e-07	1.9123248204e-08	2.2545685536e-25	6.8004142284e-42	1.3744749826e-27	4.5730305227e-35	3.4214116027e-20	8.7835578320e-37	1.3496538042e-07	2.1022802258e-07	8.1057793807e-30	6.5562418466e-42	7.1744840284e-36	5.8974371462e-27	3.1569290632e-17	1.9418367664e-12	5.3686178044e-08	4.5658578334e-13	4.2774578364e-16	2.2827715029e-05	3.1954320459e-21	1.6132745943e-21	2.7680155662e-24	1.4562288165e-37	2.0580531103e-12	1.3751676257e-20	5.1872164216e-24	2.8300747088e-13	2.5278515753e-17	6.6767096017e-05	1.5681259714e-20	3.3682585599e-11	1.6090273072e-26	9.6157083774e-36	5.6619038161e-05	1.7946581039e-46	9.9471122147e-32	1.6229221995e-46	3.9281509996e-17	9.1067563987e-25	1.3149575177e-24	7.4356540559e-33	4.2111679173e-62	9.9272988757e-23	1.2576127673e-28	9.5225210915e-43	3.6090847412e-43	7.4063692882e-21	2.1601361494e-14	1.0104458179e-18	2.2257735862e-07	3.3255413894e-28	1.0868083206e-35	5.8082971558e-14	3.6420930564e-15	8.0737735041e-12	3.7799810077e-14	1.5570696203e-17	3.2482317989e-27	2.1597627965e-12	3.7459961717e-13	1.4869484791e-07	1.1171046870e-12	7.7357289005e-16	8.3488814261e-16	1.6834899512e-08	1.3651950447e-10	1.6257485889e-14	4.3859368237e-16	1.9188153485e-18	1.4006644383e-25	7.8721445360e-17	1.1530762678e-15	1.4869484791e-07	2.0197813424e-19	2.8236001058e-26
9.1029817800e-03	7.0468592608e+02	1.7463439383e+17	9.3563046094e+16	2.3142516576e+00	8.9515713080e-46	3.1682749761e-13	1.3556942821e-01	9.1208343560e-34	1.4040536480e-32	1.9184389156e-23	1.2912667771e-15	7.5300526529e-24	1.9640297259e-21	2.8770392184e-14	8.5338684234e-20	2.5104941792e-07	3.8526438989e-06	6.8764099464e-05	2.4221554794e-30	4.0323828765e-06	3.8828007058e-18	0.0000000000e+00	3.4884768458e-40	5.3393991048e-13	1.8329386419e-16	6.2107058429e-21	8.1402512340e-29	5.8328351914e-32	1.1442006611e-14	2.2524989275e-15	4.6318079045e-04	4.5143336367e-31	1.0024878112e-30	4.6114390687e-52	1.4899646795e-42	2.0287675860e-06	1.4061698054e-08	2.1465072086e-54	1.3186567591e-38	8.6946450810e-19	4.6636207658e-27	4.1315362201e-14	4.0598428038e-22	1.1721974824e-12	4.1974614934e-29	1.5355701119e-24	3.2162898661e-27	6.7774058824e-16	3.9569178168e-26	1.4227108607e-19	5.5632645559e-32	6.0053489231e-50	8.2580251030e-30	3.0265386656e-37	1.7408795252e-55	4.4763193761e-32	2.4770223481e-71	3.2658205896e-37	3.5475721242e-48	2.7226540734e-28	2.2557387180e-31	3.5598384101e-40	2.2813885526e-59	3.0048904938e-20	4.8121434344e-40	8.6301817531e-01	1.0089263138e-19	1.7634697448e-28	6.6425168222e-04	4.9288615212e-07	7.3532131824e-28	1.6426833680e-26	9.7042740751e-45	9.3521361956e-71	5.8196457763e-05	1.7590818299e-33	1.0692137446e-76	1.3371312654e-95	5.3510545353e-117	7.8587112399e-36	1.5978881947e-68	1.7571673959e-26	5.2571675990e-33	3.0928617919e-18	1.9320065462e-28	6.0509754276e-18	9.0076266068e-26	2.8664176893e-24	3.0331171554e-39	2.3464842183e-25	4.2720811460e-27	5.0817563449e-30	1.9650625665e-20	7.3914828812e-57	5.0680482962e-38	3.9239634916e-47	4.3184865863e-33	5.2237800007e-39	2.1545776173e-28	2.1521763629e-28	1.1712269824e-38	3.1303048640e-28	2.6850312044e-26	5.1459990711e-18	6.5742080821e-20	7.2383184440e-32	1.0429065831e-20	4.4420239961e-40	1.5891923159e-19	1.2369494914e-32	1.4227108607e-19	1.9815438370e-28	2.4241402394e-33	1.2593078524e-32	1.3819839552e-48	1.3960721531e-41	1.6829364575e-27	4.3926821386e-35	5.6695235517e-50	2.0351948254e-42	2.3584800796e-32	1.4888307173e-45	1.1890228706e-24	2.7708528927e-11	1.6488790008e-07	1.9123223836e-08	1.0340087852e-25	4.0916019955e-42	6.4937663197e-28	3.7451140026e-35	2.1713642018e-20	4.4232724476e-37	1.3684150676e-07	2.0835131958e-07	4.9257871773e-30	3.8957955279e-42	4.4513816718e-36	4.1623549024e-27	2.6490812862e-17	1.4700650002e-12	5.3686088360e-08	3.1754153370e-13	4.6868567294e-16	2.2827675777e-05	2.9153849662e-21	1.6345029583e-21	2.7036935549e-24	1.1198834287e-37	3.2052233235e-12	1.5483641745e-20	4.7116496832e-24	2.5637391697e-13	2.3581010026e-17	6.6766984481e-05	8.4003628095e-21	2.5663527350e-11	8.8362073314e-27	4.6206113072e-36	5.6618943578e-05	7.5866204585e-47	5.8328351914e-32	5.3191230514e-47	5.7083763618e-17	6.5224975715e-25	1.3344336429e-24	7.3132220439e-33	3.6024303461e-62	7.7387070051e-23	9.2138522925e-29	5.4888740002e-43	2.1538650943e-43	6.0053579992e-21	1.8605031580e-14	8.2908392457e-19	1.7355215951e-07	2.5275471329e-28	7.2561201440e-36	7.5639100312e-14	2.8512928245e-15	6.1444207054e-12	3.7339064716e-14	1.5669541501e-17	2.8065972205e-27	1.6068780788e-12	3.7911759222e-13	1.7137385113e-07	1.2839917164e-12	6.5604610650e-16	6.2461141695e-16	1.8618039605e-08	1.6208770086e-10	1.2246950318e-14	2.5608927173e-16	1.1644736786e-18	2.3937401798e-25	6.0838559805e-17	9.6624858614e-16	1.7137385113e-07	2.6408108547e-19	3.3098800757e-26
5.9636233200e-03	6.9575930861e+02	1.1587561145e+17	6.2082251062e+16	2.3142471531e+00	3.5763452283e-46	2.4153762061e-13	1.3556916463e-01	3.9840690365e-34	7.2052058640e-33	1.3842180950e-23	1.0184484116e-15	3.8661575855e-24	1.0468312812e-21	2.1875747818e-14	6.5832187256e-20	2.5104929904e-07	3.8526427108e-06	6.8763965702e-05	1.3732454887e-30	4.0323750265e-06	2.2866905866e-18	0.0000000000e+00	1.4725365488e-40	5.0581773714e-13	1.7588240193e-16	5.1825291373e-21	4.3998636484e-29	2.9023497451e-32	1.0847332180e-14	1.6917770922e-15	4.6229227521e-04	2.6980920539e-31	6.8361803130e-31	1.4514747098e-52	6.2777280991e-43	2.9085680064e-06	2.1869775809e-08	8.4162317205e-55	7.5247725994e-39	8.4635055881e-19	3.1776941316e-27	3.9452379357e-14	2.7276365772e-22	1.0005350548e-12	2.9510453817e-29	9.6552272700e-25	1.8856457021e-27	5.2149960405e-16	3.0966199382e-26	1.4898166509e-19	4.3535202500e-32	2.6322654688e-50	6.6777601274e-30	2.1490177256e-37	8.5239000635e-56	5.7349640205e-32	9.9845309336e-72	3.1064638359e-37	2.8165373504e-48	1.2466421523e-28	1.0593901793e-31	1.4439747355e-40	6.0967968508e-60	1.9961821015e-20	1.9799670662e-40	8.6301948444e-01	5.4382212340e-20	7.3735867033e-29	6.6327297647e-04	3.6259143851e-07	2.6172786229e-28	9.6941064313e-27	3.7934952064e-45	1.9620647208e-71	5.8261491361e-05	8.5872829633e-34	1.7480768959e-77	1.5030879786e-96	3.4882544862e-118	4.0789413936e-36	3.5443426302e-69	8.2486028845e-27	1.7335519390e-33	1.8090053712e-18	8.9595989665e-29	4.2087114398e-18	4.4488237350e-26	1.7588047247e-24	2.0896066221e-39	2.0820734405e-25	3.2703955561e-27	2.9683059257e-30	1.4668189841e-20	4.2105867555e-57	4.7129018094e-38	2.4886881253e-47	3.9120170185e-33	3.5889127988e-39	1.9155079070e-28	1.6681039758e-28	6.0426583643e-39	2.0413479601e-28	1.9872299573e-26	4.6612668878e-18	4.9072009188e-20	5.5153293205e-32	8.9465215348e-21	2.3815555480e-40	1.4300988345e-19	6.6216320855e-33	1.4898166509e-19	1.4758755415e-28	1.1202591433e-33	1.1336865088e-32	5.7833116685e-49	8.7463098554e-42	1.5178572856e-27	1.5107924853e-35	1.9558698210e-50	7.9285082252e-43	3.5697686266e-32	1.5831097158e-45	1.0691443631e-24	2.1851370493e-11	1.6489343619e-07	1.9123193503e-08	4.3094676710e-26	1.9518871653e-42	2.7962783387e-28	2.5643870085e-35	1.3210449361e-20	1.8412919700e-37	1.3607935996e-07	2.0911279439e-07	2.7874012670e-30	1.9260852474e-42	2.4007946797e-36	2.7068910288e-27	2.1877944060e-17	1.1002120452e-12	5.3685983847e-08	2.1515514293e-13	4.8524382094e-16	2.2827629922e-05	2.4354786426e-21	1.5440011930e-21	2.4468873033e-24	7.6597414124e-38	4.6603840390e-12	1.5391851770e-20	3.7760469074e-24	2.2021691789e-13	2.0965552912e-17	6.6766854504e-05	4.1916236332e-21	1.9351556533e-11	4.3742372479e-27	1.9564136026e-36	5.6618833356e-05	2.5730471300e-47	2.9023497451e-32	1.3880209280e-47	7.6532802427e-17	4.2530214722e-25	1.2630176732e-24	6.6739464841e-33	2.7946377026e-62	5.5749229849e-23	6.1730929885e-29	2.7769493716e-43	1.1772244142e-43	4.5304016066e-21	1.5619398615e-14	6.0101623042e-19	1.3213302589e-07	1.6462748814e-28	4.0614946859e-36	9.2633599386e-14	2.0284626518e-15	4.3847773110e-12	3.3643928458e-14	1.4431505280e-17	2.1624839787e-27	1.1581451404e-12	3.9208734095e-13	1.9186419085e-07	1.4331850025e-12	5.1263688223e-16	4.3697650567e-16	1.8817921694e-08	1.7199680999e-10	8.4880340430e-15	1.4160118602e-16	6.4950536212e-19	3.8971171663e-25	4.1899902297e-17	8.0088061142e-16	1.9186419085e-07	3.2499368235e-19	3.5849516345e-26
3.9069399400e-03	6.8608339098e+02	7.6983867079e+16	4.1245455685e+16	2.3142420051e+00	1.1704186444e-46	1.7435886252e-13	1.3556886351e-01	1.5466810485e-34	3.2685548303e-33	9.1764412464e-24	7.3590144010e-16	1.8404734807e-24	5.1944045668e-22	1.6125021418e-14	4.8593489152e-20	2.5104902456e-07	3.8526390155e-06	6.8763812784e-05	7.1289392053e-31	4.0323660550e-06	1.2669348474e-18	0.0000000000e+00	5.2471214628e-41	4.5395928136e-13	1.6013785037e-16	3.9439009573e-21	2.1144641466e-29	1.2720203165e-32	9.7445349352e-15	1.2009823353e-15	4.6124125018e-04	1.4156900421e-31	4.1550279405e-31	3.8198893951e-53	2.2858560157e-43	3.9479197394e-06	3.2506634439e-08	2.5717587831e-55	3.5762538975e-39	7.4660572602e-19	1.9297913074e-27	3.5729118946e-14	1.7104847181e-22	8.3881080637e-13	1.9008436497e-29	5.6244682842e-25	1.0162336134e-27	3.8951847312e-16	2.1944410768e-26	1.4256565452e-19	2.9411783536e-32	9.3254350015e-51	4.7906119580e-30	1.2726680794e-37	3.1798405428e-56	6.2455846658e-32	2.8601974069e-72	2.4283073990e-37	1.7998926339e-48	5.2232722649e-29	4.5659924361e-32	5.2879515585e-41	1.4032949810e-60	1.2361502796e-20	7.1932556323e-41	8.6302096605e-01	2.7982488424e-20	2.9282704269e-29	6.6213922179e-04	2.7013673965e-07	9.1140036080e-29	5.2608110466e-27	1.3016330805e-45	3.3679641660e-72	5.8307588709e-05	3.8638563221e-34	2.3279069455e-78	1.3193880468e-97	1.6695210746e-119	1.8739489508e-36	6.3208849819e-70	3.6383533080e-27	5.4132139551e-34	1.0441924348e-18	3.8997464383e-29	2.8086427542e-18	2.0771247659e-26	9.9676499490e-25	1.1959869116e-39	1.6568922951e-25	2.2615973263e-27	1.5931384578e-30	1.0594011833e-20	1.8158066071e-57	3.5924085335e-38	1.2687288105e-47	3.0375104913e-33	2.0979378624e-39	1.5276989700e-28	1.1979612382e-28	2.8252706330e-39	1.2687449248e-28	1.3231751523e-26	3.9799607476e-18	3.5431483164e-20	3.6173981495e-32	7.1917835127e-21	1.1076745225e-40	1.2124775595e-19	3.2251519081e-33	1.4256565452e-19	9.8984349202e-29	4.7438458204e-34	8.7399393080e-33	1.9930633836e-49	4.6117547010e-42	1.2297046559e-27	4.8270639363e-36	5.8407193098e-51	2.7764171251e-43	4.6807762656e-32	1.3680628249e-45	8.6346635855e-25	1.6771935463e-11	1.6489814871e-07	1.9123156707e-08	1.6700300426e-26	7.7838000141e-43	1.1209207607e-28	1.5294357673e-35	7.7789201648e-21	6.6157443165e-38	1.3330668547e-07	2.1188470088e-07	1.4924423225e-30	8.2597303663e-43	1.1618415306e-36	1.6521555937e-27	1.7843138551e-17	8.1613736080e-13	5.3685864403e-08	1.4286808539e-13	4.8091114252e-16	2.2827577408e-05	1.9007472329e-21	1.3818481753e-21	2.0880270697e-24	4.7862810153e-38	6.4272187682e-12	1.3898031325e-20	2.7473755557e-24	1.8154738218e-13	1.7962448618e-17	6.6766705956e-05	1.9797020865e-21	1.4475193362e-11	1.9974913584e-27	7.5084386235e-37	5.6618707387e-05	7.3605007437e-48	1.2720203165e-32	3.0373892376e-48	9.6439329848e-17	2.5793280614e-25	1.1329580252e-24	5.7500052049e-33	2.0120641544e-62	3.7787397339e-23	3.8601025635e-29	1.2704131767e-43	6.0134501921e-44	3.2325407634e-21	1.2856238095e-14	3.9533675724e-19	9.8610356389e-08	9.4893851726e-29	1.9782998794e-36	1.0790266889e-13	1.3382079582e-15	2.9727911707e-12	2.8195225449e-14	1.2394404032e-17	1.5230803058e-27	8.1330514469e-13	4.1187530793e-13	2.0976395779e-07	1.5619393499e-12	3.7547285733e-16	2.8984741075e-16	1.7690879615e-08	1.6639119172e-10	5.4998426939e-15	7.4852107510e-17	3.3837303963e-19	6.0805494560e-25	2.6320875864e-17	6.5741381783e-16	2.0976395779e-07	3.8070353861e-19	3.6438432570e-26
2.5595479200e-03	6.7614706036e+02	5.1175354174e+16	2.7418164490e+16	2.3142359408e+00	3.4276866516e-47	1.2210612640e-13	1.3556850682e-01	5.6230436772e-35	1.3843162226e-33	5.8037935413e-24	5.0325078717e-16	8.4011925266e-25	2.4771426372e-22	1.1684038814e-14	3.4983214229e-20	2.5104858079e-07	3.8526326217e-06	6.8763632744e-05	3.5239336246e-31	4.0323554945e-06	6.7822835782e-19	0.0000000000e+00	1.7012888956e-41	3.9530977518e-13	1.4158123715e-16	2.8507065858e-21	9.5167648290e-30	5.1937639369e-33	8.4932023596e-15	8.2607708684e-16	4.5997608626e-04	6.9081174777e-32	2.3684817586e-31	9.0993603517e-54	7.6737312153e-44	5.1972646391e-06	4.7105443920e-08	6.8397404987e-56	1.5349919945e-39	6.2342538405e-19	1.0989492144e-27	3.1408009147e-14	1.0318974248e-22	6.9596321691e-13	1.1657460750e-29	3.1392486918e-25	5.2250142112e-28	2.8605770825e-16	1.4711495367e-26	1.2972480382e-19	1.8306433865e-32	2.9344325922e-51	3.2151272743e-30	6.8134652410e-38	1.0194067517e-56	6.2124537552e-32	6.7736910546e-73	1.7015918422e-37	1.0193001523e-48	2.0828725552e-29	1.8757745530e-32	1.8290205152e-41	2.9716402407e-61	7.3606490252e-21	2.4378268691e-41	8.6302269711e-01	1.4029343248e-20	1.1298248935e-29	6.6079861032e-04	2.0264328771e-07	3.1346243027e-29	2.7244753619e-27	4.1527147787e-46	5.1691737759e-73	5.8341182407e-05	1.6612770094e-34	2.7649998047e-79	1.0089677560e-98	6.7260238535e-121	8.0426261799e-37	9.9810588852e-71	1.5499955034e-27	1.6395246660e-34	5.9813316627e-19	1.6381227689e-29	1.8312072046e-18	9.3969503341e-27	5.4036799665e-25	6.1727219432e-40	1.2406999234e-25	1.4775586778e-27	8.1538735217e-31	7.5089057300e-21	6.7058299720e-58	2.4511901303e-38	5.7264333127e-48	2.1639721838e-33	1.1206272878e-39	1.1464590702e-28	8.2420507836e-29	1.2499649392e-39	7.6734162514e-29	8.3055099903e-27	3.2875491881e-18	2.5106722993e-20	2.1822948278e-32	5.5736819170e-21	4.7584928413e-41	9.9408140486e-20	1.4898625625e-33	1.2972480382e-19	6.2607259117e-29	1.9129705049e-34	6.1801924224e-33	6.1645590983e-50	2.2086740274e-42	9.3823108071e-28	1.4800259661e-36	1.6090103656e-51	9.1591400770e-44	5.6641292745e-32	1.0529711180e-45	6.5672054926e-25	1.2681023897e-11	1.6490180772e-07	1.9123111066e-08	6.2263979863e-27	2.8099468196e-43	4.3193195306e-29	8.4483128856e-36	4.4983501917e-21	2.1902717470e-38	1.2947263366e-07	2.1571784866e-07	7.7435909061e-31	3.2705389809e-43	5.2907732770e-37	9.7279059320e-28	1.4440937218e-17	6.0242800338e-13	5.3685723804e-08	9.3804466771e-14	4.6524936339e-16	2.2827515482e-05	1.4283000068e-21	1.2000368925e-21	1.7246284519e-24	2.8437276355e-38	8.6069383761e-12	1.1895590261e-20	1.8941759440e-24	1.4629428404e-13	1.5077672046e-17	6.6766531098e-05	9.0687649655e-22	1.0779155660e-11	8.7162661929e-28	2.7267312488e-37	5.6618559106e-05	1.9150497542e-48	5.1937639369e-33	6.0272881879e-49	1.1742323767e-16	1.5025408249e-25	9.8666864854e-25	4.8000107700e-33	1.3914353820e-62	2.4757558318e-23	2.3226155362e-29	5.4946266511e-44	2.9580019148e-44	2.2359026668e-21	1.0464476680e-14	2.4479636563e-19	7.2311170508e-08	5.0450380437e-29	8.8054302289e-37	1.2068254936e-13	8.4113561310e-16	1.9462555615e-12	2.2549399093e-14	1.0172638375e-17	1.0138513624e-27	5.5929901392e-13	4.3361714318e-13	2.2486634288e-07	1.6689183151e-12	2.6356915662e-16	1.8543805373e-16	1.5772557291e-08	1.4907774922e-10	3.3891550551e-15	3.8101164902e-17	1.6753494252e-19	9.0346902369e-25	1.5510517541e-17	5.3328428013e-16	2.2486634288e-07	4.2837927240e-19	3.5297200045e-26
1.6768329400e-03	6.6647862030e+02	3.4012680881e+16	1.8222998997e+16	2.3142281271e+00	1.0000908260e-47	8.5445290403e-14	1.3556804908e-01	2.0402711003e-35	5.8489881503e-34	3.6662342047e-24	3.3844069818e-16	3.8316318144e-25	1.1807619988e-22	8.4659833534e-15	2.5152238005e-20	2.5104789098e-07	3.8526223675e-06	6.8763400608e-05	1.7395886734e-31	4.0323418800e-06	3.6264457271e-19	0.0000000000e+00	5.4976926061e-42	3.4374420852e-13	1.2494949697e-16	2.0554140211e-21	4.2723359222e-30	2.1148119467e-33	7.3879698667e-15	5.6727988969e-16	4.5832082349e-04	3.3617521054e-32	1.3463832913e-31	2.1600672387e-54	2.5686548179e-44	6.8299304081e-06	6.8129110007e-08	1.8100005220e-56	6.5625387089e-40	5.1924172900e-19	6.2389921548e-28	2.7551443836e-14	6.2098116943e-23	5.7645153611e-13	7.1274798447e-30	1.7480624870e-25	2.6801509136e-28	2.0970660232e-16	9.8320517453e-27	1.1770518303e-19	1.1352236350e-32	9.1933865315e-52	2.1516674119e-30	3.6339741758e-38	3.2486987549e-57	6.1512443508e-32	1.5923427639e-73	1.1865744782e-37	5.7426640471e-49	8.2924799405e-30	7.6902427237e-33	6.3100021601e-42	6.2696245942e-62	4.3758042430e-21	8.2371842521e-42	8.6302490649e-01	7.0265592356e-21	4.3538005912e-30	6.5907260708e-04	1.5199070586e-07	1.0772378182e-29	1.4083007858e-27	1.3208299635e-46	7.8980362384e-74	5.8366311403e-05	7.1296008572e-35	3.2691178579e-80	7.6730234182e-100	2.6908511666e-122	3.4419309228e-37	1.5685106526e-71	6.5946277511e-28	4.9591353669e-35	3.4222592719e-19	6.8678876059e-30	1.1921358487e-18	4.2437456657e-27	2.9235416750e-25	3.1713981022e-40	9.2595567631e-26	9.6220752048e-28	4.1598072152e-31	5.3091609956e-21	2.4609581674e-58	1.6643198782e-38	2.5706451116e-48	1.5347600807e-33	5.9584524741e-40	8.5693789120e-29	5.6508159452e-29	5.5086672786e-40	4.6262035202e-29	5.1990637077e-27	2.7097663625e-18	1.7760327008e-20	1.3114813645e-32	4.3073629552e-21	2.0362821061e-41	8.1290941307e-20	6.8606491833e-34	1.1770518303e-19	3.9472639298e-29	7.6955087809e-35	4.3533998345e-33	1.8989453541e-50	1.0531554482e-42	7.1339917451e-28	4.5304746183e-37	4.4153266092e-52	3.0116201528e-44	6.8182226781e-32	8.0542454171e-46	4.9781331532e-25	9.5865876672e-12	1.6490434535e-07	1.9123049718e-08	2.3272817884e-27	1.0115381673e-43	1.6642393981e-29	4.6552463586e-36	2.6007186347e-21	7.2360758005e-39	1.2569272268e-07	2.1949659417e-07	4.0094373867e-31	1.2905127287e-43	2.4025160562e-37	5.7145997029e-28	1.1668734638e-17	4.4461327027e-13	5.3685542544e-08	6.1565810800e-14	4.4991599482e-16	2.2827435537e-05	1.0718139542e-21	1.0405751483e-21	1.4230246212e-24	1.6854668208e-38	1.1508982584e-11	1.0162318303e-20	1.3033292361e-24	1.1781965614e-13	1.2651710226e-17	6.6766305673e-05	4.1518255978e-22	8.0256134022e-12	3.7957870693e-28	9.8762246731e-38	5.6618367944e-05	4.9666557556e-49	2.1148119467e-33	1.1928594421e-49	1.4282332724e-16	8.7430273455e-26	8.5895636114e-25	4.0064297571e-33	9.6322984141e-63	1.6199006412e-23	1.3949898079e-29	2.3701618716e-44	1.4517001831e-44	1.5443431728e-21	8.5094152176e-15	1.4903559026e-19	5.2191067182e-08	2.5945789068e-29	3.7897145521e-37	1.3067295866e-13	5.1995768491e-16	1.2535130194e-12	1.7731158457e-14	8.2062317310e-18	6.6296455620e-28	3.7841154512e-13	4.4910857694e-13	2.3712490181e-07	1.7536130396e-12	1.8191859314e-16	1.1667686242e-16	1.3620755689e-08	1.2544758800e-10	2.0229668743e-15	1.8792764392e-17	8.0320595460e-20	1.2600573845e-24	8.8498488508e-18	4.2551866354e-16	2.3712490181e-07	4.6653709791e-19	3.3078052724e-26
1.0985411400e-03	6.5756831235e+02	2.2584506661e+16	1.2100177077e+16	2.3142167725e+00	3.2489048815e-48	6.1606954433e-14	1.3556738387e-01	7.8942520951e-36	2.6405768944e-34	2.4260121657e-24	2.3297434807e-16	1.8230877659e-25	5.8643126058e-23	6.2465018364e-15	1.8522201273e-20	2.5104677412e-07	3.8526054890e-06	6.8763063248e-05	9.0115884224e-32	4.0323220957e-06	2.0066063644e-19	0.0000000000e+00	1.9456077177e-42	3.0736885720e-13	1.1317562827e-16	1.5542949887e-21	2.0416571541e-30	9.2131604845e-34	6.5997521287e-15	4.0104082286e-16	4.5589164985e-04	1.7535543346e-32	8.1287112694e-32	5.6447086681e-55	9.2961676454e-45	9.2242961181e-06	1.0065043317e-07	5.4723637736e-57	3.0912658329e-40	4.5503822442e-19	3.7597752458e-28	2.4797371592e-14	3.8672381299e-23	4.8050149247e-13	4.5514797020e-30	1.0120108095e-25	1.4356215363e-28	1.5577804845e-16	6.9081983862e-27	1.1173684903e-19	7.5981438035e-33	3.2257977308e-52	1.5327657566e-30	2.1329769866e-38	1.1956850248e-57	6.6149156772e-32	4.4848085547e-74	9.1599477187e-38	3.6222335815e-49	3.4644553459e-30	3.2993298710e-33	2.2963972375e-42	1.4302660862e-62	2.6998201553e-21	2.9718134359e-42	8.6302809358e-01	3.6081676737e-21	1.7245342844e-30	6.5657176845e-04	1.1315888286e-07	3.7440420595e-30	7.6106532068e-28	4.5001748240e-47	1.3419187971e-74	5.8385440591e-05	3.1947374102e-35	4.3082813645e-81	6.6495276414e-101	1.2672990426e-123	1.5709106349e-37	2.7673714926e-72	2.9014004714e-28	1.5442908317e-35	1.9681679320e-19	2.9748067902e-30	7.9229768926e-19	1.9724065077e-27	1.6488429378e-25	1.7949152784e-40	7.3009066343e-26	6.5938020313e-28	2.2117913187e-31	3.8032408260e-21	1.0454960969e-58	1.2527410839e-38	1.2926860681e-48	1.1771859788e-33	3.4400685049e-40	6.7549828475e-29	4.0140965054e-29	2.5458468607e-40	2.8451011520e-29	3.4375376695e-27	2.2993201945e-18	1.2756106750e-20	8.5171322394e-33	3.4325971488e-21	9.3769222828e-42	6.8378980443e-20	3.3121374765e-34	1.1173684903e-19	2.6243864060e-29	3.2391603415e-35	3.3233983924e-33	6.4848640772e-51	5.4922109405e-43	5.7247983526e-28	1.4427724289e-37	1.3057584954e-52	1.0454450716e-44	8.7996117716e-32	6.8400926368e-46	3.9833752333e-25	7.3622276469e-12	1.6490576058e-07	1.9122958112e-08	9.1028016172e-28	4.0140039548e-44	6.6842436351e-30	2.7622302636e-36	1.5320642202e-21	2.5923843565e-39	1.2306919651e-07	2.2211842670e-07	2.1365092324e-31	5.4940980383e-44	1.1556517036e-37	3.4689308179e-28	9.4746592146e-18	3.2973118063e-13	5.3685279141e-08	4.0851135401e-14	4.4575727100e-16	2.2827319262e-05	8.3396830213e-22	9.2746971577e-22	1.2116488033e-24	1.0463875364e-38	1.5805521176e-11	9.1378046274e-21	9.4407511687e-25	9.7050487075e-14	1.0836200637e-17	6.6765978091e-05	1.9605355116e-22	6.0015628136e-12	1.7269576698e-28	3.7693778382e-38	5.6618090151e-05	1.4119502567e-49	9.2131604845e-34	2.5994048318e-50	1.7953750185e-16	5.2928311110e-26	7.7049070234e-25	3.4541696141e-33	6.9646264657e-63	1.0946383560e-23	8.6824024117e-30	1.0768570957e-44	7.3641702620e-45	1.0979762183e-21	6.9831366380e-15	9.3358208953e-20	3.7149576563e-08	1.3563616033e-29	1.6719687690e-37	1.3805099645e-13	3.2677186616e-16	8.0992501818e-13	1.4137764799e-14	6.6961323230e-18	4.4292343909e-28	2.5307984065e-13	4.4827772816e-13	2.4666446344e-07	1.8160499826e-12	1.2677227934e-16	7.3660400424e-17	1.1650384783e-08	1.0066969775e-10	1.1925576392e-15	9.0437516030e-18	3.8035626438e-20	1.6222598099e-24	5.0546014236e-18	3.3206326076e-16	2.4666446344e-07	4.9507687977e-19	3.0413064877e-26
7.1968567300e-04	6.4979483006e+02	1.4972637964e+16	8.0220041519e+15	2.3141984357e+00	1.2939300868e-48	4.7013507076e-14	1.3556630953e-01	3.4514745146e-36	1.3516855642e-34	1.7531744358e-24	1.7026082904e-16	9.4040745521e-26	3.1514202670e-23	4.7715333657e-15	1.4287243621e-20	2.5104486787e-07	3.8525764387e-06	6.8762518413e-05	5.1158296351e-32	4.0322901454e-06	1.1870193144e-19	0.0000000000e+00	8.1807505782e-43	2.8968939410e-13	1.0762039214e-16	1.2858299324e-21	1.0983672401e-30	4.5625521293e-34	6.1976232618e-15	2.9952849265e-16	4.5194660800e-04	1.0432981027e-32	5.4982932138e-32	1.7697510838e-55	3.9005055884e-45	1.3111666223e-05	1.5462917434e-07	2.1290646695e-57	1.7489276477e-40	4.3878898405e-19	2.5357815430e-28	2.3417821454e-14	2.5688280012e-23	4.0515441714e-13	3.1535677165e-30	6.3048219415e-26	8.3438217027e-29	1.1861320604e-16	5.3316901758e-27	1.1543137917e-19	5.8712147203e-33	1.4023611251e-52	1.2280696366e-30	1.4990144277e-38	5.7778477351e-58	8.3014951353e-32	1.7771163705e-74	8.5582980920e-38	2.8249251725e-49	1.5865179031e-30	1.5430928377e-33	9.2463527193e-43	3.7820538504e-63	1.7872810684e-21	1.2139613522e-42	8.6303321622e-01	1.9433823014e-21	7.2005828381e-31	6.5254281008e-04	8.3102197942e-08	1.3301233597e-30	4.4749212167e-28	1.7465934147e-47	2.7874886686e-75	5.8400005874e-05	1.5536482477e-35	6.9728902522e-82	7.3775186898e-102	8.1263383873e-125	8.0983437870e-38	6.0792899270e-73	1.3608934062e-28	5.0847258012e-36	1.1429814026e-19	1.3707758392e-30	5.4756856640e-19	9.6807655656e-28	1.0061026234e-25	1.2191720777e-40	6.3810106529e-26	4.9712762162e-28	1.2707451386e-31	2.7900206929e-21	5.8529871447e-59	1.1442907138e-38	8.0482301298e-49	1.0457008335e-33	2.3178051018e-40	5.8802030876e-29	3.0448655181e-29	1.2855655162e-40	1.8141925957e-29	2.5194214128e-27	2.0600176563e-18	9.4255811137e-21	6.3994219447e-33	2.8964478891e-21	4.9584616159e-42	6.0623596454e-20	1.7474472238e-34	1.1543137917e-19	1.9278044589e-29	1.4854115171e-35	2.9509977072e-33	2.6910589831e-51	3.3908005777e-43	5.0826150964e-28	4.9557439302e-38	4.4480818846e-53	4.0199217640e-45	1.2923658183e-31	7.0639573606e-46	3.5276133071e-25	5.8281121500e-12	1.6490598800e-07	1.9122808065e-08	3.8712887832e-28	1.9154945170e-44	2.9060348644e-30	1.8844410229e-36	9.3563372273e-22	1.0835255415e-39	1.2252523478e-07	2.2265965332e-07	1.2033349229e-31	2.7035535200e-44	6.2040567734e-38	2.2424424467e-28	7.7698700067e-18	2.4679297930e-13	5.3684853762e-08	2.7677616080e-14	4.6229585565e-16	2.2827131400e-05	6.9484574089e-22	8.7035598545e-22	1.0944443974e-24	7.0867893023e-39	2.2809045912e-11	9.0505243635e-21	7.5358062198e-25	8.3433600553e-14	9.6478327337e-18	6.6765449067e-05	9.8230997755e-23	4.5254287488e-12	8.5516881005e-29	1.5909362910e-38	5.6617641535e-05	4.7781431658e-50	4.5625521293e-34	6.8007190618e-51	2.4003360876e-16	3.4542766940e-26	7.3118357087e-25	3.1644304918e-33	5.4566639325e-63	7.8616708731e-24	5.7784614323e-30	5.3940075569e-45	3.9716514358e-45	8.2432926536e-22	5.8289848574e-15	6.2703830545e-20	2.6162763363e-08	7.5442778338e-30	7.9704964944e-38	1.4339308441e-13	2.1525555949e-16	5.3484959898e-13	1.1752565069e-14	5.6679852414e-18	3.1271653535e-28	1.6813666584e-13	4.2294740705e-13	2.5375621843e-07	1.8560914199e-12	9.1357938731e-17	4.7524010074e-17	1.0094286624e-08	7.8531376309e-11	7.0831462294e-16	4.2845636487e-18	1.8157438862e-20	1.9029791855e-24	2.9840771795e-18	2.5200737495e-16	2.5375621843e-07	5.1498264141e-19	2.7757915371e-26
4.7148663600e-04	6.4337011927e+02	9.9068197365e+15	5.3079250002e+15	2.3141666874e+00	6.7280713113e-49	3.8667020142e-14	1.3556444904e-01	1.7732638191e-36	8.1545326704e-35	1.4230899828e-24	1.3586380200e-16	5.4055049118e-26	1.8853378242e-23	3.8214522570e-15	1.1718311134e-20	2.5104148357e-07	3.8525246600e-06	6.8761575059e-05	3.2772175462e-32	4.0322348258e-06	7.6978212564e-20	0.0000000000e+00	4.3091190644e-43	2.9198976053e-13	1.0870150740e-16	1.1930956100e-21	6.8939385094e-31	2.6701653861e-34	6.1933042623e-15	2.4001105073e-16	4.4509667955e-04	7.3679073785e-33	4.3041867041e-32	7.0404882115e-56	1.9847582354e-45	1.9861059003e-05	2.4877045006e-07	1.1501851845e-57	1.2544111592e-40	4.7782053485e-19	1.9754107758e-28	2.3458313440e-14	1.8497933714e-23	3.4532442143e-13	2.4187445264e-30	4.3110136812e-26	5.3804330030e-29	9.2967687517e-17	4.6294159565e-27	1.3250568263e-19	5.4500786138e-33	8.0520556492e-53	1.1436775788e-30	1.3275566488e-38	3.9719848403e-58	1.2643233376e-31	1.0948905339e-74	1.0190914792e-37	2.8879099247e-49	8.2019076576e-31	8.0763130544e-34	4.2414830809e-43	1.2096945301e-63	1.2964717964e-21	5.8248224037e-43	8.6304206408e-01	1.1149498539e-21	3.2238465594e-31	6.4557620366e-04	5.9946246534e-08	4.8653167346e-31	2.9366931870e-28	8.0263280640e-48	7.5143185083e-76	5.8410782080e-05	8.4048869993e-36	1.4732896483e-82	1.1270174077e-102	7.7701194759e-126	4.8879637199e-38	1.7754364936e-73	6.9470253021e-29	1.8024785803e-36	6.7095126427e-20	6.8396382384e-31	3.9763222264e-19	5.0949171450e-28	6.7965653611e-26	1.0463400406e-40	6.3451788578e-26	4.2222207700e-28	8.0325444655e-32	2.0978395344e-21	4.6726102185e-59	1.3368026900e-38	6.5812492860e-49	1.1171370015e-33	1.8971671980e-40	5.7819491957e-29	2.4957993637e-29	7.2309280278e-41	1.2024799053e-29	2.1056757306e-27	1.9739073285e-18	7.2033108948e-21	5.7880758961e-33	2.6178145273e-21	3.1280956355e-42	5.7262392278e-20	1.0302869822e-34	1.3250568263e-19	1.6054355381e-29	7.6047246461e-36	3.1763553797e-33	1.4376166501e-51	2.5978860339e-43	5.1213219141e-28	1.8814562637e-38	1.8165524802e-53	1.7597960566e-45	2.2199340124e-31	9.3132752918e-46	3.5469826101e-25	4.8100229507e-12	1.6490474364e-07	1.9122546667e-08	1.8417290273e-28	1.1641924818e-44	1.4069418335e-30	1.5406055756e-36	6.0018798626e-22	5.5555026765e-40	1.2469096283e-07	2.2048918963e-07	7.2823211025e-32	1.6073373314e-44	3.8418732991e-38	1.5718813083e-28	6.4430639630e-18	1.8697412324e-13	5.3684117252e-08	1.9276668005e-14	5.0918742470e-16	2.2826806048e-05	6.3260670608e-22	8.7140587528e-22	1.0668686611e-24	5.3577802282e-39	3.4999368208e-11	1.0159800354e-20	6.8218612484e-25	7.5887149925e-14	9.0392720759e-18	6.6764533102e-05	5.3310589925e-23	3.4500551010e-12	4.7461817776e-29	7.6734000248e-39	5.6616864789e-05	2.0321303727e-50	2.6701653861e-34	2.2646910533e-51	3.4721298967e-16	2.4894302471e-26	7.4723056864e-25	3.1394753262e-33	4.7471079731e-63	6.1094106273e-24	4.1880665877e-30	3.0585506649e-45	2.3073122385e-45	6.6349877178e-22	4.9650222357e-15	4.6591114946e-20	1.8333337179e-08	4.6296134181e-30	4.2709972526e-38	1.4755102162e-13	1.5224916398e-16	3.6682340051e-13	1.0399231164e-14	5.0649434467e-18	2.3846733801e-28	1.1155446282e-13	3.7136649249e-13	2.5873932883e-07	1.8720025029e-12	6.9332659241e-17	3.1788060723e-17	9.0569583461e-09	6.1159660286e-11	4.3258506087e-16	2.0243487383e-18	8.9210677373e-21	2.0255852259e-24	1.8737266794e-18	1.8509787858e-16	2.5873932883e-07	5.2772203801e-19	2.5334110376e-26
3.0888436000e-04	6.3832350639e+02	6.5413922416e+15	3.5048655131e+15	2.3141099406e+00	4.6520985606e-49	3.4506021618e-14	1.3556112594e-01	1.0862193686e-36	5.8617578032e-35	1.3110683300e-24	1.2052560062e-16	3.5095288145e-26	1.2775377939e-23	3.2347025258e-15	1.0269271946e-20	2.5103537118e-07	3.8524309799e-06	6.8759888954e-05	2.3948126003e-32	4.0321359509e-06	5.5619829429e-20	0.0000000000e+00	2.8854689028e-43	3.1488361000e-13	1.1615588629e-16	1.2428338402e-21	5.0903585261e-31	1.8642911159e-34	6.5612713495e-15	2.0649537474e-16	4.3283833077e-04	6.2372128129e-33	3.9139606258e-32	3.6104942257e-56	1.2392146081e-45	3.1941432694e-05	4.1531635513e-07	8.7870666563e-58	1.1521894185e-40	5.8740902807e-19	1.7806655526e-28	2.4781305549e-14	1.4384681525e-23	2.9453084383e-13	2.0417191046e-30	3.2320627416e-26	3.8492826361e-29	7.4508354497e-17	4.5023213973e-27	1.6807952319e-19	6.0862717379e-33	6.1907830868e-53	1.2407462431e-30	1.4898542807e-38	3.9426962713e-58	2.3201452983e-31	1.0670091673e-74	1.5453997550e-37	3.8766183516e-49	4.8394617866e-31	4.7605717759e-34	2.2258003871e-43	4.7069236211e-64	1.0350836469e-21	3.3056820534e-43	8.6305785663e-01	6.8529638038e-22	1.5576379484e-31	6.3313339486e-04	4.2411742753e-08	1.8373611095e-31	2.1641562635e-28	4.4005733428e-48	2.6605698150e-76	5.8418116288e-05	5.0872310472e-36	4.1150473444e-83	2.4027457424e-103	1.1266708919e-126	3.4770316520e-38	6.9919024005e-74	3.8892524886e-29	6.9258604806e-37	3.9633731109e-20	3.7015501117e-31	3.0308016059e-19	2.8774927096e-28	5.1013386882e-26	1.1394482201e-40	7.1413324879e-26	4.0152430155e-28	5.5412135294e-32	1.5935683412e-21	5.3695598200e-59	1.9964673867e-38	7.0826344321e-49	1.4269055418e-33	1.8771624663e-40	6.3491479161e-29	2.1768829606e-29	4.4734815259e-41	8.1304060102e-30	2.0080250910e-27	2.0125148147e-18	5.6578460956e-21	6.3007183810e-33	2.5076171052e-21	2.3564210812e-42	5.7093917353e-20	6.7549485324e-35	1.6807952319e-19	1.5100990156e-29	4.3568068046e-36	4.1459922138e-33	1.0000659976e-51	2.4764140599e-43	5.8249869459e-28	7.9673872387e-39	8.9221106095e-54	8.7578787277e-46	4.3733224410e-31	1.5492393962e-45	4.0276146431e-25	4.1702270509e-12	1.6490133967e-07	1.9122078347e-08	9.9673794377e-29	9.1755781921e-45	7.7167180474e-31	1.5225338110e-36	4.0775277160e-22	3.5661068817e-40	1.2986116703e-07	2.1531052124e-07	4.7450202669e-32	1.1670008225e-44	2.7622622286e-38	1.1960414466e-28	5.3746062564e-18	1.4354245376e-13	5.3682800858e-08	1.3835679119e-14	5.9877986388e-16	2.2826224435e-05	6.3193268830e-22	9.2910534814e-22	1.1256243048e-24	4.5143828979e-39	5.6875598117e-11	1.2998662975e-20	7.0434795753e-25	7.3394344301e-14	8.9523194888e-18	6.6762895962e-05	3.1685115061e-23	2.6619194598e-12	2.9951840211e-29	4.2818845839e-39	5.6615476481e-05	1.1045176964e-50	1.8642911159e-34	9.8088840063e-52	5.4411059458e-16	1.9987941853e-26	8.2766727454e-25	3.3962857425e-33	4.6251720387e-63	5.1539367474e-24	3.3055810282e-30	1.9625693206e-45	1.4314006861e-45	5.7291933597e-22	4.2994217017e-15	3.9039240176e-20	1.2907526440e-08	3.2145119836e-30	2.6324219232e-38	1.5158843768e-13	1.1754828491e-16	2.6485335683e-13	9.9117671949e-15	4.8133494007e-18	1.9749738685e-28	7.4374437912e-14	2.9992039004e-13	2.6191227671e-07	1.8583315404e-12	5.6021919576e-17	2.2255269443e-17	8.6135550416e-09	4.9497099090e-11	2.7789011665e-16	9.7308465141e-19	4.6155072703e-21	1.9728583883e-24	1.2839567017e-18	1.3100799519e-16	2.6191227671e-07	5.3457079969e-19	2.3142850439e-26
2.0235896500e-04	6.3453376316e+02	4.3108605515e+15	2.3098511317e+15	2.3140095042e+00	4.1707170873e-49	3.3279401728e-14	1.3555524197e-01	7.8662134450e-37	4.9406022621e-35	1.3625130057e-24	1.2013198272e-16	2.5783037603e-26	9.8972205295e-24	2.9082605882e-15	9.5692161800e-21	2.5102450760e-07	3.8522643599e-06	6.8756904620e-05	1.9836035917e-32	4.0319609469e-06	4.5239566069e-20	0.0000000000e+00	2.4002240894e-43	3.5796674311e-13	1.2846505162e-16	1.4178877727e-21	4.3370052605e-31	1.5221092614e-34	7.2089857956e-15	1.8792669127e-16	4.1112861272e-04	6.2021482479e-33	4.0264262338e-32	2.3306148312e-56	9.2924664525e-46	5.3347078663e-05	6.9915907214e-07	9.1227609619e-58	1.3086011111e-40	7.9194919266e-19	1.8022301527e-28	2.6908878973e-14	1.1761144706e-23	2.4564785701e-13	1.8309324329e-30	2.5949218574e-26	2.9822788164e-29	5.9838244930e-17	4.7300496393e-27	2.2735532643e-19	7.8583641742e-33	6.1406837496e-53	1.5208906914e-30	2.0309909518e-38	5.3626293133e-58	4.8358987836e-31	1.5360971955e-74	2.8163771968e-37	6.4383931035e-49	3.2384921025e-31	3.1184844449e-34	1.3074592277e-43	2.1570197078e-64	8.9849134767e-22	2.1677435044e-43	8.6308578803e-01	4.4979103999e-22	8.0925038903e-32	6.1112524728e-04	2.9459140074e-08	7.1533811599e-32	1.7674076392e-28	2.8108963764e-48	1.1934574104e-76	5.8422056167e-05	3.4004165651e-36	1.4651135642e-83	6.8230084515e-104	2.3371268480e-127	2.8481893311e-38	3.5770161823e-74	2.3774670414e-29	2.8736181177e-37	2.3283419214e-20	2.1395979386e-31	2.3914319424e-19	1.7181977894e-28	4.1842631778e-26	1.5034454287e-40	8.7346252602e-26	4.1073149206e-28	4.0128639195e-32	1.1807629533e-21	8.3327063931e-59	3.5963498417e-38	9.4518133050e-49	2.0627321212e-33	2.1242578409e-40	7.3949474838e-29	1.9234404479e-29	2.8933312034e-41	5.3495731172e-30	2.1214175169e-27	2.1270374937e-18	4.4747260124e-21	7.9023769957e-33	2.4523176973e-21	2.0380225939e-42	5.8119933081e-20	4.7515277777e-35	2.2735532643e-19	1.5466649372e-29	2.7360770702e-36	6.2797296758e-33	8.7398606529e-52	2.8072183383e-43	7.1817768287e-28	3.7439153709e-39	5.0855203351e-54	4.7941083221e-46	9.1576356270e-31	2.9997222337e-45	4.9595797378e-25	3.8182664317e-12	1.6489453435e-07	1.9121248731e-08	6.1896024463e-29	9.1884864676e-45	4.8392416747e-31	1.7745188267e-36	2.9482073433e-22	2.8456247690e-40	1.3801566983e-07	2.0714103718e-07	3.2864833751e-32	1.0114005703e-44	2.2593526059e-38	9.7111027752e-29	4.4498530019e-18	1.1159675127e-13	5.3680470901e-08	1.0219056291e-14	7.4934204881e-16	2.2825194849e-05	6.8425902390e-22	1.0357342204e-21	1.2706372451e-24	4.1212581169e-39	9.5746554067e-11	1.8618125616e-20	8.1470331454e-25	7.5253703755e-14	9.3463717039e-18	6.6759998298e-05	2.0692253760e-23	2.0773830358e-12	2.1529108551e-29	2.7456179804e-39	5.6613019238e-05	7.5246029308e-51	1.5221092614e-34	5.4560412139e-52	9.0947747930e-16	1.7786367821e-26	9.8964971981e-25	3.9886853981e-33	5.0165053204e-63	4.6653832525e-24	2.7865869226e-30	1.3844181786e-45	9.1671028228e-46	5.2283875747e-22	3.7385401255e-15	3.7257359124e-20	9.2735104075e-09	2.5709883724e-30	1.8838465740e-38	1.5681797297e-13	1.0021914856e-16	2.0401165188e-13	1.0222083382e-14	4.8522673813e-18	1.7565804972e-28	5.0221975677e-14	2.2036892928e-13	2.6340581807e-07	1.8039547598e-12	4.8441232072e-17	1.6405294811e-17	8.9355989220e-09	4.4247627395e-11	1.9330754968e-16	4.9070333149e-19	2.5887345695e-21	1.7955595196e-24	9.8670962238e-19	8.8862873342e-17	2.6340581807e-07	5.3599622390e-19	2.1013115568e-26
1.3257113700e-04	6.3179202500e+02	2.8362187222e+15	1.5198163714e+15	2.3138422945e+00	4.5786787443e-49	3.4309045896e-14	1.3554544728e-01	6.5770291849e-37	4.7134958300e-35	1.5702116250e-24	1.3553157848e-16	2.1331780834e-26	8.8235837931e-24	2.7889618337e-15	9.3758490376e-21	2.5100639289e-07	3.8519864420e-06	6.8751936367e-05	1.8295542021e-32	4.0316696043e-06	4.1789577853e-20	0.0000000000e+00	2.3566600437e-43	4.1718261381e-13	1.4156075621e-16	1.6918891729e-21	4.0938608821e-31	1.3927008980e-34	7.9058407446e-15	1.7585473945e-16	3.7497844891e-04	6.9379650978e-33	4.4545665862e-32	1.7959338070e-56	7.9895201550e-46	8.9030505260e-05	1.1322186246e-06	1.1830744191e-57	1.7119551370e-40	1.1094597736e-18	1.9341352782e-28	2.8720276389e-14	9.6375492702e-24	1.9294376097e-13	1.6392208871e-30	2.1375289904e-26	2.3934747086e-29	4.6574249946e-17	5.0326478225e-27	3.0801605854e-19	1.0892765395e-32	7.2762016569e-53	1.9873462795e-30	3.1008376159e-38	8.9903488420e-58	1.0308719007e-30	2.8486082027e-74	5.5379395052e-37	1.1828710947e-48	2.4144826546e-31	2.2083053036e-34	8.2481005053e-44	1.0949104000e-64	8.2739550727e-22	1.5688820994e-43	8.6313223950e-01	3.1234317333e-22	4.4748563536e-32	5.7452877102e-04	2.0142505424e-08	2.8589810013e-32	1.5565360352e-28	1.9956100735e-48	6.3132301832e-77	5.8422491913e-05	2.4437063555e-36	6.1838774130e-84	2.3549480514e-104	6.1859982843e-128	2.5673104145e-38	2.2050228206e-74	1.5672875099e-29	1.2736103096e-37	1.3339110049e-20	1.2822710993e-31	1.9045788593e-19	1.0544766773e-28	3.6289017833e-26	2.2000473535e-40	1.0792159451e-25	4.2070967639e-28	2.8498360457e-32	8.0553806680e-22	1.5421429695e-58	7.0117728521e-38	1.3981124098e-48	3.0559217133e-33	2.4858420057e-40	8.3489270935e-29	1.5836846050e-29	1.7916291964e-41	3.1688871316e-30	2.3491741285e-27	2.2257741989e-18	3.4439746648e-21	1.0527000831e-32	2.2962035380e-21	1.8810151428e-42	5.7086620588e-20	3.3651719440e-35	3.0801605854e-19	1.6153208839e-29	1.8124778650e-36	1.0164365902e-32	8.9184658191e-52	3.4729956858e-43	8.9251673597e-28	1.9237488146e-39	3.1461833252e-54	2.7203005676e-46	1.7875276905e-30	5.8533047435e-45	6.1581590781e-25	3.7106205958e-12	1.6488272672e-07	1.9119867182e-08	4.4358040073e-29	1.1128343486e-44	3.4923395079e-31	2.3165871848e-36	2.2775574063e-22	2.7509506388e-40	1.4887600208e-07	1.9625576451e-07	2.3625712234e-32	9.9728636640e-45	2.0174821506e-38	8.1478343291e-29	3.5776945193e-18	8.7703711809e-14	5.3676592042e-08	7.7357644511e-15	9.8913863320e-16	2.2823480560e-05	7.8393546294e-22	1.1693686456e-21	1.5006306409e-24	3.8791358367e-39	1.6071176355e-10	2.8784952699e-20	1.0178222877e-24	8.1126293147e-14	1.0209033165e-17	6.6755174335e-05	1.4839450166e-23	1.6371498915e-12	1.7528230937e-29	1.9838617109e-39	5.6608928479e-05	6.1443702527e-51	1.3927008980e-34	3.7618154773e-52	1.5740751809e-15	1.7287084651e-26	1.2634980092e-24	5.0257897956e-33	5.9629960211e-63	4.4296677196e-24	2.4230640147e-30	1.0195532196e-45	5.7333657009e-46	4.9021353365e-22	3.1964769948e-15	4.0719306672e-20	6.9434805673e-09	2.4043913318e-30	1.5670073815e-38	1.6474524095e-13	9.5286543377e-17	1.7013895652e-13	1.1406452537e-14	5.1373088357e-18	1.6372689695e-28	3.4670063503e-14	1.4529916856e-13	2.6300442725e-07	1.6933373642e-12	4.4893070072e-17	1.2781643781e-17	1.0475802711e-08	4.7392924173e-11	1.5102058220e-16	2.7044612898e-19	1.6323295352e-21	1.5711303791e-24	8.7761614336e-19	5.7284932277e-17	2.6300442725e-07	5.3097170811e-19	1.8677823813e-26
8.6851137400e-05	6.2986542804e+02	1.8635722214e+15	9.9872061808e+14	2.3135951712e+00	5.7310976089e-49	3.7291896452e-14	1.3553096929e-01	6.1633544712e-37	4.8825608777e-35	1.9642256700e-24	1.7334542195e-16	1.9707075757e-26	9.0799586178e-24	2.8604003104e-15	9.5293555928e-21	2.5097960152e-07	3.8515753549e-06	6.8744593098e-05	1.8377557964e-32	4.0312389890e-06	4.4096148420e-20	0.0000000000e+00	2.5624340800e-43	4.8143626866e-13	1.4861150544e-16	1.9989009072e-21	4.0697056289e-31	1.3542792207e-34	8.2717613664e-15	1.6333908360e-16	3.2154112550e-04	8.2730545751e-33	4.9883602107e-32	1.5463312714e-56	7.4337418354e-46	1.4187851895e-04	1.6717510607e-06	1.7253773420e-57	2.3617541141e-40	1.5103607937e-18	2.0497596730e-28	2.8503462388e-14	7.4577296656e-24	1.3621535240e-13	1.3596648091e-30	1.7169750154e-26	1.8874653639e-29	3.3786714651e-17	5.0174145606e-27	3.8757998704e-19	1.4817711870e-32	9.3581867431e-53	2.5751346674e-30	4.8046062554e-38	1.6283123071e-57	1.9827152811e-30	5.7380825910e-74	1.0276874194e-36	2.0918544931e-48	1.9613278972e-31	1.6370702791e-34	5.3327750800e-44	5.7447403535e-65	7.8581682397e-22	1.1892030539e-43	8.6320078928e-01	2.2682555786e-22	2.5999807674e-32	5.2054409530e-04	1.3601618984e-08	1.1666913587e-32	1.4322875289e-28	1.4921438900e-48	3.6278367996e-77	5.8419521247e-05	1.8305110690e-36	2.8471321264e-84	8.8999863769e-105	1.8337096648e-128	2.4179397339e-38	1.5020474108e-74	1.0969822967e-29	5.9482507577e-38	7.2734886535e-21	7.6783354303e-32	1.4836268667e-19	6.4213768590e-29	3.1939230676e-26	3.1985423812e-40	1.2301994985e-25	3.9480361508e-28	1.8238122316e-32	4.7106315719e-22	2.9162376238e-58	1.2933839201e-37	1.9939561246e-48	4.1017666355e-33	2.6544415985e-40	8.1711578404e-29	1.0955423980e-29	9.5234889504e-42	1.5346105630e-30	2.5453771405e-27	2.1781784310e-18	2.4785263326e-21	1.3462634948e-32	1.9010109921e-21	1.6957558627e-42	5.0561166705e-20	2.2229383875e-35	3.8757998704e-19	1.5893911813e-29	1.2131374321e-36	1.5870415494e-32	9.7009806244e-52	4.2147272912e-43	1.0215172455e-27	1.0611476989e-39	1.9531395690e-54	1.4933933503e-46	2.7639774815e-30	9.6249195195e-45	7.0442346585e-25	3.8415924752e-12	1.6486498453e-07	1.9117824951e-08	3.6771773865e-29	1.5253633388e-44	2.9090359317e-31	3.1693793106e-36	1.8842701335e-22	3.1043941631e-40	1.6197544625e-07	1.8311945743e-07	1.7160691706e-32	1.0543370283e-44	1.8692355904e-38	6.7908400101e-29	2.7199181629e-18	6.9519572855e-14	5.3670858942e-08	5.9713249721e-15	1.3620329682e-15	2.2820946376e-05	9.2431281705e-22	1.2915392489e-21	1.8076452363e-24	3.5652321586e-39	2.5713188063e-10	4.5907780784e-20	1.3123592591e-24	9.1003521190e-14	1.1557987552e-17	6.6748044335e-05	1.1647834520e-23	1.3002606067e-12	1.6009073678e-29	1.5760153516e-39	5.6602882181e-05	5.7009775775e-51	1.3542792207e-34	3.0754574120e-52	2.7189399702e-15	1.8019539902e-26	1.6990812386e-24	6.6951446218e-33	7.6201837281e-63	4.2987604093e-24	2.0913177964e-30	7.4047339939e-46	3.3004844410e-46	4.5591708948e-22	2.6181916570e-15	5.0922176046e-20	5.5201448651e-09	2.6451481441e-30	1.5018341327e-38	1.7630218346e-13	1.0150454112e-16	1.5528732491e-13	1.3701264351e-14	5.6274155466e-18	1.5511028500e-28	2.4630774771e-14	8.4727986045e-14	2.5983754521e-07	1.5157089727e-12	4.4450896726e-17	1.0522599511e-17	1.4289031294e-08	6.5317503369e-11	1.3659359187e-16	1.6887910826e-19	1.1926018603e-21	1.3492449876e-24	9.2553098045e-19	3.4733807673e-17	2.5983754521e-07	5.1591650209e-19	1.5908615857e-26
5.6898660300e-05	6.2854064288e+02	1.2232885654e+15	6.5566945548e+14	2.3132848851e+00	7.6480254465e-49	4.2170745736e-14	1.3551279298e-01	6.2902200360e-37	5.3106885295e-35	2.6126117590e-24	2.4714855266e-16	2.0026919116e-26	1.0672092767e-23	3.1245809986e-15	9.9193508945e-21	2.5094595584e-07	3.8510590684e-06	6.8735373527e-05	1.9676915693e-32	4.0306983457e-06	5.2733515096e-20	0.0000000000e+00	2.9063737481e-43	5.3301048248e-13	1.4356276531e-16	2.2367532743e-21	4.0644769125e-31	1.3320734951e-34	7.9725755500e-15	1.4581215090e-16	2.5444773882e-04	1.0000998925e-32	5.3787606576e-32	1.3981691540e-56	7.0915307890e-46	2.0841108252e-04	2.1700776238e-06	2.5660976213e-57	3.1666026504e-40	1.8797393450e-18	2.0100074813e-28	2.5022825168e-14	5.1641349287e-24	8.2932457543e-14	9.8224473462e-31	1.2914197488e-26	1.4016929608e-29	2.2187548813e-17	4.3937861735e-27	4.2555381133e-19	1.8328496695e-32	1.1953061469e-52	3.0970840443e-30	6.9412370475e-38	2.8207093797e-57	3.1068814538e-30	1.0727618202e-73	1.5932187370e-36	3.1364888385e-48	1.6988325750e-31	1.2399849422e-34	3.4232896860e-44	2.9735024361e-65	7.5407885107e-22	9.0961293272e-44	8.6328666392e-01	1.7033441979e-22	1.5676584184e-32	4.5295675469e-04	9.0995280803e-09	4.8358722454e-33	1.3446471345e-28	1.1305519234e-48	2.1345295967e-77	5.8413936513e-05	1.3964382442e-36	1.3463655655e-84	3.4204811142e-105	5.5503429298e-129	2.2939186326e-38	1.0611382085e-74	8.0301329985e-30	2.8891397547e-38	3.6938820313e-21	4.4408993311e-32	1.0986008371e-19	3.7573440539e-29	2.7468909311e-26	4.1773613605e-40	1.1917815378e-25	3.1323298036e-28	9.7467475743e-33	2.2158203157e-22	4.8892884855e-58	1.9968047290e-37	2.4140546347e-48	4.4610849908e-33	2.3090694315e-40	6.2695134682e-29	5.8039045356e-30	3.9396330008e-42	5.5762481966e-31	2.5344084891e-27	1.8936382838e-18	1.6186028973e-21	1.5074225930e-32	1.2956862930e-21	1.3851862758e-42	3.8220427339e-20	1.2853581798e-35	4.2555381133e-19	1.3792471228e-29	7.9765555966e-37	2.1773942110e-32	1.0338565853e-51	4.5511283909e-43	9.9234240373e-28	6.1725052758e-40	1.1452315334e-54	7.5349291558e-47	2.9253387978e-30	1.1346337229e-44	6.8407275751e-25	4.2237073007e-12	1.6484249129e-07	1.9115260730e-08	3.4869841952e-29	2.1978555728e-44	2.7675251406e-31	4.2485295253e-36	1.6620288194e-22	3.8996887442e-40	1.7673083131e-07	1.6831779051e-07	1.2358268097e-32	1.1308954242e-44	1.7145426298e-38	5.4234796787e-29	1.9096736874e-18	5.5460259718e-14	5.3663660959e-08	4.6771496763e-15	1.9357377063e-15	2.2817764144e-05	1.0993718152e-21	1.3677857734e-21	2.1818410979e-24	3.0977236339e-39	3.7871511207e-10	7.2423706670e-20	1.6744461344e-24	1.0516502509e-13	1.3440516044e-17	6.6739092527e-05	9.9076690785e-24	1.0387103151e-12	1.6140351314e-29	1.3441230149e-39	5.6595290975e-05	5.7463379476e-51	1.3320734951e-34	2.8562206845e-52	4.5321322835e-15	1.9792626558e-26	2.3752873017e-24	9.2981407006e-33	1.0279053332e-62	4.1866405892e-24	1.7496554076e-30	5.1219692897e-46	1.6966655542e-46	4.0731955881e-22	2.0070805466e-15	7.1482970508e-20	4.6581223476e-09	3.3414047363e-30	1.6066033870e-38	1.8960560177e-13	1.1947745730e-16	1.5388304998e-13	1.7424679380e-14	6.2552243388e-18	1.4527732232e-28	1.7913381520e-14	4.3457262143e-14	2.5193952402e-07	1.2787475508e-12	4.6337884418e-17	9.0452192161e-18	2.2481054951e-08	1.1530994417e-10	1.4197741987e-16	1.1924815520e-19	1.0019646261e-21	1.1224230701e-24	1.1418995952e-18	1.9647115225e-17	2.5193952402e-07	4.8349326095e-19	1.2679750570e-26
3.7275937200e-05	6.2764370727e+02	8.0244322102e+14	4.3016163023e+14	2.3129582601e+00	1.0334323608e-48	4.9061321319e-14	1.3549366092e-01	6.8250702992e-37	5.9694422073e-35	3.6315120426e-24	3.7528921552e-16	2.1839437828e-26	1.3857864579e-23	3.5787835117e-15	1.0464838618e-20	2.5091053677e-07	3.8505155578e-06	6.8725669051e-05	2.2055958723e-32	4.0301292673e-06	6.9285022753e-20	0.0000000000e+00	3.2860571619e-43	5.5395413016e-13	1.2608221127e-16	2.3230231798e-21	3.9386970580e-31	1.2775469503e-34	6.9912768119e-15	1.2234749544e-16	1.8382500415e-04	1.1807398681e-32	5.4470234545e-32	1.2662814351e-56	6.6607733316e-46	2.7866494745e-04	2.4731632368e-06	3.6199646878e-57	3.8904295877e-40	2.0516133754e-18	1.7435160733e-28	1.8814015142e-14	3.0881344852e-24	4.2463481964e-14	5.9972451297e-31	8.9417081388e-27	9.6216493681e-30	1.3091321612e-17	3.2717846974e-27	3.9543613709e-19	1.9762573525e-32	1.4208501577e-52	3.3022904030e-30	8.9002949481e-38	4.2805633418e-57	3.7851099867e-30	1.6628719599e-73	1.8989564446e-36	3.6542089111e-48	1.5408165237e-31	9.5178733223e-35	2.1769386152e-44	1.5144353317e-65	7.2744614629e-22	6.9730226733e-44	8.6337681285e-01	1.3102441904e-22	9.7068938220e-33	3.8206297754e-04	6.0470124260e-09	2.0269987698e-33	1.2779306684e-28	8.6106674451e-49	1.2692044362e-77	5.8407214884e-05	1.0770450914e-36	6.4485854755e-85	1.3191759098e-105	1.6872278857e-129	2.1783296426e-38	7.6457777048e-75	6.0704497977e-30	1.4433287902e-38	1.7239816153e-21	2.4227914720e-32	7.5862666014e-20	2.0661259548e-29	2.2471209535e-26	4.5691354922e-40	9.2922856697e-26	1.9926494979e-28	4.1396402358e-33	8.0639535403e-23	6.5769292849e-58	2.3732744915e-37	2.2729727295e-48	3.6493824699e-33	1.5166140786e-40	3.5334607771e-29	2.2209031553e-30	1.1908050471e-42	1.4422204112e-31	2.2212211897e-27	1.4143161554e-18	9.5138151784e-22	1.3877753744e-32	6.9471593963e-22	9.8384131938e-43	2.4066121492e-20	6.3041906527e-36	3.9543613709e-19	1.0207178737e-29	5.1559929402e-37	2.4625829154e-32	1.0154651849e-51	4.0877008497e-43	7.7513995921e-28	3.7298725275e-40	6.2068513116e-55	3.4457903659e-47	1.9296520758e-30	8.6178675486e-45	5.3424405104e-25	4.8590331738e-12	1.6481858191e-07	1.9112561467e-08	3.6570450548e-29	3.0830108429e-44	2.9087234399e-31	5.2602863307e-36	1.5382689925e-22	5.1382657376e-40	1.9251008453e-07	1.5248982124e-07	8.7936326481e-33	1.1809508779e-44	1.5043637134e-38	4.0475795727e-29	1.2201937169e-18	4.4448670773e-14	5.3656084398e-08	3.7020871339e-15	2.8143122520e-15	2.2814413983e-05	1.3130061391e-21	1.3995491754e-21	2.6317552170e-24	2.5687008204e-39	5.0724767961e-10	1.0963741758e-19	2.0506401771e-24	1.2415337275e-13	1.5933595667e-17	6.6729669897e-05	8.9468394162e-24	8.3324278747e-13	1.7506281125e-29	1.2062813883e-39	5.6587300509e-05	6.1335355685e-51	1.2775469503e-34	2.9067010122e-52	7.1217684792e-15	2.2572940691e-26	3.4146158888e-24	1.3305698220e-32	1.4416316007e-62	4.0792333021e-24	1.4253828122e-30	3.3993295016e-46	7.9733031125e-47	3.4192745682e-22	1.4189205791e-15	1.0740491632e-19	4.0416341323e-09	4.5142596530e-30	1.7972942017e-38	1.9734731489e-13	1.4883388754e-16	1.5936375239e-13	2.2695820632e-14	6.8928532791e-18	1.3210597876e-28	1.3024494411e-14	1.9856703530e-14	2.3643060221e-07	1.0121367209e-12	4.9273905909e-17	7.8842258251e-18	3.8031786405e-08	2.2904140252e-10	1.5825968160e-16	8.9259222172e-20	9.0316773845e-22	8.4878683820e-25	1.5303590559e-18	1.0349628101e-17	2.3643060221e-07	4.2486841802e-19	9.2531768321e-27
2.4420530900e-05	6.2704297051e+02	5.2614067262e+14	2.8208115593e+14	2.3126662392e+00	1.3637871372e-48	5.8217399770e-14	1.3547655128e-01	7.7281475912e-37	6.9428384887e-35	5.2052198375e-24	5.7002674463e-16	2.4736713783e-26	1.8860382322e-23	4.1893548561e-15	1.1103394840e-20	2.5087886283e-07	3.8500295133e-06	6.8716991013e-05	2.5525090015e-32	4.0296203801e-06	9.5043073005e-20	0.0000000000e+00	3.5891681082e-43	5.3338719073e-13	1.0145556770e-16	2.2426121686e-21	3.6185123366e-31	1.1655572947e-34	5.6201856889e-15	9.5192977127e-17	1.2067087918e-04	1.3276212209e-32	5.1700101955e-32	1.1116339457e-56	5.9920201782e-46	3.4168445875e-04	2.5489503203e-06	4.6137679327e-57	4.2157300318e-40	1.9155017517e-18	1.3015318298e-28	1.1902927722e-14	1.5628869503e-24	1.8064077479e-14	3.0872484184e-31	5.7220769254e-27	6.1215449122e-30	7.0193126073e-18	2.0628211349e-27	3.1009768506e-19	1.8357285523e-32	1.5058721417e-52	3.0351103460e-30	9.9555936159e-38	5.3761980237e-57	3.5917650111e-30	1.9877055270e-73	1.6559352486e-36	3.1380419989e-48	1.4430567239e-31	7.4569513967e-35	1.4065360589e-44	7.8880581959e-66	7.1227905383e-22	5.4752305742e-44	8.6345719892e-01	1.0248777280e-22	6.1228776700e-33	3.1890663323e-04	3.9997621983e-09	8.5627671031e-34	1.2387708636e-28	6.7315421200e-49	7.8627448173e-78	5.8400863018e-05	8.4653743826e-37	3.2229953873e-85	5.3343292595e-106	5.4413309773e-130	2.1169240487e-38	5.7763992751e-75	4.6930918709e-30	7.3531252211e-39	7.3446528072e-22	1.2287011317e-32	4.8310748459e-20	1.0533929374e-29	1.7188129878e-26	4.0084943420e-40	5.6522739094e-26	9.8635266425e-29	1.3596074683e-33	2.2273136309e-23	6.6680582953e-58	2.0656293765e-37	1.5783509831e-48	2.1510646618e-33	7.1965592370e-41	1.4113892710e-29	5.9529140151e-31	2.5415615405e-43	2.5862298382e-32	1.6696358137e-27	8.9076522934e-19	5.0879182451e-22	1.0116742073e-32	2.8600871992e-22	6.0092375004e-43	1.2647587427e-20	2.6134156769e-36	3.1009768506e-19	6.4088760099e-30	3.3681496048e-37	2.2094103357e-32	8.8327671205e-52	2.9308172886e-43	4.7206415735e-28	2.3144898614e-40	3.1530844680e-55	1.4569737926e-47	7.5417344386e-31	3.9690210662e-45	3.2532539186e-25	5.7048466835e-12	1.6479692372e-07	1.9110147500e-08	4.0228392735e-29	3.8905155124e-44	3.2041643766e-31	5.7121391784e-36	1.4558659706e-22	6.6261429238e-40	2.0869117883e-07	1.3626516356e-07	6.2522102186e-33	1.1676359526e-44	1.2345093994e-38	2.7795352618e-29	7.0428311122e-19	3.5738442841e-14	5.3649309208e-08	2.9518225623e-15	4.1571951306e-15	2.2811417696e-05	1.5904838704e-21	1.4299298001e-21	3.2090117012e-24	2.1325182375e-39	6.2264449578e-10	1.5614497108e-19	2.3630719989e-24	1.4877064773e-13	1.9145392772e-17	6.6721243895e-05	8.3289410833e-24	6.7037385558e-13	1.9756800764e-29	1.1217214608e-39	5.6580155191e-05	6.8902212123e-51	1.1655572947e-34	3.1527060368e-52	1.0399548249e-14	2.6427923539e-26	5.0056051576e-24	1.9444502288e-32	2.0780318266e-62	4.0207783621e-24	1.1657973108e-30	2.2670747316e-46	3.6815938158e-47	2.6610469351e-22	9.1793722575e-16	1.6198471729e-19	3.4227465411e-09	5.9233457509e-30	1.9441583435e-38	1.9030810326e-13	1.8463868358e-16	1.6292187722e-13	2.9099896692e-14	7.3915304072e-18	1.1651795334e-28	9.1662258239e-15	8.3818600942e-15	2.1234225574e-07	7.5870026325e-13	5.1432671612e-17	6.7179871609e-18	6.2023147435e-08	4.1483936239e-10	1.6974161588e-16	6.3768646849e-20	7.8358578816e-22	5.3960778824e-25	1.9911599066e-18	5.1367437042e-18	2.1234225574e-07	3.4219390192e-19	6.1558548781e-27
1.5998587200e-05	6.2664357509e+02	3.4487575390e+14	1.8491720412e+14	2.3124401264e+00	1.7134035782e-48	7.0020160510e-14	1.3546330862e-01	9.0093316695e-37	8.4494511227e-35	7.6191865376e-24	8.2625347810e-16	2.8126825830e-26	2.5362683855e-23	4.8691794801e-15	1.1785908974e-20	2.5085434506e-07	3.8496532829e-06	6.8710273573e-05	3.0191697032e-32	4.0292264638e-06	1.2848346431e-19	0.0000000000e+00	3.7044636895e-43	4.7166175106e-13	7.6067671464e-17	2.0371468205e-21	3.1013051511e-31	9.9434368368e-35	4.2110929300e-15	6.8058493778e-17	7.1787338154e-05	1.3969853759e-32	4.6435267692e-32	9.2430956904e-57	5.0640600182e-46	3.9059132060e-04	2.4800931022e-06	5.1361241399e-57	3.9250203986e-40	1.5048572946e-18	8.2089786505e-29	6.2655368336e-15	6.6069107465e-25	6.3383533474e-15	1.3535799120e-31	3.4320424973e-27	3.6574712013e-30	3.4870403193e-18	1.1109430451e-27	2.0725274775e-19	1.4738829003e-32	1.3814526651e-52	2.3595577130e-30	9.7082142797e-38	5.3745099757e-57	2.7200928999e-30	1.7435805338e-73	1.0222746279e-36	1.9175030895e-48	1.3814206451e-31	6.0566153324e-35	9.6009365306e-45	4.4571297990e-66	7.2024843524e-22	4.5670610429e-44	8.6351926957e-01	8.1087172398e-23	3.9113371675e-33	2.7018075272e-04	2.6371722785e-09	3.6364681482e-34	1.2442594881e-28	5.5985603579e-49	5.3517723246e-78	5.8395835162e-05	6.8902685295e-37	1.7717569626e-85	2.4332705099e-106	2.0400214752e-130	2.1841521111e-38	4.8157293142e-75	3.6842596757e-30	3.7965268421e-39	2.8446024528e-22	5.7356173309e-33	2.8164761293e-20	4.9346709590e-30	1.2149774834e-26	2.7397981485e-40	2.6283930235e-26	3.7258140536e-29	3.3932108051e-34	4.6154142619e-24	4.8841136613e-58	1.2735851380e-37	7.8014784288e-49	8.8828137100e-34	2.3967579137e-41	3.9052944162e-30	1.0965050176e-31	3.7481496844e-44	3.1647866316e-33	1.0579123209e-27	4.6747734576e-19	2.5231786881e-22	5.6956345734e-33	8.9042219490e-23	3.1686311101e-43	5.6221317375e-21	9.2431215876e-37	2.0725274775e-19	3.4420169007e-30	2.3159987338e-37	1.5328286763e-32	6.6194907736e-52	1.6318587671e-43	2.1968955904e-28	1.4624724910e-40	1.5495523918e-55	5.9043044340e-48	1.6913900215e-31	1.0656373553e-45	1.5139205751e-25	6.6436291909e-12	1.6477987463e-07	1.9108278703e-08	4.3745663827e-29	4.0912593511e-44	3.4875218196e-31	5.1933245124e-36	1.3685689194e-22	7.7955621762e-40	2.2471025005e-07	1.2021237107e-07	4.5261503257e-33	1.0723507454e-44	9.3314555170e-39	1.7387183870e-29	3.6565876806e-19	2.8798709292e-14	5.3644064709e-08	2.3654196452e-15	6.2082230866e-15	2.2809098033e-05	1.9887016406e-21	1.5253237306e-21	4.0300282321e-24	1.8930055512e-39	7.1227073291e-10	2.0638360568e-19	2.5275101943e-24	1.8009595444e-13	2.3218505626e-17	6.6714721548e-05	7.7440167322e-24	5.4042240365e-13	2.2410086389e-29	1.0687098097e-39	5.6574624188e-05	8.1937380580e-51	9.9434368368e-35	3.5715641724e-52	1.3975954728e-14	3.1501398589e-26	7.4371555084e-24	2.8829312020e-32	3.0526690020e-62	4.0836757220e-24	9.9917263363e-31	1.6207382448e-46	1.8344924915e-47	1.9027954011e-22	5.4078459854e-16	2.3369077908e-19	2.7202233988e-09	7.0905722856e-30	1.9554162889e-38	1.6942854337e-13	2.1793248897e-16	1.5752222247e-13	3.6004021530e-14	7.7580788320e-18	1.0259876849e-28	6.1536237779e-15	3.4928224484e-15	1.8454393957e-07	5.5859917772e-13	5.1705596985e-17	5.4974768169e-18	8.9806107886e-08	5.8467544150e-10	1.6143318024e-16	4.0173835844e-20	6.0294934595e-22	2.8825954160e-25	2.3113017865e-18	2.4952592125e-18	1.8454393957e-07	2.5820443192e-19	3.9078477797e-27
1.0481131300e-05	6.2637935611e+02	2.2601831787e+14	1.2119564169e+14	2.3122872841e+00	2.0184126832e-48	8.4983385501e-14	1.3545435384e-01	1.0710937076e-36	1.0882252668e-34	1.1311642315e-23	1.1296148579e-15	3.1238446504e-26	3.2110609602e-23	5.4870090718e-15	1.2474202526e-20	2.5083776876e-07	3.8493989190e-06	6.8705731719e-05	3.6240663784e-32	4.0289601258e-06	1.6323454034e-19	0.0000000000e+00	3.5670892596e-43	3.8171157322e-13	5.4102287771e-17	1.7670567118e-21	2.4584450092e-31	7.8581507110e-35	2.9938168970e-15	4.4548900526e-17	3.8736104098e-05	1.3624912116e-32	3.9978179332e-32	7.1815504496e-57	3.9772386865e-46	4.2372133386e-04	2.3705253045e-06	4.9031193022e-57	3.0992990116e-40	9.8867600531e-19	4.3417585039e-29	2.7372261878e-15	2.3241527619e-25	1.8350256413e-15	5.1360481041e-32	1.9604787826e-27	2.0839077010e-30	1.6370139355e-18	5.1880661966e-28	1.1993113318e-19	1.0343378207e-32	1.0802013250e-52	1.5394683937e-30	8.3226628245e-38	4.1948341380e-57	1.6976216436e-30	1.0957121595e-73	4.4131635453e-37	8.2219089869e-49	1.3420580296e-31	5.1734252257e-35	7.1651990265e-45	2.8772947898e-66	7.6396016461e-22	4.1805441260e-44	8.6356115767e-01	6.4650268061e-23	2.5199695880e-33	2.3732138375e-04	1.7350211063e-09	1.5498685719e-34	1.3139241532e-28	5.1148056597e-49	4.1973924386e-78	5.8392426141e-05	5.8937819383e-37	1.1231172322e-85	1.3363399225e-106	9.6454045368e-131	2.4720137252e-38	4.6397444860e-75	2.9222921747e-30	1.9779277165e-39	1.0014141196e-22	2.4540739917e-33	1.4995369359e-20	2.1163209023e-30	7.8931864985e-27	1.4411333000e-40	9.2867935991e-27	1.0680516939e-29	6.4083612488e-35	7.1753069217e-25	2.5360978168e-58	5.4934740780e-38	2.7064547185e-49	2.5471272755e-34	5.5495004460e-42	7.4466277091e-31	1.3843450023e-32	3.8026205617e-45	2.6419504726e-34	5.6123673111e-28	2.0382003221e-19	1.1831596431e-22	2.4531543877e-33	2.0909259345e-23	1.4591747824e-43	2.1528169386e-21	2.8324147434e-37	1.1993113318e-19	1.6044737527e-30	1.7368492865e-37	8.1427325939e-33	4.2151858710e-52	6.9771966663e-44	7.7662329042e-29	9.3544986021e-41	7.6047094227e-56	2.3744418764e-48	2.1631334090e-32	1.6490122812e-46	5.3516681851e-26	7.4963410484e-12	1.6476812928e-07	1.9107014999e-08	4.4800611880e-29	3.3926518329e-44	3.5737947633e-31	3.8339130500e-36	1.2476511882e-22	7.9310141244e-40	2.4009676168e-07	1.0480305953e-07	3.3935739802e-33	9.0536247199e-45	6.4477466780e-39	9.8681203743e-30	1.7079242851e-19	2.3241303930e-14	5.3640518755e-08	1.9019248984e-15	9.3399217836e-15	2.2807529442e-05	2.6075921577e-21	1.7648655692e-21	5.2994782305e-24	1.9012185683e-39	7.7304656312e-10	2.5142969178e-19	2.4919258585e-24	2.1952249738e-13	2.8335255143e-17	6.6710311603e-05	7.0086623868e-24	4.3625384060e-13	2.4849358421e-29	1.0349868964e-39	5.6570884519e-05	1.0392540735e-50	7.8581507110e-35	4.1663301246e-52	1.7214851554e-14	3.8006178472e-26	1.1151002777e-23	4.3165418500e-32	4.5427881669e-62	4.3441307798e-24	9.3119139617e-31	1.3131545825e-46	1.0682000770e-47	1.2456240262e-22	2.8992623778e-16	3.1849358716e-19	2.0161787302e-09	7.7597483080e-30	1.8694138369e-38	1.4646644523e-13	2.4212308128e-16	1.4277857871e-13	4.3451319323e-14	8.2312425914e-18	9.4997795379e-29	3.9984321428e-15	1.5591623173e-15	1.6088578116e-07	4.2774444070e-13	5.0636376172e-17	4.3740396232e-18	1.1371792751e-07	6.2475186588e-10	1.3414927857e-16	2.2031694761e-20	4.0543832487e-22	1.4380457863e-25	2.3538837318e-18	1.2576522271e-18	1.6088578116e-07	1.9611504002e-19	2.5951262475e-27
6.8664884500e-06	6.2620514132e+02	1.4810645276e+14	7.9420815448e+13	2.3121967890e+00	2.2295735350e-48	1.0377014744e-13	1.3544905234e-01	1.2901642567e-36	1.4852079727e-34	1.6953040365e-23	1.4745158206e-15	3.3471869892e-26	3.7505416081e-23	5.9359533618e-15	1.3139793932e-20	2.5082795618e-07	3.8492483488e-06	6.8703042781e-05	4.3930817833e-32	4.0288024443e-06	1.9109739794e-19	0.0000000000e+00	3.2100300837e-43	2.8502605415e-13	3.7105191235e-17	1.4845485320e-21	1.8108276549e-31	5.7764095743e-35	2.0526760048e-15	2.6911649537e-17	1.9170235082e-05	1.2365015085e-32	3.3421212428e-32	5.2202080030e-57	2.9116592560e-46	4.4335748133e-04	2.2820188573e-06	4.0477836457e-57	2.1008121220e-40	5.5238367773e-19	1.9564441649e-29	1.0117884516e-15	6.9298208119e-26	4.4775100463e-16	1.7302184556e-32	1.0827267872e-27	1.1489511559e-30	7.3916493259e-19	2.1538435158e-28	6.1634433684e-20	6.4873497863e-33	7.2748500552e-53	8.5618849904e-31	6.4012227237e-38	2.6033611436e-57	9.0936198549e-31	5.0605332853e-74	1.3777427897e-37	2.5553505902e-49	1.3167027620e-31	4.6632757804e-35	5.9092477872e-45	2.1567893985e-66	8.5363715802e-22	4.2392643954e-44	8.6358592731e-01	5.1810109993e-23	1.6328049637e-33	2.1789863765e-04	1.1398400852e-09	6.6212869567e-35	1.4638674958e-28	5.1800287498e-49	3.8444515716e-78	5.8390438440e-05	5.3175432972e-37	8.3182555335e-86	9.0053297268e-107	5.8893376017e-131	3.0986124689e-38	5.2305079817e-75	2.3339329934e-30	1.0366731705e-39	3.2378943231e-23	9.6978456787e-34	7.3558391378e-21	8.3760530013e-31	4.7445982940e-27	5.9697134711e-41	2.5621706430e-27	2.3887914022e-30	9.4246872179e-36	8.6369357249e-26	9.6104115438e-59	1.7140578033e-38	6.8064637404e-50	5.2571072785e-35	9.2561548957e-43	1.0168478700e-31	1.2471014629e-33	2.7595428849e-46	1.5687713184e-35	2.5340810605e-28	7.5241275527e-20	5.3383138858e-23	8.2881624086e-34	3.8152555963e-24	6.0021315221e-44	7.2961278505e-22	7.7117164189e-38	6.1634433684e-20	6.6529965193e-31	1.4369975013e-37	3.3950996282e-33	2.3070332431e-52	2.3459292224e-44	2.1433996131e-29	6.0323914758e-41	3.8002654073e-56	9.6825001200e-49	1.6729765253e-33	1.5541350427e-47	1.4769656283e-26	8.1166370483e-12	1.6476106015e-07	1.9106266758e-08	4.2336567794e-29	2.2095087085e-44	3.3786000934e-31	2.3129490497e-36	1.0921172237e-22	6.8848279748e-40	2.5449335232e-07	9.0392970539e-08	2.6502126236e-33	7.0536025744e-45	4.0957415038e-39	5.1231061993e-30	7.2559900962e-20	1.8775140000e-14	5.3638419425e-08	1.5327058527e-15	1.4121098181e-14	2.2806600649e-05	3.6011799610e-21	2.2446759063e-21	7.3328000708e-24	2.2028954081e-39	8.0912701752e-10	2.8396142238e-19	2.2777141934e-24	2.6881339702e-13	3.4725150921e-17	6.6707700760e-05	6.1055673246e-24	3.5248457005e-13	2.6597791705e-29	1.0133247800e-39	5.6568670503e-05	1.4041127245e-50	5.7764095743e-35	4.9560375297e-52	1.9584108317e-14	4.6226511540e-26	1.6821839484e-23	6.5057833973e-32	6.8193957621e-62	4.8634280616e-24	9.5553886173e-31	1.2288242743e-46	7.4817199335e-48	7.5252399225e-23	1.4287354394e-16	4.1488115111e-19	1.4160594511e-09	8.0444294090e-30	1.7729650280e-38	1.3000726351e-13	2.5648488361e-16	1.2306184041e-13	5.2246994139e-14	9.0926712643e-18	9.5939306168e-29	2.5751451867e-15	7.8425883046e-16	1.4528599775e-07	3.5464911995e-13	4.9364617846e-17	3.4599878348e-18	1.2977828115e-07	5.3910851633e-10	1.0041039693e-16	1.0855834842e-20	2.4558500642e-22	7.5152252842e-26	2.1652141671e-18	6.8523956557e-19	1.4528599775e-07	1.5985793712e-19	1.9363127241e-27
4.4984326700e-06	6.2609052376e+02	9.7044535609e+13	5.2040369439e+13	2.3121492764e+00	2.3446922773e-48	1.2721917171e-13	1.3544627005e-01	1.5675806984e-36	2.1236556492e-34	2.5567678920e-23	1.8702091923e-15	3.4738145218e-26	4.0856226826e-23	6.1995205530e-15	1.3762886566e-20	2.5082280605e-07	3.8491693264e-06	6.8701631152e-05	5.3600634906e-32	4.0287196651e-06	2.0848521870e-19	0.0000000000e+00	2.7440483083e-43	2.0046302449e-13	2.4882398870e-17	1.2230504494e-21	1.2621760640e-31	4.0208903642e-35	1.3762408931e-15	1.5314852015e-17	8.9005040402e-06	1.0628993799e-32	2.7444951658e-32	3.6070471333e-57	2.0213335121e-46	4.5367073904e-04	2.2289228908e-06	2.9955968482e-57	1.2703018357e-40	2.7360419457e-19	7.8251498336e-30	3.3044879620e-16	1.8277696536e-26	9.6281011464e-17	5.3604404862e-33	5.8569565567e-28	6.2082872064e-31	3.2578613886e-19	8.2305198331e-29	2.9136073287e-20	3.7584488431e-33	4.3802595478e-53	4.2281128949e-31	4.5594095769e-38	1.3610545791e-57	4.3876712421e-31	1.8566066057e-74	3.3803596666e-38	6.2513249743e-50	1.3002764799e-31	4.3916758417e-35	5.2926630170e-45	1.8292056354e-66	9.9541560223e-22	4.6762432261e-44	8.6359892090e-01	4.1661447630e-23	1.0619650185e-33	2.0771149411e-04	7.4811305311e-10	2.8331809414e-35	1.7037199001e-28	5.7092051541e-49	3.9991146183e-78	5.8389434595e-05	5.0109277782e-37	6.9993167324e-86	7.1801902786e-107	4.4373421773e-131	4.2243269871e-38	6.7054557953e-75	1.8725628875e-30	5.4550900118e-40	9.8309162959e-24	3.6120340807e-34	3.3954408248e-21	3.1228935318e-31	2.6912536846e-27	2.0699176978e-41	5.8836862794e-28	4.4445723663e-31	1.1515998473e-36	8.6047818439e-27	2.8795192305e-59	4.2039972897e-39	1.3474801830e-50	8.5009485476e-36	1.2102196722e-43	1.0842122679e-32	8.7514976005e-35	1.5624996546e-47	7.2411907966e-37	1.0148972236e-28	2.4552604408e-20	2.3516966310e-23	2.3377930371e-34	5.7756287483e-25	2.2797062695e-44	2.2694059891e-22	1.9319290035e-38	2.9136073287e-20	2.5403031022e-31	1.2897660757e-37	1.1822758874e-33	1.1273192600e-52	6.5960326618e-45	4.9231788634e-30	3.9111359268e-41	1.9408843206e-56	4.0240194823e-49	8.9151900546e-35	1.0139861494e-48	3.3923707048e-27	8.4818130152e-12	1.6475730949e-07	1.9105873921e-08	3.7318655404e-29	1.1906033563e-44	2.9789588013e-31	1.1950304882e-36	9.2301297389e-23	5.2586034828e-40	2.6766037803e-07	7.7218858509e-08	2.1384135160e-33	5.1636723774e-45	2.4385465687e-39	2.4846548652e-30	2.8689882760e-20	1.5177303080e-14	5.3637317324e-08	1.2370132227e-15	2.1420006208e-14	2.2806112948e-05	5.1895142949e-21	3.0896661390e-21	1.0580425202e-23	2.8755637272e-39	8.2812876789e-10	3.0301674809e-19	1.9671674994e-24	3.3017709620e-13	4.2674789194e-17	6.6706330128e-05	5.1438714301e-24	2.8497251360e-13	2.7584763467e-29	9.9931953654e-40	5.6567508195e-05	1.9943914874e-50	4.0208903642e-35	5.9722922960e-52	2.0998757684e-14	5.6527177248e-26	2.5479624623e-23	9.8483299307e-32	1.0296263512e-61	5.6784340664e-24	1.0623066626e-30	1.2964484669e-46	6.1189031916e-48	4.2826900996e-23	6.6149591825e-17	5.2550236424e-19	9.6157897176e-10	8.1429020288e-30	1.7067036101e-38	1.2081133733e-13	2.6376517952e-16	1.0278663502e-13	6.3306091980e-14	1.0506256621e-17	1.0537463291e-28	1.6655034586e-15	4.4197273730e-16	1.3676785791e-07	3.1824442343e-13	4.8466751980e-17	2.7540575068e-18	1.3878241767e-07	4.0690232322e-10	7.0397781971e-17	5.0020681715e-21	1.3934588621e-22	4.2863972622e-26	1.8689489814e-18	4.0365632405e-19	1.3676785791e-07	1.4162245931e-19	1.6319607431e-27
2.9470517000e-06	6.2601522520e+02	6.3583666852e+13	3.4097232892e+13	2.3121264855e+00	2.3948071941e-48	1.5638061530e-13	1.3544493452e-01	1.9155869382e-36	3.1292565834e-34	3.8719597149e-23	2.3365779106e-15	3.5324374219e-26	4.2561779943e-23	6.3303423721e-15	1.4331217269e-20	2.5082033644e-07	3.8491314373e-06	6.8700953917e-05	6.5680506097e-32	4.0286799516e-06	2.1740416112e-19	0.0000000000e+00	2.2748793731e-43	1.3596691620e-13	1.6482562032e-17	9.9725558681e-22	8.5104024968e-32	2.7087703153e-35	9.1152936209e-16	8.4058328456e-18	3.9747821610e-06	8.8439662496e-33	2.2330557415e-32	2.4182515250e-57	1.3593268586e-46	4.5861859832e-04	2.2021945645e-06	2.0760252345e-57	7.1697972402e-41	1.2598008146e-19	2.9118177564e-30	1.0010427962e-16	4.4749660384e-27	1.9170611110e-17	1.5805991646e-33	3.1332948342e-28	3.3188202581e-31	1.4168170155e-19	2.9950952161e-29	1.3110469395e-20	2.0784097077e-33	2.4654116056e-53	1.9429921809e-31	3.1050396411e-38	6.4163610859e-58	1.9925647034e-31	5.9278374800e-75	7.1670870284e-39	1.3228722852e-50	1.2895942484e-31	4.2543766504e-35	4.9990474867e-45	1.6797351408e-66	1.1930915737e-21	5.4455821187e-44	8.6360515250e-01	3.3575978573e-23	6.9241537585e-34	2.0282708038e-04	4.9070039273e-10	1.2135520698e-35	2.0394843398e-28	6.6448567903e-49	4.5154546110e-78	5.8388987750e-05	4.8562524504e-37	6.3941135095e-86	6.3800368156e-107	3.8281489114e-131	6.0790907861e-38	9.3387982538e-75	1.5069313813e-30	2.8780835628e-40	2.8727996156e-24	1.2979827116e-34	1.5105605162e-21	1.1229597213e-31	1.4739833375e-27	6.4445945855e-42	1.2086932564e-28	7.3952528098e-32	1.2573152871e-37	7.6407567760e-28	7.4854193554e-60	8.9112472747e-40	2.3076660218e-51	1.1854428439e-36	1.3650364906e-44	9.9471881711e-34	5.2760057407e-36	7.6087105173e-49	2.8675024995e-38	3.7798427193e-29	7.4336527529e-21	1.0224054815e-23	5.9108116965e-35	7.8049577741e-26	8.2628058399e-45	6.7090946203e-23	4.6078394997e-39	1.3110469395e-20	9.2393680909e-32	1.2198951454e-37	3.6913859980e-34	5.1446704982e-53	1.6642494098e-45	1.0115327642e-30	2.5448607551e-41	1.0075182297e-56	1.6966918200e-49	3.7884377888e-36	5.2919228750e-50	6.9699553611e-28	8.6640090938e-12	1.6475550310e-07	1.9105685452e-08	3.1461052478e-29	5.7059926557e-45	2.5118298228e-31	5.6140431349e-37	7.6274658430e-23	3.7081075915e-40	2.7946779381e-07	6.5408043040e-08	1.7581183258e-33	3.6319641597e-45	1.3926707727e-39	1.1533658356e-30	1.0830621366e-20	1.2274285754e-14	5.3636788589e-08	9.9935237872e-16	3.2561896046e-14	2.2805878869e-05	7.6861898275e-21	4.4743942915e-21	1.5683849871e-23	4.0526926212e-39	8.3728564185e-10	3.1248028887e-19	1.6418796668e-24	4.0636498462e-13	5.2540653527e-17	6.6705672562e-05	4.2418758940e-24	2.3048273531e-13	2.8037415508e-29	9.9022502757e-40	5.6566950575e-05	2.9259666537e-50	2.7087703153e-35	7.2587434017e-52	2.1723057030e-14	6.9368099325e-26	3.8696428954e-23	1.4951152684e-31	1.5604898009e-61	6.8118554921e-24	1.2434575215e-30	1.4774970945e-46	5.5285736491e-48	2.3507316575e-23	2.9487120675e-17	6.5595972537e-19	6.4106982032e-10	8.1714909719e-30	1.6698158546e-38	1.1638135280e-13	2.6703253891e-16	8.4416633702e-14	7.7342497785e-14	1.2537084697e-17	1.2255964567e-28	1.0836578852e-15	2.6880264139e-16	1.3266670271e-07	3.0144104902e-13	4.7961765955e-17	2.2082669181e-18	1.4328384734e-07	2.8553543512e-10	4.7638523346e-17	2.2221883703e-21	7.6317205138e-23	2.6199871791e-26	1.5589597928e-18	2.5081736319e-19	1.3266670271e-07	1.3323198184e-19	1.4972044150e-27
1.9306977300e-06	6.2596580472e+02	4.1658578184e+13	2.2339834618e+13	2.3121161338e+00	2.4116691107e-48	1.9256215660e-13	1.3544432806e-01	2.3496932155e-36	4.6889034514e-34	5.8796516777e-23	2.8989455835e-15	3.5549637073e-26	4.3316965148e-23	6.3880798493e-15	1.4838705961e-20	2.5081921583e-07	3.8491142482e-06	6.8700646333e-05	8.0710630454e-32	4.0286619146e-06	2.2140577601e-19	0.0000000000e+00	1.8576696274e-43	9.0504903606e-14	1.0852636791e-17	8.0927911888e-22	5.6428940548e-32	1.7950410502e-35	6.0012749071e-16	4.5281406619e-18	1.7390175611e-06	7.2393669106e-33	1.8096098134e-32	1.5974468727e-57	8.9975870112e-47	4.6086441001e-04	2.1900623813e-06	1.3919615769e-57	3.9068669163e-41	5.5850746562e-20	1.0437916875e-30	2.9155155207e-17	1.0538844648e-27	3.6657001574e-18	4.5435703706e-34	1.6673990746e-28	1.7652804655e-31	6.1200477597e-20	1.0629470231e-29	5.7517139408e-21	1.1226295199e-33	1.3409648181e-53	8.6027759014e-32	2.0677117551e-38	2.8691456422e-58	8.7748788015e-32	1.7627123290e-75	1.4086776560e-39	2.5968145331e-51	1.2826299147e-31	4.1859290031e-35	4.8600215045e-45	1.6105394095e-66	1.4517022931e-21	6.5318930385e-44	8.6360798145e-01	2.7099723417e-23	4.5220417640e-34	2.0060986640e-04	3.2172551568e-10	5.2016441165e-36	2.4795092071e-28	7.9675608748e-49	5.3321869622e-78	5.8388810843e-05	4.7794114563e-37	6.1098741009e-86	6.0142881215e-107	3.5558580658e-131	9.0101953870e-38	1.3610184007e-74	1.2151001518e-30	1.5210958012e-40	8.2278287900e-25	4.5788098306e-35	6.5923752279e-22	3.9631289826e-32	7.9290649268e-28	1.8979496833e-42	2.3429579174e-29	1.1607984696e-32	1.2942817578e-38	6.3864038472e-29	1.8085997496e-60	1.7512145973e-40	3.6662238979e-52	1.5303683952e-37	1.4256994284e-45	8.4363304344e-35	2.9372748191e-37	3.4239372127e-50	1.0476597845e-39	1.3557314499e-29	2.1642414627e-21	4.4154353738e-24	1.4120216750e-35	9.9383006371e-27	2.9247568525e-45	1.9318861128e-23	1.0716502638e-39	5.7517139408e-21	3.2778907791e-32	1.1870406498e-37	1.0891445094e-34	2.2674927748e-53	3.9702605692e-46	1.9609818205e-31	1.6597554855e-41	5.2810292707e-57	7.2149540502e-50	1.4299622299e-37	2.4582053011e-51	1.3511944086e-28	8.7451627513e-12	1.6475468427e-07	1.9105599855e-08	2.5913350286e-29	2.5730604885e-45	2.0691537658e-31	2.5102437550e-37	6.2294225032e-23	2.5087221072e-40	2.8987815449e-07	5.4996138298e-08	1.4563250634e-33	2.4964244267e-45	7.7640524239e-40	5.2187320652e-31	3.9789341421e-21	9.9293916692e-15	5.3636548449e-08	8.0787627352e-16	4.9569611746e-14	2.2805772446e-05	1.1555929835e-20	6.6593388180e-21	2.3593247158e-23	5.9525657594e-39	8.4147124739e-10	3.1667195790e-19	1.3467239932e-24	5.0079462062e-13	6.4765238733e-17	6.6705373911e-05	3.4596397778e-24	1.8646056761e-13	2.8207716471e-29	9.8430184159e-40	5.6566697316e-05	4.3717312325e-50	1.7950410502e-35	8.8721124694e-52	2.2060212505e-14	8.5324213995e-26	5.8871845040e-23	2.2740716761e-31	2.3709196056e-61	8.2930063410e-24	1.4965583667e-30	1.7554129303e-46	5.2690824936e-48	1.2663561747e-23	1.2885569588e-17	8.1335949811e-19	4.2349958628e-10	8.1768455536e-30	1.6509564556e-38	1.1443017502e-13	2.6835569063e-16	6.8767279505e-14	9.4997055020e-14	1.5233089935e-17	1.4710895078e-28	7.0779887091e-16	1.7031189287e-16	1.3084023830e-07	2.9404083677e-13	4.7704246293e-17	1.7790207579e-18	1.4540242746e-07	1.9325271315e-10	3.1680823709e-17	9.6948101577e-22	4.1077222833e-23	1.6652091389e-26	1.2789530847e-18	1.6042350433e-19	1.3084023830e-07	1.2957337483e-19	1.4389342342e-27
1.2648552200e-06	6.2593338911e+02	2.7293083693e+13	1.4636221578e+13	2.3121115644e+00	2.4146111608e-48	2.3738712953e-13	1.3544406037e-01	2.8893257381e-36	7.0872535225e-34	8.9443345450e-23	3.5861738246e-15	3.5615328554e-26	4.3616406166e-23	6.4113251565e-15	1.5284010238e-20	2.5081872203e-07	3.8491066767e-06	6.8700510560e-05	9.9364528120e-32	4.0286539527e-06	2.2303154706e-19	0.0000000000e+00	1.5072512837e-43	5.9712290156e-14	7.1258185955e-18	6.5545366035e-22	3.7135257198e-32	1.1808512435e-35	3.9401969153e-16	2.4178701272e-18	7.5327994570e-07	5.8830508922e-33	1.4643035459e-32	1.0486836061e-57	5.9145207056e-47	4.6185438514e-04	2.1849044512e-06	9.1964354695e-58	2.0947929416e-41	2.4320661888e-20	3.6764972049e-31	8.3326117631e-18	2.4363776130e-28	6.8732188307e-19	1.2904521117e-34	8.8528865178e-29	9.3696292282e-32	2.6349742045e-20	3.7281120483e-30	2.4932728435e-21	5.9986704240e-34	7.1814063306e-54	3.7429901379e-32	1.3631462321e-38	1.2522214063e-58	3.8092223880e-32	5.0725653444e-76	2.6712493260e-40	4.9202404255e-52	1.2780819153e-31	4.1512667982e-35	4.7931625046e-45	1.5776679336e-66	1.7798056351e-21	7.9518943730e-44	8.6360922934e-01	2.1893896313e-23	2.9564458244e-34	1.9963198074e-04	2.1088054247e-10	2.2305862926e-36	3.0382672256e-28	9.6974068915e-49	6.4400925832e-78	5.8388750886e-05	4.7406782718e-37	5.9718224229e-86	5.8398822332e-107	3.4274564906e-131	1.3553288391e-37	2.0294600490e-74	9.8106255993e-31	8.0482951129e-41	2.3336892820e-25	1.6013005989e-35	2.8508984517e-22	1.3863833143e-32	4.2299515579e-28	5.4456213216e-43	4.4176057128e-30	1.7720193120e-33	1.2952830996e-39	5.1838861942e-30	4.2233054971e-61	3.3204543318e-41	5.6221231885e-53	1.9044065153e-38	1.4355783201e-46	6.8902998275e-36	1.5736900767e-38	1.4834670155e-51	3.6814043828e-41	4.7770373375e-30	6.1839701409e-22	1.9007979873e-24	3.2838634849e-36	1.2297763605e-27	1.0240474296e-45	5.4930426059e-24	2.4628657817e-40	2.4932728435e-21	1.1494080043e-32	1.1714033134e-37	3.1288012393e-35	9.8361979693e-54	9.2251550543e-47	3.6976521937e-32	1.0841612647e-41	2.7826713568e-57	3.0817480152e-50	5.0987129587e-39	1.0801352365e-52	2.5478049884e-29	8.7783897408e-12	1.6475432542e-07	1.9105562073e-08	2.1117619879e-29	1.1277863446e-45	1.6863541577e-31	1.0967032793e-37	5.0601479892e-23	1.6651660536e-40	2.9892511700e-07	4.5948494211e-08	1.2076722427e-33	1.6934817222e-45	4.2687819647e-40	2.3266299729e-31	1.4387297385e-21	8.0339809347e-15	5.3636442447e-08	6.5336530674e-16	7.5530871317e-14	2.2805725338e-05	1.7505417930e-20	1.0044399133e-20	3.5753149504e-23	8.9216190119e-39	8.4333644623e-10	3.1837367218e-19	1.0958742930e-24	6.1770303136e-13	7.9896993408e-17	6.6705242081e-05	2.8077335922e-24	1.5087237034e-13	2.8254260095e-29	9.8043641515e-40	5.6566585523e-05	6.5954242076e-50	1.1808512435e-35	1.0884280252e-51	2.2209027010e-14	1.0511088225e-25	8.9668695471e-23	3.4631213886e-31	3.6080511742e-61	1.0171078808e-23	1.8259501412e-30	2.1286487604e-46	5.1532118206e-48	6.7620539405e-24	5.5771982649e-18	1.0057890650e-18	2.7855639329e-10	8.1752169632e-30	1.6414819601e-38	1.1362393567e-13	2.6882982586e-16	5.5812825819e-14	1.1701613658e-13	1.8674532527e-17	1.7932208622e-28	4.6317550424e-16	1.1001359559e-16	1.3006773043e-07	2.9087989428e-13	4.7576373214e-17	1.4367395595e-18	1.4637620979e-07	1.2857655708e-10	2.0898328257e-17	4.1934368369e-22	2.1931295895e-23	1.0780942344e-26	1.0413021517e-18	1.0402761659e-19	1.3006773043e-07	1.2803796578e-19	1.4141545410e-27
8.2864277300e-07	6.2591213601e+02	1.7881070236e+13	9.5889322829e+12	2.3121095735e+00	2.4128052410e-48	2.9286710101e-13	1.3544394329e-01	3.5586742751e-36	1.0760169512e-33	1.3622391209e-22	4.4314278892e-15	3.5620291136e-26	4.3720088725e-23	6.4197324514e-15	1.5669144215e-20	2.5081850764e-07	3.8491033919e-06	6.8700451417e-05	1.2247886338e-31	4.0286504845e-06	2.2362433081e-19	0.0000000000e+00	1.2200223665e-43	3.9239904543e-14	4.6729655482e-18	5.3049626750e-22	2.4362652747e-32	7.7450811073e-36	2.5838013983e-16	1.2859757871e-18	3.2475770169e-07	4.7668769959e-33	1.1844343268e-32	6.8688439775e-58	3.8773593192e-47	4.6228458203e-04	2.1828288689e-06	6.0395621280e-58	1.1154467106e-41	1.0505352300e-20	1.2848220869e-31	2.3608187254e-18	5.5847965951e-29	1.2769345292e-19	3.6450587557e-35	4.6960427783e-29	4.9691253350e-32	1.1327126782e-20	1.3006325498e-30	1.0749200754e-21	3.1904251432e-34	3.8209924909e-54	1.6158983452e-32	8.9490624077e-39	5.4086434421e-59	1.6430259099e-32	1.4391943524e-76	4.9841553894e-41	9.1754938504e-53	1.2751086228e-31	4.1331218370e-35	4.7600145476e-45	1.5614912663e-66	2.1901985468e-21	9.7507539682e-44	8.6360977272e-01	1.7699393908e-23	1.9342480193e-34	1.9920667060e-04	1.3820065864e-10	9.5681137308e-37	3.7375163575e-28	1.1889318166e-48	7.8644168829e-78	5.8388736971e-05	4.7205095171e-37	5.9019459948e-86	5.7528887468e-107	3.3637680145e-131	2.0534150907e-37	3.0604852074e-74	7.9278025090e-31	4.2616294851e-41	6.5891229287e-26	5.5785457152e-36	1.2277719532e-22	4.8307361971e-33	2.2483987498e-28	1.5444350360e-43	8.2245040854e-31	2.6707729290e-34	1.2795427939e-40	4.1504851551e-31	9.7146939904e-62	6.1950580211e-42	8.4857153217e-54	2.3304763685e-39	1.4216450867e-47	5.5305764793e-37	8.2822321940e-40	6.3156248446e-53	1.2702546075e-42	1.6698422869e-30	1.7517848697e-22	8.1703517147e-25	7.5452830835e-37	1.5016783585e-28	3.5685838407e-46	1.5527259512e-24	5.6297323282e-41	1.0749200754e-21	4.0093676701e-33	1.1637531149e-37	8.8807099802e-36	4.2380968514e-54	2.1184058636e-47	6.8844409796e-33	7.0889725701e-42	1.4703114974e-57	1.3192846705e-50	1.7707318424e-40	4.6267660854e-54	4.7435766623e-30	8.7908238216e-12	1.6475417115e-07	1.9105545617e-08	1.7132360921e-29	4.8818846100e-46	1.3681820693e-31	4.7423638496e-38	4.1008993723e-23	1.0962376733e-40	3.0669161889e-07	3.8181695431e-08	9.9969723328e-34	1.1395863385e-45	2.3271311321e-40	1.0278297005e-31	5.1513112472e-22	6.5011842661e-15	5.3636396273e-08	5.2855308944e-16	1.1515885932e-13	2.2805704657e-05	2.6616076104e-20	1.5245148230e-20	5.4373894536e-23	1.3499304109e-38	8.4416046232e-10	3.1900062168e-19	8.8873572252e-25	7.6233668581e-13	9.8614936479e-17	6.6705184656e-05	2.2741318112e-24	1.2209023716e-13	2.8254537501e-29	9.7791051694e-40	5.6566536826e-05	1.0001103234e-49	7.7450811073e-36	1.3385279482e-51	2.2272687333e-14	1.2961575005e-25	1.3667805515e-22	5.2781329401e-31	5.4964827763e-61	1.2519390271e-23	2.2422743734e-30	2.6062626446e-46	5.1004409919e-48	3.5965420723e-24	2.4032367081e-18	1.2425384007e-18	1.8284714490e-10	8.1720681634e-30	1.6366356792e-38	1.1331217682e-13	2.6896271005e-16	4.5226054790e-14	1.4434666621e-13	2.2988800282e-17	2.2016491746e-28	3.0333846918e-16	7.1668788234e-17	1.2975556975e-07	2.8956365155e-13	4.7512110461e-17	1.1616760372e-18	1.4682339935e-07	8.4866416211e-11	1.3734774633e-17	1.8065986281e-22	1.1666150144e-23	7.0348420165e-27	8.4497105217e-19	6.7868466531e-20	1.2975556975e-07	1.2741772529e-19	1.4037871972e-27
5.4286754400e-07	6.2589820533e+02	1.1714656091e+13	6.2821231867e+12	2.3121087097e+00	2.4099746957e-48	3.6149201406e-13	1.3544389274e-01	4.3877650295e-36	1.6374568662e-33	2.0763106561e-22	5.4739865113e-15	3.5606647107e-26	4.3746648925e-23	6.4222017366e-15	1.5998282421e-20	2.5081841518e-07	3.8491019772e-06	6.8700425752e-05	1.5109076818e-31	4.0286489795e-06	2.2380124993e-19	0.0000000000e+00	9.8683968288e-44	2.5741541516e-14	3.0627473559e-18	4.2927923623e-22	1.5964494342e-32	5.0744173995e-36	1.6934280928e-16	6.8278572616e-19	1.3969917316e-07	3.8584003502e-33	9.5807138709e-33	4.4963096681e-58	2.5395451950e-47	4.6247024594e-04	2.1820494975e-06	3.9576086209e-58	5.9229310060e-42	4.5216169167e-21	4.4747110410e-32	6.6621275085e-19	1.2752683860e-29	2.3621522504e-20	1.0270615063e-35	2.4902000451e-29	2.6346529096e-32	4.8655793422e-21	4.5268453021e-31	4.6229811947e-22	1.6935791531e-34	2.0278720504e-54	6.9524853708e-33	5.8655965202e-39	2.3262501415e-59	7.0669496217e-33	4.0595355184e-77	9.2334139338e-42	1.6992094730e-53	1.2731634078e-31	4.1232274901e-35	4.7429107487e-45	1.5531875830e-66	2.7001944397e-21	1.1998977425e-43	8.6361000759e-01	1.4314480218e-23	1.2660641360e-34	1.9902278326e-04	9.0559288076e-11	4.1050481402e-37	4.6067423758e-28	1.4629167825e-48	9.6561351223e-78	5.8388738985e-05	4.7095711242e-37	5.8649323430e-86	5.7073951829e-107	3.3305588353e-131	3.1220347698e-37	4.6412160456e-74	6.4099199437e-31	2.2576695511e-41	1.8564936866e-26	1.9402062774e-36	5.2777155027e-23	1.6803273477e-33	1.1933102901e-28	4.3582496710e-44	1.5224799495e-31	4.0021754866e-35	1.2565168490e-41	3.3018881967e-32	2.2203541373e-62	1.1476168491e-42	1.2719119065e-54	2.8304627360e-40	1.3973721748e-48	4.4040367542e-38	4.3231124867e-41	2.6672445192e-54	4.3458807043e-44	5.8165888455e-31	4.9429531965e-23	3.5093793513e-25	1.7244344645e-37	1.8225270176e-29	1.2411259470e-46	4.3771957555e-25	1.2837816941e-41	4.6229811947e-22	1.3953236973e-33	1.1598658604e-37	2.5073676090e-36	1.8211198864e-54	4.8396424591e-48	1.2744524243e-33	4.6383243348e-42	7.7804284212e-58	5.6542919415e-51	6.0756338214e-42	1.9591824177e-55	8.7813019124e-31	8.7948105277e-12	1.6475410561e-07	1.9105538477e-08	1.3874893962e-29	2.1021571496e-46	1.1080807433e-31	2.0416459945e-38	3.3204628135e-23	7.1930384844e-41	3.1329056560e-07	3.1582619887e-08	8.2523277668e-34	7.6269445450e-46	1.2613658183e-40	4.5127505591e-32	1.8322399186e-22	5.2612532106e-15	5.3636376235e-08	4.2766203304e-16	1.7564789978e-13	2.2805695472e-05	4.0542279115e-20	2.3206048880e-20	8.2836792323e-23	2.0516756431e-38	8.4452501591e-10	3.1919415897e-19	7.1977292870e-25	9.4118676806e-13	1.2175910568e-16	6.6705159736e-05	1.8406327981e-24	9.8806137502e-14	2.8241317133e-29	9.7625849946e-40	5.6566515694e-05	1.5207132747e-49	5.0744173995e-36	1.6487215359e-51	2.2299286560e-14	1.5993843196e-25	2.0843431095e-22	8.0486154233e-31	8.3790526994e-61	1.5437034193e-23	2.7619090481e-30	3.2055471791e-46	5.0757715361e-48	1.9095952172e-24	1.0334397515e-18	1.5346103301e-18	1.1990700814e-10	8.1691319886e-30	1.6340675989e-38	1.1320360924e-13	2.6897162196e-16	3.6622482204e-14	1.7818880507e-13	2.8353703415e-17	2.7120172089e-28	1.9871881868e-16	4.6854734713e-17	1.2963668752e-07	2.8903140100e-13	4.7478760404e-17	9.3978607795e-19	1.4703175501e-07	5.5806669854e-11	9.0116090194e-18	7.7684814754e-23	6.1953386594e-24	4.6044664330e-27	6.8465970636e-19	4.4391724876e-20	1.2963668752e-07	1.2718018265e-19	1.3995379716e-27
3.5564803100e-07	6.2588907585e+02	7.6747164460e+12	4.1156583330e+12	2.3121083346e+00	2.4074054396e-48	4.4634187402e-13	1.3544387079e-01	5.4138015152e-36	2.4949755860e-33	3.1662852400e-22	6.7613801951e-15	3.5590348137e-26	4.3745966788e-23	6.4224924302e-15	1.6276804451e-20	2.5081837549e-07	3.8491013717e-06	6.8700414608e-05	1.8648426642e-31	4.0286483260e-06	2.2382467484e-19	0.0000000000e+00	7.9816795781e-44	1.6873769416e-14	2.0068932586e-18	3.4737178693e-22	1.0457327907e-32	3.3235760796e-36	1.1096158313e-16	3.6225406288e-19	6.0028961330e-08	3.1221087854e-33	7.7506961512e-33	2.9432127379e-58	1.6629664329e-47	4.6255009741e-04	2.1817926885e-06	2.5915953108e-58	3.1416667419e-42	1.9430978707e-21	1.5561362696e-32	1.8765649169e-19	2.9069481895e-30	4.3607082355e-21	2.8907161902e-36	1.3203613670e-29	1.3968297894e-32	2.0892255657e-21	1.5739248066e-31	1.9860578163e-22	8.9832395922e-35	1.0752700702e-54	2.9870197904e-33	3.8424361408e-39	9.9889929640e-60	3.0359160396e-33	1.1424626522e-77	1.7051675772e-42	3.1372656994e-54	1.2718901868e-31	4.1176075399e-35	4.7336927225e-45	1.5487303319e-66	3.3320787314e-21	1.4791982155e-43	8.6361010901e-01	1.1580092522e-23	8.2895555927e-35	1.9894349624e-04	5.9336600111e-11	1.7614312427e-37	5.6839226333e-28	1.8033223741e-48	1.1888857742e-77	5.8388745129e-05	4.7033893372e-37	5.8444267399e-86	5.6824754938e-107	3.3123968564e-131	4.7551974832e-37	7.0586030696e-74	5.1845627920e-31	1.1964227715e-41	5.2254622982e-27	6.7432564392e-37	2.2667957206e-23	5.8405108741e-34	6.3295056468e-29	1.2272371763e-44	2.8110587837e-32	5.9815417587e-36	1.2305396019e-42	2.6188242217e-33	5.0612889448e-63	2.1192836974e-43	1.9007133815e-55	3.4260639233e-41	1.3689174255e-49	3.4941304498e-39	2.2478631505e-42	1.1222527904e-55	1.4808673407e-45	2.0230075298e-31	1.3922203269e-23	1.5068311276e-25	3.9318804007e-38	2.2056379298e-30	4.3131419487e-47	1.2323727922e-25	2.9243511211e-42	1.9860578163e-22	4.8510506008e-34	1.1578041229e-37	7.0629116687e-37	7.8175482184e-55	1.1032080841e-48	2.3531552480e-34	3.0361836765e-42	4.1205654524e-58	2.4248215915e-51	2.0729655688e-43	8.2527506122e-57	1.6213790049e-31	8.7956055167e-12	1.6475407809e-07	1.9105535378e-08	1.1229918628e-29	9.0326248363e-47	8.9686740677e-32	8.7732136526e-39	2.6876610775e-23	4.7138584212e-41	3.1884934892e-07	2.6023780621e-08	6.7921701466e-34	5.0840145040e-46	6.8081120314e-41	1.9724721519e-32	6.4858204280e-23	4.2580316529e-15	5.3636367534e-08	3.4607075599e-16	2.6797956459e-13	2.2805691204e-05	6.1812394203e-20	3.5372469905e-20	1.2630942733e-22	3.1247995204e-38	8.4468767887e-10	3.1922616461e-19	5.8263935340e-25	1.1622803833e-12	1.5036823653e-16	6.6705148915e-05	1.4894739538e-24	7.9966429405e-14	2.8226819031e-29	9.7517740241e-40	5.6566506518e-05	2.3158664795e-49	3.3235760796e-36	2.0329234323e-51	2.2310107125e-14	1.9743977341e-25	3.1796455616e-22	1.2277540022e-30	1.2779080905e-60	1.9051512137e-23	3.4069305214e-30	3.9511970142e-46	5.0638571485e-48	1.0131486717e-24	4.4397313008e-19	1.8953208313e-18	7.8595546612e-11	8.1668353139e-30	1.6326498751e-38	1.1317415867e-13	2.6894349557e-16	2.9647256337e-14	2.2004636570e-13	3.5001306635e-17	3.3457758031e-28	1.3019390196e-16	3.0675567759e-17	1.2959607724e-07	2.8882583207e-13	4.7460739797e-17	7.6047253069e-19	1.4713130808e-07	3.6631731200e-11	5.9081018187e-18	3.3374732879e-23	3.2875292253e-24	3.0169099289e-27	5.5441652410e-19	2.9066270275e-20	1.2959607724e-07	1.2709779091e-19	1.3978524662e-27
2.3299518100e-07	6.2588326563e+02	5.0279722221e+12	2.6963103310e+12	2.3121081707e+00	2.4054885929e-48	5.5123136120e-13	1.3544386119e-01	6.6829984199e-36	3.8043529736e-33	4.8301310759e-22	8.3518877909e-15	3.5577065775e-26	4.3738368799e-23	6.4221516196e-15	1.6510692435e-20	2.5081835853e-07	3.8491011140e-06	6.8700409738e-05	2.3025215928e-31	4.0286480404e-06	2.2380292714e-19	0.0000000000e+00	6.4566254289e-44	1.1057254326e-14	1.3148928572e-18	2.8110796078e-22	6.8494757503e-33	2.1767716719e-36	7.2699953034e-17	1.9213393049e-19	2.5780411525e-08	2.5262842702e-33	6.2711640431e-33	1.9269359534e-58	1.0890110169e-47	4.6258437573e-04	2.1817299032e-06	1.6969505312e-58	1.6658379207e-42	8.3443820681e-22	5.4082715641e-33	5.2811886028e-20	6.6209278242e-31	8.0419445945e-22	8.1318932990e-37	7.0007920626e-30	7.4058235419e-33	8.9690958354e-22	5.4697868051e-32	8.5279273984e-23	4.7636929076e-35	5.7002907088e-55	1.2825436237e-33	2.5167851344e-39	4.2870299263e-60	1.3035215060e-33	3.2126460488e-78	3.1446184467e-43	5.7847998024e-55	1.2710805307e-31	4.1143717786e-35	4.7286099132e-45	1.5462801389e-66	4.1139482368e-21	1.8252682693e-43	8.6361015283e-01	9.3698132606e-24	5.4287275309e-35	1.9890933775e-04	3.8876696816e-11	7.5587769334e-38	7.0169720241e-28	2.2251313181e-48	1.4659831148e-77	5.8388751223e-05	4.6998443379e-37	5.8328468005e-86	5.6685293739e-107	3.3022416858e-131	7.2495864542e-37	1.0751999566e-73	4.1945184371e-31	6.3416970314e-42	1.4700788498e-27	2.3429640857e-37	9.7322611504e-24	2.0294071058e-34	3.3565185772e-29	3.4527095337e-45	5.1840229909e-33	8.9288580861e-37	1.2035335154e-43	2.0739271771e-34	1.1525042226e-63	3.9082468174e-44	2.8366893389e-56	4.1405157675e-42	1.3389874345e-50	2.7673681723e-40	1.1666085820e-43	4.7134624274e-57	5.0360045671e-47	7.0313379930e-32	3.9179374383e-24	6.4687061672e-26	8.9558292350e-39	2.6655989118e-31	1.4984637594e-47	3.4674929995e-26	6.6582086130e-43	8.5279273984e-23	1.6857948645e-34	1.1566832967e-37	1.9875148965e-37	3.3548389323e-55	2.5124261049e-49	4.3396335997e-35	1.9880427139e-42	2.1833591810e-58	1.0402294760e-51	7.0537103602e-45	3.4678599092e-58	2.9901031910e-32	8.7953914136e-12	1.6475406662e-07	1.9105534024e-08	9.0877914136e-30	3.8780123863e-47	7.2579888172e-32	3.7671095628e-39	2.1752553569e-23	3.0879368909e-41	3.2349853981e-07	2.1374565283e-08	5.5751823938e-34	3.3783131444e-46	3.6625944912e-41	8.5916527322e-33	2.2874571797e-23	3.4462312900e-15	5.3636363732e-08	2.8006905746e-16	4.0892014740e-13	2.2805688959e-05	9.4289329684e-20	5.3953825681e-20	1.9268657752e-22	4.7642152319e-38	8.4476103586e-10	3.1920898300e-19	4.7156124528e-25	1.4355533135e-12	1.8572783396e-16	6.6705144186e-05	1.2053094381e-24	6.4721094094e-14	2.8215285548e-29	9.7449000448e-40	5.6566502508e-05	3.5300550624e-49	2.1767716719e-36	2.5084676405e-51	2.2314372345e-14	2.4380663402e-25	4.8515916488e-22	1.8732882595e-30	1.9495687055e-60	2.3523498642e-23	4.2056835218e-30	4.8756127372e-46	5.0579458733e-48	5.3736073481e-25	1.9064479933e-19	2.3410037372e-18	5.1504867245e-11	8.1652699577e-30	1.6318610919e-38	1.1317251549e-13	2.6891286751e-16	2.3997940288e-14	2.7179207534e-13	4.3225599092e-17	4.1306394458e-28	8.5299829273e-17	2.0093608788e-17	1.2958533096e-07	2.8875235453e-13	4.7450914817e-17	6.1544974877e-19	1.4718077241e-07	2.4023674519e-11	3.8720100446e-18	1.4331858574e-23	1.7438881779e-24	1.9772248371e-27	4.4883262836e-19	1.9039244920e-20	1.2958533096e-07	1.2707498408e-19	1.3972207005e-27
1.5264179700e-07	6.2587963071e+02	3.2939872196e+12	1.7664401586e+12	2.3121080981e+00	2.4041746839e-48	6.8086970964e-13	1.3544385694e-01	8.2523578744e-36	5.8033886624e-33	7.3699892591e-22	1.0317132140e-14	3.5567569853e-26	4.3730692299e-23	6.4217237803e-15	1.6705788925e-20	2.5081835131e-07	3.8491010055e-06	6.8700407581e-05	2.8435984665e-31	4.0286479139e-06	2.2377436098e-19	0.0000000000e+00	5.2238460000e-44	7.2447091086e-15	8.6146038778e-19	2.2749774891e-22	4.4864904031e-33	1.4257517831e-36	4.7629518222e-17	1.0189108602e-19	1.1068650758e-08	2.0442964538e-33	5.0746677381e-33	1.2618194633e-58	7.1322532716e-48	4.6259907104e-04	2.1817317311e-06	1.1112544786e-58	8.8322241582e-43	3.5822814398e-22	1.8791212486e-33	1.4856366166e-20	1.5074117177e-31	1.4823029880e-22	2.2870377334e-37	3.7120042833e-30	3.9266240626e-33	3.8500322694e-22	1.9004915310e-32	3.6609480914e-23	2.5259193512e-35	3.0218719203e-55	5.5054994970e-34	1.6485078365e-39	1.8396516035e-60	5.5956101899e-34	9.0320194539e-79	5.7956237358e-44	1.0660574736e-55	1.2705742632e-31	4.1124862395e-35	4.7257488162e-45	1.5449041881e-66	5.0807364274e-21	2.2534965273e-43	8.6361017183e-01	7.5823510491e-24	3.5556962021e-35	1.9889461859e-04	2.5470708020e-11	3.2438632202e-38	8.6654541682e-28	2.7471004895e-48	1.8091676317e-77	5.8388756094e-05	4.6977850372e-37	5.8261983347e-86	5.6605789499e-107	3.2964553732e-131	1.1058212218e-36	1.6392354631e-73	3.3940985624e-31	3.3619370327e-42	4.1347304729e-28	8.1397471695e-38	4.1777143431e-24	7.0506387643e-35	1.7798214213e-29	9.7103455122e-46	9.5547110557e-34	1.3320603924e-37	1.1763757008e-44	1.6411396248e-35	2.6233194705e-64	7.2029300781e-45	4.2312052168e-57	5.0002935458e-43	1.3087793556e-51	2.1898963619e-41	6.0488312063e-45	1.9779090330e-58	1.7108584437e-48	2.4431651130e-32	1.1021147387e-24	2.7766847285e-26	2.0389799821e-39	3.2192723204e-32	5.2054466124e-48	9.7533060468e-27	1.5156146942e-43	3.6609480914e-23	5.8571900963e-35	1.1560599323e-37	5.5904210570e-38	1.4396287734e-55	5.7194845490e-50	7.9984741145e-36	1.3019942538e-42	1.1572363610e-58	4.4633706986e-52	2.3969764523e-46	1.4555249346e-59	5.5111181077e-33	8.7949635334e-12	1.6475406187e-07	1.9105533424e-08	7.3543039708e-30	1.6644871239e-47	5.8735879426e-32	1.6170669718e-39	1.7605233292e-23	2.0226622870e-41	3.2736386438e-07	1.7509229886e-08	4.5653118374e-34	2.2391788928e-46	1.9652018020e-41	3.7320387707e-33	8.0442417256e-24	2.7892686326e-15	5.3636362048e-08	2.2666734732e-16	6.2406021729e-13	2.2805687441e-05	1.4387035265e-19	8.2324040740e-20	2.9402089071e-22	7.2676321033e-38	8.4479460781e-10	3.1918290554e-19	3.8164966782e-25	1.7732737402e-12	2.2942527125e-16	6.6705142092e-05	9.7540781870e-25	5.2383366395e-14	2.8207129631e-29	9.7406021520e-40	5.6566500732e-05	5.3838215080e-49	1.4257517831e-36	3.0967177145e-51	2.2315969536e-14	3.0112093958e-25	7.4037653735e-22	2.8586786698e-30	2.9748515255e-60	2.9052789430e-23	5.1936777627e-30	6.0196886955e-46	5.0549271650e-48	2.8497008618e-25	8.1844934052e-20	2.8917299228e-18	3.3747729806e-11	8.1642747396e-30	1.6314191468e-38	1.1317883299e-13	2.6888894690e-16	1.9424324758e-14	3.3574453023e-13	5.3393269614e-17	5.1014310937e-28	5.5885727327e-17	1.3164263815e-17	1.2958497918e-07	2.8873024324e-13	4.7445515453e-17	4.9811404400e-19	1.4720651515e-07	1.5747809836e-11	2.5371664592e-18	6.1529745860e-24	9.2489548208e-25	1.2958166501e-27	3.6331680054e-19	1.2472995239e-20	1.2958497918e-07	1.2707321343e-19	1.3970096795e-27
1.0000000000e-07	6.2587742122e+02	2.1579926769e+12	1.1572494751e+12	2.3121080652e+00	2.4033312368e-48	8.4107732983e-13	1.3544385501e-01	1.0192364814e-35	8.8551330841e-33	1.1247077788e-21	1.2745461224e-14	3.5561334248e-26	4.3724883840e-23	6.4213798204e-15	1.6867640315e-20	2.5081834826e-07	3.8491009606e-06	6.8700406601e-05	3.5123707507e-31	4.0286478564e-06	2.2375114992e-19	0.0000000000e+00	4.2270460242e-44	4.7464397431e-15	5.6437862722e-19	1.8412037031e-22	2.9388555333e-33	9.3390834317e-37	3.1203957435e-17	5.4031068622e-20	4.7515121489e-09	1.6543874388e-33	4.1068164868e-33	8.2641102612e-59	4.6715916113e-48	4.6260536436e-04	2.1817489129e-06	7.2780158826e-59	4.6828654458e-43	1.5376759069e-22	6.5283500659e-34	4.1782867968e-21	3.4313251055e-32	2.7314344125e-23	6.4313822598e-38	1.9682418179e-30	2.0819964917e-33	1.6525439759e-22	6.6026728044e-33	1.5714297338e-23	1.3393376762e-35	1.6020727023e-55	2.3630719997e-34	1.0798346965e-39	7.8944013034e-61	2.4017827023e-34	2.5391994467e-79	1.0678521229e-44	1.9641166666e-56	1.2702666277e-31	4.1113942806e-35	4.7241340453e-45	1.5441289632e-66	6.2757612768e-21	2.7830348580e-43	8.6361018012e-01	6.1363801345e-24	2.3291123502e-35	1.9888827106e-04	1.6687175032e-11	1.3921628129e-38	1.0703236479e-27	3.3925748636e-48	2.2337605472e-77	5.8388759655e-05	4.6965951594e-37	5.8223891076e-86	5.6560474720e-107	3.2931583454e-131	1.6872766814e-36	2.5004312997e-73	2.7467188887e-31	1.7824407967e-42	1.1627753689e-28	2.8277218282e-38	1.7931943634e-24	2.4494171014e-35	9.4374920084e-30	2.7305339418e-46	1.7605478684e-34	1.9866713261e-38	1.1494628553e-45	1.2981325176e-36	5.9703722653e-65	1.3271410645e-45	6.3097483802e-58	6.0364692047e-44	1.2788171216e-52	1.7321747240e-42	3.1347615630e-46	8.2961444465e-60	5.8090774325e-50	8.4881435593e-33	3.0995982805e-25	1.1918215787e-26	4.6412099886e-40	3.8865713282e-33	1.8082601190e-48	2.7429382754e-27	3.4496485327e-44	1.5714297338e-23	2.0348692227e-35	1.1557113901e-37	1.5721485456e-38	6.1779182124e-56	1.3018131962e-50	1.4738032786e-36	8.5280270685e-43	6.1347631298e-59	1.9153437104e-52	8.1397747484e-48	6.1056114055e-61	1.0154809079e-33	8.7945885398e-12	1.6475405990e-07	1.9105533152e-08	5.9517521322e-30	7.1435961025e-48	4.7534523243e-32	6.9406416308e-40	1.4248859049e-23	1.3249115788e-41	3.3056171488e-07	1.4311374460e-08	3.7307328314e-34	1.4810529715e-46	1.0521857955e-41	1.6175141635e-33	2.8223493409e-24	2.2575795714e-15	5.3636361283e-08	1.8345445323e-16	9.5246273641e-13	2.2805686026e-05	2.1955853707e-19	1.2563445119e-19	4.4871245271e-22	1.1089657866e-37	8.4481018001e-10	3.1916105638e-19	3.0888570762e-25	2.1906031720e-12	2.8342223517e-16	6.6705141141e-05	7.8940136572e-25	4.2398170888e-14	2.8201804635e-29	9.7379906215e-40	5.6566499925e-05	8.2138801398e-49	9.3390834317e-37	3.8241021511e-51	2.2316520603e-14	3.7195619700e-25	1.1299578210e-21	4.3628496970e-30	4.5399337945e-60	3.5887116752e-23	6.4150866918e-30	7.4344758328e-46	5.0533572146e-48	1.5111492980e-25	3.5132241310e-20	3.5722587850e-18	2.2111145792e-11	8.1636921062e-30	1.6311763355e-38	1.1318594094e-13	2.6887301632e-16	1.5722160787e-14	4.1477240761e-13	6.5959430723e-17	6.3015164371e-28	3.6613968174e-17	8.6248375341e-18	1.2958748265e-07	2.8872663194e-13	4.7442608378e-17	4.0316147075e-19	1.4722064217e-07	1.0320297573e-11	1.6623529744e-18	2.6412677526e-24	4.9048886817e-25	8.4916680173e-28	2.9408117552e-19	8.1716306373e-21	1.2958748265e-07	1.2707746692e-19	1.3969582746e-27
