P               	T               	n_<tot>         	n_g             	m               	C               	H               	He              	N               	O               	S               	P               	Si              	Ti              	V               	Cl              	K               	Na              	Mg              	F               	Ca              	Fe              	e-              	CH              	HCN             	HNCO            	HCO             	CH2             	CH2_1           	H2CO            	CH3             	CH4             	CN              	NCO             	CN2_cnn         	CN2_ncn         	CO              	CO2             	C2              	C2H             	C2H2            	C2H3            	C2H4            	C2H5            	C2H6            	C2H4O           	CH2OH           	CH3O            	CH3OH           	CH3CO           	H2CCO           	HCCO            	C2N             	C2N2            	CCO             	C3              	C3O2            	C4              	C4H2            	C4N2            	NH              	HNO             	HNO2            	HNO3            	OH              	HO2             	H2              	NH2             	N2H2            	H2O             	NH3             	N2H4            	NO              	NO2             	NO3             	N2              	N2O             	N2O3            	N2O4            	N2O5            	O2              	O3              	N2H             	N2H3            	CH3NH2          	CH3NH           	CH2NH           	CH2NH2          	H2CN            	C3H2            	C3H4            	C3H5            	C3H7            	C3H8            	C4H             	C4H2            	C4H3            	C4H4            	C4H5            	C4H6            	C4H8            	C4H9            	C4H10           	CH2CN           	CH3CN           	CH3NO           	C3H3            	C3H6            	C2H3O           	CH3CHO          	C2H4OH          	CH2CO           	CH2CHO          	H2O2            	HC3N            	HC2N            	C2H2CN          	C2H3CN          	H2NN            	CH3O2           	CH3OOH          	C6H6            	C6H5            	CH3C2H          	TiO             	TiO2            	VO              	TiH             	TiC2            	TiN             	VC2             	VN              	TiC             	Cl2             	HCl             	HOCl            	CCl             	CHCl            	CH2Cl           	CH3Cl           	KH              	HF              	MgH             	S2              	H2S             	SO              	SO2             	S2O             	SO3             	COS             	CS              	HCS             	SH              	HS2             	SiO             	SiH             	NaH             	FeO             	FeO2            	Fe(OH)2         	O_1             	CH2_1           	N_2D            	CS2             	NS              	S3              	S4              	S8              	HSO             	HSO2            	HSO3            	H2SO4           	CH3S            	CH3SH           	P               	PH3             	P2O             	P2O2            	P2O3            	PH              	PH2             	PO              	PO2             	PO3             	H2POH           	H3PO4           	HOPO            	HOPO2           	HPO             	HPOH            	P2              	P4              	P2H2            	P2H4            	P2H3            	P4O6            	P2H             	H3PO3           	HPO2            	P2O4            	P2O5            
1.7133017700e+02	1.4562677795e+03	1.6916685585e+21	8.5213597365e+20	2.1692265035e+00	3.2112354945e-23	7.7321430633e-07	2.1212103222e-02	6.5623730460e-18	4.6905998856e-17	6.6306060881e-14	1.6942071581e-10	2.7358078900e-12	2.0135370967e-11	1.5303193599e-09	1.5513449175e-14	9.6864612662e-07	1.4916201832e-05	2.7053021928e-04	3.1279249588e-18	1.5877558496e-05	3.7107690535e-10	0.0000000000e+00	3.6329283896e-20	7.1926696225e-09	7.5421610327e-12	3.9153459142e-12	1.1170016865e-14	2.1692468388e-16	1.1780139941e-09	1.5355616883e-08	9.4612235047e-04	2.2381974122e-17	1.4263328390e-18	7.3856908220e-29	1.9111147466e-24	1.5620328485e-05	2.2942073910e-08	3.7379523727e-28	1.8954325553e-20	1.6768891085e-11	3.9019155749e-15	1.2637803085e-09	4.8213535403e-13	2.5997035678e-09	1.5952866642e-18	7.0024951477e-14	2.8500574904e-15	2.4115906931e-10	7.2872730093e-16	7.2866151798e-13	1.2587653197e-18	2.2057608970e-27	1.0610917265e-19	1.9876568386e-20	8.4957355802e-30	1.2170858631e-21	8.5792510916e-39	1.0918540458e-22	6.3572255014e-31	7.6485840195e-15	1.1253158265e-17	3.7122615962e-23	2.6860322456e-34	7.9346666707e-11	1.4915479937e-21	9.7340468781e-01	1.0708205296e-10	8.9595777758e-17	3.4390347630e-03	5.2498122841e-05	2.0315826772e-16	3.0147921483e-15	1.4855391118e-25	6.4151086987e-40	2.0023050863e-05	1.2400702007e-20	2.9101688416e-43	7.7349256089e-55	5.3287322771e-66	7.7950631639e-20	6.3655259316e-37	2.9221011456e-15	1.0657645050e-18	7.0733029563e-12	1.7742724543e-16	1.5313205986e-11	6.6028029895e-15	4.0676011689e-14	1.4573845278e-22	3.7377789481e-16	7.8778963457e-17	3.6475894620e-18	2.0895487998e-14	7.2465284369e-32	4.2139293661e-23	4.1648410508e-27	7.4304753293e-21	1.9044042700e-23	5.9613504580e-19	1.3534781108e-19	2.7895799780e-24	1.6961306167e-19	5.4867262384e-16	8.1799365315e-13	5.3412066127e-14	1.9625536251e-18	4.9624966622e-14	3.1787338411e-23	2.7842176105e-13	7.7325230656e-19	7.2866151798e-13	2.6435474175e-17	2.0293043481e-18	8.7677590491e-21	9.8771721899e-27	5.1453384126e-25	7.3145467352e-19	5.5236759194e-20	4.4524634762e-28	3.4565699549e-24	2.4242849595e-25	7.9778981401e-31	1.0794839561e-15	1.9930326551e-07	4.5003328995e-07	7.3767592708e-08	5.9982149160e-13	2.3721625543e-23	7.6636760335e-16	8.2210342729e-22	1.3655581567e-13	1.9713547690e-19	1.3351480887e-06	2.4052993824e-08	2.9588347597e-20	9.1712855464e-26	1.0345359271e-22	1.2724259189e-18	1.4786120315e-14	1.9869915043e-08	2.1134098219e-07	2.2929196013e-07	3.7526492769e-12	1.1595831748e-04	1.3527004823e-13	2.8257392057e-15	2.5537979965e-17	4.8294792420e-25	7.8511962506e-11	2.9634060213e-13	1.4563753243e-14	2.1552058676e-08	2.4844721696e-12	2.6289557621e-04	2.6557383530e-10	2.5373322134e-07	4.3030042021e-15	6.5770808875e-21	2.2293743423e-04	4.3376869834e-24	2.1692468388e-16	5.2691006069e-22	3.6203312199e-14	2.1374002562e-15	2.0257706675e-18	2.7416554299e-25	1.4308497647e-48	3.9404648362e-14	4.5613648365e-18	1.2518065953e-26	4.2258875828e-29	1.8598184494e-13	2.0344088879e-10	3.1673183400e-12	2.1193153364e-06	2.1034344327e-21	1.7906154830e-25	2.2526177248e-16	6.2831787503e-10	3.3237469468e-08	1.1005341077e-10	1.0070966622e-13	1.4471691883e-19	9.5704956839e-10	2.0149344121e-14	1.3140819487e-08	6.3611601813e-13	1.7143081229e-11	4.2497923737e-11	6.8909244991e-10	4.5098637374e-17	1.5988897526e-12	2.8623252831e-13	2.1872742738e-14	9.9907091639e-35	3.3333755504e-13	6.5269436733e-14	1.3140819487e-08	3.7811504571e-21	4.9008132575e-25
1.1697915800e+02	1.3706102576e+03	1.2272143259e+21	6.1817407870e+20	2.1692427292e+00	1.0638124967e-24	2.9382954071e-07	2.1212261694e-02	6.9694365933e-19	5.1071931120e-18	1.6318911671e-14	7.2703155966e-11	5.7240981086e-13	5.4058177881e-12	8.0667554420e-10	8.9403171147e-15	9.7485504115e-07	1.4992316679e-05	2.7063687337e-04	5.9031268609e-19	1.5877677255e-05	1.2824831898e-10	0.0000000000e+00	1.8867457063e-21	3.5118913506e-09	3.7335326300e-12	1.0030733625e-12	1.4240428590e-15	2.2846038232e-17	5.5659790682e-10	5.8107497501e-09	9.5124419853e-04	2.7307744525e-18	2.2947583743e-19	2.7183542404e-30	1.3993755995e-25	1.0527461198e-05	1.8165267181e-08	6.4251033186e-30	1.0657071200e-21	4.5250700248e-12	6.2806518036e-16	6.1194638290e-10	1.3926349094e-13	1.7963877262e-09	3.6417156497e-19	1.7099548386e-14	5.7627709262e-16	1.3001378091e-10	1.5687480800e-16	2.3018978707e-13	1.4653134606e-19	6.8089741518e-29	1.9324430836e-20	1.2511392080e-21	1.3460957316e-31	1.7199517287e-22	4.4937446141e-41	7.8674864084e-24	3.1370129212e-32	1.2550213572e-15	1.9316429789e-18	4.3730119937e-24	1.1431111450e-35	2.2008982614e-11	1.3173089285e-22	9.7340138520e-01	3.5472563298e-11	2.2601706006e-17	3.4440815370e-03	4.9616520933e-05	6.5208758843e-17	6.4952143619e-16	1.1850043852e-26	1.1353933481e-41	2.1466082250e-05	2.3599512167e-21	3.9982063877e-45	4.2181012196e-57	7.8950639572e-69	8.6783761078e-21	9.2649289410e-39	7.1663751777e-16	2.1054491632e-19	3.8260711999e-12	4.0710099411e-17	6.7592428519e-12	1.7592764957e-15	9.7776492250e-15	9.4119103022e-24	8.0435152161e-17	1.6149079376e-17	7.4389624598e-19	1.0326881076e-14	1.1567986451e-33	2.8781504386e-24	1.5889337971e-28	8.9805714747e-22	1.6140102199e-24	1.2892017715e-19	3.8669576601e-20	4.1511703458e-25	5.9648450944e-20	1.0844178475e-16	3.5751025104e-13	2.7078199749e-14	2.1542876321e-19	1.8409914514e-14	2.8216433574e-24	1.1476136739e-13	1.2709488897e-19	2.3018978707e-13	5.0752314307e-18	3.2075996347e-19	1.0741960207e-21	3.6953352855e-28	3.7302383969e-26	1.7116654415e-19	8.8791924752e-21	2.5515264285e-29	3.5977144438e-25	5.1071196147e-26	5.3703792720e-32	2.4059809316e-16	1.3336980580e-07	5.1598681504e-07	7.4491875564e-08	1.2155613765e-13	1.4096046529e-24	1.7105928804e-16	9.8007982391e-23	6.0718322832e-14	1.6400555619e-20	1.3234343266e-06	3.5776929819e-08	1.1231682864e-20	1.0089690044e-26	1.8728389853e-23	4.9685026020e-19	1.3865072726e-14	1.3668394260e-08	2.1134256295e-07	1.2466305152e-07	2.1578440700e-12	1.1596983581e-04	4.6589443733e-14	1.2748276330e-15	1.0488791960e-17	9.8534368232e-26	5.3208316690e-11	8.4532950308e-14	3.4209753679e-15	1.1001208858e-08	1.3589345367e-12	2.6289773913e-04	7.1188733381e-11	1.7773183947e-07	9.8274728384e-16	1.0144192843e-21	2.2293934456e-04	1.7801742879e-25	2.2846038232e-17	1.5870133271e-23	2.0353750687e-14	5.8528128972e-16	9.3096592598e-19	1.1230795767e-25	3.3525867581e-49	1.3055552081e-14	1.2504577698e-18	1.7126014413e-27	8.9341081888e-30	6.9368117293e-14	1.3473800165e-10	1.1169691098e-12	2.1242476109e-06	8.1291328237e-22	4.5872883828e-26	3.5303866847e-16	2.9120614832e-10	2.1223318739e-08	6.4236113047e-11	6.0645562056e-14	5.4906064459e-20	8.2520962923e-10	3.7310347191e-14	1.6944653712e-08	7.8780888937e-13	9.7333542547e-12	2.5147293412e-11	7.5389677196e-10	1.0620185181e-16	1.3146498227e-12	2.4998690025e-13	1.5097113511e-14	5.1298545257e-34	2.0047730150e-13	7.4263888086e-14	1.6944653712e-08	5.7828869014e-21	5.3289835004e-25
7.9869896200e+01	1.2690569936e+03	9.0496796078e+20	4.5584612797e+20	2.1692692401e+00	7.8135679979e-27	7.3784567557e-08	2.1212520798e-02	2.9299869375e-20	2.1880493111e-19	2.1142140560e-15	1.8652002278e-11	6.8104396861e-14	8.3663061525e-13	3.3561154051e-10	4.1386559466e-15	9.7975620915e-07	1.5053163860e-05	2.7070654417e-04	5.7213669062e-20	1.5877871298e-05	2.9210287991e-11	0.0000000000e+00	2.7335185236e-23	1.0925323324e-09	1.1862915943e-12	1.2762510364e-13	7.4940068379e-17	9.2641695731e-19	1.7463999994e-10	1.4396200145e-09	9.5714270599e-04	1.1995595953e-19	1.4769975228e-20	2.3897014000e-32	3.1359317319e-27	4.6584194225e-06	1.0062655692e-08	1.6745830083e-32	1.4968472766e-23	5.7523883514e-13	4.2281247947e-17	1.9784656556e-10	2.3885759704e-14	1.0829778318e-09	4.2559263912e-20	2.3401986164e-15	6.1307788631e-17	5.6050719192e-11	1.5785105014e-17	3.6344932432e-14	5.5493707253e-21	4.0170582343e-31	1.3004879035e-21	1.9440766043e-23	2.7192483505e-34	6.9161410607e-24	1.7594860230e-44	1.2555896982e-25	2.7023654129e-34	1.0191413745e-16	1.6738351921e-19	2.2795420257e-25	1.4997969665e-37	3.5942415836e-12	4.5468260999e-24	9.7339526940e-01	8.0196486357e-12	3.6066810333e-18	3.4499313998e-03	5.0018461333e-05	1.6549638943e-17	7.1486028806e-17	3.3880397830e-28	4.2110272095e-44	2.1266905778e-05	2.2395825101e-22	1.0696622616e-47	3.2321459119e-60	1.0304410616e-72	3.8342825709e-22	2.5822651022e-41	1.0227544299e-16	2.5743457351e-20	1.8076032567e-12	5.5883743673e-18	2.1045835367e-12	2.9575346561e-16	1.2423443680e-15	1.4836667866e-25	7.5109750756e-18	1.5158766338e-18	7.9510916058e-20	3.9493676933e-15	2.2124632176e-36	4.2709354263e-26	1.1427218518e-30	3.3240828429e-23	3.9584112072e-26	1.2096312355e-20	6.1078127597e-21	2.8929442179e-26	1.4376788228e-20	9.1899477625e-18	9.5576517017e-14	1.0230346819e-14	7.5081044595e-21	4.1434955161e-15	8.4991865581e-26	2.9905953324e-14	1.0160903866e-20	3.6344932432e-14	4.3677149196e-19	2.6196339610e-20	3.8536471467e-23	3.0397691727e-30	7.0014190347e-28	1.6961089943e-20	7.6493404848e-22	4.8956639065e-31	1.6649710691e-26	3.5128636587e-27	7.2928609704e-34	2.3552447674e-17	7.1590437967e-08	5.7777879589e-07	7.4963900189e-08	1.3796553661e-14	2.1046024644e-26	2.0911246114e-17	4.0498765111e-24	2.0329331534e-14	4.4322032256e-22	1.2949550403e-06	6.4272832538e-08	3.1539741017e-21	4.2505268497e-28	1.6680265794e-24	1.3474771466e-19	1.3278278894e-14	8.7793071114e-09	2.1134514579e-07	5.8301249775e-08	8.8619087175e-13	1.1597823326e-04	9.5457205439e-15	3.7825543796e-16	2.7318463854e-18	9.9862671269e-27	2.3809488721e-11	1.1592674545e-14	3.8572374111e-16	4.1129324258e-09	5.5870850554e-13	2.6290101102e-04	1.2700324414e-11	1.1707005360e-07	1.2744364903e-16	7.7383919192e-23	2.2294216817e-04	2.0221748961e-27	9.2641695731e-19	1.2113052517e-25	7.0494069131e-15	8.9087164319e-17	2.8186085848e-19	2.9182904126e-26	4.1808734126e-50	2.7189422747e-15	2.0171737296e-19	1.0792449287e-28	1.1015347728e-30	1.6913531111e-14	7.6743064350e-11	2.1934753718e-13	2.1275535959e-06	1.6777887554e-22	5.4602722319e-27	4.9677017260e-16	8.8747039710e-11	1.0712779795e-08	2.5059862542e-11	2.4761588566e-14	1.2036751888e-20	6.7519225806e-10	8.7406083673e-14	2.0906909039e-08	9.2532970616e-13	3.9204571453e-12	1.1491876124e-11	6.4081389846e-10	2.2219078768e-16	8.7275867192e-13	2.0800634316e-13	8.4350122547e-15	3.2174992902e-33	8.0951905501e-14	8.9169099513e-14	2.0906909039e-08	7.9184380251e-21	4.6169800972e-25
5.4532793900e+01	1.1541324536e+03	6.7942003433e+20	3.4223023244e+20	2.1692944299e+00	8.1029852194e-30	1.0845055844e-08	2.1212767084e-02	3.6985887852e-22	2.8001705706e-21	1.1925668452e-16	2.4533453883e-12	3.8934103708e-15	6.2537089236e-14	1.0295144830e-10	1.3988416143e-15	9.8338259988e-07	1.5099151845e-05	2.7074556106e-04	2.3402453700e-21	1.5878055672e-05	3.7980620569e-12	0.0000000000e+00	7.5251075313e-26	1.8848762383e-10	2.1130199143e-13	6.5282670540e-15	1.2454803073e-18	1.0834878748e-20	3.2121354296e-11	2.0494464509e-10	9.6063220442e-04	1.3916695258e-21	2.8880255463e-22	3.2611424425e-35	1.5049472492e-29	1.1904288053e-06	3.5056685279e-09	3.7472321518e-36	3.4553973275e-26	2.7379811815e-14	9.1195438880e-19	3.7637004143e-11	2.0696286943e-15	5.4371621597e-10	2.0790345775e-21	1.5061718590e-16	2.8336474335e-18	1.8021434030e-11	5.8994446045e-19	2.3227811729e-15	4.8724421865e-23	2.7491237948e-34	2.3878258645e-23	4.9358518640e-26	3.7487944333e-38	5.4218118336e-26	2.3508688279e-49	2.8070433771e-28	2.3903734062e-37	3.3150399252e-18	5.9681422381e-21	4.1325655257e-27	4.2950063786e-40	2.9524717113e-13	4.6430626747e-26	9.7338928066e-01	1.1012755197e-12	3.1685430486e-19	3.4533956280e-03	5.4653380066e-05	3.0882247466e-18	3.2883398668e-18	2.5608136713e-30	2.0644932415e-47	1.8950441195e-05	8.6115880237e-24	3.4353052105e-51	1.9540358488e-64	5.7962946682e-78	5.1164558005e-24	8.4660509300e-45	7.2024639559e-18	1.6832089269e-21	7.1349308174e-13	3.9220640889e-19	4.1447087230e-13	2.7227373960e-17	6.8659978032e-17	3.7171867705e-28	2.3557684957e-19	5.1309130019e-20	3.6468970155e-21	1.0753919429e-15	2.6668710898e-40	8.6593808877e-29	9.3300723839e-34	2.6221699749e-25	1.9249960772e-28	3.8001409804e-22	4.4332412555e-22	7.4693854402e-28	2.1060908017e-21	2.5783996219e-19	1.3408541807e-14	2.6319204127e-15	5.8599784987e-23	4.8383370621e-16	6.2709461484e-28	4.2795564088e-15	3.1747643611e-22	2.3227811729e-15	1.3218781356e-20	9.0956076118e-22	2.7839089520e-25	3.4823094910e-33	2.2508266830e-30	5.4512466862e-22	2.9222922085e-23	2.2714673758e-33	2.6921851098e-28	5.5853209986e-29	1.2249407588e-36	7.8632590912e-19	2.8516245047e-08	6.2086131652e-07	7.5197450288e-08	7.3080045807e-16	5.1318545324e-29	1.1551430280e-18	4.2107073814e-26	4.7056548648e-15	2.7273998583e-24	1.2163838160e-06	1.4285984365e-07	5.8051131389e-22	4.9750485390e-30	5.7238511990e-26	2.1991700295e-20	1.2621945530e-14	5.1643953169e-09	2.1134759994e-07	2.2428503503e-08	2.3543044762e-13	1.1598272687e-04	9.9843797502e-16	6.5369940228e-17	3.9504480744e-19	4.1073085852e-28	6.2146177845e-12	6.1254292778e-16	1.6715690255e-17	1.0267741591e-09	1.5880456487e-13	2.6290407527e-04	1.3345805422e-12	7.1258226331e-08	7.7764770722e-18	2.3264622923e-24	2.2294478240e-04	4.3461825477e-30	1.0834878748e-20	1.5636514733e-28	1.3012208430e-15	6.3224067487e-18	4.9757571482e-20	4.2212057328e-27	2.3545184512e-51	3.1049549901e-16	1.6398131313e-20	2.5016908238e-30	6.8235279668e-32	2.3710859253e-15	3.5830976876e-11	2.0134942768e-14	2.1280768023e-06	1.5293961131e-23	2.4083123283e-28	6.1109356239e-16	1.5672993154e-11	3.9784773363e-09	5.7938282474e-12	6.1141976795e-15	1.3015809475e-21	5.1671571460e-10	2.8016374670e-13	2.4413867705e-08	1.0199830295e-12	1.0113249495e-12	3.7579273365e-12	3.9139982259e-10	3.9761186205e-16	4.3844636103e-13	1.6284924484e-13	3.5678963839e-15	2.6655211113e-32	1.9441308158e-14	1.1538584504e-13	2.4413867705e-08	9.4757064419e-21	3.0158603873e-25
3.7233372600e+01	1.0282338113e+03	5.2069345792e+20	2.6227492574e+20	2.1693212620e+00	5.7179313786e-34	7.6519450772e-10	2.1213029459e-02	8.7142757644e-25	6.8355013335e-24	2.1487535595e-18	1.2905630960e-13	8.1010462488e-17	1.7358336840e-15	2.0806517675e-11	2.7566320929e-16	9.8586385403e-07	1.5131649558e-05	2.7076474343e-04	2.9308066163e-23	1.5878252068e-05	2.2223926646e-13	0.0000000000e+00	2.1165941210e-29	1.4145819463e-11	1.6676992182e-14	9.5950886012e-17	4.2499980575e-21	2.2954289195e-23	2.8497728844e-12	1.3636228870e-11	9.6169466663e-04	2.5295642673e-24	1.0790858079e-24	3.2843269418e-39	8.2972011821e-33	1.4388376228e-07	6.5310613229e-10	2.8866641622e-41	6.7125565786e-30	3.4031939469e-16	4.1357045877e-21	3.4739897670e-12	7.0493834276e-17	2.1336851842e-10	3.0954351681e-23	3.4532730160e-18	4.1970889472e-20	3.8862334839e-12	5.7161637567e-21	4.3298597996e-17	5.8016069933e-26	9.5753531345e-39	7.0606627416e-26	1.0611282327e-29	1.3002312834e-43	4.5916444900e-29	3.0677223390e-56	4.2884886559e-32	8.9787624089e-42	2.9848341525e-20	6.1294541807e-23	1.7226545504e-29	1.4992773467e-43	9.4488016838e-15	8.9302681912e-29	9.7338285201e-01	7.4102899281e-14	1.1625992527e-20	3.4544607400e-03	6.4827001912e-05	3.5830243858e-19	4.4566050912e-20	3.0501617350e-33	6.1882880347e-52	1.3864290901e-05	9.1328167798e-26	5.7630881307e-56	3.4885257183e-70	4.2065726158e-85	1.3247362117e-26	1.4810646210e-49	1.8226204787e-19	4.4149213931e-23	2.1490135807e-13	1.0692303700e-20	4.2466078711e-14	1.0700152155e-18	1.1804416376e-18	7.5092599175e-32	1.6687912313e-21	4.3289822938e-22	5.2829349422e-23	1.8556559274e-16	7.3134112698e-46	1.1593377095e-32	3.8916296178e-38	2.5106333634e-28	1.0305091895e-31	2.6925253909e-24	1.1236847506e-23	5.0084506802e-30	1.5823785624e-22	1.5561583236e-21	7.6127268778e-16	3.9180057882e-16	5.9213949355e-26	2.3169400488e-17	6.7603283866e-31	2.7135381707e-16	2.7537482759e-24	4.3298597996e-17	9.6179455114e-23	9.7927565903e-24	2.1957569197e-28	2.6123886470e-37	6.3036809728e-34	3.6700319035e-24	3.4609472104e-25	1.5121754878e-36	1.0360013149e-30	1.2198009937e-31	1.1960608867e-40	6.0517649078e-21	7.6367597434e-09	6.4174889549e-07	7.5280530676e-08	1.3783810294e-17	1.0566334060e-32	2.1175968588e-20	6.6328649463e-29	6.3883280624e-16	2.2168094905e-27	9.7790900635e-07	3.8135146889e-07	5.3725841913e-23	9.0083156546e-33	4.7755022360e-28	1.6061222620e-21	1.0676472571e-14	2.6953685009e-09	2.1135021410e-07	6.5952597505e-09	3.4461323118e-14	1.1598507018e-04	4.1629294624e-17	5.4211031678e-18	2.5615604192e-20	4.9596646372e-30	7.8100089802e-13	8.7609660796e-18	1.9522923324e-19	1.4723362333e-10	2.7247348639e-14	2.6290732840e-04	6.7477844477e-14	3.8948155881e-08	1.6402042240e-19	1.9033996619e-26	2.2294754358e-04	9.5059952104e-34	2.2954289195e-23	1.7209808448e-32	1.0198293471e-16	1.5341354831e-19	4.2049793421e-21	2.7540656629e-28	4.6040823157e-53	1.5590313162e-17	5.2381845721e-22	1.4862636887e-32	1.6778157458e-33	1.5606049445e-16	1.2765756373e-11	6.5069595838e-16	2.1272161527e-06	4.5481079494e-25	2.7452333424e-30	6.3664130483e-16	1.3076943566e-12	9.6869815998e-10	6.5533007527e-13	7.6261295959e-16	5.4089444644e-23	3.6263969213e-10	1.4120184594e-12	2.6691567086e-08	1.0465423826e-12	1.4199047676e-13	7.7973460899e-13	1.5204539459e-10	5.7853500859e-16	1.5063328465e-13	1.1798921082e-13	1.0279892146e-15	3.3949689370e-31	2.2897417671e-15	1.6804185917e-13	2.6691567086e-08	9.6587215156e-21	1.3788269814e-25
2.5421841400e+01	8.9348607517e+02	4.0913581025e+20	2.0607983284e+20	2.1693544874e+00	7.8940482993e-40	1.8443274823e-11	2.1213354359e-02	1.6158343911e-28	1.4763237971e-27	7.2787794018e-21	1.7782154067e-15	3.8024729587e-19	1.1490523952e-17	2.2782171544e-12	1.7078240455e-17	9.8739266509e-07	1.5152641063e-05	2.7077417955e-04	6.4794749686e-26	1.5878495260e-05	3.8824037316e-15	0.0000000000e+00	2.1091392085e-34	2.9186308695e-13	3.7397320741e-16	2.2924831839e-19	1.4291282898e-24	3.9841789500e-27	8.7738047764e-14	2.9869233499e-13	9.6184835954e-04	2.8198510463e-28	3.3397876006e-28	6.2310440601e-45	1.6507348745e-37	5.8852273214e-09	4.9699881357e-11	1.6158757199e-48	3.5187163312e-35	6.0190192421e-19	1.9326070062e-24	1.1268952994e-13	6.1822811253e-19	5.9057866750e-11	8.2435444889e-26	1.7611855065e-20	1.1877973791e-22	4.7012145526e-13	7.8304784258e-24	1.3581168615e-19	3.7824769349e-30	3.9860695296e-45	1.2519734488e-29	6.3358110663e-35	2.0858116606e-51	1.5581746983e-33	4.6797751104e-66	1.3378271390e-37	2.9324426400e-48	3.7599006002e-23	9.3740941574e-26	7.7532535442e-33	2.2448918205e-48	7.6084065782e-17	1.4933271359e-32	9.7337492198e-01	1.6089467761e-15	1.0046918774e-22	3.4546453195e-03	7.9610278136e-05	1.7556928475e-20	9.3219994759e-23	2.2513591089e-37	2.8901022771e-58	6.4733686617e-06	1.2559485057e-28	1.1050090262e-62	3.1114277032e-78	4.5470041360e-95	3.1226683997e-30	3.5693958806e-56	8.7318212339e-22	2.5707642342e-25	4.0349515952e-14	6.7494792101e-23	1.5482894141e-15	1.1189168790e-20	3.4005673874e-21	3.8811230339e-37	1.3714124540e-24	4.8989755730e-25	1.4451548239e-25	1.6787464099e-17	8.1341236674e-54	3.0136860500e-38	2.1541230307e-44	1.1340700613e-32	2.2577010689e-36	2.2247716267e-27	6.3140555685e-26	4.8213681478e-33	4.6236418812e-24	9.2911001073e-25	1.0774185000e-17	2.4435130666e-17	3.0757192404e-30	3.0768998116e-19	4.4329701788e-35	5.3256558046e-18	3.7218382505e-27	1.3581168615e-19	8.8544016029e-26	1.9048754644e-26	6.4198536797e-33	3.3917934108e-43	4.6728050046e-39	2.3661737133e-27	6.2312725093e-28	5.9296669011e-41	4.9347835791e-34	1.5438572896e-35	1.9177051402e-46	5.5634574601e-24	1.1721979887e-09	6.4822340501e-07	7.5300212898e-08	5.7736391888e-20	6.0686330147e-38	7.3229635527e-23	6.7159396341e-33	3.6485212132e-17	9.5145367130e-32	4.3837597010e-07	9.2090532928e-07	1.2591380643e-24	7.3724610957e-37	3.5097688427e-31	2.5151532809e-23	5.2993452427e-15	1.1816982671e-09	2.1135345115e-07	1.3062873108e-09	2.1163582523e-15	1.1598699502e-04	4.5387732995e-19	1.5536648806e-19	5.1851351483e-22	1.0142934460e-32	3.4312393357e-14	1.8649857683e-20	3.3658006034e-22	9.3751525022e-12	2.2409553491e-15	2.6291135517e-04	1.1575557077e-15	1.8189004575e-08	7.0366185092e-22	2.2461019542e-29	2.2295095847e-04	7.3086034136e-39	3.9841789500e-27	4.7526719117e-38	2.3191226308e-18	7.1366939287e-22	1.2185273876e-22	5.6845606443e-30	2.0114998337e-55	2.3610221512e-19	4.3072981281e-24	1.2235807611e-35	1.0993274528e-35	3.4221254195e-18	3.0810893118e-12	4.5642078848e-18	2.1278865571e-06	2.6421511064e-27	4.3961659229e-33	5.3743483690e-16	3.6389627475e-14	1.2705380555e-10	2.6208429134e-14	3.5483548527e-17	5.6711741087e-25	2.2616715915e-10	1.4331522728e-11	2.6978631524e-08	9.9268200728e-13	8.2357697360e-15	8.3796766295e-14	3.0644737353e-11	6.3504473607e-16	2.9871762848e-14	7.7065182175e-14	1.6870877348e-16	8.8150128084e-30	9.5470776862e-17	2.9888489830e-13	2.6978631524e-08	8.1192185529e-21	3.9358606457e-26
1.7357278600e+01	7.7588809792e+02	3.2168800330e+20	1.6203126455e+20	2.1693746858e+00	1.2049416995e-46	2.4441852830e-13	2.1213551871e-02	6.4661313526e-33	8.2379694125e-32	9.6891903675e-24	1.1596843525e-17	7.6260342513e-22	3.3151790114e-20	1.7594587422e-13	3.3610133753e-19	9.8811351403e-07	1.5163198050e-05	2.7077780034e-04	5.4271867214e-29	1.5878643101e-05	3.1378344036e-17	0.0000000000e+00	3.2275086921e-40	2.6643057915e-15	3.8246775457e-18	2.0086749164e-22	1.3098967434e-28	1.6948898237e-31	1.5133690550e-15	3.5124937173e-15	9.6186320845e-04	5.9451082744e-33	2.3626090027e-32	1.0476105056e-51	4.2031852801e-43	1.3399191009e-10	2.3820561270e-12	5.8004275263e-57	2.4822655424e-41	3.6630464684e-22	2.5619973769e-28	2.0703151271e-15	2.5646760097e-21	1.3624648575e-11	8.6261078021e-29	3.9164619260e-23	1.3571637723e-25	4.1459302526e-14	3.7089994297e-27	1.6280631826e-22	5.0178901997e-35	1.2815112008e-52	3.8621102221e-34	5.4222820402e-41	1.6804203706e-60	9.3950984473e-39	1.6933559534e-77	5.0257027957e-44	5.8543000042e-56	1.4034431133e-26	4.4370959428e-29	9.1846476322e-37	5.3509382146e-54	2.8326474715e-19	6.3917290066e-37	9.7337010487e-01	1.6492092117e-17	3.0982820797e-25	3.4546815514e-03	8.8741192955e-05	4.2627624889e-22	6.1893839229e-26	3.1915167319e-42	1.2136006559e-65	1.9083423058e-06	4.5127666393e-32	1.4466494415e-70	1.2134148094e-87	1.0974177867e-106	1.9442522178e-34	7.9424075226e-64	1.3237745905e-24	5.1557113099e-28	5.2505031664e-15	1.6917441405e-25	2.8564409477e-17	5.0305199464e-23	3.2555403685e-24	2.6540104745e-43	3.5018602627e-28	1.8725987632e-28	1.5999905751e-28	1.0915395468e-18	4.3547427229e-63	9.1691530710e-45	1.1160091996e-51	9.7686809345e-38	8.7319672765e-42	5.7848731867e-31	1.6082685051e-28	1.6431983764e-36	8.3745334894e-26	1.4053155259e-28	6.4587503889e-20	8.5962751264e-19	3.1554483142e-35	2.0578959645e-21	6.2205135345e-40	5.5828266370e-20	1.8246393328e-30	1.6280631826e-22	2.6459069407e-29	1.4320071017e-29	2.7997638488e-38	4.1967385668e-50	4.2171060536e-45	3.8215430733e-31	3.1198879507e-31	4.8573372905e-46	7.4620668706e-38	4.3609156250e-40	3.3750355247e-53	1.6125956729e-27	1.2995738924e-10	6.4927169200e-07	7.5303016330e-08	1.0872212513e-22	4.7389995656e-44	8.9066061066e-26	1.5005482919e-37	1.1418577770e-18	7.6848830731e-37	8.8413189190e-08	1.2708807703e-06	8.2978398054e-27	6.4792216585e-42	4.0692814560e-35	1.0134719977e-25	1.1887964422e-15	4.7005372446e-10	2.1135541902e-07	2.0663046682e-10	8.0762867148e-17	1.1598808647e-04	2.3639346045e-21	2.5231872883e-21	5.5947669066e-24	7.9976134793e-36	8.6763578181e-16	1.3850646236e-23	2.0066434326e-25	3.7928400338e-13	1.2324162492e-16	2.6291380308e-04	1.0639355016e-17	7.7732699670e-09	1.1311977763e-24	8.3068830990e-33	2.2295303432e-04	8.6083284697e-45	1.6948898237e-31	1.5137646331e-44	2.7242189490e-20	1.1879714734e-24	1.9773901650e-24	6.3806380541e-32	4.2827431888e-58	1.8461429608e-21	1.6950516470e-26	3.4587467239e-39	3.6761239352e-38	4.1069468942e-20	6.0286108761e-13	1.3603433993e-20	2.1279707543e-06	6.1886318204e-30	2.4236404077e-36	4.2909139805e-16	5.4541846711e-16	1.1720955193e-11	5.9204552582e-16	9.7435062622e-19	2.8790716382e-27	1.3391152144e-10	2.3203245789e-10	2.6967969311e-08	9.4863292359e-13	2.9401676939e-16	6.3118375697e-15	4.2987161771e-12	6.1254156489e-16	4.3838400402e-15	4.8186130339e-14	1.9992976905e-17	4.0156206468e-28	2.2301852509e-18	6.2668053740e-13	2.6967969311e-08	6.6519829906e-21	9.5694924130e-27
1.1851034500e+01	6.7521093270e+02	2.5238902231e+20	1.2712561701e+20	2.1693813985e+00	2.1557045998e-54	1.8049720100e-15	2.1213617512e-02	5.9269145158e-38	1.2260687313e-36	5.1903445124e-27	3.6583862165e-20	6.6194668389e-25	4.2277070075e-23	9.6224982791e-15	2.8685648479e-21	9.8841673179e-07	1.5167975888e-05	2.7077881867e-04	1.7586496757e-32	1.5878692235e-05	1.1702796121e-19	0.0000000000e+00	7.9672703127e-47	1.1393036940e-17	1.8945651617e-20	6.6831833400e-26	3.3913200717e-33	1.8336286945e-36	1.4948434361e-17	2.2607141849e-17	9.6186634180e-04	2.5542757459e-38	4.1211053453e-37	1.7587588753e-59	1.5327290325e-49	1.7499195780e-12	7.4212671496e-14	1.4535816096e-66	2.5183640199e-48	8.0385588843e-26	1.0073233456e-32	2.2130666543e-17	5.1719226286e-24	2.6519416264e-12	3.6792702143e-32	3.9042363301e-26	6.4474460293e-29	2.6932906508e-15	6.3504572264e-31	7.8191375296e-26	1.4429085848e-40	3.5482509629e-61	2.3403219251e-39	7.1785388840e-48	7.5219196708e-71	1.0981638665e-44	1.6559151226e-90	2.5095763746e-51	8.4910004879e-65	1.6333360081e-30	6.8391126647e-33	3.0413014317e-41	2.1858074918e-60	4.9667490560e-22	7.2259893521e-42	9.7336851711e-01	8.2924094912e-20	3.6463651301e-28	3.4546685648e-03	9.1799505953e-05	5.4410755613e-24	1.3772674262e-29	9.2917752708e-48	4.9996609658e-74	3.7932901114e-07	4.6189134690e-36	1.4610170917e-79	2.3697694450e-98	6.8883251715e-120	3.3067217964e-39	1.7289390790e-72	6.8483478698e-28	3.8125643420e-31	4.8970940905e-16	1.7655434615e-28	2.7914672813e-19	1.0200082618e-25	1.0974891066e-27	2.5922938944e-50	2.9361272349e-32	2.5450510192e-32	7.4608961725e-32	5.2270073149e-20	1.2614000110e-73	3.6059137651e-52	5.9710767931e-60	1.7382304725e-43	6.4574364458e-48	5.0326968716e-35	1.9511707312e-31	2.0917817072e-40	9.7570177720e-28	5.8343368935e-33	1.7483292776e-22	1.7886231062e-20	6.8600293304e-41	7.1962240803e-24	1.9684039710e-45	3.2258906376e-22	3.3747280702e-34	7.8191375296e-26	2.6875302976e-33	4.2515229017e-33	2.0308920192e-44	5.4877187888e-58	5.1561563034e-52	1.6887944103e-35	4.6726476127e-35	8.6713113892e-52	3.7032977226e-42	3.0274594343e-45	7.3086580561e-61	1.5564511867e-31	1.0486702995e-11	6.4939317213e-07	7.5303415664e-08	7.6549626464e-26	5.4315129437e-51	4.0440248921e-29	7.8854012069e-43	2.0298535020e-20	1.2311153528e-42	1.0925472397e-08	1.3483726942e-06	2.1038417279e-29	8.6374657004e-48	1.0442775527e-39	1.4511377955e-28	1.6376526271e-16	1.6989493537e-10	2.1135607301e-07	2.6163929962e-11	1.9522877352e-18	1.1598844625e-04	6.0205985148e-24	2.3779442522e-23	3.3048557958e-26	2.5193456779e-39	1.3077041159e-17	3.7347777741e-27	4.2955679847e-29	9.8740526354e-15	4.6026121504e-18	2.6291461661e-04	5.2709698444e-20	3.0423755650e-09	6.8377708275e-28	9.7446081680e-37	2.2295372420e-04	1.6188341794e-51	1.8336286945e-36	5.9953474966e-52	1.7178817530e-22	7.4642612743e-28	1.8465631396e-26	4.0307257690e-34	4.7273371889e-61	7.5952540760e-24	3.2767545278e-29	3.4821833301e-43	6.4886181862e-41	2.7581370658e-22	9.6685126809e-14	1.7627095760e-23	2.1220338166e-06	6.0331927578e-33	4.7998025303e-40	3.3311699226e-16	4.4727776478e-18	7.6615718058e-13	7.7146881930e-18	1.6175785834e-20	7.3261233373e-30	7.5629952964e-11	6.0867252836e-09	2.7050519626e-08	9.3051462028e-13	6.5670333091e-18	3.3770119565e-16	4.2747345910e-13	5.3405135393e-16	4.8213852346e-16	2.8940309211e-14	1.7210624944e-18	3.3741225879e-26	2.9794301415e-20	1.5747949919e-12	2.7050519626e-08	5.4853739266e-21	2.0656894692e-27
8.0915345100e+00	5.9070870019e+02	1.9697516351e+20	9.9214192103e+19	2.1693828064e+00	6.0426898281e-63	8.0187047251e-18	2.1213631301e-02	1.5768690269e-43	5.7943191083e-42	1.2643360405e-30	5.5931538498e-23	2.7576067721e-28	2.6244699588e-26	3.8837069791e-16	1.4154614489e-23	9.8853083640e-07	1.5169926869e-05	2.7077901787e-04	2.4943796559e-36	1.5878702541e-05	2.1781171169e-22	0.0000000000e+00	4.0604149729e-54	2.6727716855e-20	5.3191958204e-23	9.7079778332e-30	2.9473136389e-38	6.0695255599e-42	9.1769692332e-20	8.6662664607e-20	9.6186697242e-04	2.9154811610e-44	2.2661716819e-42	4.4201570799e-68	1.1463717517e-56	1.4356756765e-14	1.6260312055e-15	3.6963664349e-77	4.8494388664e-56	7.4528249684e-30	1.4008149408e-37	1.4993287802e-19	5.6309339115e-27	4.4879454847e-13	7.3068374717e-36	1.9553265903e-29	1.4416780012e-32	1.3447703132e-16	4.5879241214e-35	1.7426647807e-29	1.1314000327e-46	1.2535798924e-70	3.8970230430e-45	1.9461299797e-55	2.8320105904e-82	3.2489951788e-51	7.3855860455e-105	2.2937682728e-59	1.4694474117e-74	7.2017096660e-35	4.1492433568e-37	3.4910375150e-46	2.0264944969e-67	4.5309208413e-25	2.5684125629e-47	9.7336905073e-01	2.3366292951e-22	2.0146374627e-31	3.4537993236e-03	9.2440669865e-05	4.3004386693e-26	1.2425074527e-33	7.1721272863e-54	2.8814395663e-83	5.8777093389e-08	1.7434759432e-40	1.7577498337e-89	3.7990841134e-110	2.0119177862e-134	1.8266364602e-44	5.0087653506e-82	1.5178965532e-31	1.2840221494e-34	3.5699332844e-17	8.9994429924e-32	1.6486616475e-21	1.0853960688e-28	1.5735082155e-31	4.8220753257e-58	9.6445204642e-37	1.4486917673e-36	1.6740177770e-35	1.9517478132e-21	3.0534452499e-85	2.5328355400e-60	4.6624059330e-69	8.2222070694e-50	1.1841514420e-54	1.7544553036e-39	1.2841057901e-34	1.1674781613e-44	7.9584593591e-30	8.4442114457e-38	2.5297481871e-25	2.4860089035e-22	4.0167338869e-47	1.4653314919e-26	1.7378581149e-51	1.1306603237e-24	2.7205734818e-38	1.7426647807e-29	1.0920133474e-37	5.6259884479e-37	3.3858426552e-51	1.0930492268e-66	1.2028244204e-59	2.6154711788e-40	2.6577338717e-39	4.1444903381e-58	7.0263230224e-47	6.6305250406e-51	2.7425323064e-69	5.9563602261e-36	6.3857750156e-13	6.4940344175e-07	7.5303473775e-08	3.1452716171e-29	1.2089795013e-58	8.2008948547e-33	1.2168255273e-48	2.2996349039e-22	4.8896414582e-49	1.0609618712e-09	1.3582380871e-06	2.7756623898e-32	2.6994304971e-54	8.7326411381e-45	1.0173568051e-31	1.7695241044e-17	5.6431972745e-11	2.1135621020e-07	2.7214517161e-12	3.2030640858e-20	1.1598852163e-04	8.2912946351e-27	1.4120661447e-25	1.1715962791e-28	3.6255600668e-43	1.2878951370e-19	4.2482221118e-31	3.8309710053e-33	1.7575880014e-16	1.2363140490e-19	2.6291478726e-04	1.5134504385e-22	1.1012416702e-09	1.7275139272e-31	4.1400184296e-41	2.2295386892e-04	6.1729134530e-59	6.0695255599e-42	4.0626749709e-60	6.4716828307e-25	2.1128288530e-31	1.0831513642e-28	1.5798314835e-36	3.1059092061e-64	1.7948407020e-26	3.4474772239e-32	1.4470505189e-47	6.6962272554e-44	1.1284826891e-24	1.3126416295e-14	1.0074022543e-26	1.9062374374e-06	2.2806237366e-36	3.2690846813e-44	2.1298822723e-16	1.9713768783e-20	3.3606288257e-14	5.6939306553e-20	1.5908581105e-22	9.4429072582e-33	3.7251152149e-11	2.2599766247e-07	2.5012601459e-08	8.6204189935e-13	8.8867024331e-20	1.2218821374e-17	2.6160686740e-14	2.9534524275e-16	3.4075638957e-17	1.3806510392e-14	9.1912535734e-20	3.4753344757e-24	2.0264000718e-22	4.2847012390e-12	2.5012601459e-08	3.8589721454e-21	3.4343392395e-28
5.5246595300e+00	5.2111822290e+02	1.5244853929e+20	7.6786617226e+19	2.1693831190e+00	4.5471070279e-72	2.4774292842e-20	2.1213634356e-02	1.7676064710e-49	1.2062026183e-47	1.7587991718e-34	8.8276166518e-27	6.7542809762e-32	9.6304855027e-30	1.2576755347e-17	4.8748262337e-26	9.8856979428e-07	1.5170654190e-05	2.7077905936e-04	1.9577178273e-40	1.5878704829e-05	2.3984759550e-25	0.0000000000e+00	6.7534437154e-62	4.2364031504e-23	1.0358171203e-25	7.8997308935e-34	1.1824991405e-43	8.6648029708e-48	4.0449179808e-22	2.3073762773e-22	9.6186711179e-04	1.3354111573e-50	5.6827244528e-48	3.0272590121e-77	2.9317679399e-64	8.6142359675e-17	2.8357040251e-17	1.8841254976e-88	2.9226313547e-64	3.8376975305e-34	9.4367443814e-43	7.4490220053e-22	3.9897764665e-30	6.9294174989e-14	8.5336283918e-40	6.0356462079e-33	1.8978588986e-36	5.5689096908e-18	1.8302322474e-39	2.3105564418e-33	3.6171092956e-53	1.0701261974e-80	2.7933236031e-51	1.7695312909e-63	1.8898867529e-94	3.8110405042e-58	3.8331718946e-120	6.6323988615e-68	6.2404083871e-85	1.6155871085e-39	1.3155026443e-41	1.9225396519e-51	6.6625097016e-75	2.5903734721e-28	3.9801632273e-53	9.7337561550e-01	4.4203781339e-25	6.7000447667e-35	3.4471804314e-03	9.2542252629e-05	2.4877340473e-28	6.0148729905e-38	2.1916812277e-60	4.1695486114e-93	7.9923790794e-09	3.3789943736e-45	4.8584510001e-100	1.0744600950e-122	6.9157442017e-150	4.5210127562e-50	3.4307573434e-92	1.9089350098e-35	2.5434899353e-38	2.2231707677e-18	2.8062563365e-35	6.9622473655e-24	7.4578983674e-32	1.2605044915e-35	2.8411203029e-66	1.6777620137e-41	4.5678789359e-41	2.2749738697e-39	6.2151855387e-23	1.3298643731e-97	5.5292986533e-69	9.7090024132e-79	1.5875524650e-56	8.4111549635e-62	3.3139420005e-44	5.6610601382e-38	3.7384617460e-49	5.1837807629e-32	6.0456044125e-43	2.4435122492e-28	2.6661192057e-24	9.5938786786e-54	2.0788008397e-29	6.2717792469e-58	2.8241112081e-27	1.2323632586e-42	2.3105564418e-33	2.3579468804e-42	4.1632292808e-41	2.1179841801e-58	5.9674761874e-76	9.1262358257e-68	2.0285476152e-45	7.8130357882e-44	7.7541391441e-65	6.7361929147e-52	6.8514323226e-57	3.1704459177e-78	1.2174692506e-40	3.1594158220e-14	6.4940414230e-07	7.5303485000e-08	7.6102983628e-33	8.6192705855e-67	9.6188338482e-37	8.1211643155e-55	1.9226959032e-24	7.2613857221e-56	9.0360783739e-11	1.3592088841e-06	2.3636351854e-35	3.1222655900e-61	3.4215119196e-50	4.4535469673e-35	1.6641918728e-18	1.7616528992e-11	2.1135624065e-07	2.4497163522e-13	4.0243222061e-22	1.1598853835e-04	7.4043462287e-30	6.0886136841e-28	2.9218027302e-31	3.0172438129e-47	9.6073958162e-22	2.6573069710e-35	1.8559675774e-37	2.3919035055e-18	2.6433253351e-21	2.6291482514e-04	2.9168043091e-25	3.7610589530e-10	2.2730546922e-35	8.3036423341e-46	2.2295390104e-04	7.4997148392e-67	8.6648029708e-48	7.9761332543e-69	1.7361095763e-27	3.4715373019e-35	4.6341213303e-31	4.5136737227e-39	1.5002175363e-67	2.8609139114e-29	2.3670479679e-35	3.2278299997e-52	4.7904728377e-47	3.2717698112e-27	1.5923905564e-15	5.5457939900e-31	2.7261904376e-07	1.3139439334e-41	3.1425206726e-50	3.6184992266e-18	9.6173540302e-24	1.9063136569e-16	4.8602214612e-23	1.8750051287e-25	1.3126784473e-36	2.8704645727e-12	1.9020585274e-06	3.8101924176e-09	1.3445219807e-13	1.4537884058e-22	5.7783758983e-20	3.3961063908e-17	1.0701512084e-19	5.2396448827e-20	1.6611943160e-16	1.0311991033e-22	3.9107307139e-25	2.5439042017e-26	2.1687960545e-12	3.8101924176e-09	7.4355307746e-23	1.4642070976e-30
3.7720735100e+00	4.6477644033e+02	1.1642464895e+20	5.8783077503e+19	2.1536870576e+00	1.7011698647e-175	6.5076565760e-23	2.1172903755e-02	1.3572040181e-55	1.7442692842e-53	1.9076170530e-38	1.2774714261e-31	1.2863016851e-35	2.7277790594e-33	3.6598309179e-19	1.4328353256e-28	9.8668397775e-07	1.5141777104e-05	2.7025915854e-04	1.1748454430e-44	1.5848217408e-05	1.9840499915e-28	0.0000000000e+00	6.0790649936e-164	5.1474471773e-120	1.5753818307e-122	4.4766607709e-132	2.9967102957e-143	7.5595312769e-148	1.3796816781e-118	4.6514579698e-119	8.5106811729e-98	3.6979997054e-151	9.2243344062e-148	1.7011698647e-175	4.2885869539e-166	4.0928921239e-113	4.1029858880e-113	1.7011698647e-175	1.7011698647e-175	1.7011698647e-175	1.7011698647e-175	1.7011698647e-175	1.7011698647e-175	1.7011698647e-175	1.7011698647e-175	1.3448269445e-130	1.7698696289e-134	1.8838240317e-113	1.7011698647e-175	1.7011698647e-175	1.7011698647e-175	1.7011698647e-175	1.7011698647e-175	1.7011698647e-175	1.7011698647e-175	1.7011698647e-175	1.7011698647e-175	1.7011698647e-175	1.7011698647e-175	2.6939615710e-44	3.1448190796e-46	7.7630980878e-57	1.4081681220e-82	1.2038735835e-31	4.2563946787e-59	9.7342781411e-01	7.0133279935e-28	1.7904358596e-38	3.4394755881e-03	9.2378414453e-05	1.2576885291e-30	2.2380918073e-42	4.5019571004e-67	3.3240413140e-103	1.0546624650e-09	5.0069695371e-50	7.2394799147e-111	1.4641137276e-135	9.5938926270e-166	7.8632434405e-56	1.2409107389e-102	1.8942732720e-39	3.9966061274e-42	1.1497681443e-113	6.2747996729e-133	2.2721075015e-120	3.7777726848e-129	7.0301567470e-134	1.7011698647e-175	1.7011698647e-175	1.7011698647e-175	1.7011698647e-175	1.7011698647e-175	1.7011698647e-175	1.7011698647e-175	1.7011698647e-175	1.7011698647e-175	1.7011698647e-175	1.7011698647e-175	1.7011698647e-175	1.7011698647e-175	1.7011698647e-175	1.7011698647e-175	1.7011698647e-175	2.3082357226e-120	1.7011698647e-175	1.7011698647e-175	1.7011698647e-175	1.7011698647e-175	1.7011698647e-175	1.7011698647e-175	1.7011698647e-175	2.3754713690e-45	1.7011698647e-175	1.7011698647e-175	1.7011698647e-175	1.7011698647e-175	1.7211166616e-48	8.5262840014e-166	4.2595198220e-151	1.7011698647e-175	1.7011698647e-175	1.7011698647e-175	1.4045113989e-15	6.4815730390e-07	7.5158900862e-08	1.2360917400e-36	1.7011698647e-175	8.9466027967e-41	1.7011698647e-175	1.4060089781e-26	6.1948041755e-157	7.3796439426e-12	1.3566819843e-06	1.6557950726e-38	2.0811926546e-162	8.5947997284e-150	1.4141118570e-132	1.3091519762e-113	5.3260751629e-12	2.1095043257e-07	2.0515647489e-14	4.5309946098e-24	1.1576583811e-04	5.4975615882e-33	2.3154096827e-30	6.3313671228e-34	2.0122902593e-51	5.8112040527e-118	1.1517394038e-133	6.1665918476e-136	2.8935547736e-20	5.1338810871e-23	2.6241002358e-04	4.6231342510e-28	1.2451973354e-10	2.1250837819e-39	1.1424049820e-50	2.2252582523e-04	5.4486636500e-75	7.5595312769e-148	9.1205369141e-78	3.6670920039e-124	4.5393983160e-39	1.7509751160e-33	1.1497678332e-41	6.8153839498e-71	3.8393534117e-32	1.3621714958e-38	5.5645867056e-57	3.0104462390e-50	7.2754512006e-124	1.6361001338e-110	2.7063142584e-36	4.2835084718e-09	7.4812081540e-49	2.9317051617e-58	8.0429284753e-22	4.4119725729e-28	1.0857661731e-19	4.0252082161e-27	2.1957689407e-29	1.7510589903e-41	2.4363630151e-14	2.1736959764e-06	6.6709749954e-11	2.4569079895e-15	2.3416426238e-26	2.7842536023e-23	5.0425841131e-22	6.0674269981e-27	9.2531095795e-25	2.4423938264e-20	1.2896997610e-27	9.3452670830e-30	3.4157139123e-32	1.3483565855e-13	6.6709749954e-11	1.9199375605e-26	8.2335657539e-35
2.5754598000e+00	4.1982980375e+02	8.8001566933e+19	4.4432196844e+19	2.1536870617e+00	2.2506202057e-175	1.8307628683e-25	2.1172903795e-02	1.2454960740e-61	2.9582578562e-59	2.3177447625e-42	1.7247034343e-36	2.6446356806e-39	8.1666614850e-37	1.0972087117e-20	4.5258994811e-31	9.8668768041e-07	1.5141860136e-05	2.7025915907e-04	7.8669830451e-49	1.5848217438e-05	1.6404357735e-31	0.0000000000e+00	1.8563454690e-162	1.9361829885e-113	7.4917947258e-116	7.9509535121e-127	2.4119083634e-139	2.1112447914e-144	1.3940826451e-111	2.7526133305e-112	2.0386859998e-88	3.4641482656e-148	5.0622976193e-144	2.2506202057e-175	2.2589583228e-164	5.8989371065e-106	1.8062007466e-105	2.2506202057e-175	2.2506202057e-175	2.2506202057e-175	2.2506202057e-175	2.2506202057e-175	2.2506202057e-175	2.2506202057e-175	2.2506202057e-175	9.1086032108e-125	5.0801679046e-129	1.8023237696e-105	2.2506202057e-175	2.2506202057e-175	2.2506202057e-175	2.2506202057e-175	2.2506202057e-175	2.2506202057e-175	2.2506202057e-175	2.2506202057e-175	2.2506202057e-175	2.2506202057e-175	2.2506202057e-175	5.1553510479e-49	8.6407501511e-51	3.7400689579e-62	3.7929080581e-90	6.1346197994e-35	5.3361504683e-65	9.7342783033e-01	1.2050133222e-30	5.3600633679e-42	3.4394584241e-03	9.2380222347e-05	6.8240359363e-33	9.6558273179e-47	1.1413856290e-73	3.6012730797e-113	1.5080311680e-10	8.9285215842e-55	1.5438975359e-121	3.0402302561e-148	2.2506202057e-175	1.6132053465e-61	5.9801127408e-113	2.1611799646e-43	7.0315937198e-46	1.6835479861e-105	4.2463956527e-127	2.2005011712e-113	5.7699818998e-123	1.2314445828e-128	2.2506202057e-175	2.2506202057e-175	2.2506202057e-175	2.2506202057e-175	2.2506202057e-175	2.2506202057e-175	2.2506202057e-175	2.2506202057e-175	2.2506202057e-175	2.2506202057e-175	2.2506202057e-175	2.2506202057e-175	2.2506202057e-175	2.2506202057e-175	2.2506202057e-175	2.2506202057e-175	5.9643945555e-113	2.2506202057e-175	2.2506202057e-175	2.2506202057e-175	2.2506202057e-175	2.2506202057e-175	2.2506202057e-175	2.2506202057e-175	1.5158907315e-49	2.2506202057e-175	2.2506202057e-175	2.2506202057e-175	2.2506202057e-175	4.3554637567e-53	3.0955681539e-163	8.4974555618e-147	2.2506202057e-175	2.2506202057e-175	2.2506202057e-175	6.3432570095e-17	6.4815730647e-07	7.5158901005e-08	2.0423522326e-40	2.2506202057e-175	9.4745813734e-45	2.2506202057e-175	1.0980301995e-28	1.7449020805e-154	6.3857239739e-13	1.3566887280e-06	1.2622935786e-41	4.6560160632e-160	6.9556863336e-146	1.3572029436e-126	2.8938500302e-105	1.6252947230e-12	2.1095043297e-07	1.7503685735e-15	5.5216920641e-26	1.1576583833e-04	4.5351300793e-36	9.7506015271e-33	1.5319052899e-36	1.5719154687e-55	1.0819999884e-110	1.5856552227e-128	6.4638199563e-131	3.7164598043e-22	1.0641932590e-24	2.6241002408e-04	7.6724997136e-31	4.1516480518e-11	2.0421119664e-43	1.6757637815e-55	2.2252582565e-04	4.8858069229e-83	2.1112447914e-144	1.3517634510e-86	2.4136671053e-117	6.8039688499e-43	7.3663108595e-36	3.3421749679e-44	3.9749119689e-74	5.6300152604e-35	8.8001428263e-42	1.1328548331e-61	2.1917386932e-53	4.7973314391e-117	4.7318212730e-102	1.2416250381e-41	5.6563959634e-11	3.4828800759e-56	2.3449973705e-66	1.4065397262e-25	1.8430057979e-32	5.4293206641e-23	3.0830667959e-31	2.4021734316e-33	2.2829780343e-46	1.7808526107e-16	2.1780544290e-06	1.0347951356e-12	4.0421789688e-17	3.4271807612e-30	1.2001448768e-26	5.7291275262e-27	1.9182834129e-34	1.2286235872e-29	2.6093243453e-24	1.1881154482e-32	1.3259889121e-34	3.5693961515e-38	7.4382777597e-15	1.0347951356e-12	3.9646699490e-30	3.8538561011e-39
1.7584474900e+00	3.8444683981e+02	6.5614829491e+19	3.3129080774e+19	2.1536870622e+00	3.0184960665e-175	6.9477367621e-28	2.1172903800e-02	2.3609660754e-67	9.8744501977e-65	4.4989043411e-46	3.9846337024e-41	8.1528487019e-43	3.5612812653e-40	3.8849125005e-22	1.9213259363e-33	9.8668878680e-07	1.5141887245e-05	2.7025915914e-04	8.5265887294e-53	1.5848217442e-05	1.8196643110e-34	0.0000000000e+00	4.8614163562e-161	3.6358473698e-107	1.7710949253e-109	7.9891999757e-122	1.2511109872e-135	3.9918909328e-141	6.4191473598e-105	7.4914830656e-106	1.6388832362e-79	2.4519627293e-145	1.9470785430e-140	3.0184960665e-175	1.0667663583e-162	3.9551687281e-99	3.5323542066e-98	3.0184960665e-175	3.0184960665e-175	3.0184960665e-175	3.0184960665e-175	3.0184960665e-175	3.0184960665e-175	8.1070039280e-168	3.0184960665e-175	3.1744882233e-119	7.8396827943e-124	6.8052073454e-98	3.0184960665e-175	3.0184960665e-175	3.0184960665e-175	3.0184960665e-175	3.0184960665e-175	3.0184960665e-175	3.0184960665e-175	3.0184960665e-175	3.0184960665e-175	3.0184960665e-175	3.0184960665e-175	1.7323976594e-53	4.1030056594e-55	3.4301559252e-67	2.5186243124e-97	4.5966751831e-38	1.3189438070e-70	9.7342783042e-01	2.8723794343e-33	2.4681507722e-45	3.4394581981e-03	9.2380472814e-05	4.8144327020e-35	7.1752444792e-51	6.4274976065e-80	1.2752309226e-122	2.5580573394e-11	2.9429545382e-59	1.2064959965e-131	2.9201977032e-160	3.0184960665e-175	6.4790168497e-67	9.5320288470e-123	4.0585905949e-47	1.9271659678e-49	9.5693285472e-98	1.4740771124e-121	9.7430142965e-107	4.3608842732e-117	1.2233009708e-123	3.0184960665e-175	3.0184960665e-175	3.0184960665e-175	3.0184960665e-175	3.0184960665e-175	3.0184960665e-175	3.0184960665e-175	3.0184960665e-175	3.0184960665e-175	3.0184960665e-175	3.0184960665e-175	3.0184960665e-175	3.0184960665e-175	3.0184960665e-175	3.0184960665e-175	3.0184960665e-175	6.7815460115e-106	3.0184960665e-175	3.0184960665e-175	3.0184960665e-175	3.0184960665e-175	3.0184960665e-175	3.0184960665e-175	3.0184960665e-175	1.5546995554e-53	3.0184960665e-175	3.0184960665e-175	3.0184960665e-175	3.0184960665e-175	1.9113942338e-57	8.3480446172e-161	1.0246327550e-142	3.0184960665e-175	3.0184960665e-175	3.0184960665e-175	3.2925122334e-18	6.4815730668e-07	7.5158901023e-08	5.3970331510e-44	3.0184960665e-175	1.6275085946e-48	3.0184960665e-175	1.1077088077e-30	3.7657638445e-152	6.4160269787e-14	1.3566893027e-06	1.3699221994e-44	8.1536051445e-158	3.6549052997e-142	6.5840985727e-121	2.4285882739e-97	5.1913855556e-13	2.1095043302e-07	1.6584236789e-16	8.6670737614e-28	1.1576583836e-04	5.4823668966e-39	5.6030983358e-35	5.2098601114e-39	2.0518806979e-59	9.3583402573e-104	1.2716570608e-123	3.9375305737e-126	6.0090836753e-24	2.7282328226e-26	2.6241002414e-04	1.6994152854e-33	1.4411845646e-11	2.9294241502e-47	4.0650853789e-60	2.2252582570e-04	1.1099174357e-90	3.9918909328e-141	5.7193811603e-95	7.7762148266e-111	1.6557278098e-46	4.2532719941e-38	1.3767388872e-46	3.8153990729e-77	1.1571500525e-37	8.3940962584e-45	4.0643666138e-66	2.3683588576e-56	1.4562148353e-110	5.1477477764e-94	1.0244314292e-46	8.6929415056e-13	3.5482599193e-63	4.5634519416e-74	3.7170958540e-29	1.2252796585e-36	3.7665764028e-26	3.7323424112e-35	4.1152393583e-37	5.2487820305e-51	1.5768691814e-18	2.1781121618e-06	1.9553286577e-14	8.1603637881e-19	7.5530037502e-34	7.3021628670e-30	1.0839090732e-31	1.2741205687e-41	2.6184631715e-34	3.9365417505e-28	1.7414325313e-37	3.1817684855e-39	6.8784110462e-44	4.6637066875e-16	1.9553286577e-14	1.2407870383e-33	2.9886268002e-43
1.2006157400e+00	3.5695677014e+02	4.8249998602e+19	2.4361537070e+19	2.1536870623e+00	4.1048313049e-175	4.3547230184e-30	2.1172903801e-02	1.4937226771e-72	1.0230597702e-69	1.9065127916e-49	2.3835299628e-45	5.0302033532e-46	2.9945157928e-43	1.8315807481e-23	1.3357792567e-35	9.8668912638e-07	1.5141896281e-05	2.7025915915e-04	2.0766389527e-56	1.5848217442e-05	3.5097192824e-37	0.0000000000e+00	9.7820769696e-160	2.0570711720e-101	1.2425360097e-103	3.0323840396e-117	3.0916721790e-132	3.9175108102e-138	7.8256955272e-99	5.5274498250e-100	2.1256014581e-71	1.0530388970e-142	3.9532548917e-137	4.1048313049e-175	3.9889152059e-161	7.1302188204e-93	1.7019945078e-91	4.1048313049e-175	4.1048313049e-175	4.1048313049e-175	4.1048313049e-175	5.5738906218e-166	4.1048313049e-175	2.7684582291e-152	4.1048313049e-175	3.5985809260e-114	4.2269386589e-119	5.4195991854e-91	4.1048313049e-175	4.1048313049e-175	4.1048313049e-175	4.1048313049e-175	4.1048313049e-175	4.1048313049e-175	4.1048313049e-175	4.1048313049e-175	4.1048313049e-175	4.1048313049e-175	4.1048313049e-175	1.4847139508e-57	4.8266027438e-59	9.0564993186e-72	7.4007260386e-104	6.5617058088e-41	1.0183202517e-75	9.7342783041e-01	1.1813230881e-35	2.3127751354e-48	3.4394581948e-03	9.2380512845e-05	5.2431600355e-37	1.3010338525e-54	1.3507678104e-85	3.2055199798e-131	5.5664862087e-12	2.6157691848e-63	7.9132562419e-141	3.4588495006e-171	4.1048313049e-175	7.9698760289e-72	1.1221225361e-131	1.7192856814e-50	1.1020514047e-52	1.1105105303e-90	1.6610968900e-116	1.1468886396e-100	1.0028830178e-111	4.6004451436e-119	4.1048313049e-175	4.1048313049e-175	4.1048313049e-175	4.1048313049e-175	4.1048313049e-175	4.1048313049e-175	4.1048313049e-175	4.1048313049e-175	4.1048313049e-175	4.1048313049e-175	4.1048313049e-175	4.1048313049e-175	4.1048313049e-175	4.1048313049e-175	4.1048313049e-175	4.3604179889e-175	1.9012169756e-99	4.1048313049e-175	4.1048313049e-175	4.1048313049e-175	1.6180968794e-172	4.1048313049e-175	4.1048313049e-175	4.1048313049e-175	3.5383009872e-57	4.1048313049e-175	4.1048313049e-175	4.1048313049e-175	4.1048313049e-175	2.0916237994e-61	1.3605842878e-158	5.2783466273e-139	4.1048313049e-175	4.1048313049e-175	4.1048313049e-175	2.1898946751e-19	6.4815730671e-07	7.5158901026e-08	3.1075914489e-47	4.1048313049e-175	6.1577127773e-52	4.1048313049e-175	1.7055566189e-32	5.1502540716e-150	8.1141542819e-15	1.3566893588e-06	2.6894824607e-47	9.3428090851e-156	9.1797409422e-139	1.0092477771e-115	4.0176444182e-90	1.7959648025e-13	2.1095043303e-07	1.8868562528e-17	2.0441220113e-29	1.1576583836e-04	1.2410184981e-41	5.2971671573e-37	3.0569594264e-41	6.1476567682e-63	2.1447407646e-97	4.0168453938e-119	9.4699617261e-122	1.4212093065e-25	9.8655971876e-28	2.6241002415e-04	6.2224214246e-36	5.3758739922e-12	8.7312738723e-51	2.4076720296e-64	2.2252582571e-04	1.2027473983e-97	3.9175108102e-138	1.3801256183e-102	7.2411913598e-105	8.8827303024e-50	4.0578339094e-40	9.7442319365e-49	7.5176067289e-80	4.1607023171e-40	1.5097762583e-47	3.6730370728e-70	4.7571890258e-59	1.1918195557e-104	1.0826472168e-86	2.3870959776e-51	1.8434597561e-14	1.4848359363e-69	4.2710141870e-81	2.0868391709e-32	1.8817793036e-40	4.8205748844e-29	1.0171903792e-38	1.5484295637e-40	3.1870646166e-55	2.0358795051e-20	2.1781130513e-06	5.3071069555e-16	2.3689274324e-20	3.4787182738e-37	8.3425755068e-33	5.3376611345e-36	3.5510961168e-48	1.3789828704e-38	1.1906963929e-31	6.3275363875e-42	2.0322449342e-43	4.1196787026e-49	3.6880159792e-17	5.3071069555e-16	8.1886933044e-37	5.5815337965e-47
8.1974478200e-01	3.3590507667e+02	3.5008297352e+19	1.7675771158e+19	2.1536870623e+00	5.6574617936e-175	5.2461890231e-32	2.1172903801e-02	4.5126527089e-77	4.6269145910e-74	2.2275344564e-52	5.0339023693e-49	7.7182713548e-49	5.9988688712e-46	1.2582656022e-24	1.7635559524e-37	9.8668923691e-07	1.5141899449e-05	2.7025915915e-04	1.4533206415e-59	1.5848217442e-05	1.4339267972e-39	0.0000000000e+00	1.3923555237e-158	2.3959841012e-96	1.7527275650e-98	3.2092402114e-113	2.9018768305e-129	1.6353837072e-135	1.6815524470e-93	7.4441463575e-95	2.5733230107e-64	2.3222719604e-140	3.4160733596e-134	5.6574617936e-175	1.0718804626e-159	2.2870393880e-87	1.2959688709e-85	5.6574617936e-175	5.6574617936e-175	7.3580405620e-175	5.6574617936e-175	1.6407239167e-153	8.2206037648e-166	1.0094380915e-138	5.6574617936e-175	9.4130040942e-110	5.7680401804e-115	5.7018568815e-85	5.6574617936e-175	4.0565267262e-172	5.6574617936e-175	5.6574617936e-175	5.6574617936e-175	5.6574617936e-175	5.6574617936e-175	5.6574617936e-175	5.6574617936e-175	5.6574617936e-175	5.6574617936e-175	4.2874068208e-61	1.8403296761e-62	9.3706391509e-76	1.4898607718e-109	2.1659025015e-43	3.4676727539e-80	9.7342783040e-01	9.8637755445e-38	5.4329975658e-51	3.4394581947e-03	9.2380520696e-05	1.0023348681e-38	7.4580254321e-58	1.5601236049e-90	1.0213120359e-138	1.6416224007e-12	8.2925707487e-67	8.0717976153e-149	5.6574617936e-175	5.6574617936e-175	4.1968068932e-76	1.7808508016e-139	2.0755470182e-53	1.6359328522e-55	1.6279500973e-84	4.3155761229e-112	2.3909743997e-95	4.8763975314e-107	4.8331574364e-115	5.6574617936e-175	5.6574617936e-175	5.6574617936e-175	5.6574617936e-175	5.6574617936e-175	5.6574617936e-175	5.6574617936e-175	5.6574617936e-175	5.6574617936e-175	5.6574617936e-175	5.6574617936e-175	5.6574617936e-175	5.6574617936e-175	5.6574617936e-175	5.6574617936e-175	4.3825570747e-163	8.5111840760e-94	5.6574617936e-175	5.6574617936e-175	5.6574617936e-175	2.8989085673e-160	5.6574617936e-175	4.0565267262e-172	5.6574617936e-175	2.2767979759e-60	5.6574617936e-175	5.6574617936e-175	5.6574617936e-175	5.6574617936e-175	7.4841976875e-65	1.1495535811e-156	8.9676880287e-136	5.6574617936e-175	5.6574617936e-175	5.6574617936e-175	2.0264967696e-20	6.4815730671e-07	7.5158901026e-08	4.6018275811e-50	5.6574617936e-175	6.4338133551e-55	5.6574617936e-175	4.5362690567e-34	3.8621878475e-148	1.3705126607e-15	1.3566893655e-06	1.1433665843e-49	6.1203659901e-154	8.7613252275e-136	3.4385331356e-111	8.0284950524e-84	6.9072524223e-14	2.1095043303e-07	2.7353103929e-18	8.1181244792e-31	1.1576583836e-04	6.3143774787e-44	9.4640319797e-39	3.6016072242e-43	5.3540580244e-66	8.5295304404e-92	3.7209421646e-115	6.7234069223e-118	5.4977700775e-27	5.5477721023e-29	2.6241002415e-04	4.4266788179e-38	2.2076212262e-12	6.9496270319e-54	4.6744728554e-68	2.2252582571e-04	9.9896730426e-104	1.6353837072e-135	3.1844395231e-109	1.3095650594e-99	1.3183593314e-52	7.3335886612e-42	1.3645112050e-50	3.5565488960e-82	3.0890606472e-42	6.1435331095e-50	1.0913098173e-73	2.0990844246e-61	1.7619291915e-99	2.6756068242e-80	2.2034647338e-55	6.1406573267e-16	4.0905224769e-75	3.1986319549e-87	3.2059585129e-35	8.8305774910e-44	1.4106672186e-31	8.1309940033e-42	1.6475154408e-43	6.9060621316e-59	4.4105241147e-22	2.1781130701e-06	2.3396495973e-17	1.1125347705e-21	4.2821885008e-40	2.2184363585e-35	9.5627162341e-40	6.9718383043e-54	2.4832856138e-42	9.4141589222e-35	7.9695303416e-46	4.8317832279e-47	1.1347992204e-53	3.9734360383e-18	2.3396495973e-17	1.4560668922e-39	3.3104351345e-50
5.5969740000e-01	3.2005599634e+02	2.5086277209e+19	1.2666119997e+19	2.1536870623e+00	7.8950775789e-175	1.3261671309e-33	2.1172903801e-02	7.9990823021e-81	1.1123424704e-77	8.2087441637e-55	4.5005775963e-52	3.3429360662e-51	3.2411818961e-48	1.3274744162e-25	4.8162900793e-39	9.8668927599e-07	1.5141900644e-05	2.7025915915e-04	3.3700390378e-62	1.5848217442e-05	1.3964619014e-41	0.0000000000e+00	1.3358054148e-157	4.5964006522e-92	3.9559390133e-94	7.9344188294e-110	9.0727800708e-127	2.5882665812e-133	5.0305026665e-89	1.4558159091e-90	2.1212364219e-58	2.3813937220e-138	1.1053987793e-131	7.8950775789e-175	1.9487180339e-158	1.0253593031e-82	1.2027020194e-80	7.8950775789e-175	7.8950775789e-175	1.2904430725e-165	7.8950775789e-175	4.4979908468e-143	5.7827074734e-156	2.1409973781e-127	1.2186092545e-169	4.6579131348e-106	1.6531288646e-111	6.0521826968e-80	1.2858461998e-171	1.3434913169e-162	7.8950775789e-175	7.8950775789e-175	7.8950775789e-175	7.8950775789e-175	7.8950775789e-175	7.8950775789e-175	7.8950775789e-175	7.8950775789e-175	7.8950775789e-175	4.8961313697e-64	2.6543819129e-65	4.5347921310e-79	2.6424115509e-114	1.8487417777e-45	6.3603733781e-84	9.7342783040e-01	1.8361985308e-39	3.6058700899e-53	3.4394581947e-03	9.2380522630e-05	3.6229484323e-40	1.5670283045e-60	1.2367668762e-94	5.7592422005e-145	6.7482475347e-13	1.0986982244e-69	1.8217538240e-155	7.8950775789e-175	7.8950775789e-175	1.1476064687e-79	5.3964273533e-146	8.1562101904e-56	7.1493312533e-58	2.2853923353e-79	2.1212045889e-108	6.9753596399e-91	4.0608302918e-103	1.1881313981e-111	7.8950775789e-175	7.8950775789e-175	7.8950775789e-175	7.8950775789e-175	7.8950775789e-175	7.8950775789e-175	7.8950775789e-175	7.8950775789e-175	7.8950775789e-175	7.8950775789e-175	7.8950775789e-175	7.8950775789e-175	7.8950775789e-175	7.8950775789e-175	7.8950775789e-175	5.2326007097e-153	4.7269747050e-89	7.8950775789e-175	7.8950775789e-175	7.8950775789e-175	5.2513947358e-150	1.0614557066e-174	1.3434913169e-162	7.8950775789e-175	4.7677864806e-63	7.8950775789e-175	7.8950775789e-175	7.8950775789e-175	7.8950775789e-175	1.0233155147e-67	4.6102089427e-155	4.3289263467e-133	7.8950775789e-175	7.8950775789e-175	7.8950775789e-175	2.7389977759e-21	6.4815730671e-07	7.5158901027e-08	1.8862052732e-52	7.8950775789e-175	2.1098738541e-57	7.8950775789e-175	2.2365083334e-35	1.4571578602e-146	3.1949430784e-16	1.3566893666e-06	1.1683408729e-51	2.1181175447e-152	2.7815371359e-133	2.1241878419e-107	1.4610967855e-78	2.9995643185e-14	2.1095043303e-07	5.2324188997e-19	5.7901518612e-32	1.1576583836e-04	8.0173547945e-46	3.4563594981e-40	9.2831278251e-45	1.5509372320e-68	4.5934259018e-87	8.5051173142e-112	1.1893409418e-114	3.7081034784e-28	5.1281964630e-30	2.6241002415e-04	6.7275143271e-40	1.0126430327e-12	1.7148105017e-56	3.5393442523e-71	2.2252582571e-04	8.3694198624e-109	2.5882665812e-133	9.4578330081e-115	3.6423202960e-95	6.1597232468e-55	2.7106684182e-43	4.0877560817e-52	4.3822667527e-84	5.2101263041e-44	6.2765409691e-52	1.2416900222e-76	2.2361292382e-63	3.7312186629e-95	5.8282600202e-75	9.8234711005e-59	3.4771663732e-17	9.7873079176e-80	2.5803618622e-92	1.5631200515e-37	1.4926538339e-46	1.0722677708e-33	2.2253235851e-44	5.7438334894e-46	6.3576723165e-62	1.7450319400e-23	2.1781130708e-06	1.8010877127e-18	9.0549320025e-23	1.6283029800e-42	1.5592669727e-37	7.5989154963e-43	1.3116900254e-58	1.8559225168e-45	2.2834932833e-37	4.2548388205e-49	5.2059556321e-50	1.8127442334e-57	6.1036750028e-19	1.8010877127e-18	8.0477139750e-42	7.3168386800e-53
3.8214476800e-01	3.0837045021e+02	1.7777228674e+19	8.9757643086e+18	2.1536870623e+00	1.1141112507e-174	7.1885406788e-35	2.1172903801e-02	8.7392907063e-84	1.4918351521e-80	9.8565303859e-57	1.7885943172e-54	4.2239472658e-53	4.8834840582e-50	2.1802459713e-26	2.7784675518e-40	9.8668929121e-07	1.5141901136e-05	2.7025915915e-04	2.6827920819e-64	1.5848217442e-05	3.3590262916e-43	0.0000000000e+00	8.5293111955e-157	1.3685280679e-88	1.3434352258e-90	4.3775580830e-107	9.1431459778e-125	1.5093157376e-131	1.9747451171e-85	3.9071249592e-87	1.1028582235e-53	1.1036546683e-136	1.2910303529e-129	1.1141112507e-174	2.3465660012e-157	6.0308510220e-79	1.2699383186e-76	1.1141112507e-174	1.1141112507e-174	3.4213403334e-158	3.2188510100e-172	1.0006881646e-134	4.1502190564e-148	2.2767175421e-118	3.8703864630e-162	4.1497731086e-103	9.4988965841e-109	6.0708759439e-76	2.6803403452e-164	5.9390512709e-155	1.1141112507e-174	1.1141112507e-174	1.1141112507e-174	1.1141112507e-174	1.1141112507e-174	1.1141112507e-174	1.1141112507e-174	1.1141112507e-174	1.1141112507e-174	2.2974052782e-66	1.5024938425e-67	1.0696564209e-81	4.3831812521e-118	4.1936288364e-47	6.6039835558e-87	9.7342783040e-01	7.7937770345e-41	6.9531072590e-55	3.4394581947e-03	9.2380523205e-05	2.5210183795e-41	1.2483063846e-62	7.0907940446e-98	6.2266066086e-150	3.8730908258e-13	6.2956379398e-72	9.8627826920e-161	1.1141112507e-174	1.1141112507e-174	1.7078338385e-82	3.4017715666e-151	1.0747427106e-57	9.4809462662e-60	2.8712926020e-75	1.8784900300e-105	2.6839225048e-87	5.4950110730e-100	6.5267913104e-109	1.1141112507e-174	1.1141112507e-174	1.1141112507e-174	1.1141112507e-174	1.1141112507e-174	1.1141112507e-174	1.1141112507e-174	1.1141112507e-174	1.1141112507e-174	1.1141112507e-174	1.1141112507e-174	1.1141112507e-174	1.1141112507e-174	1.1141112507e-174	9.4046321910e-172	6.4760717994e-145	3.0537843435e-85	1.1141112507e-174	1.1141112507e-174	1.1141112507e-174	8.3888963890e-142	1.8988180380e-167	5.9390512709e-155	9.4044385697e-169	3.3660730917e-65	1.1141112507e-174	1.1141112507e-174	1.1141112507e-174	1.1141112507e-174	5.5488771819e-70	8.5909417240e-154	5.7252592203e-131	1.1141112507e-174	1.1141112507e-174	1.1141112507e-174	5.4808997112e-22	6.4815730671e-07	7.5158901027e-08	2.1613467622e-54	1.1141112507e-174	2.2328364808e-59	1.1141112507e-174	2.0771439070e-36	2.7001168101e-145	1.0340109359e-16	1.3566893668e-06	2.9456573749e-53	3.7921523590e-151	2.8396705842e-131	2.2615950286e-104	2.2604079029e-74	1.4773653391e-14	2.1095043303e-07	1.3336058504e-19	7.5189043049e-33	1.1576583836e-04	2.6024492634e-47	2.6238941741e-41	5.3305406136e-46	1.5401189504e-70	3.1350857840e-83	4.5821861533e-109	5.0159694566e-112	4.4258917433e-29	7.8882787893e-31	2.6241002415e-04	2.2408928373e-41	5.2109019732e-13	1.3697709073e-58	1.0968174252e-73	2.2252582571e-04	7.5732032587e-113	1.5093157376e-131	3.8818358602e-119	1.4631132048e-91	9.3251355912e-57	2.0808033429e-44	2.6569758852e-53	1.4145805646e-85	2.0426761266e-45	1.6486318994e-53	5.6036275434e-79	5.8641600679e-65	1.0682440520e-91	1.0425841713e-70	2.2313051794e-61	3.4359189596e-18	2.1954357709e-83	2.4265953402e-96	2.5188004843e-39	9.5123651286e-49	2.1974684435e-35	2.1735310650e-46	6.8213122251e-48	2.5981788507e-64	1.2948706936e-24	2.1781130708e-06	2.4706702812e-19	1.3008482159e-23	1.9909768346e-44	3.0040332784e-39	2.8360668624e-45	2.5906324019e-62	6.0992905716e-48	1.7876942467e-39	1.0244857933e-51	2.6846247482e-52	1.7946549897e-60	1.3538243837e-19	2.4706702812e-19	1.4362894135e-43	6.2746361758e-55
2.6091710200e-01	2.9997584297e+02	1.2477430501e+19	6.2998838237e+18	2.1536870623e+00	1.5873308588e-174	8.0534749806e-36	2.1172903801e-02	5.3819639685e-86	1.0269703743e-82	3.6401629060e-58	2.9505333199e-56	1.4808442060e-54	1.9576804800e-51	5.4598894160e-27	3.2653066889e-41	9.8668929777e-07	1.5141901358e-05	2.7025915915e-04	6.9099939628e-66	1.5848217442e-05	1.9216006827e-44	0.0000000000e+00	3.6940551799e-156	6.8915459175e-86	7.4867760251e-88	5.7829938324e-105	3.1354320904e-123	3.4026688679e-130	1.1210036865e-82	1.5838156064e-84	4.1378934411e-50	2.3930872868e-135	5.6890750105e-128	1.5873308588e-174	1.8978715742e-156	5.1148073095e-76	1.6872785626e-73	1.5873308588e-174	1.5873308588e-174	1.6732745855e-152	5.9678416837e-167	2.2784048450e-128	3.7943368437e-142	1.5695729500e-111	1.9822105906e-156	7.2279563875e-101	1.1821611990e-106	6.4563793725e-73	1.0417200571e-158	4.2994184318e-149	1.5873308588e-174	1.5873308588e-174	1.5873308588e-174	1.5873308588e-174	1.5873308588e-174	1.5873308588e-174	1.5873308588e-174	1.5873308588e-174	1.5873308588e-174	4.1323333303e-68	3.1204257537e-69	1.1367292694e-83	6.0914270693e-121	2.4108088663e-48	3.5711847829e-89	9.7342783040e-01	7.2438935756e-42	3.6943634605e-56	3.4394581947e-03	9.2380523371e-05	3.2712592058e-42	3.5261540134e-64	2.6660794098e-100	1.1166613047e-153	3.0390014861e-13	1.4470938443e-73	1.0923082850e-164	1.5873308588e-174	1.5873308588e-174	1.2736189394e-84	3.8522454804e-155	4.4660667637e-59	3.6135610923e-61	3.6299038568e-72	3.2557930055e-103	1.5004945278e-84	1.3184557227e-97	8.5948046398e-107	1.5873308588e-174	1.5873308588e-174	1.5873308588e-174	1.5873308588e-174	4.9989862495e-171	1.5873308588e-174	1.5873308588e-174	1.5873308588e-174	1.5873308588e-174	1.5873308588e-174	1.5873308588e-174	1.5873308588e-174	1.5873308588e-174	1.5873308588e-174	2.4384342565e-166	1.0318510109e-138	2.5412557961e-82	1.5873308588e-174	1.5873308588e-174	1.5873308588e-174	1.4830326943e-135	5.9942307297e-162	4.2994184318e-149	2.8517053415e-163	7.5600618390e-67	1.5873308588e-174	1.5873308588e-174	1.5873308588e-174	1.5873308588e-174	1.1150637386e-71	7.7226601796e-153	2.2094095919e-129	1.5873308588e-174	1.5873308588e-174	1.5873308588e-174	1.5955974162e-22	6.4815730671e-07	7.5158901027e-08	6.6013028250e-56	1.5873308588e-174	7.1800463577e-61	1.5873308588e-174	3.5200598852e-37	2.5360101525e-144	4.5633117435e-17	1.3566893669e-06	1.7549131706e-54	3.6208728661e-150	9.8383086585e-130	4.5157281559e-102	3.3512621145e-71	8.2074021664e-15	2.1095043303e-07	4.4707668449e-20	1.7234262174e-33	1.1576583836e-04	2.0608434420e-48	3.9871451141e-42	6.5421836649e-47	4.9261727398e-72	2.9824685248e-80	6.2208690886e-107	5.3939826848e-110	9.0861660720e-30	1.9674978846e-31	2.6241002415e-04	1.5783762040e-42	2.9934791456e-13	3.3667196171e-60	1.3060716706e-75	2.2252582571e-04	6.6011033666e-116	3.4026688679e-130	1.9352511137e-122	9.2747823934e-89	4.3094468712e-58	3.1916138746e-45	3.5921371801e-54	1.1269293713e-86	1.7862611884e-46	1.0617947888e-54	9.3630833709e-81	3.6121114775e-66	4.5518002331e-89	1.7285164031e-67	2.3966272948e-63	5.8027939508e-19	4.1736906348e-86	2.3744250854e-99	1.2704884353e-40	2.1532460299e-50	1.1634773798e-36	7.1456630474e-48	2.6064853579e-49	4.3892852529e-66	1.7571689040e-25	2.1781130708e-06	5.8857792589e-20	3.2131459374e-24	7.4282657734e-46	1.5177750611e-40	4.6479321399e-47	4.8601289337e-65	8.2806516135e-50	4.3123639233e-41	1.0461026095e-53	6.1759739296e-54	1.0167202800e-62	4.2652406177e-20	5.8857792589e-20	7.8407076120e-45	1.9566011715e-56
1.7814645100e-01	2.9413287216e+02	8.6884540142e+18	4.3868207394e+18	2.1536870623e+00	2.2795551936e-174	1.7171608109e-36	2.1172903801e-02	1.5336559995e-87	3.0128204986e-84	3.6380947571e-59	1.7218935382e-57	1.2838852734e-55	1.8709567184e-52	1.9878349856e-27	7.2099450728e-42	9.8668930091e-07	1.5141901467e-05	2.7025915915e-04	5.0402082602e-67	1.5848217442e-05	2.3770374648e-45	0.0000000000e+00	1.1336840279e-155	7.1662576039e-84	8.3849666620e-86	2.1494177364e-103	4.1345269809e-122	3.3036042262e-129	1.1457592899e-80	1.2020163220e-82	1.5114350864e-47	2.6408909751e-134	1.0537265160e-126	2.2795551936e-174	1.0750280568e-155	7.7784183591e-74	3.5611888266e-71	2.2795551936e-174	2.2795551936e-174	2.3715741183e-148	3.9544640856e-163	8.9332003707e-124	7.2574021843e-138	1.2445120137e-106	2.6164317219e-152	2.9622452385e-99	3.7909060859e-105	9.4003915814e-71	1.1851750137e-154	8.1141361941e-145	2.2795551936e-174	2.2795551936e-174	2.2795551936e-174	2.2795551936e-174	2.2795551936e-174	2.2795551936e-174	2.2795551936e-174	2.2795551936e-174	2.2795551936e-174	2.4441282597e-69	2.0497864532e-70	4.5814280161e-85	5.5646272865e-123	3.1596810236e-49	8.3403431843e-91	9.7342783040e-01	1.3482126193e-42	4.8162954450e-57	3.4394581947e-03	9.2380523352e-05	7.3738757433e-43	3.0543775091e-65	5.3022524947e-102	2.4115221068e-156	3.1371793428e-13	1.1365540898e-74	1.7505583831e-167	2.2795551936e-174	2.2795551936e-174	3.9617355425e-86	5.6443582130e-158	5.1278939697e-60	3.5096315947e-62	5.9966480013e-70	1.3293016040e-101	1.5166938689e-82	6.8259981933e-96	3.1872937495e-105	2.2795551936e-174	2.2795551936e-174	2.2795551936e-174	2.2795551936e-174	9.4355689783e-164	2.2795551936e-174	2.2795551936e-174	2.2795551936e-174	2.2795551936e-174	2.2795551936e-174	2.2795551936e-174	2.2795551936e-174	2.2795551936e-174	2.2795551936e-174	2.2924577312e-162	3.4627865567e-134	3.4347114625e-80	2.2795551936e-174	2.2795551936e-174	2.2795551936e-174	4.8364738765e-131	5.2808339363e-158	8.1141361941e-145	2.7066063727e-159	4.7379959909e-68	2.2795551936e-174	2.2795551936e-174	2.2795551936e-174	2.2795551936e-174	7.1507252873e-73	3.6393157867e-152	2.8625536182e-128	2.2795551936e-174	2.2795551936e-174	2.2795551936e-174	6.4811893160e-23	6.4815730671e-07	7.5158901027e-08	4.8509812744e-57	2.2795551936e-174	6.1700013915e-62	2.2795551936e-174	1.0158013643e-37	1.3018478131e-143	2.6479869405e-17	1.3566893669e-06	2.2411705586e-55	1.9788646426e-149	1.3072535461e-128	2.0446884245e-100	6.2184567709e-69	5.0748373214e-15	2.1095043303e-07	1.9119907398e-20	6.5292313377e-34	1.1576583836e-04	3.5945784701e-49	1.1192826827e-42	1.5717951963e-47	4.4369587563e-73	4.9341034939e-78	2.4847719075e-105	1.7254096381e-108	3.0151374724e-30	7.5264684154e-32	2.6241002415e-04	2.1616089689e-43	1.8966542500e-13	2.2484000969e-61	5.1428175006e-77	2.2252582571e-04	4.2861890700e-118	3.3036042262e-129	8.8132572995e-125	1.1412049352e-86	5.3466313126e-59	9.0249330223e-46	9.2698574929e-55	1.9846998330e-87	3.1796091377e-47	1.5128350311e-55	4.9858482639e-82	4.7340981155e-67	3.5831907308e-87	3.4807720373e-65	1.0224741784e-64	1.5812658716e-19	5.2944891410e-88	1.8572098507e-101	1.7649373766e-41	1.5026651645e-51	1.4328327761e-37	6.8988426445e-49	2.8090987891e-50	2.6095579071e-67	4.0833318878e-26	2.1781130708e-06	2.2895346812e-20	1.2838353604e-24	7.4656547315e-47	1.8068310607e-41	2.8382844654e-48	6.7535548448e-67	3.9721966357e-51	2.8362393688e-42	3.8675920395e-55	5.3614077132e-55	2.7153895136e-64	1.8354073232e-20	2.2895346812e-20	1.1543342179e-45	1.9160360596e-57
1.2163310800e-01	2.9020507331e+02	6.0125084460e+18	3.0357295675e+18	2.1536870623e+00	3.2941010646e-174	6.2201412280e-37	2.1172903801e-02	1.5424477494e-88	2.9161743757e-85	8.2526445901e-60	2.8468988128e-58	2.3472773738e-56	3.6594395589e-53	9.8509003993e-28	2.6759477596e-42	9.8668930255e-07	1.5141901527e-05	2.7025915915e-04	8.6646712742e-68	1.5848217442e-05	5.5583068023e-46	0.0000000000e+00	2.6193385744e-155	2.0303414410e-82	2.5016415692e-84	2.8098600220e-102	2.4813191379e-121	1.6026627519e-128	2.8528356458e-79	2.2956174425e-81	8.1108798196e-46	1.6691029796e-133	9.5455293440e-126	3.2941010646e-174	4.5333266578e-155	2.8696279029e-72	1.6499695364e-69	3.2941010646e-174	3.2941010646e-174	1.8180459042e-145	1.6855346998e-160	1.2351427689e-120	5.7480080672e-135	2.4970679376e-103	1.6977609755e-149	3.6873473040e-98	3.9792434038e-104	2.6625734826e-69	7.3561302364e-152	7.5903150476e-142	3.2941010646e-174	3.2941010646e-174	1.9608446097e-173	3.2941010646e-174	3.2941010646e-174	3.2941010646e-174	3.2941010646e-174	3.2941010646e-174	3.2941010646e-174	3.8514129501e-70	3.4742852555e-71	5.5313436283e-86	2.3953807703e-124	8.1625711752e-50	6.4989678761e-92	9.7342783040e-01	4.4442274003e-43	1.3143306955e-57	3.4394581947e-03	9.2380523169e-05	2.6192509735e-43	6.6520835234e-66	4.1541793436e-103	4.0399555395e-158	4.0531668369e-13	2.4521644787e-75	2.5288892110e-169	3.2941010646e-174	3.2941010646e-174	3.9941805859e-87	6.8104570818e-160	1.3584649271e-60	7.3629066454e-63	1.8544428209e-68	1.6502221966e-100	3.7474646180e-81	9.9948453421e-95	4.1602225927e-104	3.2941010646e-174	3.2941010646e-174	3.2941010646e-174	3.2941010646e-174	7.5481312115e-159	3.2941010646e-174	3.2941010646e-174	3.2941010646e-174	3.2941010646e-174	3.2941010646e-174	3.2941010646e-174	3.2941010646e-174	3.2941010646e-174	3.2941010646e-174	1.4011553108e-159	4.8319700031e-131	1.0386284580e-78	3.2941010646e-174	9.9862060422e-174	3.2941010646e-174	5.8849273410e-128	2.4414547200e-155	7.5903150476e-142	1.4810573740e-156	6.9146981271e-69	3.2941010646e-174	3.2941010646e-174	3.2941010646e-174	3.2941010646e-174	1.1919212837e-73	1.0078474900e-151	1.5100253205e-127	3.2941010646e-174	3.2941010646e-174	3.2941010646e-174	3.4649111734e-23	6.4815730671e-07	7.5158901027e-08	7.4038453170e-58	3.2941010646e-174	1.1897903236e-62	3.2941010646e-174	4.5420871023e-38	4.0594820834e-143	1.9239120831e-17	1.3566893669e-06	5.3636668023e-56	6.8279317773e-149	7.8875982358e-128	2.7277606295e-99	2.0846448218e-67	3.4277797661e-15	2.1095043303e-07	9.9954905169e-21	3.7392171443e-34	1.1576583836e-04	1.2008047143e-49	5.2051181853e-43	6.5607491601e-48	9.3668097926e-74	1.9303401742e-76	3.6204867419e-104	2.0322365329e-107	1.4854280089e-30	4.0932184465e-32	2.6241002415e-04	5.1217345656e-44	1.3029647430e-13	3.4258848832e-62	5.4298327509e-78	2.2252582571e-04	1.4547647751e-119	1.6026627519e-128	2.4796321211e-126	3.6348642149e-85	1.4947002633e-59	4.2190948604e-46	4.0680587798e-55	6.6914726933e-88	1.0161115655e-47	4.1428541933e-56	6.8916052993e-83	1.1544258733e-67	7.0198113025e-86	1.2352719802e-63	1.3597085643e-65	6.4004173491e-20	3.2116716593e-89	8.0551858175e-103	5.6511268046e-42	2.6534042221e-52	3.5411358163e-38	1.6184393168e-49	7.1144347471e-51	4.3730434593e-68	1.4798949606e-26	2.1781130708e-06	1.3344147339e-20	7.6245785141e-25	1.6986509731e-47	4.3619371982e-42	5.1298206683e-49	4.8984270439e-68	5.4010947925e-52	4.2727701971e-43	4.1382395024e-56	1.3909302356e-55	2.6059232967e-65	1.0213885965e-20	1.3344147339e-20	3.8488752283e-46	4.8145005995e-58
8.3047474800e-02	2.8764819026e+02	4.1416527302e+18	2.0911301438e+18	2.1536870623e+00	4.7821031271e-174	3.3727305410e-37	2.1172903801e-02	4.0502387661e-89	7.0023148330e-86	3.4931770509e-60	1.0402897378e-58	7.5740598214e-57	1.2349652359e-53	6.1733263403e-28	1.4746506956e-42	9.8668930350e-07	1.5141901562e-05	2.7025915915e-04	2.8607618039e-68	1.5848217442e-05	2.1119051355e-46	0.0000000000e+00	4.8753307225e-155	2.1368174497e-81	2.7251304213e-83	1.6577080442e-101	8.1788675165e-121	4.5849979124e-128	2.4242898988e-78	1.5338717216e-80	1.0111874093e-44	6.8981137567e-133	5.0135326766e-125	4.7821031271e-174	1.5257965143e-154	3.6001601984e-71	2.4090761823e-68	4.7821031271e-174	4.7821031271e-174	1.5123529309e-143	8.8983768845e-159	1.3387484280e-118	4.0335666610e-133	3.0517583102e-101	1.1121492610e-147	1.8530333623e-97	1.7851919765e-103	2.1694554468e-68	4.9877770401e-150	7.2088803567e-140	4.7821031271e-174	4.7821031271e-174	1.8550623513e-171	4.7821031271e-174	4.7821031271e-174	4.7821031271e-174	4.7821031271e-174	4.7821031271e-174	4.7821031271e-174	1.2792749595e-70	1.2113881254e-71	1.5389285477e-86	3.3545858132e-125	3.5343566683e-50	1.2671955258e-92	9.7342783040e-01	2.2633487913e-43	6.2921177760e-58	3.4394581947e-03	9.2380522738e-05	1.3151821309e-43	2.9215243327e-66	9.2383662859e-104	3.2178587872e-159	6.2073142315e-13	1.1409788016e-75	1.9461604624e-170	4.7821031271e-174	4.7821031271e-174	9.8549091729e-88	4.0899087593e-161	6.7973965066e-61	2.7757428928e-63	1.6020282751e-67	8.2777910329e-100	3.1682740615e-80	5.5960391668e-94	2.4518840784e-103	4.7821031271e-174	4.7821031271e-174	4.7821031271e-174	4.7821031271e-174	9.4384528671e-156	4.7821031271e-174	4.7821031271e-174	4.7821031271e-174	4.7821031271e-174	4.7821031271e-174	4.7821031271e-174	4.7821031271e-174	4.7821031271e-174	4.7821031271e-174	1.0686735657e-157	5.9887357887e-129	1.0045364178e-77	4.7821031271e-174	1.1561256390e-170	4.7821031271e-174	5.8589573223e-126	1.1974733740e-153	7.2088803567e-140	9.2340634659e-155	1.9205748818e-69	4.7821031271e-174	4.7821031271e-174	4.7821031271e-174	4.7821031271e-174	4.1099106045e-74	1.8624474796e-151	4.0200028316e-127	4.7821031271e-174	4.7821031271e-174	4.7821031271e-174	2.2836204216e-23	6.4815730671e-07	7.5158901027e-08	1.9804637942e-58	4.7821031271e-174	4.2421894401e-63	4.7821031271e-174	2.8338319127e-38	8.6569804905e-143	1.6582267627e-17	1.3566893669e-06	2.0706327356e-56	1.6597903049e-148	2.6092545451e-127	1.4355013750e-98	1.9002377363e-66	2.4765844905e-15	2.1095043303e-07	6.0893240021e-21	2.9319922087e-34	1.1576583836e-04	6.5769103287e-50	3.5533300613e-43	4.1680804986e-48	3.7802434422e-74	2.5184461171e-75	2.4474032252e-103	1.1185657163e-106	9.8847643463e-31	2.9091348873e-32	2.6241002415e-04	1.8424449865e-44	9.5205956829e-14	9.7880007974e-63	1.2153710650e-78	2.2252582571e-04	1.7388683885e-120	4.5849979124e-128	2.7891072545e-127	4.1358182657e-84	7.7516572590e-60	2.8905837763e-46	2.6725919074e-55	3.6915933396e-88	5.0689827075e-48	1.8650589298e-56	1.9683332263e-83	4.5140430765e-68	4.7708336757e-85	1.1695729960e-62	4.2979503611e-66	3.5038608339e-20	6.4162011481e-90	1.2874893741e-103	3.4174940882e-42	9.5028801987e-53	1.4880881505e-38	7.4652375995e-50	3.4533904169e-51	1.6127527900e-68	7.5276318544e-27	2.1781130708e-06	1.0582734754e-20	6.1233650094e-25	7.2019322985e-48	1.8047031933e-42	2.1194107910e-49	1.2516602667e-68	1.6249165021e-52	1.2111869286e-43	9.9561592864e-57	8.3068447761e-56	6.6274100178e-66	6.9139040952e-21	1.0582734754e-20	2.3913942481e-46	2.4784108941e-58
5.6702350200e-02	2.8602156154e+02	2.8438794456e+18	1.4358813791e+18	2.1536870623e+00	6.9643635926e-174	2.4310328985e-37	2.1172903801e-02	2.0932491951e-89	3.1923408791e-86	2.2961565301e-60	6.6535163809e-59	3.6495510896e-57	6.1252240196e-54	4.5657846515e-28	1.0740820345e-42	9.8668930410e-07	1.5141901584e-05	2.7025915915e-04	1.4970082776e-68	1.5848217442e-05	1.1306382168e-46	0.0000000000e+00	7.7901221209e-155	1.1178034621e-80	1.4576499176e-82	5.5775378972e-101	1.7662228590e-120	9.0361439529e-128	9.6474346295e-78	4.8845625863e-80	4.5008984388e-44	2.1119722626e-132	1.7918692545e-124	6.9643635926e-174	4.3784276595e-154	2.1094004838e-70	1.5567430474e-67	6.9643635926e-174	6.9643635926e-174	2.6241336282e-142	1.0758840900e-157	2.4065875003e-117	5.1183201904e-132	5.1774072587e-100	1.4444447876e-146	4.9098604738e-97	4.3959917648e-103	7.3383019703e-68	7.0881361833e-149	1.3625753167e-138	6.9643635926e-174	6.9643635926e-174	4.5854500099e-170	6.9643635926e-174	6.9643635926e-174	6.9643635926e-174	6.9643635926e-174	6.9643635926e-174	6.9643635926e-174	7.1912040861e-71	7.0262482886e-72	7.7160930274e-87	1.0799163880e-125	2.2032648713e-50	4.7200956451e-93	9.7342783040e-01	1.5667527565e-43	4.4781791663e-58	3.4394581947e-03	9.2380521836e-05	8.4309285566e-44	2.1044947736e-66	4.2891518420e-104	7.7005133232e-160	1.0714948554e-12	9.1287869480e-76	4.8745736632e-171	6.9643635926e-174	6.9643635926e-174	4.5723599204e-88	7.6223297049e-162	5.3265736440e-61	1.5823955691e-63	5.6275683138e-67	2.1906819960e-99	1.2566567442e-79	1.5898675786e-93	8.2442790985e-103	6.9643635926e-174	6.9643635926e-174	6.9643635926e-174	6.9643635926e-174	6.2742760521e-154	6.9643635926e-174	6.9643635926e-174	6.9643635926e-174	6.9643635926e-174	6.9643635926e-174	6.9643635926e-174	6.9643635926e-174	6.9643635926e-174	6.9643635926e-174	1.8761403241e-156	1.3441399826e-127	4.3458832040e-77	6.9643635926e-174	8.3727470762e-169	6.9643635926e-174	9.9705565218e-125	1.2059354163e-152	1.3625753167e-138	1.2430637828e-153	8.4009943975e-70	6.9643635926e-174	6.9643635926e-174	6.9643635926e-174	6.9643635926e-174	2.3667509732e-74	2.5871446738e-151	6.6056951626e-127	6.9643635926e-174	6.9643635926e-174	6.9643635926e-174	1.7447468803e-23	6.4815730671e-07	7.5158901026e-08	7.8894063852e-59	6.9643635926e-174	2.3332624505e-63	6.9643635926e-174	2.2363611527e-38	1.4116151719e-142	1.6121338045e-17	1.3566893669e-06	1.1201967504e-56	3.1509651526e-148	5.6478218028e-127	3.9184832197e-98	6.9104644080e-66	1.8765127305e-15	2.1095043303e-07	4.1328563807e-21	2.8693772428e-34	1.1576583836e-04	5.1057095682e-50	3.1799738361e-43	3.5610533629e-48	2.4097460400e-74	1.5134175500e-74	9.6204123915e-103	3.5987027395e-106	8.1319375399e-31	2.4971549787e-32	2.6241002415e-04	8.8999953511e-45	7.2663806206e-14	4.3594078982e-63	4.6242568208e-79	2.2252582571e-04	5.0533623504e-121	9.0361439529e-128	8.3400971691e-128	2.2752899330e-83	6.2163025130e-60	2.5929750363e-46	2.3335031928e-55	2.8805483593e-88	3.4623578408e-48	1.1922990349e-56	9.3809838461e-84	2.4626448419e-68	1.5360286805e-84	4.3589232833e-62	2.5032727757e-66	2.3744769040e-20	2.9733854624e-90	5.1668451786e-104	3.2375343331e-42	5.6068799128e-53	9.0973839994e-39	5.5494212173e-50	2.6531499686e-51	1.0377479465e-68	4.8651273310e-27	2.1781130708e-06	1.0431334491e-20	6.0852004820e-25	4.7383569504e-48	1.0922910981e-42	1.5698660659e-49	7.7826056528e-69	8.5657893860e-53	5.3663869403e-44	4.2457613518e-57	8.9366079751e-56	3.3541340016e-66	5.3742953038e-21	1.0431334491e-20	2.3054281958e-46	2.1162900885e-58
3.8714681300e-02	2.8499766935e+02	1.9486923302e+18	9.8389931221e+17	2.1536870623e+00	1.0163641621e-173	2.1168018847e-37	2.1172903801e-02	1.6958413342e-89	2.2276012134e-86	2.0215636737e-60	6.1714429234e-59	2.2950226545e-57	3.9232042650e-54	3.7695348337e-28	9.4147992019e-43	9.8668930451e-07	1.5141901600e-05	2.7025915915e-04	1.0635659256e-68	1.5848217442e-05	7.6015379957e-47	0.0000000000e+00	1.1248034111e-154	3.6757912413e-80	4.8616571924e-82	1.2925016716e-100	2.8804310591e-120	1.3904872766e-127	2.3199516233e-77	9.5098959325e-80	1.0111348633e-43	5.2978666855e-132	4.9592930364e-124	1.0163641621e-173	1.1300359591e-153	7.4545724171e-70	5.8546667855e-67	1.0163641621e-173	1.0163641621e-173	1.6081921921e-141	4.8889756512e-157	1.3123627960e-116	2.0866743458e-131	2.3677584552e-99	6.4072134809e-146	8.5053576436e-97	7.2688861714e-103	1.3847290616e-67	3.5692010291e-148	8.8170453021e-138	1.0163641621e-173	1.0163641621e-173	4.6483823310e-169	1.0163641621e-173	1.0163641621e-173	1.0163641621e-173	1.0163641621e-173	1.0163641621e-173	1.0163641621e-173	5.7322980989e-71	5.7133685989e-72	5.7198127702e-87	6.0412272844e-126	1.7494507604e-50	2.7020852661e-93	9.7342783040e-01	1.3296557650e-43	4.1469234276e-58	3.4394581947e-03	9.2380519974e-05	6.3561621557e-44	2.1053603117e-66	3.2460757475e-104	3.8251913326e-160	2.0022991130e-12	1.0466296079e-75	2.6723998191e-171	1.0163641621e-173	1.0163641621e-173	3.2263536893e-88	3.0130624947e-162	5.6216018829e-61	1.1871071315e-63	1.0877146841e-66	3.7920071058e-99	3.0155991848e-79	2.8789224358e-93	1.9096913514e-102	1.0163641621e-173	1.0163641621e-173	1.0163641621e-173	1.0163641621e-173	5.9447720870e-153	1.0163641621e-173	1.0163641621e-173	1.0163641621e-173	1.0163641621e-173	1.0163641621e-173	1.0163641621e-173	1.0163641621e-173	1.0163641621e-173	1.0163641621e-173	1.2418932957e-155	9.7008695736e-127	1.1020506884e-76	1.0163641621e-173	9.6278412332e-168	1.0163641621e-173	5.2511631639e-124	4.2451188661e-152	8.8170453021e-138	6.0476252435e-153	4.9681353450e-70	1.0163641621e-173	1.0163641621e-173	1.0163641621e-173	1.0163641621e-173	1.9157507559e-74	2.9735246286e-151	7.8794354459e-127	1.0163641621e-173	1.0163641621e-173	1.0163641621e-173	1.4704962096e-23	6.4815730671e-07	7.5158901026e-08	4.0982102315e-59	1.0163641621e-173	1.7111101395e-63	1.0163641621e-173	2.0627487978e-38	1.9259561252e-142	1.6976912345e-17	1.3566893669e-06	7.5821169772e-57	5.0761131757e-148	9.2243932494e-127	6.9175975037e-98	1.3654025156e-65	1.4674815674e-15	2.1095043303e-07	3.0136412973e-21	3.2530332032e-34	1.1576583836e-04	4.9963078889e-50	3.4060692455e-43	3.7035040653e-48	2.0806619717e-74	5.4351232699e-74	2.6383163408e-102	8.1054786973e-106	7.7013621954e-31	2.4296530812e-32	2.6241002415e-04	5.2287926000e-45	5.7087824258e-14	2.6075621686e-63	2.5026580060e-79	2.2252582571e-04	2.6489277508e-121	1.3904872766e-127	4.7728142206e-128	7.7254832985e-83	6.6575869416e-60	2.7815454476e-46	2.4606466487e-55	2.8285442525e-88	2.9135706939e-48	9.6200366443e-57	6.2808158745e-84	1.6758545793e-68	3.0114861302e-84	8.7479069450e-62	2.1878405455e-66	1.8543061160e-20	2.4093412277e-90	3.8210960429e-104	4.1320221219e-42	4.6086566197e-53	7.1341129086e-39	5.6633881140e-50	2.7649468379e-51	9.6630469207e-69	3.6866736885e-27	2.1781130708e-06	1.1879451569e-20	6.9660674247e-25	4.1738851422e-48	8.5113417686e-43	1.7135583464e-49	8.7354755722e-69	6.5540388017e-53	3.1991136777e-44	2.6483067787e-57	1.4211623539e-55	2.6810537146e-66	4.5794356341e-21	1.1879451569e-20	2.9752906009e-46	2.5286389152e-58
2.6433235000e-02	2.8435268695e+02	1.3335271937e+18	6.7330099695e+17	2.1536870623e+00	1.4852198415e-173	2.0794720393e-37	2.1172903801e-02	1.8303503927e-89	2.0395859543e-86	2.1446732602e-60	7.2570915565e-59	1.7105664274e-57	2.9583017931e-54	3.3385085520e-28	9.2877743789e-43	9.8668930480e-07	1.5141901611e-05	2.7025915915e-04	9.1845364108e-69	1.5848217442e-05	5.9106844809e-47	0.0000000000e+00	1.5223700473e-154	8.9877374256e-80	1.1994423816e-81	2.3607929227e-100	3.9268620453e-120	1.8271303430e-127	4.0451093500e-77	1.3525451859e-79	1.4682733845e-43	1.1702118238e-131	1.1658468472e-123	1.4852198415e-173	2.7255464621e-153	1.9078296454e-69	1.5586247839e-66	1.4852198415e-173	1.4852198415e-173	5.0725144834e-141	1.1896821100e-156	3.3426201911e-116	4.1217697894e-131	4.6905127985e-99	1.4317780854e-145	1.1233835107e-96	9.3217159586e-103	1.8004136222e-67	9.2691100805e-148	2.8785231778e-137	1.4852198415e-173	1.4852198415e-173	2.6676694536e-168	1.4852198415e-173	1.4852198415e-173	1.4852198415e-173	1.4852198415e-173	1.4852198415e-173	1.4852198415e-173	5.7102918855e-71	5.7636456164e-72	5.4416080522e-87	4.8085121821e-126	1.6210503251e-50	2.0349956618e-93	9.7342783041e-01	1.2851355791e-43	4.5425820316e-58	3.4394581947e-03	9.2380516107e-05	5.3145062084e-44	2.5973257788e-66	3.3555908772e-104	3.0283320686e-160	3.9358022727e-12	1.5096237021e-75	2.4152453525e-171	1.4852198415e-173	1.4852198415e-173	2.9749955808e-88	1.9245562886e-162	7.1743474130e-61	1.0611100587e-63	1.4359156426e-66	5.0060151819e-99	5.2510778228e-79	3.9107467253e-93	3.4872049006e-102	1.4852198415e-173	1.4852198415e-173	1.4852198415e-173	1.4852198415e-173	1.6245765086e-152	1.4852198415e-173	1.4852198415e-173	1.4852198415e-173	1.4852198415e-173	1.4852198415e-173	1.4852198415e-173	1.4852198415e-173	1.4852198415e-173	1.4852198415e-173	4.4110300001e-155	3.3938541250e-126	1.9873014775e-76	1.4852198415e-173	3.4208913325e-167	1.4852198415e-173	1.3083177056e-123	7.6405079471e-152	2.8785231778e-137	1.5366673499e-152	3.5615598632e-70	1.4852198415e-173	1.4852198415e-173	1.4852198415e-173	1.4852198415e-173	1.9270275111e-74	3.0283883659e-151	7.6611256371e-127	1.4852198415e-173	1.4852198415e-173	1.4852198415e-173	1.3194799395e-23	6.4815730671e-07	7.5158901026e-08	2.5228149667e-59	1.4852198415e-173	1.5076870215e-63	1.4852198415e-173	2.1017133208e-38	2.3450431090e-142	1.8812805253e-17	1.3566893669e-06	5.9209169135e-57	7.3639057290e-148	1.2587377335e-126	9.2468840699e-98	1.8278103151e-65	1.1709935020e-15	2.1095043303e-07	2.3005058749e-21	4.0508507235e-34	1.1576583836e-04	5.6677742795e-50	4.0914759893e-43	4.3664949312e-48	2.1803312469e-74	1.4052564452e-73	5.7499202348e-102	1.4540413636e-105	7.9792127125e-31	2.5607472794e-32	2.6241002415e-04	3.4807978203e-45	4.5687248516e-14	1.8827882840e-63	1.6960623546e-79	2.2252582571e-04	2.0232666935e-121	1.8271303430e-127	4.1330882222e-128	1.9276879627e-82	8.5758385411e-60	3.3445084076e-46	2.9267162484e-55	3.2159199306e-88	2.8009127709e-48	9.0049800022e-57	5.2237837711e-84	1.3131837846e-68	4.3020801902e-84	1.1826784279e-61	2.4775656573e-66	1.5853507098e-20	2.7889523459e-90	4.1743817221e-104	6.3786315293e-42	4.6809532277e-53	6.5583314714e-39	7.0752957766e-50	3.5004207756e-51	1.1391102089e-68	3.0924108027e-27	2.1781130708e-06	1.4834862376e-20	8.7278367939e-25	4.4294276907e-48	7.7929412857e-43	2.3956510286e-49	1.4295578503e-68	6.3612948847e-53	2.3049581819e-44	2.1058096370e-57	2.9003478375e-55	2.8690141632e-66	4.1377717257e-21	1.4834862376e-20	4.6254758705e-46	3.7438134141e-58
1.8047828100e-02	2.8394291240e+02	9.1180676280e+17	4.6037336572e+17	2.1536870623e+00	2.1721499862e-173	2.2031737274e-37	2.1172903800e-02	2.3645235504e-89	2.2139531306e-86	2.5572876178e-60	9.9016183518e-59	1.4182107170e-57	2.4709376026e-54	3.0897546486e-28	9.8667223145e-43	9.8668930502e-07	1.5141901620e-05	2.7025915915e-04	8.9630410571e-69	1.5848217442e-05	5.0345069939e-47	0.0000000000e+00	1.9786211350e-154	1.8252005284e-79	2.4497642397e-81	3.7146376012e-100	4.7848665072e-120	2.1747018290e-127	5.7663239616e-77	1.5800755303e-79	1.6220395712e-43	2.3867288968e-131	2.4742044402e-123	2.1721499862e-173	6.3005069059e-153	3.9887466364e-69	3.3416242287e-66	2.1721499862e-173	2.1721499862e-173	1.0552475572e-140	1.9574372213e-156	5.2839507068e-116	5.1704582779e-131	5.5009943744e-99	2.0821392501e-145	1.2518694369e-96	1.0194351109e-102	1.8536359292e-67	1.5896927531e-147	6.1212739317e-137	2.1721499862e-173	2.1721499862e-173	1.0718239164e-167	2.1721499862e-173	2.1721499862e-173	2.1721499862e-173	2.1721499862e-173	2.1721499862e-173	2.1721499862e-173	6.5409482500e-71	6.6553559066e-72	6.0529488289e-87	4.7737056724e-126	1.6546627452e-50	1.8199745245e-93	9.7342783041e-01	1.3475391882e-43	5.5282517859e-58	3.4394581947e-03	9.2380508007e-05	4.7412724790e-44	3.6538841437e-66	4.2172553989e-104	3.2105730548e-160	7.9853191957e-12	2.5142295651e-75	2.9856600907e-171	2.1721499862e-173	2.1721499862e-173	3.2439238223e-88	1.6604860732e-162	1.0313339291e-60	1.0585477478e-63	1.4927746546e-66	5.5768278256e-99	7.4791054016e-79	4.4367673660e-93	5.4861086239e-102	2.1721499862e-173	2.1721499862e-173	2.1721499862e-173	2.1721499862e-173	2.0371005572e-152	2.1721499862e-173	2.1721499862e-173	2.1721499862e-173	2.1721499862e-173	2.1721499862e-173	2.1721499862e-173	2.1721499862e-173	2.1721499862e-173	2.1721499862e-173	1.0606731444e-154	7.5425554911e-126	2.8943450060e-76	2.1721499862e-173	5.8231586328e-167	2.1721499862e-173	2.0392941741e-123	9.0325190318e-152	6.1212739317e-137	2.5990490351e-152	2.8804550336e-70	2.1721499862e-173	2.1721499862e-173	2.1721499862e-173	2.1721499862e-173	2.2210629729e-74	2.8592398904e-151	6.5533595412e-127	2.1721499862e-173	2.1721499862e-173	2.1721499862e-173	1.2313784998e-23	6.4815730670e-07	7.5158901025e-08	1.7276285907e-59	2.1721499862e-173	1.4903493831e-63	2.1721499862e-173	2.2791913621e-38	2.6587619776e-142	2.1523653998e-17	1.3566893669e-06	5.0570920386e-57	1.0003836878e-147	1.5346901420e-126	1.0383538868e-97	1.9171601918e-65	9.4629542766e-16	2.1095043303e-07	1.8072570292e-21	5.3498098204e-34	1.1576583836e-04	7.0531266272e-50	5.2808605222e-43	5.5691486772e-48	2.5794644012e-74	2.9571806475e-73	1.0850748071e-101	2.2617427736e-105	8.7458026212e-31	2.8375565881e-32	2.6241002415e-04	2.5058876148e-45	3.6989360451e-14	1.5297015466e-63	1.3234118354e-79	2.2252582571e-04	1.9564992489e-121	2.1747018290e-127	4.6397203020e-128	3.9656713327e-82	1.2401321696e-59	4.3194222091e-46	3.7537814886e-55	4.0078494291e-88	2.9268625916e-48	9.2514563719e-57	4.9771021935e-84	1.1240655196e-68	5.0399969282e-84	1.2483362168e-61	3.3001351194e-66	1.4345699389e-20	4.0368961814e-90	5.8233222634e-104	1.1093318682e-41	5.4285938540e-53	6.6604998355e-39	1.0033557458e-49	5.0061928379e-51	1.5566757136e-68	2.7644795963e-27	2.1781130708e-06	1.9627078575e-20	1.1571580430e-24	5.2825911775e-48	7.8940412625e-43	3.9111785281e-49	2.9630454943e-68	7.1666644916e-53	1.8701203509e-44	1.9496265296e-57	6.9205738480e-55	3.6860390743e-66	3.8786310994e-21	1.9627078575e-20	8.0806053467e-46	6.3399399754e-58
1.2322521200e-02	2.8367936354e+02	6.2313296352e+17	3.1462128975e+17	2.1536870622e+00	3.1784244505e-173	2.4472053830e-37	2.1172903800e-02	3.4179657457e-89	2.6731435720e-86	3.2804334781e-60	1.4826180335e-58	1.2567937245e-57	2.2001866957e-54	2.9393028194e-28	1.0978576861e-42	9.8668930518e-07	1.5141901626e-05	2.7025915914e-04	9.4419913115e-69	1.5848217442e-05	4.5397608122e-47	0.0000000000e+00	2.5072494406e-154	3.3001958523e-79	4.4458569906e-81	5.3243967708e-100	5.4349904463e-120	2.4330819047e-127	7.2470180683e-77	1.6321764687e-79	1.5102877851e-43	4.6311222065e-131	4.9254208267e-123	3.1784244505e-173	1.4182809215e-152	7.3487251475e-69	6.2570944400e-66	3.1784244505e-173	3.1784244505e-173	1.6921824856e-140	2.5215100746e-156	6.1984103970e-116	4.8827501153e-131	4.6482864621e-99	2.3145657406e-145	1.2543990290e-96	1.0091853001e-102	1.6492788123e-67	2.1033063717e-147	9.9560196873e-137	3.1784244505e-173	3.1784244505e-173	3.4457115877e-167	3.1784244505e-173	3.1784244505e-173	3.1784244505e-173	3.1784244505e-173	3.1784244505e-173	3.1784244505e-173	8.1762098567e-71	8.3624506249e-72	7.4244405551e-87	5.4413734250e-126	1.7943151958e-50	1.8123521256e-93	9.7342783042e-01	1.4868263821e-43	7.1854811636e-58	3.4394581946e-03	9.2380490926e-05	4.4049348985e-44	5.5801328462e-66	5.9889589645e-104	4.0857699344e-160	1.6525305768e-11	4.5814022192e-75	4.4892785035e-171	3.1784244505e-173	3.1784244505e-173	3.9281393427e-88	1.7290224565e-162	1.5971356205e-60	1.1310370378e-63	1.3365344130e-66	5.5869663789e-99	9.3944848178e-79	4.4973455770e-93	7.8627088464e-102	3.1784244505e-173	3.1784244505e-173	3.1784244505e-173	3.1784244505e-173	1.5693026565e-152	3.1784244505e-173	3.1784244505e-173	3.1784244505e-173	3.1784244505e-173	3.1784244505e-173	3.1784244505e-173	3.1784244505e-173	3.1784244505e-173	3.1784244505e-173	1.9983670710e-154	1.2621474215e-125	3.6882284794e-76	3.1784244505e-173	6.2563185057e-167	3.1784244505e-173	2.3706424282e-123	8.2099200485e-152	9.9560196873e-137	3.4080773127e-152	2.5120890793e-70	3.1784244505e-173	3.1784244505e-173	3.1784244505e-173	3.1784244505e-173	2.7874472714e-74	2.5746328189e-151	5.1742788561e-127	3.1784244505e-173	3.1784244505e-173	3.1784244505e-173	1.1777238235e-23	6.4815730669e-07	7.5158901024e-08	1.2646787251e-59	3.1784244505e-173	1.5830509227e-63	3.1784244505e-173	2.5699335009e-38	2.8829332024e-142	2.5121720024e-17	1.3566893668e-06	4.5682299300e-57	1.3043370763e-147	1.7438864846e-126	1.0455908586e-97	1.7263704528e-65	7.7078439584e-16	2.1095043302e-07	1.4454800611e-21	7.3298868387e-34	1.1576583836e-04	9.3002131014e-50	7.1291536074e-43	7.4608796871e-48	3.2921738896e-74	5.4711077068e-73	1.8713176586e-101	3.2179471676e-105	9.9294888305e-31	3.2443406863e-32	2.6241002415e-04	1.8945724690e-45	3.0165106651e-14	1.3380051622e-63	1.1277975408e-79	2.2252582571e-04	2.1926560845e-121	2.4330819047e-127	6.1262671710e-128	7.2305140716e-82	1.9278363685e-59	5.8335455864e-46	5.0470696314e-55	5.2897916733e-88	3.2222611728e-48	1.0074286099e-56	5.1626987038e-84	1.0168464669e-68	5.2156670170e-84	1.1286838309e-61	4.8654843496e-66	1.3450488451e-20	6.7198081446e-90	9.4656050783e-104	2.0785990840e-41	6.8400438949e-53	7.1990636750e-39	1.5402366679e-49	7.7269983146e-51	2.3332779539e-68	2.5717338092e-27	2.1781130707e-06	2.6922528750e-20	1.5894336935e-24	6.7771820588e-48	8.5182358354e-43	7.0358876940e-49	7.1196090094e-68	8.8628998400e-53	1.6343054806e-44	1.9852463009e-57	1.8209104363e-54	5.3093908021e-66	3.7202339366e-21	2.6922528750e-20	1.5184932267e-45	1.1677265429e-57
8.4134516300e-03	2.8350767390e+02	4.2571433984e+17	2.1494416523e+17	2.1536870622e+00	4.6523709957e-173	2.8004979289e-37	2.1172903799e-02	5.3036212796e-89	3.4516429524e-86	4.4064905811e-60	2.3540476038e-58	1.1615163514e-57	2.0397372189e-54	2.8451121310e-28	1.2577698847e-42	9.8668930528e-07	1.5141901631e-05	2.7025915913e-04	1.0437903313e-68	1.5848217441e-05	4.2434721768e-47	0.0000000000e+00	3.1267359914e-154	5.5458389307e-79	7.4890787926e-81	7.1958608587e-100	5.9060642525e-120	2.6179912851e-127	8.4124355314e-77	1.5601292478e-79	1.2625085290e-43	8.7078907275e-131	9.4173451570e-123	4.6523709957e-173	3.1395949101e-152	1.2501286602e-68	1.0757428057e-65	4.6523709957e-173	4.6523709957e-173	2.3028218866e-140	2.7836426150e-156	6.0243614244e-116	3.8551771367e-131	3.1942642488e-99	2.1719894322e-145	1.1754622148e-96	9.3822817402e-103	1.3384334118e-67	2.3628420662e-147	1.3674525489e-136	4.6523709957e-173	4.6523709957e-173	9.6243105701e-167	4.6523709957e-173	4.6523709957e-173	4.6523709957e-173	4.6523709957e-173	4.6523709957e-173	4.6523709957e-173	1.0798909556e-70	1.1082304602e-71	9.6857251178e-87	6.7670656006e-126	2.0214220974e-50	1.9313113036e-93	9.7342783044e-01	1.6940693295e-43	9.7352486584e-58	3.4394581945e-03	9.2380454717e-05	4.1984596225e-44	8.9747154671e-66	9.1860898253e-104	5.8341416607e-160	3.4627972187e-11	8.8352551325e-75	7.6374055558e-171	4.6523709957e-173	4.6523709957e-173	5.0817601871e-88	2.0270253959e-162	2.5921910518e-60	1.2619563221e-63	1.0890680202e-66	5.2346965719e-99	1.0901359063e-78	4.2461935518e-93	1.0625621064e-101	4.6523709957e-173	4.6523709957e-173	4.6523709957e-173	4.6523709957e-173	8.8917232582e-153	4.6523709957e-173	4.6523709957e-173	4.6523709957e-173	4.6523709957e-173	4.6523709957e-173	4.6523709957e-173	4.6523709957e-173	4.6523709957e-173	4.6523709957e-173	3.2281944306e-154	1.7660081649e-125	4.3201580958e-76	4.6523709957e-173	5.0286706348e-167	4.6523709957e-173	2.2904945676e-123	6.3224415140e-152	1.3674525489e-136	3.8062791427e-152	2.2975364637e-70	4.6523709957e-173	4.6523709957e-173	4.6523709957e-173	4.6523709957e-173	3.6911871748e-74	2.2501249520e-151	3.8841954584e-127	4.6523709957e-173	4.6523709957e-173	4.6523709957e-173	1.1439829819e-23	6.4815730667e-07	7.5158901021e-08	9.6557381670e-60	4.6523709957e-173	1.7595160780e-63	4.6523709957e-173	2.9698909463e-38	3.0392908663e-142	2.9692712814e-17	1.3566893668e-06	4.2750415166e-57	1.6571673838e-147	1.8955166866e-126	9.8294860660e-98	1.4119956080e-65	6.3096402192e-16	2.1095043302e-07	1.1692846555e-21	1.0278362299e-33	1.1576583835e-04	1.2719137630e-49	9.9008449368e-43	1.0309803900e-47	4.4076829773e-74	9.3326891271e-73	3.0491082145e-101	4.3280424885e-105	1.1526403097e-30	3.7834364813e-32	2.6241002414e-04	1.4773101047e-45	2.4712519575e-14	1.2260764307e-63	1.0160349413e-79	2.2252582570e-04	2.6968619547e-121	2.6179912851e-127	8.9607968367e-128	1.2216899803e-81	3.1367387457e-59	8.1036445173e-46	6.9907502960e-55	7.2389728126e-88	3.6661065103e-48	1.1380384756e-56	5.6500235884e-84	9.5246874913e-69	4.9913614970e-84	9.2560018226e-62	7.6475405365e-66	1.2896716001e-20	1.2216449781e-89	1.6943222749e-103	4.0822101575e-41	9.0812072747e-53	8.0929509110e-39	2.4855707952e-49	1.2514006792e-50	3.7071778511e-68	2.4532763662e-27	2.1781130707e-06	3.7780601861e-20	2.2324422937e-24	9.1042252341e-48	9.5655857569e-43	1.3455374275e-48	1.8777915206e-67	1.1624295082e-52	1.4967167943e-44	2.1465538591e-57	5.0957292341e-54	8.2194690110e-66	3.6203898343e-21	3.7780601861e-20	2.9878551149e-45	2.2677930320e-57
5.7444549800e-03	2.8339452895e+02	2.9078115961e+17	1.4681608715e+17	2.1536870620e+00	6.8112426873e-173	3.2664004261e-37	2.1172903798e-02	8.6107835847e-89	4.6521428283e-86	6.0959115577e-60	3.8803381837e-58	1.1026534518e-57	1.9403525139e-54	2.7846356913e-28	1.4681107125e-42	9.8668930532e-07	1.5141901635e-05	2.7025915911e-04	1.1899874646e-68	1.5848217440e-05	4.0586815711e-47	0.0000000000e+00	3.8596692006e-154	8.8935741319e-79	1.2028933441e-80	9.3664812767e-100	6.2389544342e-120	2.7475981709e-127	9.2820416058e-77	1.4191423300e-79	9.8513023904e-44	1.6047748960e-130	1.7547605533e-122	6.8112426873e-173	6.8759994750e-152	2.0210183455e-68	1.7512732379e-65	6.8112426873e-173	6.8112426873e-173	2.8218432483e-140	2.7845005492e-156	5.1921802294e-116	2.7148545115e-131	1.9235033740e-99	1.8291166513e-145	1.0553278361e-96	8.3795547176e-103	1.0241531369e-67	2.3909390578e-147	1.6859020241e-136	6.8112426873e-173	6.8112426873e-173	2.4572255187e-166	6.8112426873e-173	6.8112426873e-173	6.8112426873e-173	6.8112426873e-173	6.8112426873e-173	6.8112426873e-173	1.4773645979e-70	1.5195209235e-71	1.3143302600e-86	8.8974814448e-126	2.3334641362e-50	2.1491478314e-93	9.7342783048e-01	1.9702249030e-43	1.3544180168e-57	3.4394581942e-03	9.2380377682e-05	4.0675763920e-44	1.4919795560e-65	1.4800820158e-103	8.9666863863e-160	7.3141997531e-11	1.7667423332e-74	1.4059835577e-170	6.8112426873e-173	6.8112426873e-173	6.8577988072e-88	2.5634008540e-162	4.3352490135e-60	1.4475162441e-63	8.3558755194e-67	4.6992874923e-99	1.2025415523e-78	3.8312081060e-93	1.3830181011e-101	6.8112426873e-173	6.8112426873e-173	6.8112426873e-173	6.8112426873e-173	4.1402549161e-153	6.8112426873e-173	6.8112426873e-173	6.8112426873e-173	6.8112426873e-173	6.8112426873e-173	6.8112426873e-173	6.8112426873e-173	6.8112426873e-173	6.8112426873e-173	4.7267134085e-154	2.2040776428e-125	4.7952000114e-76	6.8112426873e-173	3.3579181982e-167	6.8112426873e-173	1.9664114485e-123	4.3796593937e-152	1.6859020241e-136	3.8367033718e-152	2.1661337840e-70	6.8112426873e-173	6.8112426873e-173	6.8112426873e-173	6.8112426873e-173	5.0584800048e-74	1.9293429870e-151	2.8231796765e-127	6.8112426873e-173	6.8112426873e-173	6.8112426873e-173	1.1222558382e-23	6.4815730662e-07	7.5158901016e-08	7.5730603738e-60	6.8112426873e-173	2.0131301334e-63	6.8112426873e-173	3.4864274951e-38	3.1470515718e-142	3.5378800177e-17	1.3566893667e-06	4.0920112413e-57	2.0708913200e-147	2.0026905763e-126	8.8436283196e-98	1.0860308580e-65	5.1815522888e-16	2.1095043300e-07	9.5272879262e-22	1.4627920202e-33	1.1576583834e-04	1.7805371504e-49	1.4001203483e-42	1.4531467678e-47	6.0842958750e-74	1.5114947551e-72	4.7911643232e-101	5.6156508939e-105	1.3571234887e-30	4.4681403221e-32	2.6241002412e-04	1.1748987384e-45	2.0304715664e-14	1.1574150198e-63	9.4844128301e-80	2.2252582568e-04	3.5201135656e-121	2.7475981709e-127	1.3992446848e-127	1.9662106935e-81	5.2546044505e-59	1.1461684371e-45	9.8686696516e-55	1.0137987918e-87	4.2596762563e-48	1.3160805683e-56	6.3987144033e-84	9.1224882850e-69	4.5438565970e-84	7.1316839671e-62	1.2522180795e-65	1.2543937233e-20	2.3495780313e-89	3.2254816085e-103	8.2615865130e-41	1.2466369247e-52	9.3290815095e-39	4.1412645998e-49	2.0898913630e-50	6.1135000587e-68	2.3781343813e-27	2.1781130705e-06	5.3795077455e-20	3.1805909265e-24	1.2595336036e-47	1.1018797797e-42	2.6757521945e-48	5.2565148093e-67	1.5829619428e-52	1.4123547982e-44	2.4116963954e-57	1.4832980260e-53	1.3324474033e-65	3.5559964362e-21	5.3795077455e-20	6.0543841193e-45	4.5557950506e-57
3.9221433200e-03	2.8331925560e+02	1.9858949109e+17	1.0026829825e+17	2.1536870616e+00	9.9732419664e-173	3.8571058298e-37	2.1172903794e-02	1.4396413228e-88	6.4468419258e-86	8.5954323967e-60	6.5533719912e-58	1.0651303907e-57	1.8768892081e-54	2.7450894954e-28	1.7344679080e-42	9.8668930525e-07	1.5141901636e-05	2.7025915907e-04	1.3840140097e-68	1.5848217437e-05	3.9401441627e-47	0.0000000000e+00	4.7329887807e-154	1.3836299579e-78	1.8733972621e-80	1.1898623660e-99	6.4709064484e-120	2.8374187560e-127	9.9102451961e-77	1.2500937872e-79	7.3513987142e-44	2.9191823645e-130	3.2155304927e-122	9.9732419664e-173	1.4954947108e-151	3.1611764365e-68	2.7520067441e-65	9.9732419664e-173	9.9732419664e-173	3.2307106256e-140	2.6129875759e-156	4.1397266669e-116	1.7752565384e-131	1.0632918113e-99	1.4360495138e-145	9.2154873079e-97	7.2919410724e-103	7.5437700038e-68	2.2609303836e-147	1.9380279961e-136	9.9732419664e-173	9.9732419664e-173	5.9188879610e-166	9.9732419664e-173	9.9732419664e-173	9.9732419664e-173	9.9732419664e-173	9.9732419664e-173	9.9732419664e-173	2.0677377953e-70	2.1299010509e-71	1.8296107383e-86	1.2128220778e-125	2.7365547812e-50	2.4595985688e-93	9.7342783057e-01	2.3220714654e-43	1.9169833944e-57	3.4394581936e-03	9.2380213367e-05	3.9827048650e-44	2.5340364469e-65	2.4620139637e-103	1.4454042015e-159	1.5529198130e-10	3.6167688835e-74	2.7240510191e-170	9.9732419664e-173	9.9732419664e-173	9.5113132834e-88	3.4047877004e-162	7.3926072114e-60	1.6903813236e-63	6.1658520273e-67	4.1033346628e-99	1.2837260046e-78	3.3566205203e-93	1.7568479164e-101	9.9732419664e-173	9.9732419664e-173	9.9732419664e-173	9.9732419664e-173	1.6976174651e-153	9.9732419664e-173	9.9732419664e-173	9.9732419664e-173	9.9732419664e-173	9.9732419664e-173	9.9732419664e-173	9.9732419664e-173	9.9732419664e-173	9.9732419664e-173	6.4938383334e-154	2.5544170559e-125	5.1400603795e-76	9.9732419664e-173	1.9884616327e-167	9.9732419664e-173	1.5637555229e-123	2.8326780310e-152	1.9380279961e-136	3.6187700858e-152	2.0828498106e-70	9.9732419664e-173	9.9732419664e-173	9.9732419664e-173	9.9732419664e-173	7.0880053529e-74	1.6339617544e-151	2.0095370614e-127	9.9732419664e-173	9.9732419664e-173	9.9732419664e-173	1.1080207424e-23	6.4815730651e-07	7.5158901003e-08	6.0440437117e-60	9.9732419664e-173	2.3469353379e-63	9.9732419664e-173	4.1346646828e-38	3.2209016105e-142	4.2373981490e-17	1.3566893665e-06	3.9745294205e-57	2.5603090684e-147	2.0773778628e-126	7.7334715913e-98	8.0270763185e-66	4.2639459293e-16	2.1095043297e-07	7.7992611618e-22	2.1018835544e-33	1.1576583833e-04	2.5305037843e-49	2.0033201219e-42	2.0746259760e-47	8.5666257765e-74	2.3670491853e-72	7.3535937044e-101	7.1186600224e-105	1.6126319958e-30	5.3200780678e-32	2.6241002407e-04	9.4641363358e-46	1.6714686388e-14	1.1138505152e-63	9.0595445299e-80	2.2252582564e-04	4.7750467147e-121	2.8374187560e-127	2.2794979232e-127	3.0662865906e-81	8.9701538573e-59	1.6401492373e-45	1.4103888767e-54	1.4412155487e-87	5.0172053320e-48	1.5452748687e-56	7.4091638075e-84	8.8641986261e-69	4.0046794567e-84	5.2773169707e-62	2.1054607885e-65	1.2314445778e-20	4.6868520408e-89	6.3903700999e-103	1.7048371445e-40	1.7487959076e-52	1.0930353881e-38	7.0441002357e-49	3.5603741414e-50	1.0327927578e-67	2.3293902295e-27	2.1781130701e-06	7.7323519246e-20	4.5734712425e-24	1.7760395994e-47	1.2903978501e-42	5.4574997940e-48	1.5293394615e-66	2.2087390159e-52	1.3588454227e-44	2.7777567280e-57	4.4292789699e-53	2.2254610662e-65	3.5137642168e-21	7.7323519246e-20	1.2504043954e-44	9.3551018377e-57
2.6779230100e-03	2.8326880871e+02	1.3561515551e+17	6.8472409038e+16	2.1536870609e+00	1.4604422629e-172	4.5916614665e-37	2.1172903787e-02	2.4537307247e-88	9.0982918204e-86	1.2272490182e-59	1.1245469812e-57	1.0406896981e-57	1.8355048876e-54	2.7188895742e-28	2.0654702774e-42	9.8668930498e-07	1.5141901633e-05	2.7025915897e-04	1.6309011110e-68	1.5848217432e-05	3.8626116036e-47	0.0000000000e+00	5.7787662219e-154	2.1101972243e-78	2.8591755354e-80	1.4875723696e-99	6.6312352329e-120	2.8992800763e-127	1.0355079212e-76	1.0782149751e-79	5.3275336656e-44	5.2649853880e-130	5.8280846682e-122	1.4604422629e-172	3.2378385971e-151	4.8385855342e-68	4.2254368215e-65	1.4604422629e-172	1.4604422629e-172	3.5375200885e-140	2.3513671714e-156	3.1361817032e-116	1.1057386470e-131	5.5567902209e-100	1.0767399779e-145	7.9021054091e-97	6.2381542149e-103	5.4194421952e-68	2.0450413915e-147	2.1278580584e-136	1.4604422629e-172	1.4604422629e-172	1.3722826868e-165	1.4604422629e-172	1.4604422629e-172	1.4604422629e-172	1.4604422629e-172	1.4604422629e-172	1.4604422629e-172	2.9376462702e-70	3.0289764530e-71	2.5899102612e-86	1.6927995177e-125	3.2427115529e-50	2.8671995047e-93	9.7342783075e-01	2.7607348116e-43	2.7439635726e-57	3.4394581924e-03	9.2379862263e-05	3.9267738156e-44	4.3648612555e-65	4.1819943279e-103	2.4039860356e-159	3.3082745491e-10	7.5189370204e-74	5.4578059605e-170	1.4604422629e-172	1.4604422629e-172	1.3430614658e-87	4.6703812645e-162	1.2767810670e-59	1.9973387390e-63	4.4348555958e-67	3.5183811813e-99	1.3412020545e-78	2.8846170028e-93	2.1963677347e-101	1.4604422629e-172	1.4604422629e-172	1.4604422629e-172	1.4604422629e-172	6.4033743049e-154	1.4604422629e-172	1.4604422629e-172	1.4604422629e-172	1.4604422629e-172	1.4604422629e-172	1.4604422629e-172	1.4604422629e-172	1.4604422629e-172	1.4604422629e-172	8.5564330682e-154	2.8199726829e-125	5.3850501769e-76	1.4604422629e-172	1.0882477461e-167	1.4604422629e-172	1.1826125735e-123	1.7514537652e-152	2.1278580584e-136	3.2675910624e-152	2.0288104970e-70	1.4604422629e-172	1.4604422629e-172	1.4604422629e-172	1.4604422629e-172	1.0077658640e-73	1.3726191180e-151	1.4108953833e-127	1.4604422629e-172	1.4604422629e-172	1.4604422629e-172	1.0985776175e-23	6.4815730629e-07	7.5158900977e-08	4.8792448705e-60	1.4604422629e-172	2.7699924948e-63	1.4604422629e-172	4.9362782264e-38	3.2713850073e-142	5.0926106086e-17	1.3566893660e-06	3.8976551378e-57	3.1432002499e-147	2.1290076680e-126	6.6375847680e-98	5.7799447896e-66	3.5135961629e-16	2.1095043289e-07	6.4043228117e-22	3.0392718855e-33	1.1576583828e-04	3.6321988717e-49	2.8885297808e-42	2.9869382062e-47	1.2219478004e-73	3.6259939735e-72	1.1113683589e-100	8.8871267366e-105	1.9278348510e-30	6.3685334108e-32	2.6241002398e-04	7.6878507438e-46	1.3776491681e-14	1.0855633325e-63	8.7853895097e-80	2.2252582557e-04	6.6431350283e-121	2.8992800763e-127	3.8181952397e-127	4.6839650816e-81	1.5503835813e-58	2.3650665172e-45	2.0320154352e-54	2.0690597344e-87	5.9624955680e-48	1.8325623093e-56	8.7049837075e-84	8.6951300078e-69	3.4552731960e-84	3.8029328603e-62	3.6021949439e-65	1.2162930219e-20	9.5757327874e-89	1.2996674806e-102	3.5632688450e-40	2.4883353347e-52	1.2943894986e-38	1.2145488795e-48	6.1452651712e-50	1.7726044820e-67	2.2972686864e-27	2.1781130694e-06	1.1183257823e-19	6.6163130182e-24	2.5358689821e-47	1.5276235038e-42	1.1317720241e-47	4.5635825152e-66	3.1315194395e-52	1.3241081828e-44	3.2519765538e-57	1.3449639438e-52	3.7905082725e-65	3.4857295045e-21	1.1183257823e-19	2.6149192931e-44	1.9488692858e-56
1.8284063300e-03	2.8323481493e+02	9.2605115131e+16	4.6756539143e+16	2.1536870593e+00	2.1387382778e-172	5.4955367404e-37	2.1172903771e-02	4.2358759178e-88	1.2996443910e-85	1.7668625634e-59	1.9501955605e-57	1.0245325634e-57	1.8081256742e-54	2.7013706546e-28	2.4726151234e-42	9.8668930430e-07	1.5141901624e-05	2.7025915877e-04	1.9385980993e-68	1.5848217420e-05	3.8112128436e-47	0.0000000000e+00	7.0353244927e-154	3.1761012690e-78	4.3054606265e-80	1.8401683016e-99	6.7415406298e-120	2.9417370308e-127	1.0666132214e-76	9.1705885961e-80	3.7865734625e-44	9.4421416298e-130	1.0486723967e-121	2.1387382778e-172	6.9889276912e-151	7.3004242780e-68	6.3887060216e-65	2.1387382778e-172	2.1387382778e-172	3.7606004864e-140	2.0579205039e-156	2.2967443240e-116	6.6686025077e-132	2.7978297582e-100	7.8306359537e-146	6.6945864925e-97	5.2766124849e-103	3.8293058975e-68	1.7960342345e-147	2.2661961896e-136	2.1387382778e-172	2.1387382778e-172	3.1019920383e-165	2.1387382778e-172	2.1387382778e-172	2.1387382778e-172	2.1387382778e-172	2.1387382778e-172	2.1387382778e-172	4.2151261889e-70	4.3490906699e-71	3.7070814942e-86	2.4001001586e-125	3.8689906808e-50	3.3834084075e-93	9.7342783115e-01	3.3013046629e-43	3.9571425224e-57	3.4394581898e-03	9.2379111127e-05	3.8894738443e-44	7.5888733521e-65	7.2028172618e-103	4.0820949986e-159	7.0636068694e-10	1.5791563007e-73	1.1180977953e-169	2.1387382778e-172	2.1387382778e-172	1.9192169236e-87	6.5447353002e-162	2.2238403278e-59	2.3784956531e-63	3.1361238581e-67	2.9806356648e-99	1.3813812117e-78	2.4474549906e-93	2.7169084900e-101	2.1387382778e-172	2.1387382778e-172	2.1387382778e-172	2.1387382778e-172	2.2852878402e-154	2.1387382778e-172	2.1387382778e-172	2.1387382778e-172	2.1387382778e-172	2.1387382778e-172	2.1387382778e-172	2.1387382778e-172	2.1387382778e-172	2.1387382778e-172	1.0965915393e-153	3.0143603504e-125	5.5567099699e-76	2.1387382778e-172	5.6523941792e-168	2.1387382778e-172	8.6505636690e-124	1.0510681201e-152	2.2661961896e-136	2.8663939277e-152	1.9931783923e-70	2.1387382778e-172	2.1387382778e-172	2.1387382778e-172	2.1387382778e-172	1.4467443757e-73	1.1468876539e-151	9.8161629994e-128	2.1387382778e-172	2.1387382778e-172	2.1387382778e-172	1.0922578766e-23	6.4815730580e-07	7.5158900920e-08	3.9689294891e-60	2.1387382778e-172	3.2961098683e-63	2.1387382778e-172	5.9194415729e-38	3.3058593907e-142	6.1343214161e-17	1.3566893649e-06	3.8466784343e-57	3.8408320019e-147	2.1645309376e-126	5.6268858403e-98	4.0903768057e-66	2.8978920631e-16	2.1095043273e-07	5.2696132278e-22	4.4131042806e-33	1.1576583820e-04	5.2479349997e-49	4.1861948023e-42	4.3245147703e-47	1.7580783250e-73	5.4738482541e-72	1.6625426714e-100	1.0983078329e-104	2.3138813057e-30	7.6507897201e-32	2.6241002378e-04	6.2797918270e-46	1.1364139766e-14	1.0669026116e-63	8.6052901814e-80	2.2252582540e-04	9.3982480100e-121	2.9417370308e-127	6.5145271051e-127	7.0576112062e-81	2.7017474893e-58	3.4277451943e-45	2.9433474134e-54	2.9898324446e-87	7.1280067796e-48	2.1876772853e-56	1.0326655717e-83	8.5829923348e-69	2.9395213041e-84	2.6926934564e-62	6.2344249364e-65	1.2061852883e-20	1.9877409562e-88	2.6895669261e-102	7.5109107084e-40	3.5741363722e-52	1.5437252855e-38	2.1130771725e-48	1.0699119451e-49	3.0744703218e-67	2.2758671790e-27	2.1781130677e-06	1.6240804579e-19	9.6101831975e-24	3.6509262802e-47	1.8214963851e-42	2.3730716063e-47	1.3848432677e-65	4.4871067503e-52	1.3011956832e-44	3.8485511737e-57	4.1296358735e-52	6.5405940280e-65	3.4669588652e-21	1.6240804579e-19	5.5139839196e-44	4.0988481669e-56
1.2483815600e-03	2.8321181732e+02	6.3233157525e+16	3.1926569127e+16	2.1536870558e+00	3.1321874769e-172	6.6009988525e-37	2.1172903737e-02	7.3750278655e-88	1.8715477568e-85	2.5578993078e-59	3.4060138378e-57	1.0137422070e-57	1.7898312837e-54	2.6895803807e-28	2.9704477161e-42	9.8668930276e-07	1.5141901602e-05	2.7025915833e-04	2.3177725151e-68	1.5848217394e-05	3.7768217693e-47	0.0000000000e+00	8.5486371056e-154	4.7383835553e-78	6.4253369454e-80	2.2602675083e-99	6.8172188481e-120	2.9708180776e-127	1.0881892584e-76	7.7273338107e-80	2.6565972212e-44	1.6869197200e-129	1.8777534531e-121	3.1321874769e-172	1.5055010637e-150	1.0909511570e-67	9.5606399695e-65	3.1321874769e-172	3.1321874769e-172	3.9194770566e-140	1.7679202228e-156	1.6443059891e-116	3.9359526982e-132	1.3740529376e-100	5.5798170687e-146	5.6259842707e-97	4.4296415073e-103	2.6759051567e-68	1.5465594744e-147	2.3648709128e-136	3.1321874769e-172	3.1321874769e-172	6.8940217497e-165	3.1321874769e-172	3.1321874769e-172	3.1321874769e-172	3.1321874769e-172	3.1321874769e-172	3.1321874769e-172	6.0883392596e-70	6.2846914500e-71	5.3456517152e-86	3.4388056460e-125	4.6374915670e-50	4.0252859679e-93	9.7342783199e-01	3.9629928889e-43	5.7351952271e-57	3.4394581843e-03	9.2377502871e-05	3.8643436183e-44	1.3276664555e-64	1.2521257651e-102	7.0283788876e-159	1.5104146294e-09	3.3392765999e-73	2.3248472840e-169	3.1321874769e-172	3.1321874769e-172	2.7644648774e-87	9.3032634670e-162	3.8952748892e-59	2.8471472989e-63	2.1926753786e-67	2.5047729998e-99	1.4092326692e-78	2.0588331961e-93	3.3370730830e-101	3.1321874769e-172	3.1321874769e-172	3.1321874769e-172	3.1321874769e-172	7.8595969598e-155	3.1321874769e-172	3.1321874769e-172	3.1321874769e-172	3.1321874769e-172	3.1321874769e-172	3.1321874769e-172	3.1321874769e-172	3.1321874769e-172	3.1321874769e-172	1.3795711592e-153	3.1534030753e-125	5.6758912145e-76	3.1321874769e-172	2.8350095536e-168	3.1321874769e-172	6.1882752740e-124	6.1828823471e-153	2.3648709128e-136	2.4663041158e-152	1.9694232415e-70	3.1321874769e-172	3.1321874769e-172	3.1321874769e-172	3.1321874769e-172	2.0903763817e-73	9.5483611080e-152	6.7880692526e-128	3.1321874769e-172	3.1321874769e-172	3.1321874769e-172	1.0880021886e-23	6.4815730476e-07	7.5158900800e-08	3.2448757369e-60	3.1321874769e-172	3.9435994685e-63	3.1321874769e-172	7.1194113272e-38	3.3293927779e-142	7.4003304952e-17	1.3566893627e-06	3.8125632674e-57	4.6786827137e-147	2.1889037351e-126	4.7307538738e-98	2.8613444868e-66	2.3915170662e-16	2.1095043239e-07	4.3418673784e-22	6.4258649887e-33	1.1576583801e-04	7.6158275780e-49	6.0875679865e-42	6.2844871102e-47	2.5440543342e-73	8.1829453829e-72	2.4701099144e-100	1.3481691658e-104	2.7846690415e-30	9.2131141180e-32	2.6241002336e-04	5.1487437772e-46	9.3793678245e-15	1.0544579143e-63	8.4855229278e-80	2.2252582504e-04	1.3445826231e-120	2.9708180776e-127	1.1252734626e-126	1.0537041485e-80	4.7340434371e-58	4.9848053868e-45	4.2786977077e-54	4.3392308203e-87	8.5551803090e-48	2.6231783609e-56	1.2329773702e-83	8.5079349286e-69	2.4772985262e-84	1.8842930726e-62	1.0873641776e-64	1.1993934427e-20	4.1702235507e-88	5.6308864433e-102	1.5921946811e-39	5.1661832093e-52	1.8498253531e-38	3.6985440324e-48	1.8735756762e-49	5.3700426688e-67	2.2614987846e-27	2.1781130642e-06	2.3650407435e-19	1.3996339396e-23	5.2855222861e-47	2.1823583142e-42	5.0126042441e-47	4.2498318035e-65	6.4752114981e-52	1.2859169781e-44	4.5876222137e-57	1.2774331824e-51	1.1384389814e-64	3.4543148743e-21	2.3650407435e-19	1.1691749342e-43	8.6758594342e-56
8.5235786400e-04	2.8319621506e+02	4.3176100971e+16	2.1799714437e+16	2.1536870484e+00	4.5872160523e-172	7.9480067962e-37	2.1172903664e-02	1.2914278854e-87	2.7098161888e-85	3.7169428273e-59	5.9769343531e-57	1.0064855004e-57	1.7775236582e-54	2.6816097410e-28	3.5769689005e-42	9.8668929940e-07	1.5141901551e-05	2.7025915740e-04	2.7819615896e-68	1.5848217340e-05	3.7536635185e-47	0.0000000000e+00	1.0374018654e-153	7.0271596723e-78	9.5310509169e-80	2.7630703720e-99	6.8690513758e-120	2.9907137420e-127	1.1030770737e-76	6.4704000135e-80	1.8476090648e-44	3.0060950586e-129	3.3512614106e-121	4.5872160523e-172	3.2385040448e-150	1.6197777307e-67	1.4208741986e-64	4.5872160523e-172	4.5872160523e-172	4.0310835277e-140	1.4999085972e-156	1.1593956447e-116	2.2896175074e-132	6.6360499644e-101	3.9217509456e-146	4.7023444741e-97	3.6997421044e-103	1.8560178307e-68	1.3141939252e-147	2.4342592934e-136	4.5872160523e-172	4.5872160523e-172	1.5147388730e-164	4.5872160523e-172	4.5872160523e-172	4.5872160523e-172	4.5872160523e-172	4.5872160523e-172	4.5872160523e-172	8.8331751755e-70	9.1208599225e-71	7.7469418995e-86	4.9618543898e-125	5.5758550185e-50	4.8153131955e-93	9.7342783381e-01	4.7696128150e-43	8.3398485095e-57	3.4394581725e-03	9.2374057650e-05	3.8471886540e-44	2.3324612091e-64	2.1902642935e-102	1.2214394018e-158	3.2328660377e-09	7.0934620983e-73	4.8824578602e-169	4.5872160523e-172	4.5872160523e-172	4.0033638509e-87	1.3352175314e-161	6.8486858557e-59	3.4199837462e-63	1.5213568220e-67	2.0934513247e-99	1.4284131789e-78	1.7219436494e-93	4.0792365684e-101	4.5872160523e-172	4.5872160523e-172	4.5872160523e-172	4.5872160523e-172	2.6366140446e-155	4.5872160523e-172	4.5872160523e-172	4.5872160523e-172	4.5872160523e-172	4.5872160523e-172	4.5872160523e-172	4.5872160523e-172	4.5872160523e-172	4.5872160523e-172	1.7140349958e-153	3.2512982519e-125	5.7580638855e-76	4.5872160523e-172	1.3888723672e-168	4.5872160523e-172	4.3609862397e-124	3.5885322578e-153	2.4342592934e-136	2.0946328120e-152	1.9534662691e-70	4.5872160523e-172	4.5872160523e-172	4.5872160523e-172	4.5872160523e-172	3.0333981331e-73	7.9302220392e-152	4.6749075602e-128	4.5872160523e-172	4.5872160523e-172	4.5872160523e-172	1.0851240544e-23	6.4815730252e-07	7.5158900541e-08	2.6619846708e-60	4.5872160523e-172	4.7355574704e-63	4.5872160523e-172	8.5795428332e-38	3.3454560835e-142	8.9367320055e-17	1.3566893581e-06	3.7895878134e-57	5.6873544545e-147	2.2055973008e-126	3.9552459879e-98	1.9860542132e-66	1.9744234452e-16	2.1095043167e-07	3.5807404043e-22	9.3742148986e-33	1.1576583761e-04	1.1084870321e-48	8.8728903210e-42	9.1557314271e-47	3.6957126205e-73	1.2152569781e-71	3.6530933915e-100	1.6473472663e-104	3.3572783186e-30	1.1112245621e-31	2.6241002246e-04	4.2319869370e-46	7.7441080887e-15	1.0460966631e-63	8.4052087396e-80	2.2252582427e-04	1.9382164329e-120	2.9907137420e-127	1.9598683183e-126	1.5635074132e-80	8.3256132762e-58	7.2657402886e-45	6.2348813168e-54	6.3161370826e-87	1.0295514919e-47	3.1547439953e-56	1.4785523757e-83	8.4573809124e-69	2.0745638261e-84	1.3082006972e-62	1.9063692579e-64	1.1948068115e-20	8.8117372384e-88	1.1881323413e-101	3.3880861718e-39	7.4991060357e-52	2.2236909481e-38	6.4998833102e-48	3.2937223028e-49	9.4240244149e-67	2.2518011913e-27	2.1781130567e-06	3.4504169013e-19	2.0421258282e-23	7.6805650685e-47	2.6231736043e-42	1.0640678247e-46	1.3140852859e-64	9.3888225750e-52	1.2756523266e-44	5.4952933024e-57	3.9713165998e-51	1.9931526143e-64	3.4457619113e-21	3.4504169013e-19	2.4883570933e-43	1.8442839376e-55
5.8196464400e-04	2.8318560910e+02	2.9480463746e+16	1.4884755257e+16	2.1536870325e+00	6.7182831210e-172	9.5855202205e-37	2.1172903508e-02	2.2700944892e-87	3.9379957576e-85	5.4148224821e-59	1.0522167464e-56	1.0015818332e-57	1.7692048962e-54	2.6762045315e-28	4.3142270066e-42	9.8668929216e-07	1.5141901441e-05	2.7025915541e-04	3.3479456608e-68	1.5848217223e-05	3.7380009077e-47	0.0000000000e+00	1.2578156218e-153	1.0379324127e-77	1.4079745644e-79	3.3668603753e-99	6.9045137283e-120	3.0043155153e-127	1.1133144389e-76	5.3949460178e-80	1.2774090977e-44	5.3474218193e-129	5.9676000283e-121	6.7182831210e-172	6.9594060989e-150	2.3944657727e-67	2.1018096282e-64	6.7182831210e-172	6.7182831210e-172	4.1087665384e-140	1.2618167164e-156	8.0910811742e-117	1.3189168951e-132	3.1688308582e-101	2.7309303677e-146	3.9159431728e-97	3.0795025420e-103	1.2808688257e-68	1.1067779419e-147	2.4825907603e-136	6.7182831210e-172	6.7182831210e-172	3.3023352663e-164	6.7182831210e-172	6.7182831210e-172	6.7182831210e-172	6.7182831210e-172	6.7182831210e-172	6.7182831210e-172	1.2853641612e-69	1.3275048173e-70	1.1264388818e-85	7.1934006157e-125	6.7181125094e-50	5.7818169119e-93	9.7342783769e-01	5.7502744471e-43	1.2153970335e-56	3.4394581471e-03	9.2366675278e-05	3.8351510667e-44	4.1091581224e-64	3.8473259348e-102	2.1360392027e-158	6.9237112352e-09	1.5113873407e-72	1.0322451203e-168	6.7182831210e-172	6.7182831210e-172	5.8185062402e-87	1.9288078340e-161	1.2071343947e-58	4.1174737303e-63	1.0500952519e-67	1.7431972859e-99	1.4415229205e-78	1.4345272020e-93	4.9702185731e-101	6.7182831210e-172	6.7182831210e-172	6.7182831210e-172	6.7182831210e-172	8.6973286578e-156	6.7182831210e-172	6.7182831210e-172	6.7182831210e-172	6.7182831210e-172	6.7182831210e-172	6.7182831210e-172	6.7182831210e-172	6.7182831210e-172	6.7182831210e-172	2.1116286255e-153	3.3193991874e-125	5.8142885584e-76	6.7182831210e-172	6.6968076373e-169	6.7182831210e-172	3.0422897289e-124	2.0639549724e-153	2.4825907603e-136	1.7634027880e-152	1.9426920473e-70	6.7182831210e-172	6.7182831210e-172	6.7182831210e-172	6.7182831210e-172	4.4144251255e-73	6.5755387459e-152	3.2106907613e-128	6.7182831210e-172	6.7182831210e-172	6.7182831210e-172	1.0831717519e-23	6.4815729774e-07	7.5158899986e-08	2.1888453236e-60	6.7182831210e-172	5.7004520213e-63	6.7182831210e-172	1.0352624388e-37	3.3564207430e-142	1.0799551727e-16	1.3566893480e-06	3.7740473900e-57	6.9036853515e-147	2.2170187724e-126	3.2944424556e-98	1.3712733507e-66	1.6305185128e-16	2.1095043011e-07	2.9548700617e-22	1.3692714563e-32	1.1576583676e-04	1.6166364643e-48	1.2952692331e-41	1.3361441589e-46	5.3827935415e-73	1.7967803661e-71	5.3858523912e-100	2.0067267709e-104	4.0525560834e-30	1.3417357458e-31	2.6241002052e-04	3.4843510835e-46	6.3955504845e-15	1.0404502884e-63	8.3510428610e-80	2.2252582263e-04	2.8082100256e-120	3.0043155153e-127	3.4325070320e-126	2.3103105995e-80	1.4677983480e-57	1.0606738451e-44	9.1002211343e-54	9.2119267439e-87	1.2412217814e-47	3.8016603404e-56	1.7782504099e-83	8.4231839702e-69	1.7298750015e-84	9.0339706940e-63	3.3539900208e-64	1.1916987066e-20	1.8709422171e-87	2.5202645498e-101	7.2282123558e-39	1.0916747302e-51	2.6788765329e-38	1.1454317102e-47	5.8055912935e-49	1.6591329696e-66	2.2452322232e-27	2.1781130407e-06	5.0401838440e-19	2.9831916482e-23	1.1189055940e-46	3.1599212135e-42	2.2663674683e-46	4.0840619650e-64	1.3657363582e-51	1.2687209439e-44	6.6042254391e-57	1.2387884313e-50	3.5033746206e-64	3.4399594196e-21	5.0401838440e-19	5.3093346065e-43	3.9319054609e-55
3.9734818100e-04	2.8317838958e+02	2.0128898248e+16	1.0163128075e+16	2.1536869984e+00	9.8394902894e-172	1.1573206326e-36	2.1172903173e-02	4.0005603051e-87	5.7371063935e-85	7.9017897634e-59	1.8564248288e-56	9.9825735728e-58	1.7635642459e-54	2.6725312019e-28	5.2090876971e-42	9.8668927658e-07	1.5141901203e-05	2.7025915113e-04	4.0362976001e-68	1.5848216972e-05	3.7273761097e-47	0.0000000000e+00	1.5241553001e-153	1.5287549059e-77	2.0739948871e-79	4.0936426417e-99	6.9287593297e-120	3.0136102681e-127	1.1203377805e-76	4.4853055701e-80	8.7965323180e-45	9.5003455746e-129	1.0609642966e-120	9.8394902894e-172	1.4943431600e-149	3.5291972869e-67	3.0992340344e-64	9.8394902894e-172	9.8394902894e-172	4.1625037051e-140	1.0554543378e-156	5.6072312346e-117	7.5471862469e-133	1.5016040234e-101	1.8897733228e-146	3.2529528219e-97	2.5572728660e-103	8.8093387960e-69	9.2645282633e-148	2.5160400485e-136	9.8394902894e-172	9.8394902894e-172	7.1607389521e-164	9.8394902894e-172	9.8394902894e-172	9.8394902894e-172	9.8394902894e-172	9.8394902894e-172	9.8394902894e-172	1.8740613247e-69	1.9357784105e-70	1.6414936829e-85	1.0461395788e-124	8.1058438164e-50	6.9598020278e-93	9.7342784602e-01	6.9402056932e-43	1.7736501673e-56	3.4394580927e-03	9.2350856401e-05	3.8260836363e-44	7.2524779195e-64	6.7767883843e-102	3.7511428845e-158	1.4832419019e-08	3.2264743828e-72	2.1919920542e-168	9.8394902894e-172	9.8394902894e-172	8.4774238210e-87	2.7985798498e-161	2.1309897512e-58	4.9642805468e-63	7.2221702598e-68	1.4478085051e-99	1.4503465883e-78	1.1918283900e-93	6.0420548943e-101	9.8394902894e-172	9.8394902894e-172	9.8394902894e-172	9.8394902894e-172	2.8364286149e-156	9.8394902894e-172	9.8394902894e-172	9.8394902894e-172	9.8394902894e-172	9.8394902894e-172	9.8394902894e-172	9.8394902894e-172	9.8394902894e-172	9.8394902894e-172	2.5863968499e-153	3.3661794824e-125	5.8521929942e-76	9.8394902894e-172	3.1944365713e-169	9.8394902894e-172	2.1078233297e-124	1.1798070248e-153	2.5160400485e-136	1.4757309171e-152	1.9353914923e-70	9.8394902894e-172	9.8394902894e-172	9.8394902894e-172	9.8394902894e-172	6.4358380037e-73	5.4462261749e-152	2.2009468797e-128	9.8394902894e-172	9.8394902894e-172	9.8394902894e-172	1.0818447435e-23	6.4815728749e-07	7.5158898797e-08	1.8026188009e-60	9.8394902894e-172	6.8728811573e-63	9.8394902894e-172	1.2502403124e-37	3.3639055364e-142	1.3056767318e-16	1.3566893265e-06	3.7635046665e-57	8.3720939201e-147	2.2248276960e-126	2.7370465636e-98	9.4342186937e-67	1.3467642471e-16	2.1095042677e-07	2.4394193948e-22	2.0017873838e-32	1.1576583493e-04	2.3609277191e-48	1.8928301128e-41	1.9521502128e-46	7.8539564665e-73	2.6485759638e-71	7.9237797953e-100	2.4394084135e-104	4.8958555806e-30	1.6212522782e-31	2.6241001637e-04	2.8720860528e-46	5.2827265796e-15	1.0366239841e-63	8.3143693268e-80	2.2252581911e-04	4.0827873688e-120	3.0136102681e-127	6.0340160178e-126	3.4041856568e-80	2.5918637658e-57	1.5500233778e-44	1.3297042882e-53	1.3453412197e-86	1.4982389688e-47	4.5874803478e-56	2.1429554754e-83	8.3999830192e-69	1.4382732285e-84	6.2159736093e-63	5.9149186073e-64	1.1895875625e-20	3.9854790369e-87	5.3651522502e-101	1.5447755125e-38	1.5922834580e-51	3.2319491587e-38	2.0222683483e-47	1.0251355030e-48	2.9272892022e-66	2.2407714656e-27	2.1781130062e-06	7.3686598999e-19	4.3615365694e-23	1.6328114099e-46	3.8121352027e-42	4.8381328408e-46	1.2736907852e-63	1.9909975070e-51	1.2640241115e-44	7.9546452324e-57	3.8730561980e-50	6.1744087393e-64	3.4360150003e-21	7.3686598999e-19	1.1347736372e-42	8.3990952174e-55
2.7129754100e-04	2.8317347054e+02	1.3743652384e+16	6.9392026529e+15	2.1536869254e+00	1.4410877590e-171	1.3983574083e-36	2.1172902455e-02	7.0613724446e-87	8.3723201572e-85	1.1544401787e-58	3.2801361653e-56	9.9599845483e-58	1.7597311975e-54	2.6700311833e-28	6.2941954986e-42	9.8668924317e-07	1.5141900691e-05	2.7025914198e-04	4.8720999067e-68	1.5848216435e-05	3.7201540416e-47	0.0000000000e+00	1.8461473583e-153	2.2470847093e-77	3.0487322446e-79	4.9699320137e-99	6.9453286832e-120	3.0199600489e-127	1.1251486956e-76	3.7217485187e-80	6.0410431102e-45	1.6861835614e-128	1.8839734360e-120	1.4410877590e-171	3.2060842392e-149	5.1912219331e-67	4.5601590991e-64	1.4410877590e-171	1.4410877590e-171	4.1995213280e-140	8.7941139184e-157	3.8674952784e-117	4.2992371409e-133	7.0785996452e-102	1.3021260217e-146	2.6976463989e-97	2.1202428623e-103	6.0446874201e-69	7.7231368820e-148	2.5390895274e-136	1.4410877590e-171	1.4410877590e-171	1.5466217332e-163	1.4410877590e-171	1.4410877590e-171	1.4410877590e-171	1.4410877590e-171	1.4410877590e-171	1.4410877590e-171	2.7356446402e-69	2.8260100669e-70	2.3953063008e-85	1.5244543845e-124	9.7896489291e-50	8.3921228425e-93	9.7342786386e-01	8.3815250307e-43	2.5900156041e-56	3.4394579761e-03	9.2316973063e-05	3.8180060179e-44	1.2814514101e-63	1.1957703392e-101	6.6053290120e-158	3.1772523054e-08	6.8949610193e-72	4.6674307044e-168	1.4410877590e-171	1.4410877590e-171	1.2372015898e-86	4.0727268750e-161	3.7648806969e-58	5.9894377927e-63	4.9543859280e-68	1.2002103669e-99	1.4560253633e-78	9.8822449068e-94	7.3327177478e-101	1.4410877590e-171	1.4410877590e-171	1.4410877590e-171	1.4410877590e-171	9.1789410640e-157	1.4410877590e-171	1.4410877590e-171	1.4410877590e-171	1.4410877590e-171	1.4410877590e-171	1.4410877590e-171	1.4410877590e-171	1.4410877590e-171	1.4410877590e-171	3.1550229502e-153	3.3975814349e-125	5.8766907471e-76	1.4410877590e-171	1.5126617212e-169	1.4410877590e-171	1.4535893857e-124	6.7159273342e-154	2.5390895274e-136	1.2299984918e-152	1.9304326347e-70	1.4410877590e-171	1.4410877590e-171	1.4410877590e-171	1.4410877590e-171	9.3919144524e-73	4.5074690719e-152	1.5068407525e-128	1.4410877590e-171	1.4410877590e-171	1.4410877590e-171	1.0809414884e-23	6.4815726553e-07	7.5158896251e-08	1.4861212771e-60	1.4410877590e-171	8.2943059438e-63	1.4410877590e-171	1.5105004718e-37	3.3690152647e-142	1.5790775899e-16	1.3566892805e-06	3.7563377000e-57	1.0146201401e-146	2.2301642538e-126	2.2700193588e-98	6.4749151244e-67	1.1125308147e-16	2.1095041963e-07	2.0144596137e-22	2.9281966681e-32	1.1576583100e-04	3.4510628085e-48	2.7680468916e-41	2.8543851644e-46	1.1473428045e-72	3.8961910099e-71	1.1640944187e-99	2.9611792810e-104	5.9179500439e-30	1.9599750673e-31	2.6241000748e-04	2.3692522197e-46	4.3640366220e-15	1.0340248843e-63	8.2894727392e-80	2.2252581157e-04	5.9498076670e-120	3.0199600489e-127	1.0632553912e-125	5.0063601972e-80	4.5811287458e-57	2.2667484468e-44	1.9443920592e-53	1.9665747993e-86	1.8099772401e-47	5.5408590739e-56	2.5859514026e-83	8.3842095499e-69	1.1934691146e-84	4.2664867864e-63	1.0448095121e-63	1.1881513496e-20	8.5087615986e-87	1.1449174905e-100	3.3053302927e-38	2.3255223027e-51	3.9030741406e-38	3.5748344342e-47	1.8123532705e-48	5.1723565570e-66	2.2377372477e-27	2.1781129324e-06	1.0779043274e-18	6.3803171152e-23	2.3855193533e-46	4.6035946989e-42	1.0344165978e-45	3.9815929109e-63	2.9068240729e-51	1.2608340205e-44	9.5957160163e-57	1.2127906385e-49	1.0901699313e-63	3.4333299771e-21	1.0779043274e-18	2.4281881314e-42	1.7965621842e-54
1.8523390700e-04	2.8317011675e+02	9.3838682993e+15	4.7379376819e+15	2.1536867693e+00	2.1106229485e-171	1.6904597616e-36	2.1172900921e-02	1.2473946808e-86	1.2232044206e-84	1.6879547915e-58	5.8015429057e-56	9.9446125333e-58	1.7571227157e-54	2.6683280390e-28	7.6091550947e-42	9.8668917167e-07	1.5141899594e-05	2.7025912238e-04	5.8858421045e-68	1.5848215286e-05	3.7152383125e-47	0.0000000000e+00	2.2355498846e-153	3.2974128781e-77	4.4739755433e-79	6.0277126027e-99	6.9566488570e-120	3.0242971907e-127	1.1284406455e-76	3.0840661082e-80	4.1410333223e-45	2.9898819405e-128	3.3416897695e-120	2.1106229485e-171	6.8708574147e-149	7.6255077143e-67	6.6999121058e-64	2.1106229485e-171	2.1106229485e-171	4.2249492755e-140	7.3079305353e-157	2.6589428856e-117	2.4415362893e-133	3.3250521521e-102	8.9460959201e-147	2.2345636886e-97	1.7560060834e-103	4.1411255970e-69	6.4201401886e-148	2.5549258896e-136	2.1106229485e-171	2.1106229485e-171	3.3296495859e-163	2.1106229485e-171	2.1106229485e-171	2.1106229485e-171	2.1106229485e-171	2.1106229485e-171	2.1106229485e-171	3.9954364761e-69	4.1276890956e-70	3.4975224442e-85	2.2238566089e-124	1.1830970386e-49	1.0130990507e-92	9.7342790203e-01	1.0123516530e-42	3.7816600297e-56	3.4394577268e-03	9.2244476385e-05	3.8084279328e-44	2.2652802883e-63	2.1118545072e-101	1.1649352145e-157	6.8017513725e-08	1.4736501218e-71	9.9511563197e-168	2.1106229485e-171	2.1106229485e-171	1.8076309801e-86	5.9390449596e-161	6.6513108203e-58	7.2256155952e-63	3.3917822259e-68	9.9339691585e-100	1.4591285580e-78	8.1806206214e-94	8.8863888957e-101	2.1106229485e-171	2.1106229485e-171	2.1106229485e-171	2.1106229485e-171	2.9547684103e-157	2.1106229485e-171	2.1106229485e-171	2.1106229485e-171	2.1106229485e-171	2.1106229485e-171	2.1106229485e-171	2.1106229485e-171	2.1106229485e-171	2.1106229485e-171	3.8369073936e-153	3.4173294755e-125	5.8902975167e-76	2.1106229485e-171	7.1273207736e-170	2.1106229485e-171	9.9924185133e-125	3.8121104309e-154	2.5549258896e-136	1.0223640568e-152	1.9270586434e-70	2.1106229485e-171	2.1106229485e-171	2.1106229485e-171	2.1106229485e-171	1.3706912656e-72	3.7286115096e-152	1.0307388573e-128	2.1106229485e-171	2.1106229485e-171	2.1106229485e-171	1.0803260943e-23	6.4815721854e-07	7.5158890802e-08	1.2260796624e-60	2.1106229485e-171	1.0013304426e-62	2.1106229485e-171	1.8249445252e-37	3.3725039652e-142	1.9101394472e-16	1.3566891822e-06	3.7514584924e-57	1.2290789938e-146	2.2338100394e-126	1.8804622862e-98	4.4365479916e-67	9.1911463585e-17	2.1095040433e-07	1.6638532963e-22	4.2850438128e-32	1.1576582261e-04	5.0477179241e-48	4.0499185015e-41	4.1758301699e-46	1.6774683914e-72	5.7235127906e-71	1.7085223325e-99	3.5910847428e-104	7.1561496631e-30	2.3702691743e-31	2.6240998846e-04	1.9554889066e-46	3.6053936503e-15	1.0322565366e-63	8.2725401520e-80	2.2252579544e-04	8.6844524681e-120	3.0242971907e-127	1.8760730836e-125	7.3529803928e-80	8.1001094977e-57	3.3164877587e-44	2.8446845990e-53	2.8764566794e-86	2.1878134534e-47	6.6965863133e-56	3.1233950184e-83	8.3734689490e-69	9.8900365453e-85	2.9235066006e-63	1.8475778034e-63	1.1871734105e-20	1.8193210855e-86	2.4472880809e-100	7.0780697199e-38	3.3994650761e-51	4.7167411403e-38	6.3247840463e-47	3.2067336362e-48	9.1484109541e-66	2.2356712191e-27	2.1781127745e-06	1.5773997012e-18	9.3370847278e-23	3.4879726559e-46	5.5631797041e-42	2.2139577440e-45	1.2466505932e-62	4.2482026138e-51	1.2586641844e-44	1.1587281602e-56	3.8016972109e-49	1.9272173522e-63	3.4315005754e-21	1.5773997012e-18	5.1999404114e-42	3.8463330307e-54
1.2647221200e-04	2.8316782911e+02	6.4070774319e+15	3.2349493112e+15	2.1536864361e+00	3.0912385444e-171	2.0442915027e-36	2.1172897645e-02	2.2033862336e-86	1.7885167253e-84	2.4693581174e-58	1.0268169196e-55	9.9341411606e-58	1.7553460225e-54	2.6671670662e-28	9.2019712384e-42	9.8668901903e-07	1.5141897252e-05	2.7025908057e-04	7.1145235978e-68	1.5848212835e-05	3.7118897371e-47	0.0000000000e+00	2.7065821956e-153	4.8302265762e-77	6.5539277394e-79	7.3056010377e-99	6.9643815480e-120	3.0272593848e-127	1.1306915535e-76	2.5533268212e-80	2.8350330180e-45	5.2948742869e-128	5.9192222356e-120	3.0912385444e-171	1.4695557547e-148	1.1190846783e-66	9.8338724467e-64	3.0912385444e-171	3.0912385444e-171	4.2423826894e-140	6.0619617493e-157	1.8240350223e-117	1.3836490137e-133	1.5581169347e-102	6.1341431346e-147	1.8495247954e-97	1.4532740696e-103	2.8339727717e-69	5.3267766403e-148	2.5657845391e-136	3.0912385444e-171	3.0912385444e-171	7.1436995007e-163	3.0912385444e-171	3.0912385444e-171	3.0912385444e-171	3.0912385444e-171	3.0912385444e-171	3.0912385444e-171	5.8339205562e-69	6.0272996383e-70	5.1060488163e-85	3.2445425073e-124	1.4304322325e-49	1.2239847236e-92	9.7342798350e-01	1.2221232065e-42	5.5143906825e-56	3.4394571947e-03	9.2089755398e-05	3.7932282299e-44	4.0032866526e-63	3.7297813613e-101	2.0554444332e-157	1.4537086138e-07	3.1460746315e-71	2.1209004841e-167	3.0912385444e-171	3.0912385444e-171	2.6431063980e-86	8.6726098641e-161	1.1736153541e-57	8.7057803072e-63	2.3173943035e-68	8.2084371366e-100	1.4595801089e-78	6.7603378480e-94	1.0752249796e-100	3.0912385444e-171	3.0912385444e-171	3.0912385444e-171	3.0912385444e-171	9.4775170117e-158	3.0912385444e-171	3.0912385444e-171	3.0912385444e-171	3.0912385444e-171	3.0912385444e-171	3.0912385444e-171	3.0912385444e-171	3.0912385444e-171	3.0912385444e-171	4.6536220655e-153	3.4269471844e-125	5.8928577419e-76	3.0912385444e-171	3.3468589811e-170	3.0912385444e-171	6.8542567450e-125	2.1596498522e-154	2.5657845391e-136	8.4818695382e-153	1.9247600471e-70	3.0912385444e-171	3.0912385444e-171	3.0912385444e-171	3.0912385444e-171	1.9981218234e-72	3.0832572499e-152	7.0464994794e-129	3.0912385444e-171	3.0912385444e-171	3.0912385444e-171	1.0799065845e-23	6.4815711827e-07	7.5158879175e-08	1.0120387120e-60	3.0912385444e-171	1.2084179586e-62	3.0912385444e-171	2.2035120232e-37	3.3748864886e-142	2.3109499514e-16	1.3566889722e-06	3.7481329238e-57	1.4884168266e-146	2.2363000840e-126	1.5565056669e-98	3.0364619902e-67	7.5936855548e-17	2.1095037170e-07	1.3744500187e-22	6.2723152568e-32	1.1576580470e-04	7.3862249050e-48	5.9273799396e-41	6.1112529427e-46	2.4539072646e-72	8.3998712785e-71	2.5059055669e-99	4.3521214594e-104	8.6556599712e-30	2.8671140859e-31	2.6240994786e-04	1.6145676583e-46	2.9787919199e-15	1.0310521057e-63	8.2610090797e-80	2.2252576102e-04	1.2689783546e-119	3.0272593848e-127	3.3112628478e-125	1.0789915890e-79	1.4317028272e-56	4.8539623422e-44	4.1632754547e-53	4.2090916350e-86	2.6455403240e-47	8.0968486046e-56	3.7748990911e-83	8.3661441642e-69	8.1881806332e-85	2.0009771966e-63	3.2695920559e-63	1.1865074455e-20	3.8940379201e-86	5.2370382448e-100	1.5165392479e-37	4.9724038780e-51	5.7026531914e-38	1.1196682472e-46	5.6771075268e-48	1.6191935453e-65	2.2342638865e-27	2.1781124375e-06	2.3089738834e-18	1.3667642457e-22	5.1026650529e-46	6.7259190840e-42	4.7419187964e-45	3.9075677750e-62	6.2128458347e-51	1.2571875340e-44	1.4002025498e-56	1.1925662685e-48	3.4098373735e-63	3.4302534592e-21	2.3089738834e-18	1.1141613047e-41	8.2398731754e-54
8.6351471600e-05	2.8316626822e+02	4.3745849322e+15	2.2087395245e+15	2.1536857290e+00	4.5274691240e-171	2.4727714874e-36	2.1172890693e-02	3.8868718345e-86	2.6164905490e-84	3.6138215340e-58	1.8182173415e-55	9.9270038192e-58	1.7541355872e-54	2.6663755182e-28	1.1130797554e-41	9.8668869506e-07	1.5141892280e-05	2.7025899183e-04	8.6029984876e-68	1.5848207631e-05	3.7096083768e-47	0.0000000000e+00	3.2764441703e-153	7.0580667253e-77	9.5769941005e-79	8.8502532475e-99	6.9696635195e-120	3.0292825903e-127	1.1322297257e-76	2.1126163997e-80	1.9392528002e-45	9.3567697836e-128	1.0461667354e-119	4.5274691240e-171	3.1308211464e-148	1.6412735974e-66	1.4423951997e-63	4.5274691240e-171	4.5274691240e-171	4.2543197041e-140	5.0222449384e-157	1.2494139588e-117	7.8301322618e-134	7.2893076740e-103	4.2003731527e-147	1.5300145865e-97	1.2021304854e-103	1.9380027326e-69	4.4138552103e-148	2.5732195564e-136	4.5274691240e-171	4.5274691240e-171	1.5251626982e-162	4.5274691240e-171	4.5274691240e-171	4.5274691240e-171	4.5274691240e-171	4.5274691240e-171	4.5274691240e-171	8.5059916486e-69	8.7882093869e-70	7.4438925472e-85	4.7280158768e-124	1.7300002402e-49	1.4795663603e-92	9.7342815640e-01	1.4729477918e-42	8.0132985830e-56	3.4394560653e-03	9.1761364774e-05	3.7645742765e-44	7.0642823768e-63	6.5788002544e-101	3.6231429708e-157	3.0955100634e-07	6.6941411497e-71	4.5076395272e-167	4.5274691240e-171	4.5274691240e-171	3.8667678855e-86	1.2676315859e-160	2.0637726150e-57	1.0453110085e-62	1.5791504081e-68	6.7661878817e-100	1.4563495276e-78	5.5729138001e-94	1.2979187483e-100	4.5274691240e-171	4.5274691240e-171	4.5274691240e-171	4.5274691240e-171	3.0325123056e-158	4.5274691240e-171	4.5274691240e-171	4.5274691240e-171	4.5274691240e-171	4.5274691240e-171	4.5274691240e-171	4.5274691240e-171	4.5274691240e-171	4.5274691240e-171	5.6265994067e-153	3.4252022510e-125	5.8803147565e-76	4.5274691240e-171	1.5679934223e-170	4.5274691240e-171	4.6947224319e-125	1.2218770219e-154	2.5732195564e-136	7.0278423840e-153	1.9231921453e-70	4.5274691240e-171	4.5274691240e-171	4.5274691240e-171	4.5274691240e-171	2.9029876723e-72	2.5489940636e-152	4.8152987708e-129	4.5274691240e-171	4.5274691240e-171	4.5274691240e-171	1.0796205665e-23	6.4815690544e-07	7.5158854496e-08	8.3564450872e-61	4.5274691240e-171	1.4561011165e-62	4.5274691240e-171	2.6560964960e-37	3.3765146736e-142	2.7961436187e-16	1.3566885267e-06	3.7458633807e-57	1.8021029996e-146	2.2380001949e-126	1.2876530176e-98	2.0766224012e-67	6.2741188979e-17	2.1095030243e-07	1.1354865673e-22	9.1829133624e-32	1.1576576669e-04	1.0811254435e-47	8.6771464363e-41	8.9459115157e-46	3.5910962080e-72	1.2319732782e-70	3.6737707768e-99	5.2720753323e-104	1.0471229698e-29	3.4686495904e-31	2.6240986170e-04	1.3334111836e-46	2.4611801660e-15	1.0302312246e-63	8.2531485415e-80	2.2252568795e-04	1.8556148200e-119	3.0292825903e-127	5.8380702582e-125	1.5823733825e-79	2.5266793508e-56	7.1057774555e-44	6.0945074257e-53	6.1608857869e-86	3.1998684554e-47	9.7927633488e-56	4.5642435716e-83	8.3611366231e-69	6.7749506803e-85	1.3684922099e-63	5.7890368482e-63	1.1860546205e-20	8.3405873390e-86	1.1215548746e-99	3.2505398277e-37	7.2761826209e-51	6.8968097074e-38	1.9829247575e-46	1.0054439860e-47	2.8671706750e-65	2.2333059408e-27	2.1781117223e-06	3.3804557252e-18	2.0010278478e-22	7.4675927521e-46	8.1342670478e-42	1.0161347336e-44	1.2257226311e-61	9.0903403512e-51	1.2561837134e-44	1.6928116968e-56	3.7428420771e-48	6.0365236491e-63	3.4294031955e-21	3.3804557252e-18	2.3881257273e-41	1.7659467174e-53
5.8958221100e-05	2.8316520298e+02	2.9868458922e+15	1.5080674447e+15	2.1536842453e+00	6.6310031657e-171	2.9915450166e-36	2.1172876107e-02	6.8321193660e-86	3.8291602417e-84	5.2900265238e-58	3.2206065432e-55	9.9221382856e-58	1.7533116856e-54	2.6658361210e-28	1.3466056502e-41	9.8668801535e-07	1.5141881850e-05	2.7025880565e-04	1.0405608968e-67	1.5848196713e-05	3.7080558254e-47	0.0000000000e+00	3.9659445166e-153	1.0268559234e-76	1.3933461393e-78	1.0718065470e-98	6.9732723232e-120	3.0306648917e-127	1.1332801459e-76	1.7472371486e-80	1.3257339833e-45	1.6466462905e-127	1.8412806707e-119	6.6310031657e-171	6.6167928811e-148	2.4060824982e-66	2.1146666803e-63	6.6310031657e-171	6.6310031657e-171	4.2624866255e-140	4.1573674811e-157	8.5494004671e-118	4.4267991687e-134	3.4063149092e-103	2.8735705380e-147	1.2652392968e-97	9.9404794573e-104	1.3246336460e-69	3.6541411331e-148	2.5783048485e-136	6.6310031657e-171	6.6310031657e-171	3.2280025827e-162	6.6310031657e-171	6.6310031657e-171	6.6310031657e-171	6.6310031657e-171	6.6310031657e-171	6.6310031657e-171	1.2356565084e-68	1.2766794959e-69	1.0812811483e-84	6.8657455630e-124	2.0927382062e-49	1.7891734523e-92	9.7342851915e-01	1.7685362439e-42	1.1555262626e-55	3.4394536960e-03	9.1072416907e-05	3.7071482773e-44	1.2419946348e-62	1.1562978841e-100	6.3652380183e-157	6.5399312010e-07	1.4135493507e-70	9.5109853205e-167	6.6310031657e-171	6.6310031657e-171	5.6589667137e-86	1.8540245050e-160	3.6013504848e-57	1.2454959509e-62	1.0712805533e-68	5.5532610992e-100	1.4467539686e-78	4.5741149853e-94	1.5600385262e-100	6.6310031657e-171	6.6310031657e-171	6.6310031657e-171	6.6310031657e-171	9.6869200666e-159	6.6310031657e-171	6.6310031657e-171	6.6310031657e-171	6.6310031657e-171	6.6310031657e-171	6.6310031657e-171	6.6310031657e-171	6.6310031657e-171	6.6310031657e-171	6.7704280646e-153	3.4065994765e-125	5.8419055448e-76	6.6310031657e-171	7.3344284987e-171	6.6310031657e-171	3.2123495044e-125	6.9068550258e-155	2.5783048485e-136	5.8179962029e-153	1.9221205734e-70	6.6310031657e-171	6.6310031657e-171	6.6310031657e-171	6.6310031657e-171	4.1855436883e-72	2.1069635130e-152	3.2896789318e-129	6.6310031657e-171	6.6310031657e-171	6.6310031657e-171	1.0794256846e-23	6.4815645893e-07	7.5158802720e-08	6.9015370874e-61	6.6310031657e-171	1.7480408455e-62	6.6310031657e-171	3.1893980163e-37	3.3776295693e-142	3.3834356583e-16	1.3566875920e-06	3.7443108681e-57	2.1815908965e-146	2.2391601591e-126	1.0648406920e-98	1.4194499046e-67	5.1839945685e-17	2.1095015711e-07	9.3812705308e-23	1.3445821216e-31	1.1576568694e-04	1.5827609886e-47	1.2704489597e-40	1.3097589229e-45	5.2566357628e-72	1.8060832213e-70	5.3842486006e-99	6.3845346434e-104	1.2669147202e-29	4.1968366643e-31	2.6240968093e-04	1.1013997321e-46	2.0335615347e-15	1.0296716375e-63	8.2477844744e-80	2.2252553465e-04	2.7148184821e-119	3.0306648917e-127	1.0258051970e-124	2.3196351323e-79	4.4425580968e-56	1.0403814634e-43	8.9230082594e-53	9.0194773152e-86	3.8710348114e-47	1.1846237919e-55	5.5202386830e-83	8.3576930540e-69	5.6032512282e-85	9.3543159385e-64	1.0253470044e-62	1.1857485291e-20	1.7873199340e-85	2.4031661003e-99	6.9689756055e-37	1.0650376948e-50	8.3428232974e-38	3.5127038844e-46	1.7811576211e-47	5.0786215974e-65	2.2326561733e-27	2.1781102219e-06	4.9497755202e-18	2.9299844767e-22	1.0931338643e-45	9.8396545041e-42	2.1781824798e-44	3.8468091675e-61	1.3304849351e-50	1.2555048138e-44	2.0472441134e-56	1.1750796110e-47	1.0690838841e-62	3.4288239049e-21	4.9497755202e-18	5.1200629009e-41	3.7858192334e-53
4.0254923000e-05	2.8316447589e+02	2.0393320594e+15	1.0296663232e+15	2.1536812060e+00	9.7118841068e-171	3.6195550328e-36	2.1172846227e-02	1.1915562648e-85	5.6052569678e-84	7.7450231162e-58	5.7059155942e-55	9.9188236654e-58	1.7527529759e-54	2.6654693672e-28	1.6293005813e-41	9.8668662292e-07	1.5141860481e-05	2.7025842426e-04	1.2588164762e-67	1.5848174348e-05	3.7070037449e-47	0.0000000000e+00	4.8002608531e-153	1.4815119091e-76	2.0102873956e-78	1.2977229667e-98	6.9757401869e-120	3.0316103064e-127	1.1339966175e-76	1.4446357521e-80	9.0595171220e-46	2.8741788083e-127	3.2141293117e-119	9.7118841068e-171	1.3759077219e-147	3.5262339301e-66	3.0992820031e-63	9.7118841068e-171	9.7118841068e-171	4.2680722464e-140	3.4394630825e-157	5.8460477855e-118	2.5010513925e-134	1.5905630954e-103	1.9646395018e-147	1.0460239170e-97	8.2179156974e-104	9.0508386519e-70	3.0233526492e-148	2.5817792266e-136	9.7118841068e-171	9.7118841068e-171	6.7189989857e-162	9.7118841068e-171	9.7118841068e-171	9.7118841068e-171	9.7118841068e-171	9.7118841068e-171	9.7118841068e-171	1.7809391635e-68	1.8400876083e-69	1.5583510626e-84	9.8929355027e-124	2.5318891562e-49	2.1641069004e-92	9.7342926227e-01	2.1066006951e-42	1.6398147862e-55	3.4394488421e-03	8.9661056802e-05	3.5924029746e-44	2.1664268434e-62	2.0165342629e-100	1.1097306344e-156	1.3596079876e-06	2.9376320602e-70	1.9755078329e-166	9.7118841068e-171	9.7118841068e-171	8.2838395914e-86	2.7128600946e-160	6.1847774607e-57	1.4604563128e-62	7.2064502907e-69	4.5199579637e-100	1.4252337855e-78	3.7231241438e-94	1.8595950677e-100	9.7118841068e-171	9.7118841068e-171	9.7118841068e-171	9.7118841068e-171	3.0908275985e-159	9.7118841068e-171	9.7118841068e-171	9.7118841068e-171	9.7118841068e-171	9.7118841068e-171	9.7118841068e-171	9.7118841068e-171	9.7118841068e-171	9.7118841068e-171	8.0765967588e-153	3.3585957723e-125	5.7552251669e-76	9.7118841068e-171	9.7118841068e-171	9.7118841068e-171	2.1965325431e-125	3.9018105152e-155	2.5817792266e-136	4.8135571188e-153	1.9213849055e-70	9.7118841068e-171	9.7118841068e-171	9.7118841068e-171	9.7118841068e-171	5.9391551352e-72	1.7413913562e-152	2.2469935210e-129	9.7118841068e-171	9.7118841068e-171	9.7118841068e-171	1.0792932348e-23	6.4815554423e-07	7.5158696653e-08	5.7008377432e-61	9.7118841068e-171	2.0819726822e-62	9.7118841068e-171	3.7992956749e-37	3.3783973871e-142	4.0942677614e-16	1.3566856774e-06	3.7432425977e-57	2.6407355178e-146	2.2399501463e-126	8.8035839852e-99	9.6990129471e-68	4.2833556385e-17	2.1094985941e-07	7.7510283091e-23	1.9689312054e-31	1.1576552357e-04	2.3174608619e-47	1.8602944048e-40	1.9178144660e-45	7.6959782631e-72	2.6469300876e-70	7.8894404630e-99	7.7301142735e-104	1.5329656574e-29	5.0782564950e-31	2.6240931061e-04	9.0986263748e-47	1.6802672448e-15	1.0292903819e-63	8.2441173987e-80	2.2252522062e-04	3.9732243691e-119	3.0316103064e-127	1.7886074463e-124	3.3994355102e-79	7.7495913039e-56	1.5234126141e-43	1.3065617148e-52	1.3206080973e-85	4.6835388187e-47	1.4332217178e-55	6.6777684315e-83	8.3552870865e-69	4.6328458010e-85	6.3918179411e-64	1.8165187698e-62	1.1855454082e-20	3.8313530604e-85	5.1511487572e-99	1.4943742949e-36	1.5592367199e-50	1.0093520330e-37	6.2238372470e-46	3.1559104179e-47	8.9977088092e-65	2.2322203838e-27	2.1781071480e-06	7.2482460447e-18	4.2905546153e-22	1.6004465755e-45	1.1904373118e-41	4.6702322747e-44	1.2077155293e-60	1.9477686723e-50	1.2550531902e-44	2.4764540370e-56	3.6900726969e-47	1.8938937598e-62	3.4284303033e-21	7.2482460447e-18	1.0979139146e-40	8.1176024600e-53
2.7484866300e-05	2.8316397956e+02	1.3923939825e+15	7.0302682811e+14	2.1536752622e+00	1.4224208238e-170	4.3797340561e-36	2.1172787794e-02	2.0462321062e-85	8.2065454942e-84	1.1340633729e-57	1.0110671677e-54	9.9165712850e-58	1.7523782411e-54	2.6652216298e-28	1.9714843931e-41	9.8668389983e-07	1.5141818693e-05	2.7025767839e-04	1.5230339687e-67	1.5848130609e-05	3.7062995982e-47	0.0000000000e+00	5.8098595472e-153	2.1038936742e-76	2.8548150355e-78	1.5710217233e-98	6.9774321025e-120	3.0322587893e-127	1.1344839232e-76	1.1942082366e-80	6.1892189654e-46	4.9385108831e-127	5.5228694591e-119	1.4224208238e-170	2.7728049824e-147	5.1668181002e-66	4.5413462788e-63	1.4224208238e-170	1.4224208238e-170	4.2718935032e-140	2.8444201940e-157	3.9956087534e-118	1.4124055821e-134	7.4231932302e-104	1.3426333243e-147	8.6464229470e-98	6.7927648596e-104	6.1827324038e-70	2.5004146770e-148	2.5841489811e-136	1.4224208238e-170	1.4224208238e-170	1.3549628753e-161	1.4224208238e-170	1.4224208238e-170	1.4224208238e-170	1.4224208238e-170	1.4224208238e-170	1.4224208238e-170	2.5273443942e-68	2.6112969047e-69	2.2113699808e-84	1.4036511801e-123	3.0634843218e-49	2.6180492631e-92	9.7343071551e-01	2.4705260728e-42	2.2556014874e-55	3.4394393499e-03	8.6900976048e-05	3.3741590216e-44	3.7207258646e-62	3.4628021687e-100	1.9052312412e-156	2.7395208871e-06	5.9176859017e-70	3.9780632825e-166	1.4224208238e-170	1.4224208238e-170	1.2128220290e-85	3.9706986993e-160	1.0295351382e-56	1.6599291261e-62	4.7713377647e-69	3.6211881423e-100	1.3819560993e-78	2.9828668098e-94	2.1819284129e-100	1.4224208238e-170	1.4224208238e-170	1.4224208238e-170	1.4224208238e-170	9.8543384938e-160	1.4224208238e-170	1.4224208238e-170	1.4224208238e-170	1.4224208238e-170	1.4224208238e-170	1.4224208238e-170	1.4224208238e-170	1.4224208238e-170	1.4224208238e-170	9.4814605128e-153	3.2583785819e-125	5.5805939622e-76	1.4224208238e-170	1.4224208238e-170	1.4224208238e-170	1.5012359169e-125	2.2032801646e-155	2.5841489811e-136	3.9809066514e-153	1.9208741113e-70	1.4224208238e-170	1.4224208238e-170	1.4224208238e-170	1.4224208238e-170	8.1688974728e-72	1.4391351904e-152	1.5345938224e-129	1.4224208238e-170	1.4224208238e-170	1.4224208238e-170	1.0792038790e-23	6.4815375543e-07	7.5158489228e-08	4.7095478851e-61	1.4224208238e-170	2.4414782526e-62	1.4224208238e-170	4.4558251293e-37	3.3789342590e-142	4.9545891908e-16	1.3566819331e-06	3.7424964575e-57	3.1962982182e-146	2.2404855488e-126	7.2771013038e-99	6.6256580086e-68	3.5392299863e-17	2.1094927722e-07	6.4042606763e-23	2.8833504012e-31	1.1576520408e-04	3.3934995359e-47	2.7241722109e-40	2.8083625027e-45	1.1268568298e-71	3.8784314873e-70	1.1558566661e-98	9.3579350229e-104	1.8549880636e-29	6.1450760062e-31	2.6240858640e-04	7.5169405153e-47	1.3883660936e-15	1.0290312072e-63	8.2416002797e-80	2.2252460648e-04	5.8162989124e-119	3.0322587893e-127	3.0710082923e-124	4.9809072757e-79	1.3309968744e-55	2.2308519843e-43	1.9132760209e-52	1.9337443865e-85	5.6670321767e-47	1.7341397591e-55	8.0790500423e-83	8.3535375957e-69	3.8297391791e-85	4.3664572566e-64	3.2187098129e-62	1.1854177688e-20	8.2149159824e-85	1.1044184533e-98	3.2048218461e-36	2.2830704976e-50	1.2212886729e-37	1.1028882147e-45	5.5924302306e-47	1.5943435333e-64	2.2319374766e-27	2.1781011368e-06	1.0614664990e-17	6.2832750159e-22	2.3434808965e-45	1.4403863306e-41	1.0015094179e-43	3.7926371647e-60	2.8519035313e-50	1.2547670528e-44	2.9961424703e-56	1.1589777285e-46	3.3557064061e-62	3.4281649771e-21	1.0614664990e-17	2.3545793482e-40	1.7408225064e-52
1.8765850700e-05	2.8316364073e+02	9.5068168637e+14	4.8000642015e+14	2.1536645626e+00	2.0833054685e-170	5.2998418829e-36	2.1172682606e-02	3.4186787757e-85	1.2016392584e-83	1.6606764058e-57	1.7917723548e-54	9.9150504806e-58	1.7521337154e-54	2.6650569654e-28	2.3856468877e-41	9.8667899794e-07	1.5141743467e-05	2.7025633573e-04	1.8428573334e-67	1.5848051875e-05	3.7058427666e-47	0.0000000000e+00	7.0316087519e-153	2.9060136332e-76	3.9432161144e-78	1.9016783032e-98	6.9785990050e-120	3.0327066299e-127	1.1348132141e-76	9.8706179082e-81	4.2275310347e-46	8.2540016115e-127	9.2309065874e-119	2.0833054685e-170	5.2875752311e-147	7.5696172817e-66	6.6533617256e-63	2.0833054685e-170	2.0833054685e-170	4.2745112672e-140	2.3516997161e-157	2.7300052500e-118	7.9737611740e-135	3.4631963857e-104	9.1728533695e-148	7.1462855454e-98	5.6141455854e-104	4.2228203187e-70	2.0673396412e-148	2.5857600228e-136	2.0833054685e-170	2.0833054685e-170	2.5850236362e-161	2.0833054685e-170	2.0833054685e-170	2.0833054685e-170	2.0833054685e-170	2.0833054685e-170	2.0833054685e-170	3.4892431255e-68	3.6051442112e-69	3.0528886013e-84	1.9376007373e-123	3.7069270270e-49	3.1675615476e-92	9.7343333154e-01	2.8185852293e-42	2.9361712600e-55	3.4394222626e-03	8.1932484979e-05	2.9990662158e-44	6.2166808676e-62	5.7851481509e-100	3.1825091347e-156	5.2235369470e-06	1.1281510866e-69	7.5818049949e-166	2.0833054685e-170	2.0833054685e-170	1.7758615730e-85	5.8128749725e-160	1.6218605940e-56	1.7854330155e-62	3.0725534941e-69	2.8218147281e-100	1.3033276525e-78	2.3244374086e-94	2.4901696165e-100	2.0833054685e-170	2.0833054685e-170	2.0833054685e-170	2.0833054685e-170	3.1401601416e-160	2.0833054685e-170	2.0833054685e-170	2.0833054685e-170	2.0833054685e-170	2.0833054685e-170	2.0833054685e-170	2.0833054685e-170	2.0833054685e-170	2.0833054685e-170	1.0824730401e-152	3.0741268822e-125	5.2631352199e-76	2.0833054685e-170	2.0833054685e-170	2.0833054685e-170	1.0257016787e-125	1.2437948487e-155	2.5857600228e-136	3.2913703815e-153	1.9205104342e-70	2.0833054685e-170	2.0833054685e-170	2.0833054685e-170	2.0833054685e-170	1.0633170959e-71	1.1892747972e-152	1.0479613499e-129	2.0833054685e-170	2.0833054685e-170	2.0833054685e-170	1.0791446827e-23	6.4815053537e-07	7.5158115836e-08	3.8909317629e-61	2.0833054685e-170	2.7853295955e-62	2.0833054685e-170	5.0837248673e-37	3.3793225127e-142	5.9958020105e-16	1.3566751929e-06	3.7419578501e-57	3.8685572893e-146	2.2408442162e-126	6.0145767902e-99	4.5254095777e-68	2.9243979890e-17	2.1094822922e-07	5.2915934634e-23	4.2225882808e-31	1.1576462895e-04	4.9694417853e-47	3.9893693774e-40	4.1126197238e-45	1.6500747591e-71	5.6820611472e-70	1.6932367308e-98	1.1327412869e-103	2.2447358616e-29	7.4362161505e-31	2.6240728274e-04	6.2105539653e-47	1.1471821069e-15	1.0288560295e-63	8.2398569406e-80	2.2252350097e-04	8.5156665436e-119	3.0327066299e-127	5.1301918829e-124	7.2970956976e-79	2.2239135290e-55	3.2669363467e-43	2.8018296111e-52	2.8316494053e-85	6.8573957313e-47	2.0983511449e-55	9.7751580640e-83	8.3521589498e-69	3.1654187642e-85	2.9823620868e-64	5.7039532459e-62	1.1853495173e-20	1.7616801978e-84	2.3683230150e-98	6.8736525660e-36	3.3432608259e-50	1.4778425401e-37	1.9545417702e-45	9.9109154817e-47	2.8253700169e-64	2.2317692990e-27	2.1780903159e-06	1.5545268371e-17	9.2018561265e-22	3.4317776705e-45	1.7429485725e-41	2.1479582457e-43	1.1912545094e-59	4.1762381913e-50	1.2546096179e-44	3.6253405233e-56	3.6405695592e-46	5.9466859528e-62	3.4279895767e-21	1.5545268371e-17	5.0500458113e-40	3.7335494226e-52
1.2812765700e-05	2.8316340941e+02	6.4909265435e+14	3.2773440002e+14	2.1536476224e+00	3.0512512569e-170	6.4134791478e-36	2.1172516068e-02	5.4768254394e-85	1.7596255789e-83	2.4319484264e-57	3.1755661005e-54	9.9140363493e-58	1.7519831149e-54	2.6649510038e-28	2.8869039496e-41	9.8667123699e-07	1.5141624367e-05	2.7025420997e-04	2.2299592859e-67	1.5847927218e-05	3.7055654330e-47	0.0000000000e+00	8.5101245926e-153	3.8482675502e-76	5.2217291376e-78	2.3017608419e-98	6.9794126569e-120	3.0330197506e-127	1.1350329989e-76	8.1577409510e-81	2.8872468392e-46	1.3226589944e-126	1.4792182009e-118	3.0512512569e-170	9.2693019975e-147	1.1088732233e-65	9.7465306536e-63	3.0512512569e-170	3.0512512569e-170	4.2763096947e-140	1.9439808341e-157	1.8648720927e-118	4.5006686917e-135	1.6153240754e-104	6.2656215008e-148	5.9059398755e-98	4.6396763210e-104	2.8838791270e-70	1.7089404279e-148	2.5868488899e-136	3.0512512569e-170	3.0512512569e-170	4.5330598741e-161	3.0512512569e-170	3.0512512569e-170	3.0512512569e-170	3.0512512569e-170	3.0512512569e-170	3.0512512569e-170	4.6191012945e-68	4.7724964863e-69	4.0412846547e-84	2.5647169032e-123	4.4857012794e-49	3.8326880775e-92	9.7343747337e-01	3.0833366320e-42	3.5138574971e-55	3.4393952090e-03	7.4066109096e-05	2.4506587361e-44	9.9596701731e-62	9.2676104302e-100	5.0977165416e-156	9.1563615721e-06	1.9772953176e-69	1.3285954770e-165	3.0512512569e-170	3.0512512569e-170	2.6004656241e-85	8.5107910373e-160	2.3489407471e-56	1.7655604257e-62	1.8968942446e-69	2.1081615772e-100	1.1784314493e-78	1.7365918231e-94	2.7247010229e-100	3.0512512569e-170	3.0512512569e-170	3.0512512569e-170	3.0512512569e-170	1.0002798813e-160	3.0512512569e-170	3.0512512569e-170	3.0512512569e-170	3.0512512569e-170	3.0512512569e-170	3.0512512569e-170	3.0512512569e-170	3.0512512569e-170	3.0512512569e-170	1.1847091733e-152	2.7802403307e-125	4.7587784330e-76	3.0512512569e-170	3.0512512569e-170	3.0512512569e-170	7.0064479630e-126	7.0200898419e-156	2.5868488899e-136	2.7207485988e-153	1.9202403603e-70	3.0512512569e-170	3.0512512569e-170	3.0512512569e-170	3.0512512569e-170	1.2724834312e-71	9.8275369348e-153	7.1559732175e-130	3.0512512569e-170	3.0512512569e-170	3.0512512569e-170	1.0791068826e-23	6.4814543719e-07	7.5157524662e-08	3.2147895321e-61	3.0512512569e-170	3.0468920845e-62	3.0512512569e-170	5.5613485880e-37	3.3796190793e-142	7.2559079134e-16	1.3566645215e-06	3.7415476502e-57	4.6820485480e-146	2.2410790860e-126	4.9706778418e-99	3.0905582475e-68	2.4163831783e-17	2.1094656995e-07	4.3722885975e-23	6.1839795389e-31	1.1576371837e-04	7.2775003392e-47	5.8422834829e-40	6.0227383051e-45	2.4163243896e-71	8.3235811940e-70	2.4802779950e-98	1.3710428828e-103	2.7164338710e-29	8.9987736270e-31	2.6240521871e-04	5.1314062715e-47	9.4789918900e-16	1.0287389418e-63	8.2386301084e-80	2.2252175066e-04	1.2469133344e-118	3.0330197506e-127	8.2180644733e-124	1.0689287668e-78	3.5629610953e-55	4.7843088007e-43	4.1031111409e-52	4.1465117483e-85	8.2980501100e-47	2.5391335951e-55	1.1827890704e-82	8.3509502151e-69	2.6160869544e-85	2.0367652093e-64	1.0109003558e-61	1.1853303080e-20	3.7783759810e-84	5.0793093359e-98	1.4743495806e-35	4.8961396625e-50	1.7883984130e-37	3.4640770963e-45	1.7565203773e-46	5.0072383001e-64	2.2316906629e-27	2.1780731836e-06	2.2766892712e-17	1.3476472583e-21	5.0257898258e-45	2.1091855515e-41	4.6072196003e-43	3.7422901405e-59	6.1161402290e-50	1.2545570777e-44	4.3871033289e-56	1.1436823475e-45	1.0539360784e-61	3.4278781313e-21	2.2766892712e-17	1.0831885465e-39	8.0078826670e-52
8.7481760400e-06	2.8316325148e+02	4.4317676030e+14	2.2376744350e+14	2.1536248737e+00	4.4689253467e-170	7.7613129427e-36	2.1172292425e-02	8.3220576341e-85	2.5768437168e-83	3.5615414645e-57	5.6284015522e-54	9.9133718714e-58	1.7518992409e-54	2.6648861479e-28	3.4935521132e-41	9.8666081488e-07	1.5141464427e-05	2.7025135530e-04	2.6984695333e-67	1.5847759818e-05	3.7054161566e-47	0.0000000000e+00	1.0299398635e-152	4.8329692512e-76	6.5577825147e-78	2.7858728811e-98	6.9799878254e-120	3.0332420675e-127	1.1351771833e-76	6.7416982447e-81	1.9717171164e-46	2.0101417282e-126	2.2480742948e-118	4.4689253467e-170	1.4616538430e-146	1.6242773463e-65	1.4276623708e-62	4.4689253467e-170	4.4689253467e-170	4.2775499934e-140	1.6067529231e-157	1.2737087578e-118	2.5399774895e-135	7.5330675187e-105	4.2792150139e-148	4.8806020559e-98	3.8341481621e-104	1.9693313774e-70	1.4124854026e-148	2.5875791242e-136	4.4689253467e-170	4.4689253467e-170	7.1496062640e-161	4.4689253467e-170	4.4689253467e-170	4.4689253467e-170	4.4689253467e-170	4.4689253467e-170	4.4689253467e-170	5.7997563693e-68	5.9922809576e-69	5.0740252448e-84	3.2199296083e-123	5.4282333367e-49	4.6376960828e-92	9.7344303540e-01	3.1991088763e-42	3.7828135345e-55	3.4393588790e-03	6.3502427784e-05	1.8013691381e-44	1.5134012029e-61	1.4081561475e-99	7.7450279129e-156	1.4437714334e-05	3.1175017911e-69	2.0944189895e-165	4.4689253467e-170	4.4689253467e-170	3.8081375054e-85	1.2461918382e-159	3.0602732783e-56	1.5705457144e-62	1.1106107869e-69	1.4937007671e-100	1.0104963129e-78	1.2304402600e-94	2.8274524602e-100	4.4689253467e-170	4.4689253467e-170	4.4689253467e-170	4.4689253467e-170	3.1855646815e-161	4.4689253467e-170	4.4689253467e-170	4.4689253467e-170	4.4689253467e-170	4.4689253467e-170	4.4689253467e-170	4.4689253467e-170	4.4689253467e-170	4.4689253467e-170	1.2295882830e-152	2.3844473465e-125	4.0805864582e-76	4.4689253467e-170	4.4689253467e-170	4.4689253467e-170	4.7853041723e-126	3.9616712085e-156	2.5875791242e-136	2.2487600333e-153	1.9200306596e-70	4.4689253467e-170	4.4689253467e-170	4.4689253467e-170	4.4689253467e-170	1.3698523588e-71	8.1207109693e-153	4.8862102656e-130	4.4689253467e-170	4.4689253467e-170	4.4689253467e-170	1.0790841070e-23	6.4813859089e-07	7.5156730781e-08	2.6562500758e-61	4.4689253467e-170	3.1612750352e-62	4.4689253467e-170	5.7702398844e-37	3.3798581082e-142	8.7809024385e-16	1.3566501911e-06	3.7412182550e-57	5.6664655233e-146	2.2412278156e-126	4.1077242500e-99	2.1104827846e-68	1.9966227731e-17	2.1094434175e-07	3.6127197446e-23	9.0565302248e-31	1.1576249557e-04	1.0657761796e-46	8.5558957899e-40	8.8201271797e-45	3.5384768000e-71	1.2192212949e-69	3.6329664016e-98	1.6593966142e-103	3.2872996889e-29	1.0889758750e-30	2.6240244695e-04	4.2398862721e-47	7.8323607499e-16	1.0286618991e-63	8.2377498358e-80	2.2251940018e-04	1.8259320021e-118	3.0332420675e-127	1.2486700495e-123	1.5657314124e-78	5.4140821533e-55	7.0065168097e-43	6.0088036385e-52	6.0718987132e-85	1.0041557924e-46	3.0725620777e-55	1.4312076350e-82	8.3498144592e-69	2.1619466949e-85	1.3908711913e-64	1.7917120543e-61	1.1853489764e-20	8.1044299170e-84	1.0894534406e-97	3.1625294284e-35	7.1706913877e-50	2.1643119295e-37	6.1397530642e-45	3.1132278464e-46	8.8744457744e-64	2.2316789589e-27	2.1780501768e-06	3.3344104967e-17	1.9737167282e-21	7.3605319486e-45	2.5524830312e-41	9.8828810660e-43	1.1757725622e-58	8.9577923184e-50	1.2545849624e-44	5.3093218114e-56	3.5931273437e-45	1.8680532716e-61	3.4278116739e-21	3.3344104967e-17	2.3234420973e-39	1.7176441037e-51
5.9729948700e-06	2.8316314366e+02	3.0258443410e+14	1.5278182502e+14	2.1535991424e+00	6.5452811541e-170	9.3925600255e-36	2.1172039461e-02	1.1974250083e-84	3.7737314144e-83	5.2159295890e-57	9.9762105194e-54	9.9129436499e-58	1.7518592561e-54	2.6648486986e-28	4.2277405103e-41	9.8664902637e-07	1.5141283519e-05	2.7024812637e-04	3.2654936953e-67	1.5847570471e-05	3.7053507848e-47	0.0000000000e+00	1.2464767020e-152	5.7470418351e-76	7.7979419673e-78	3.3716896530e-98	6.9803984088e-120	3.0334016260e-127	1.1352702525e-76	5.5712247491e-81	1.3464189504e-46	2.8926562809e-126	3.2350231213e-118	6.5452811541e-170	2.0665017196e-146	2.3791318914e-65	2.0911189695e-62	6.5452811541e-170	6.5452811541e-170	4.2784079233e-140	1.3279137677e-157	8.6985522155e-119	1.4333121122e-135	3.5126565711e-105	2.9222902657e-148	4.0331218358e-98	3.1683610845e-104	1.3447399458e-70	1.1673511675e-148	2.5880655208e-136	6.5452811541e-170	6.5452811541e-170	1.0109669801e-160	6.5452811541e-170	6.5452811541e-170	6.5452811541e-170	6.5452811541e-170	6.5452811541e-170	6.5452811541e-170	6.8956337960e-68	7.1244203603e-69	6.0325050676e-84	3.8279862263e-123	6.5689356740e-49	5.6119730823e-92	9.7344932664e-01	3.1429969509e-42	3.6513518931e-55	3.4393177858e-03	5.1553776370e-05	1.1872087436e-44	2.1775768591e-61	2.0260458235e-99	1.1142787922e-155	2.0411488180e-05	4.4070931392e-69	2.9604572512e-165	6.5452811541e-170	6.5452811541e-170	5.5768382980e-85	1.8248425436e-159	3.5748469963e-56	1.2526424758e-62	6.1568397798e-70	1.0020902902e-100	8.2043765314e-79	8.2547871462e-95	2.7781579471e-100	6.5452811541e-170	6.5452811541e-170	6.5452811541e-170	6.5452811541e-170	1.0143300666e-161	6.5452811541e-170	6.5452811541e-170	6.5452811541e-170	6.5452811541e-170	6.5452811541e-170	6.5452811541e-170	6.5452811541e-170	6.5452811541e-170	6.5452811541e-170	1.2082871495e-152	1.9361980689e-125	3.3130501138e-76	6.5452811541e-170	6.5452811541e-170	6.5452811541e-170	3.2679603264e-126	2.2354991688e-156	2.5880655208e-136	1.8584850297e-153	1.9198644023e-70	6.5452811541e-170	6.5452811541e-170	6.5452811541e-170	6.5452811541e-170	1.3222277300e-71	6.7101916830e-153	3.3362788212e-130	6.5452811541e-170	6.5452811541e-170	6.5452811541e-170	1.0790713227e-23	6.4813084700e-07	7.5155832817e-08	2.1948095616e-61	6.5452811541e-170	3.1058353709e-62	6.5452811541e-170	5.6690812296e-37	3.3800546342e-142	1.0626464162e-15	1.3566339818e-06	3.7409483675e-57	6.8577499270e-146	2.2413187440e-126	3.3944553813e-99	1.4411309948e-68	1.6497836210e-17	2.1094182141e-07	2.9851213282e-23	1.3263535915e-30	1.1576111245e-04	1.5608337392e-46	1.2530036228e-39	1.2916960115e-44	5.1818540619e-71	1.7858033120e-69	5.3211796635e-98	2.0083304568e-103	3.9781760102e-29	1.3178203624e-30	2.6239931180e-04	3.5033205162e-47	6.4717817677e-16	1.0286119400e-63	8.2371099050e-80	2.2251674155e-04	2.6739556942e-118	3.0334016260e-127	1.7965906728e-123	2.2933257203e-78	7.7901788606e-55	1.0260985655e-42	8.7996648778e-52	8.8913427906e-85	1.2151567485e-46	3.7181073289e-55	1.7318378683e-82	8.3487558723e-69	1.7865644168e-85	9.4974995651e-65	3.1757476179e-61	1.1853907133e-20	1.7384616709e-83	2.3368943717e-97	6.7839456230e-35	1.0502278506e-49	2.6193151337e-37	1.0882480118e-44	5.5179894145e-46	1.5728886108e-63	2.2317092626e-27	2.1780241537e-06	4.8836072888e-17	2.8906714800e-21	1.0780202626e-44	3.0890324567e-41	2.1200595703e-42	3.6943829216e-58	1.3120311325e-49	1.2546621566e-44	6.4256976582e-56	1.1289102810e-44	3.3112109806e-61	3.4277750857e-21	4.8836072888e-17	4.9839325803e-39	3.6843587553e-51
4.0781835700e-06	2.8316307004e+02	2.0659331596e+14	1.0431492143e+14	2.1535740598e+00	9.5863562590e-170	1.1366783347e-35	2.1171792874e-02	1.6428155720e-84	5.5266890251e-83	7.6389407430e-57	1.7682966191e-53	9.9126699744e-58	1.7518446782e-54	2.6648281569e-28	5.1162804588e-41	9.8663753503e-07	1.5141107171e-05	2.7024497883e-04	3.9517385221e-67	1.5847385897e-05	3.7053330605e-47	0.0000000000e+00	1.5085295566e-152	6.5158947114e-76	8.8410196085e-78	4.0806042334e-98	6.9806919438e-120	3.0335163025e-127	1.1353298440e-76	4.6038302627e-81	9.1938649841e-47	3.9689277968e-126	4.4386314209e-118	9.5863562590e-170	2.6561154847e-146	3.4846892835e-65	3.0627987712e-62	9.5863562590e-170	9.5863562590e-170	4.2790018957e-140	1.0974011348e-157	5.9400901146e-119	8.0876497350e-136	1.6378180021e-105	1.9955152915e-148	3.3327172129e-98	2.6181246259e-104	9.1821182532e-71	9.6470053454e-149	2.5883886571e-136	9.5863562590e-170	9.5863562590e-170	1.2995457855e-160	9.5863562590e-170	9.5863562590e-170	9.5863562590e-170	9.5863562590e-170	9.5863562590e-170	9.5863562590e-170	7.8173381910e-68	8.0765722916e-69	6.8385576611e-84	4.3393077695e-123	7.9494647989e-49	6.7911024182e-92	9.7345545929e-01	2.9442548455e-42	3.2042161788e-55	3.4392777284e-03	3.9906337329e-05	7.1134151460e-45	2.9875341783e-61	2.7795340622e-99	1.5286055833e-155	2.6234669752e-05	5.6640862563e-69	3.8044984913e-165	9.5863562590e-170	9.5863562590e-170	8.1672275087e-85	2.6723036800e-159	3.7965138740e-56	9.0830835193e-63	3.2542404147e-70	6.4098873387e-101	6.3511849142e-79	5.2802058389e-95	2.6026768372e-100	9.5863562590e-170	9.5863562590e-170	9.5863562590e-170	9.5863562590e-170	3.2294000617e-162	9.5863562590e-170	9.5863562590e-170	9.5863562590e-170	9.5863562590e-170	9.5863562590e-170	9.5863562590e-170	9.5863562590e-170	9.5863562590e-170	9.5863562590e-170	1.1320531161e-152	1.4989733541e-125	2.5646679054e-76	9.5863562590e-170	9.5863562590e-170	9.5863562590e-170	2.2315875812e-126	1.2613732669e-156	2.5883886571e-136	1.5358505988e-153	1.9197338714e-70	9.5863562590e-170	9.5863562590e-170	9.5863562590e-170	9.5863562590e-170	1.1602995102e-71	5.5446128969e-153	2.2779519590e-130	9.5863562590e-170	9.5863562590e-170	9.5863562590e-170	1.0790646299e-23	6.4812329833e-07	7.5154957489e-08	1.8135573059e-61	9.5863562590e-170	2.9094642958e-62	9.5863562590e-170	5.3106387846e-37	3.3802133797e-142	1.2859989909e-15	1.3566181810e-06	3.7407309377e-57	8.2994055078e-146	2.2413730126e-126	2.8049674615e-99	9.8403262036e-69	1.3631977581e-17	2.1093936460e-07	2.4665597603e-23	1.9424997541e-30	1.1575976420e-04	2.2858810497e-46	1.8350351355e-39	1.8916964163e-44	7.5886163902e-71	2.6156033354e-69	7.7937310246e-98	2.4305869065e-103	4.8142924748e-29	1.5947688842e-30	2.6239625567e-04	2.8947459975e-47	5.3475627098e-16	1.0285797700e-63	8.2366442497e-80	2.2251414993e-04	3.9159682910e-118	3.0335163025e-127	2.4647824539e-123	3.3589397961e-78	1.0687816363e-54	1.5027307970e-42	1.2886942839e-51	1.3020201082e-84	1.4705142381e-46	4.4993494515e-55	2.0956623841e-82	8.3478245086e-69	1.4763173788e-85	6.4850871164e-65	5.6290305301e-61	1.1854405673e-20	3.7292473401e-83	5.0128471031e-97	1.4552488438e-34	1.5382040294e-49	3.1700156844e-37	1.9289129690e-44	9.7804420654e-46	2.7878167433e-63	2.2317581608e-27	2.1779987865e-06	7.1526324795e-17	4.2336630106e-21	1.5788895156e-44	3.7384203703e-41	4.5480097207e-42	1.1608427614e-57	1.9217445545e-49	1.2547577072e-44	7.7769634487e-56	3.5469512425e-44	5.8694177581e-61	3.4277565717e-21	7.1526324795e-17	1.0691031841e-38	7.9031302106e-51
2.7844626600e-06	2.8316301978e+02	1.4105437684e+14	7.1223143879e+13	2.1535522186e+00	1.4040379932e-169	1.3756068358e-35	2.1171578153e-02	2.1717372525e-84	8.0940809990e-83	1.1187697030e-56	3.1343559038e-53	9.9124948865e-58	1.7518427148e-54	2.6648172908e-28	6.1916221181e-41	9.8662752873e-07	1.5140953613e-05	2.7024223805e-04	4.7822662069e-67	1.5847225175e-05	3.7053378576e-47	0.0000000000e+00	1.8256668398e-152	7.1181236863e-76	9.6580032206e-78	4.9385066801e-98	6.9809006169e-120	3.0335981883e-127	1.1353680414e-76	3.8043351014e-81	6.2777399810e-47	5.2470616072e-126	5.8679633502e-118	1.4040379932e-169	3.1695416735e-146	5.1038950576e-65	4.4859115091e-62	1.4040379932e-169	1.4040379932e-169	4.2794125155e-140	9.0686624073e-158	4.0561822025e-119	4.5633427697e-136	7.6360985891e-106	1.3625994806e-148	2.7539027986e-98	2.1634130730e-104	6.2695665548e-71	7.9719724255e-149	2.5886036132e-136	1.4040379932e-169	1.4040379932e-169	1.5508534059e-160	1.4040379932e-169	1.4040379932e-169	1.4040379932e-169	1.4040379932e-169	1.4040379932e-169	1.4040379932e-169	8.5392486440e-68	8.8222932137e-69	7.4698197855e-84	4.7397253605e-123	9.6202386990e-49	8.2181556014e-92	9.7346079942e-01	2.6575421090e-42	2.6105642450e-55	3.4392428476e-03	2.9764104525e-05	3.9570501503e-45	3.9493819582e-61	3.6743068392e-99	2.0206121047e-155	3.1305317726e-05	6.7585728364e-69	4.5393429390e-165	1.4040379932e-169	1.4040379932e-169	1.1961086364e-84	3.9134738596e-159	3.7433269644e-56	6.1148239804e-63	1.6572962453e-70	3.9505346794e-101	4.7372322760e-79	3.2542979490e-95	2.3493448210e-100	1.4040379932e-169	1.4040379932e-169	1.4040379932e-169	1.4040379932e-169	1.0280844764e-162	1.4040379932e-169	1.4040379932e-169	1.4040379932e-169	1.4040379932e-169	1.4040379932e-169	1.4040379932e-169	1.4040379932e-169	1.4040379932e-169	1.4040379932e-169	1.0219180701e-152	1.1181181563e-125	1.9129141010e-76	1.4040379932e-169	1.4040379932e-169	1.4040379932e-169	1.5238099909e-126	7.1169581437e-157	2.5886036132e-136	1.2691749564e-153	1.9196340788e-70	1.4040379932e-169	1.4040379932e-169	1.4040379932e-169	1.4040379932e-169	9.4532200892e-72	4.5814789455e-153	1.5553297157e-130	1.4040379932e-169	1.4040379932e-169	1.4040379932e-169	1.0790613393e-23	6.4811672517e-07	7.5154195280e-08	1.4985418360e-61	1.4040379932e-169	2.6261613934e-62	1.4040379932e-169	4.7935065411e-37	3.3803371741e-142	1.5563049727e-15	1.3566044222e-06	3.7405616861e-57	1.0044082579e-145	2.2414051521e-126	2.3178129253e-99	6.7190075349e-69	1.1263977384e-17	2.1093722529e-07	2.0380884722e-23	2.8449014194e-30	1.1575859019e-04	3.3477782796e-46	2.6874637539e-39	2.7704418202e-44	1.1113462115e-70	3.8309203374e-69	1.1415044107e-97	2.9415870661e-103	5.8261846930e-29	1.9299378734e-30	2.6239359450e-04	2.3919051662e-47	4.4186427781e-16	1.0285590270e-63	8.2363083217e-80	2.2251189323e-04	5.7350272278e-118	3.0335981883e-127	3.2582884677e-123	4.9196277547e-78	1.4128846804e-54	2.2007942967e-42	1.8873003018e-51	1.9066900986e-84	1.7795560148e-46	5.4448316490e-55	2.5359764690e-82	8.3470577450e-69	1.2199233883e-85	4.4280425511e-65	9.9775866294e-61	1.1854880128e-20	7.9998599633e-83	1.0753179331e-96	3.1217256478e-34	2.2529271946e-49	3.8365091968e-37	3.4190158111e-44	1.7335669881e-45	4.9412535454e-63	2.2318092548e-27	2.1779766976e-06	1.0475930688e-16	6.2006371536e-21	2.3124889529e-44	4.5243484185e-41	9.7565398740e-42	3.6475720724e-57	2.8148008789e-49	1.2548498438e-44	9.4123981025e-56	1.1144293351e-43	1.0404119900e-60	3.4277479936e-21	1.0475930688e-16	2.2933510951e-38	1.6952806522e-50
1.9011484400e-06	2.8316298546e+02	9.6306966897e+13	4.8629054084e+13	2.1535346494e+00	2.0563838200e-169	1.6647656151e-35	2.1171405430e-02	2.7941834202e-84	1.1854315607e-82	1.6385250173e-56	5.5557436788e-53	9.9123819394e-58	1.7518458703e-54	2.6648116478e-28	7.4930365933e-41	9.8661947959e-07	1.5140830089e-05	2.7024003335e-04	5.7874073219e-67	1.5847095890e-05	3.7053506433e-47	0.0000000000e+00	2.2094683448e-152	7.5678931113e-76	1.0268134655e-77	5.9767273413e-98	6.9810477678e-120	3.0336561282e-127	1.1353927255e-76	3.1436315340e-81	4.2864662598e-47	6.7511929465e-126	7.5500137972e-118	2.0563838200e-169	3.5825500518e-146	7.4754042611e-65	6.5702078875e-62	2.0563838200e-169	2.0563838200e-169	4.2796957834e-140	7.4939130622e-158	2.7696613162e-119	2.5747145840e-136	3.5600846509e-106	9.3039831130e-149	2.2755914409e-98	1.7876580344e-104	4.2808061572e-71	6.5876006469e-149	2.5887472144e-136	2.0563838200e-169	2.0563838200e-169	1.7530196945e-160	2.0563838200e-169	2.0563838200e-169	2.0563838200e-169	2.0563838200e-169	2.0563838200e-169	2.0563838200e-169	9.0783755861e-68	9.3791786762e-69	7.9412088413e-84	5.0387179114e-123	1.1642273448e-48	9.9452569006e-92	9.7346509505e-01	2.3345902355e-42	2.0146388676e-55	3.4392147892e-03	2.1605626060e-05	2.0850358480e-45	5.0812952547e-61	4.7272778040e-99	2.5996026059e-155	3.5384180150e-05	7.6389440832e-69	5.1303794827e-165	2.0563838200e-169	2.0563838200e-169	1.7517586525e-84	5.7312855597e-159	3.4960805063e-56	3.8992830575e-63	8.2142161135e-71	2.3696223021e-101	3.4388376097e-79	1.9520063668e-95	2.0639165513e-100	2.0563838200e-169	2.0563838200e-169	2.0563838200e-169	2.0563838200e-169	3.2727329677e-163	2.0563838200e-169	2.0563838200e-169	2.0563838200e-169	2.0563838200e-169	2.0563838200e-169	2.0563838200e-169	2.0563838200e-169	2.0563838200e-169	2.0563838200e-169	8.9779459755e-153	8.1169147357e-126	1.3886020888e-76	2.0563838200e-169	2.0563838200e-169	2.0563838200e-169	1.0404807569e-126	4.0154366770e-157	2.5887472144e-136	1.0487753230e-153	1.9195599253e-70	2.0563838200e-169	2.0563838200e-169	2.0563838200e-169	2.0563838200e-169	7.2952570795e-72	3.7856446751e-153	1.0619358158e-130	2.0563838200e-169	2.0563838200e-169	2.0563838200e-169	1.0790598119e-23	6.4811143768e-07	7.5153582154e-08	1.2382479963e-61	2.0563838200e-169	2.3070405210e-62	2.0563838200e-169	4.2109983097e-37	3.3804303856e-142	1.8834358456e-15	1.3565933544e-06	3.7404343995e-57	1.2155496206e-145	2.2414243351e-126	1.9152450318e-99	4.5876877890e-69	9.3073422547e-18	2.1093550441e-07	1.6840536064e-23	4.1665623454e-30	1.1575764580e-04	4.9030370176e-46	3.9359264856e-39	4.0574479855e-44	1.6275902782e-70	5.6108782824e-69	1.6718864910e-97	3.5599925123e-103	7.0508066234e-29	2.3355696599e-30	2.6239145383e-04	1.9764193536e-47	3.6510928333e-16	1.0285455488e-63	8.2360687871e-80	2.2251007792e-04	8.3992438468e-118	3.0336561282e-127	4.1921037075e-123	7.2054173261e-78	1.8178289610e-54	3.2231746401e-42	2.7640104593e-51	2.7922602559e-84	2.1535700870e-46	6.5890942892e-55	3.0688684003e-82	8.3464604872e-69	1.0080453572e-85	3.0234357447e-65	1.7685547904e-60	1.1855279589e-20	1.7161059566e-82	2.3067035910e-96	6.6965675154e-34	3.2997448293e-49	4.6431193063e-37	6.0602557991e-44	3.0727365441e-45	8.7581970259e-63	2.2318541129e-27	2.1779589290e-06	1.5343333427e-16	9.0815095160e-21	3.3869472382e-44	5.4755038464e-41	2.0929912180e-41	1.1461103651e-56	4.1228372811e-49	1.2549279038e-44	1.1391656375e-55	3.5014465022e-43	1.8442229236e-60	3.4277444216e-21	1.5343333427e-16	4.9195204664e-38	3.6365304716e-50
1.2980477100e-06	2.8316296203e+02	6.5755134151e+13	3.3202477086e+13	2.1535212561e+00	3.0118234775e-169	2.0147129956e-35	2.1171273761e-02	3.5269545715e-84	1.7361618366e-82	2.3997673775e-56	9.8477149940e-53	9.9123083147e-58	1.7518503937e-54	2.6648087316e-28	9.0680488136e-41	9.8661334360e-07	1.5140735925e-05	2.7023835267e-04	7.0038675225e-67	1.5846997334e-05	3.7053643828e-47	0.0000000000e+00	2.6739481646e-152	7.8935810017e-76	1.0709929622e-77	7.2331798181e-98	6.9811506812e-120	3.0336967498e-127	1.1354088397e-76	2.5976450075e-81	2.9267726701e-47	8.5219090245e-126	9.5301766426e-118	3.0118234775e-169	3.8973956155e-146	1.0948756416e-64	9.6228936956e-62	3.0118234775e-169	3.0118234775e-169	4.2798906827e-140	6.1924909066e-158	1.8911466442e-119	1.4526623048e-136	1.6597284225e-106	6.3527418287e-149	1.8803431553e-98	1.4771574760e-104	2.9228681185e-71	5.4435330767e-149	2.5888435726e-136	3.0118234775e-169	3.0118234775e-169	1.9071411774e-160	3.0118234775e-169	3.0118234775e-169	3.0118234775e-169	3.0118234775e-169	3.0118234775e-169	3.0118234775e-169	9.4687556392e-68	9.7824043718e-69	8.2825167468e-84	5.2551939007e-123	1.4089409527e-48	1.2035483330e-91	9.7346836968e-01	2.0120373212e-42	1.4964045544e-55	3.4391933999e-03	1.5386287818e-05	1.0574094934e-45	6.4138286738e-61	5.9668767554e-99	3.2812135079e-155	3.8493562025e-05	8.3100415789e-69	5.5808914923e-165	3.0118234775e-169	3.0118234775e-169	2.5655704340e-84	8.3936663556e-159	3.1426396626e-56	2.3931747942e-63	3.9941072544e-71	1.3944136986e-101	2.4489928002e-79	1.1486671401e-95	1.7788021500e-100	3.0118234775e-169	3.0118234775e-169	3.0118234775e-169	3.0118234775e-169	1.0417765583e-163	3.0118234775e-169	3.0118234775e-169	3.0118234775e-169	3.0118234775e-169	3.0118234775e-169	3.0118234775e-169	3.0118234775e-169	3.0118234775e-169	3.0118234775e-169	7.7378999195e-153	5.7806669646e-126	9.8889470276e-77	3.0118234775e-169	3.0118234775e-169	3.0118234775e-169	7.1044110390e-127	2.2654929282e-157	2.5888435726e-136	8.6663398316e-154	1.9195061345e-70	3.0118234775e-169	3.0118234775e-169	3.0118234775e-169	3.0118234775e-169	5.4186494278e-72	3.1280548747e-153	7.2505863735e-131	3.0118234775e-169	3.0118234775e-169	3.0118234775e-169	1.0790591483e-23	6.4810740695e-07	7.5153114759e-08	1.0231671761e-61	3.0118234775e-169	1.9883062495e-62	3.0118234775e-169	3.6292031244e-37	3.3804985934e-142	2.2793377413e-15	1.3565849170e-06	3.7403413300e-57	1.4710750739e-145	2.2414359749e-126	1.5825861380e-99	3.1324054947e-69	7.6906043838e-18	2.1093419256e-07	1.3915217272e-23	6.1022830234e-30	1.1575692588e-04	7.1808878983e-46	5.7644344374e-39	5.9424069424e-44	2.3836828604e-70	8.2178263227e-69	2.4486929827e-97	4.3083860920e-103	8.5328788894e-29	2.8264786779e-30	2.6238982196e-04	1.6331089426e-47	3.0168777288e-16	1.0285367088e-63	8.2358999124e-80	2.2250869409e-04	1.2301300267e-117	3.0336967498e-127	5.2914349434e-123	1.0553212516e-77	2.2945452728e-54	4.7205606177e-42	4.0480427368e-51	4.0892525795e-84	2.6062161527e-46	7.9739325504e-55	3.7138046372e-82	8.3460139293e-69	8.3295999970e-86	2.0643580419e-65	3.1348097454e-60	1.1855592073e-20	3.6813266507e-82	4.9481967923e-96	1.4365104008e-33	4.8329508450e-49	5.6192888994e-37	1.0741898132e-43	5.4464240163e-45	1.5523710513e-62	2.2318899900e-27	2.1779453837e-06	2.2472258122e-16	1.3300896835e-20	4.9606317633e-44	6.6266095160e-41	4.4898810345e-41	3.6011331248e-56	6.0386516384e-49	1.2549891758e-44	1.3786961581e-55	1.1001167620e-42	3.2690206792e-60	3.4277431873e-21	2.2472258122e-16	1.0552983165e-37	7.8007213502e-50
8.8626843900e-07	2.8316294603e+02	4.4895450624e+13	2.2669666896e+13	2.1535114073e+00	4.4111808285e-169	2.4382270184e-35	2.1171176937e-02	4.3932663845e-84	2.5427718887e-82	3.5146974395e-56	1.7455315550e-52	9.9122597874e-58	1.7518546727e-54	2.6648072106e-28	1.0974172593e-40	9.8660883146e-07	1.5140666681e-05	2.7023711678e-04	8.4760675761e-67	1.5846924860e-05	3.7053762827e-47	0.0000000000e+00	3.2360664060e-152	8.1247606311e-76	1.1023516566e-77	8.7537453036e-98	6.9812221923e-120	3.0337250254e-127	1.1354194735e-76	2.1464690901e-81	1.9983611794e-47	1.0615302217e-125	1.1871184037e-117	4.4111808285e-169	4.1289207139e-146	1.6035894205e-64	1.4093908431e-61	4.4111808285e-169	4.4111808285e-169	4.2800245371e-140	5.1170076200e-158	1.2912677912e-119	8.1958299669e-137	7.7375819930e-107	4.3375833467e-149	1.5537390672e-98	1.2205833682e-104	1.9956756112e-71	4.4981009748e-149	2.5889085313e-136	4.4111808285e-169	4.4111808285e-169	2.0204789648e-160	4.4111808285e-169	4.4111808285e-169	4.4111808285e-169	4.4111808285e-169	4.4111808285e-169	4.4111808285e-169	9.7458480585e-68	1.0068607595e-68	8.5247652441e-84	5.4088364264e-123	1.7051007585e-48	1.4565167147e-91	9.7347077770e-01	1.7112062568e-42	1.0823864220e-55	3.4391776711e-03	1.0812857488e-05	5.2221992245e-46	7.9892023576e-61	7.4323841504e-99	4.0870467577e-155	4.0780065962e-05	8.8035247416e-69	5.9121543037e-165	4.4111808285e-169	4.4111808285e-169	3.7574927779e-84	1.2293027591e-158	2.7509939563e-56	1.4303603048e-63	1.9165017998e-71	8.0973184706e-102	1.7210764992e-79	6.6702803638e-96	1.5128675253e-100	4.4111808285e-169	4.4111808285e-169	4.4111808285e-169	4.4111808285e-169	3.3160889739e-164	4.4111808285e-169	4.4111808285e-169	4.4111808285e-169	4.4111808285e-169	4.4111808285e-169	4.4111808285e-169	4.4111808285e-169	4.4111808285e-169	4.4111808285e-169	6.5811775526e-153	4.0625452643e-126	6.9496036560e-77	4.4111808285e-169	4.4111808285e-169	4.4111808285e-169	4.8508281799e-127	1.2781649685e-157	2.5889085313e-136	7.1611671638e-154	1.9194678107e-70	4.4111808285e-169	4.4111808285e-169	4.4111808285e-169	4.4111808285e-169	3.9194347620e-72	2.5846958428e-153	4.9504837072e-131	4.4111808285e-169	4.4111808285e-169	4.4111808285e-169	1.0790588855e-23	6.4810444292e-07	7.5152771057e-08	8.4544502889e-62	4.4111808285e-169	1.6910313482e-62	4.4111808285e-169	3.0865845510e-37	3.3805474689e-142	2.7584675837e-15	1.3565787124e-06	3.7402746735e-57	1.7803154988e-145	2.2414431917e-126	1.3077010124e-99	2.1387450835e-69	6.3547132223e-18	2.1093322789e-07	1.1498071218e-23	8.9373719057e-30	1.1575639648e-04	1.0517066395e-45	8.4424935148e-39	8.7031449742e-44	3.4910651853e-70	1.2036006060e-68	3.5864185783e-97	5.2140964865e-103	1.0326521474e-28	3.4205922736e-30	2.6238862196e-04	1.3494342513e-47	2.4928332341e-16	1.0285308536e-63	8.2357819045e-80	2.2250767648e-04	1.8016326413e-117	3.0337250254e-127	6.5911126540e-123	1.5456449388e-77	2.8581378286e-54	6.9136536835e-42	5.9286519157e-51	5.9888311423e-84	3.1540242434e-46	9.6499219888e-55	4.4943402828e-82	8.3456894848e-69	6.8828130347e-86	1.4095035641e-65	5.5565216522e-60	1.1855825446e-20	7.8970085552e-82	1.0614548519e-95	3.0815132702e-33	7.0785278493e-49	6.8006554266e-37	1.9040171747e-43	9.6538015114e-45	2.7515576367e-62	2.2319171288e-27	2.1779354230e-06	3.2913450220e-16	1.9480701705e-20	7.2654910793e-44	8.0196919304e-41	9.6315947963e-41	1.1314692749e-55	8.8446210457e-49	1.2550350272e-44	1.6685744020e-55	3.4564192296e-42	5.7945278612e-60	3.4277429493e-21	3.2913450220e-16	2.2637451310e-37	1.6733371649e-49
6.0511777800e-07	2.8316293536e+02	3.0653181320e+13	1.5478176107e+13	2.1535043373e+00	6.4607095376e-169	2.9507722879e-35	2.1171107432e-02	5.4227004502e-84	3.7241499986e-82	5.1476472424e-56	3.0939905782e-52	9.9122286757e-58	1.7518583765e-54	2.6648065323e-28	1.3281012219e-40	9.8660559244e-07	1.5140616975e-05	2.7023622959e-04	1.0257767099e-66	1.5846872834e-05	3.7053860167e-47	0.0000000000e+00	3.9163482987e-152	8.2867392871e-76	1.1243230854e-77	1.0593946361e-97	6.9812707619e-120	3.0337442644e-127	1.1354263003e-76	1.7736464460e-81	1.3644437444e-47	1.3102846114e-125	1.4652966976e-117	6.4607095376e-169	4.2951207916e-146	2.3486613975e-64	2.0642237108e-61	6.4607095376e-169	6.4607095376e-169	4.2801143432e-140	4.2282667455e-158	8.8166184937e-120	4.6239796014e-137	3.6071760604e-107	2.9616273779e-149	1.2838602879e-98	1.0085720150e-104	1.3626006780e-71	3.7168393447e-149	2.5889512480e-136	6.4607095376e-169	6.4607095376e-169	2.1018390991e-160	6.4607095376e-169	6.4607095376e-169	6.4607095376e-169	6.4607095376e-169	6.4607095376e-169	6.4607095376e-169	9.9399961612e-68	1.0269135641e-68	8.6944933683e-84	5.5164820328e-123	2.0635214279e-48	1.7626687538e-91	9.7347250629e-01	1.4421412716e-42	7.6876501863e-56	3.4391663802e-03	7.5298315011e-06	2.5324502517e-46	9.8612114768e-61	9.1738475463e-99	5.0446244704e-155	4.2421427325e-05	9.1577650560e-69	6.1499400252e-165	6.4607095376e-169	6.4607095376e-169	5.5032060295e-84	1.8004108069e-158	2.3646286001e-56	8.3944903762e-64	9.1124298352e-72	4.6593689518e-102	1.1985301972e-79	3.8382227631e-96	1.2750022953e-100	6.4607095376e-169	6.4607095376e-169	6.4607095376e-169	6.4607095376e-169	1.0555255667e-164	6.4607095376e-169	6.4607095376e-169	6.4607095376e-169	6.4607095376e-169	6.4607095376e-169	6.4607095376e-169	6.4607095376e-169	6.4607095376e-169	6.4607095376e-169	5.5464934568e-153	2.8291246675e-126	4.8395713843e-77	6.4607095376e-169	6.4607095376e-169	6.4607095376e-169	3.3120681569e-127	7.2111911513e-158	2.5889512480e-136	5.9173634184e-154	1.9194411170e-70	6.4607095376e-169	6.4607095376e-169	6.4607095376e-169	6.4607095376e-169	2.7837747973e-72	2.1357235647e-153	3.3800410849e-131	6.4607095376e-169	6.4607095376e-169	6.4607095376e-169	1.0790588464e-23	6.4810231520e-07	7.5152524331e-08	6.9859247260e-62	6.4607095376e-169	1.4251436118e-62	6.4607095376e-169	2.6012614667e-37	3.3805817038e-142	3.3383211905e-15	1.3565742582e-06	3.7402280063e-57	2.1545628289e-145	2.2414474815e-126	1.0805583573e-99	1.4602858823e-69	5.2508785932e-18	2.1093253539e-07	9.5008113127e-24	1.3089698092e-29	1.1575601646e-04	1.5403298726e-45	1.2364827925e-38	1.2746572592e-43	5.1129566515e-70	1.7628181053e-68	5.2527536869e-97	6.3101952293e-103	1.2497231041e-28	4.1396057742e-30	2.6238776054e-04	1.1150353365e-47	2.0598199866e-16	1.0285270787e-63	8.2357012890e-80	2.2250694599e-04	2.6386676262e-117	3.0337442644e-127	8.1355180456e-123	2.2637818973e-77	3.5278517997e-54	1.0125697980e-41	8.6830244782e-51	8.7709780893e-84	3.8169988830e-46	1.1678267471e-54	5.4389806208e-82	8.3454591910e-69	5.6873011043e-86	9.6237672868e-66	9.8490426919e-60	1.1855995350e-20	1.6940221527e-81	2.2769599210e-95	6.6102550364e-33	1.0367457155e-48	8.2303524992e-37	3.3748959421e-43	1.7111409707e-44	4.8771186847e-62	2.2319371119e-27	2.1779282725e-06	4.8205858441e-16	2.8531777854e-20	1.0641243953e-43	9.7056164502e-41	2.0661328743e-40	3.5549947514e-55	1.2954325193e-48	1.2550684685e-44	2.0193833871e-55	1.0859530098e-41	1.0271059472e-59	3.4277432224e-21	4.8205858441e-16	4.8560098269e-37	3.5894915334e-49
4.1315645400e-07	2.8316292833e+02	2.0929034157e+13	1.0568039390e+13	2.1534993436e+00	9.4624931180e-169	3.5710641851e-35	2.1171058339e-02	6.6516737183e-84	5.4544220145e-82	7.5393005145e-56	5.4841517456e-52	9.9122090131e-58	1.7518613852e-54	2.6648063100e-28	1.6072802358e-40	9.8660330462e-07	1.5140581865e-05	2.7023560295e-04	1.2414025289e-66	1.5846836087e-05	3.7053936322e-47	0.0000000000e+00	4.7396339506e-152	8.3992674561e-76	1.1395866535e-77	1.2820977710e-97	6.9813033510e-120	3.0337571959e-127	1.1354306212e-76	1.4655741035e-81	9.3161176170e-48	1.6072535356e-125	1.7973930847e-117	9.4624931180e-169	4.4125126613e-146	3.4399085692e-64	3.0233044881e-61	9.4624931180e-169	9.4624931180e-169	4.2801738744e-140	3.4938614288e-158	6.0198277605e-120	2.6087665038e-137	1.6816095049e-107	2.0221355065e-149	1.0608563717e-98	8.3338484014e-105	9.3034890032e-72	3.0712547984e-149	2.5889789891e-136	9.4624931180e-169	9.4624931180e-169	2.1593060249e-160	9.4624931180e-169	9.4624931180e-169	9.4624931180e-169	9.4624931180e-169	9.4624931180e-169	9.4624931180e-169	1.0074874752e-67	1.0408444673e-68	8.8124039409e-84	5.5912629672e-123	2.4972907680e-48	2.1331838697e-91	9.7347372724e-01	1.2078127226e-42	5.3923418757e-56	3.4391584051e-03	5.2109357036e-06	1.2128314079e-46	1.2096080916e-60	1.1252875962e-98	6.1878250643e-155	4.3580768124e-05	9.4079731328e-69	6.3178907491e-165	9.4624931180e-169	9.4624931180e-169	8.0600145573e-84	2.6368677990e-158	2.0072847026e-56	4.8653677023e-64	4.3056922149e-72	2.6643874933e-102	8.2943449057e-80	2.1948285382e-96	1.0678390647e-100	9.4624931180e-169	9.4624931180e-169	9.4624931180e-169	9.4624931180e-169	3.3597356594e-165	9.4624931180e-169	9.4624931180e-169	9.4624931180e-169	9.4624931180e-169	9.4624931180e-169	9.4624931180e-169	9.4624931180e-169	9.4624931180e-169	9.4624931180e-169	4.6453295156e-153	1.9578911060e-126	3.3491810544e-77	9.4624931180e-169	9.4624931180e-169	9.4624931180e-169	2.2614116476e-127	4.0684062341e-158	2.5889789891e-136	4.8895646919e-154	1.9194227698e-70	9.4624931180e-169	9.4624931180e-169	9.4624931180e-169	9.4624931180e-169	1.9526189342e-72	1.7647413735e-153	2.3077899889e-131	9.4624931180e-169	9.4624931180e-169	9.4624931180e-169	1.0790589115e-23	6.4810081233e-07	7.5152350061e-08	5.7724765113e-62	9.4624931180e-169	1.1935800028e-62	9.4624931180e-169	2.1785927515e-37	3.3806053567e-142	4.0400719880e-15	1.3565711117e-06	3.7401957777e-57	2.6074827024e-145	2.2414499580e-126	8.9286768961e-100	9.9704617970e-70	4.3387875942e-18	2.1093204627e-07	7.8504923315e-24	1.9171280489e-29	1.1575574803e-04	2.2559776010e-45	1.8109557737e-38	1.8668658088e-43	7.4884110087e-70	2.5818588101e-68	7.6933015782e-97	7.6367062432e-103	1.5124271392e-28	5.0097744911e-30	2.6238715209e-04	9.2135230837e-48	1.7020240582e-16	1.0285246783e-63	8.2356468917e-80	2.2250643002e-04	3.8646075092e-117	3.0337571959e-127	9.9792862951e-123	3.3155791459e-77	4.3273791701e-54	1.4830122610e-41	1.2717132429e-50	1.2845759065e-83	4.6193491123e-46	1.4133036858e-54	6.5822211230e-82	8.3452981466e-69	4.6994325504e-86	6.5708650437e-66	1.7457591056e-59	1.1856116833e-20	3.6339093557e-81	4.8843700821e-95	1.4179845350e-32	1.5184500994e-48	9.9605824247e-37	5.9820439708e-43	3.0330077210e-44	8.6446846888e-62	2.2319515379e-27	2.1779232217e-06	7.0603459424e-16	4.1788180122e-20	1.5585449515e-43	1.1745941979e-40	4.4321628323e-40	1.1169390839e-54	1.8973502456e-48	1.2550924159e-44	2.4439315484e-55	3.4118765068e-41	1.8205806570e-59	3.4277436910e-21	7.0603459424e-16	1.0416727842e-36	7.6998614151e-49
2.8209096000e-07	2.8316292378e+02	1.4289700209e+13	7.2155436419e+12	2.1534958546e+00	1.3858969603e-168	4.3217524494e-35	2.1171024039e-02	8.1243963977e-84	7.9886164539e-82	1.1042167847e-55	9.7207396912e-52	9.9121969266e-58	1.7518637676e-54	2.6648063380e-28	1.9451485045e-40	9.8660170619e-07	1.5140557336e-05	2.7023516513e-04	1.5023577897e-66	1.5846810413e-05	3.7053994814e-47	0.0000000000e+00	5.7359852340e-152	8.4770004211e-76	1.1501304244e-77	1.5516158670e-97	6.9813248940e-120	3.0337657613e-127	1.1354332824e-76	1.2110089379e-81	6.3608138783e-48	1.9631196691e-125	2.1953539989e-117	1.3858969603e-168	4.4945308047e-146	5.0381711430e-64	4.4279931803e-61	1.3858969603e-168	1.3858969603e-168	4.2802126811e-140	2.8870008068e-158	4.1102054468e-120	1.4718107892e-137	7.8393495518e-108	1.3806647300e-149	8.7658662902e-99	6.8862654132e-105	6.3521705119e-72	2.5377929950e-149	2.5889966351e-136	1.3858969603e-168	1.3858969603e-168	2.1994559958e-160	1.3858969603e-168	1.3858969603e-168	1.3858969603e-168	1.3858969603e-168	1.3858969603e-168	1.3858969603e-168	1.0168049914e-67	1.0504679499e-68	8.8938561086e-84	5.6429211881e-123	3.0222478495e-48	2.5815915478e-91	9.7347458029e-01	1.0072461472e-42	3.7501579605e-56	3.4391528332e-03	3.5907893602e-06	5.7590112977e-47	1.4774207021e-60	1.3744261102e-98	7.5577754115e-155	4.4390766467e-05	9.5827859856e-69	6.4352321183e-165	1.3858969603e-168	1.3858969603e-168	1.1804771843e-83	3.8619612079e-158	1.6894428122e-56	2.7959234413e-64	2.0257891763e-72	1.5170872425e-102	5.7155499332e-80	1.2497232709e-96	8.9052022930e-101	1.3858969603e-168	1.3858969603e-168	1.3858969603e-168	1.3858969603e-168	1.0693925913e-165	1.3858969603e-168	1.3858969603e-168	1.3858969603e-168	1.3858969603e-168	1.3858969603e-168	1.3858969603e-168	1.3858969603e-168	1.3858969603e-168	1.3858969603e-168	3.8739728354e-153	1.3491698471e-126	2.3078819069e-77	1.3858969603e-168	1.3858969603e-168	1.3858969603e-168	1.5440378324e-127	2.2953013473e-158	2.5889966351e-136	4.0402708040e-154	1.9194103133e-70	1.3858969603e-168	1.3858969603e-168	1.3858969603e-168	1.3858969603e-168	1.3579674949e-72	1.4582011325e-153	1.5756893506e-131	1.3858969603e-168	1.3858969603e-168	1.3858969603e-168	1.0790590233e-23	6.4809976231e-07	7.5152228304e-08	4.7698006677e-62	1.3858969603e-168	9.9537870852e-63	1.3858969603e-168	1.8168213830e-37	3.3806215051e-142	4.8893443260e-15	1.3565689131e-06	3.7401737837e-57	3.1556133843e-145	2.2414512927e-126	7.3777748381e-100	6.8075628964e-70	3.5851314351e-18	2.1093170453e-07	6.4868439240e-24	2.8078494811e-29	1.1575556049e-04	3.3041305345e-45	2.6523409501e-38	2.7342268906e-43	1.0967551244e-69	3.7814420832e-68	1.1267777856e-96	9.2420666537e-103	1.8303568680e-28	6.0628728065e-30	2.6238672699e-04	7.6131247029e-48	1.4063790745e-16	1.0285231910e-63	8.2356107021e-80	2.2250606953e-04	5.6601464194e-117	3.0337657613e-127	1.2188744331e-122	4.8560623404e-77	5.2854817898e-54	2.1720321578e-41	1.8625570554e-50	1.8813763808e-83	5.5903729393e-46	1.7103867372e-54	7.9658082196e-82	8.3451867844e-69	3.8831477579e-86	4.4864100742e-66	3.0943828793e-59	1.1856202762e-20	7.7952126133e-81	1.0477584548e-94	3.0417540318e-32	2.2239653464e-48	1.2054522479e-36	1.0603239096e-42	5.3760268167e-44	1.5322716370e-61	2.2319618390e-27	2.1779196925e-06	1.0340747746e-15	6.1203794315e-20	2.2826844263e-43	1.4215169158e-40	9.5076076432e-40	3.5092623292e-54	2.7789332237e-48	1.2551093805e-44	2.9577204101e-55	1.0719482722e-40	3.2270280088e-59	3.4277442148e-21	1.0340747746e-15	2.2345128332e-36	1.6517077597e-48
