P               	T               	n_<tot>         	n_g             	m               	C               	H               	He              	N               	O               	S               	P               	Si              	Ti              	V               	Cl              	K               	Na              	Mg              	F               	Ca              	Fe              	e-              	CH              	HCN             	HNCO            	HCO             	CH2             	CH2_1           	H2CO            	CH3             	CH4             	CN              	NCO             	CN2_cnn         	CN2_ncn         	CO              	CO2             	C2              	C2H             	C2H2            	C2H3            	C2H4            	C2H5            	C2H6            	C2H4O           	CH2OH           	CH3O            	CH3OH           	CH3CO           	H2CCO           	HCCO            	C2N             	C2N2            	CCO             	C3              	C3O2            	C4              	C4H2            	C4N2            	NH              	HNO             	HNO2            	HNO3            	OH              	HO2             	H2              	NH2             	N2H2            	H2O             	NH3             	N2H4            	NO              	NO2             	NO3             	N2              	N2O             	N2O3            	N2O4            	N2O5            	O2              	O3              	N2H             	N2H3            	CH3NH2          	CH3NH           	CH2NH           	CH2NH2          	H2CN            	C3H2            	C3H4            	C3H5            	C3H7            	C3H8            	C4H             	C4H2            	C4H3            	C4H4            	C4H5            	C4H6            	C4H8            	C4H9            	C4H10           	CH2CN           	CH3CN           	CH3NO           	C3H3            	C3H6            	C2H3O           	CH3CHO          	C2H4OH          	CH2CO           	CH2CHO          	H2O2            	HC3N            	HC2N            	C2H2CN          	C2H3CN          	H2NN            	CH3O2           	CH3OOH          	C6H6            	C6H5            	CH3C2H          	TiO             	TiO2            	VO              	TiH             	TiC2            	TiN             	VC2             	VN              	TiC             	Cl2             	HCl             	HOCl            	CCl             	CHCl            	CH2Cl           	CH3Cl           	KH              	HF              	MgH             	S2              	H2S             	SO              	SO2             	S2O             	SO3             	COS             	CS              	HCS             	SH              	HS2             	SiO             	SiH             	NaH             	FeO             	FeO2            	Fe(OH)2         	O_1             	CH2_1           	N_2D            	CS2             	NS              	S3              	S4              	S8              	HSO             	HSO2            	HSO3            	H2SO4           	CH3S            	CH3SH           	P               	PH3             	P2O             	P2O2            	P2O3            	PH              	PH2             	PO              	PO2             	PO3             	H2POH           	H3PO4           	HOPO            	HOPO2           	HPO             	HPOH            	P2              	P4              	P2H2            	P2H4            	P2H3            	P4O6            	P2H             	H3PO3           	HPO2            	P2O4            	P2O5            
1.0000000000e+02	1.9018718310e+03	7.1052933962e+20	3.8083340074e+20	2.3133009533e+00	2.0806822994e-16	7.4892318514e-05	1.3551373628e-01	1.4564338795e-13	2.1892572901e-13	2.0187474731e-11	1.8064562000e-08	1.5707475126e-09	3.0647724808e-09	1.1579449502e-08	2.8273827508e-14	2.4355924048e-07	3.7632510264e-06	6.8533831121e-05	1.1980667471e-15	4.0307263846e-06	1.6302157308e-07	0.0000000000e+00	1.5286191518e-14	4.6757774162e-07	7.3562389212e-11	6.5063655339e-10	5.6792329470e-11	2.2454940035e-12	7.0264632600e-09	4.6743796615e-07	2.6889554743e-04	7.3606891342e-13	2.6877848979e-15	1.5280757131e-22	2.9989224031e-19	1.9511082160e-04	2.5319119653e-08	7.1285916677e-20	1.5379023902e-14	1.3412583268e-08	7.5521150347e-12	1.4106626999e-08	1.3176602961e-11	9.6471401181e-10	4.8248943179e-17	1.7372095496e-12	1.4871124998e-13	1.0976297830e-10	7.7145603597e-14	5.0964017594e-11	1.0475145859e-14	3.2706280322e-20	1.4138738859e-15	5.2368472840e-15	5.4985108915e-21	5.7659087074e-18	9.4893901075e-28	8.2537394722e-17	7.5603704728e-24	1.1523739050e-11	2.3002144115e-15	4.9364665905e-21	2.6203617695e-31	3.8396179552e-09	8.3628061413e-19	8.6318504521e-01	4.0708873315e-09	6.7680499328e-15	4.7206506292e-04	1.3818765233e-05	7.5949972042e-16	7.3353626670e-13	2.3929730598e-22	4.7299382971e-35	5.1273527330e-05	3.3681017996e-18	3.8095508098e-38	5.2681669453e-49	7.6124380806e-59	5.2217934486e-17	1.4120746546e-31	6.6691724828e-13	6.9215071699e-17	4.9683372501e-12	8.7805596948e-15	1.8188278959e-10	1.8551328460e-13	1.3266589606e-11	6.2965229636e-17	2.2697714680e-13	2.0610408736e-14	1.2044380423e-16	8.9413186698e-15	4.3430389280e-23	3.8946909140e-17	1.1985141338e-20	1.0081916413e-16	3.5009019979e-19	1.1464131845e-16	1.1744861881e-18	9.9006450062e-23	8.5538228621e-20	9.6903869191e-13	2.6161021883e-11	6.0840019301e-14	4.1757217789e-14	4.9178142906e-13	9.2637506458e-20	9.0512544821e-13	2.7863359227e-17	5.0964017594e-11	4.2804579286e-15	4.5402137388e-17	6.7931385758e-16	2.5502135771e-20	9.8539484416e-20	6.1567521092e-16	2.1885125660e-17	4.1637738327e-25	1.2111794839e-22	3.5482853213e-22	2.3560617218e-25	5.7269017825e-13	1.5437420135e-07	7.3145825128e-09	7.5346380461e-09	9.4145906221e-11	6.4031709689e-18	1.5377354813e-13	1.0199236267e-17	1.3092681199e-12	5.6961622932e-15	3.4461747768e-07	4.3351565841e-10	1.4060576148e-20	2.0810147793e-22	1.2941372964e-20	3.1378762213e-18	4.8625326920e-16	7.3885164908e-09	5.3664033064e-08	2.0202055754e-07	1.0391480345e-11	2.2669423899e-05	1.8308089388e-12	2.2042987407e-15	3.9336654946e-17	1.1911491483e-24	2.1688106296e-10	1.2987469748e-10	4.6493025724e-12	1.4841538552e-07	2.9275265997e-12	6.6716893761e-05	2.1092278362e-08	8.7835869949e-08	1.3891737088e-12	1.4704994358e-18	5.6432661709e-05	7.8496062345e-19	2.2454940035e-12	1.3985748937e-15	2.8105482715e-13	2.9530929668e-13	2.8497913457e-18	1.3392405099e-25	1.5815874249e-50	2.1742978444e-13	8.0822747474e-18	4.8599047814e-26	1.8933689448e-30	1.3505240387e-12	5.9937093449e-11	7.0378538257e-10	4.1578075674e-07	3.1476911551e-20	2.0725821978e-24	4.7517708739e-19	1.7533172460e-08	9.8105104877e-08	5.7773676251e-10	7.4642364595e-14	9.8597949194e-20	5.2192300229e-11	2.5490508044e-19	1.9897744169e-10	1.8132256348e-15	3.5351038206e-11	2.6642116695e-11	1.3411076751e-09	1.9547530167e-18	1.1589566657e-12	2.1501841259e-14	1.0589368915e-14	4.2657557081e-42	2.1662451273e-12	3.1646981399e-17	1.9897744169e-10	1.4171900135e-24	1.0720139866e-28
6.5512855700e+01	1.8231143065e+03	4.8558011109e+20	2.6027287451e+20	2.3132210598e+00	4.9306148770e-17	4.9854546905e-05	1.3550905428e-01	4.9295710745e-14	7.9898793818e-14	1.1990990909e-11	1.6556457666e-08	7.2068417615e-10	1.9758946173e-09	1.0189317081e-08	2.1650321719e-14	2.4550016593e-07	3.7857212776e-06	6.8602518129e-05	5.5038130297e-16	4.0305871400e-06	1.0915461386e-07	0.0000000000e+00	4.1181576671e-15	3.6729095678e-07	5.5232511607e-11	3.8797290398e-10	2.2063839224e-11	7.8950428482e-13	5.1695771188e-09	2.8877414681e-07	2.4711971193e-04	3.1133477598e-13	1.2416845002e-15	3.0348590062e-23	8.5723964423e-20	2.1716582650e-04	2.8947411142e-08	1.3830094810e-20	4.9660781599e-15	8.8876070511e-09	3.4161186538e-12	1.0185271225e-08	6.4747863673e-12	6.7070154785e-10	2.2070436139e-17	8.0804185882e-13	6.2016161256e-14	6.9213194801e-11	3.8330335227e-14	3.4839466838e-11	4.7258892264e-15	7.6747977688e-21	7.5302715510e-16	1.8543787554e-15	1.1858750439e-21	3.5015539753e-18	1.2959573980e-28	3.5985981253e-17	2.6715448256e-24	4.4124608275e-12	8.5160570482e-16	1.4204501350e-21	4.1520306770e-32	2.0679085654e-09	2.3288216127e-19	8.6323849430e-01	2.0245435271e-09	2.5669360624e-15	4.4986081203e-04	1.0709841195e-05	2.6339198503e-16	3.4396074672e-13	6.2754923139e-23	5.2727784526e-36	5.2877197553e-05	1.3104022985e-18	3.3082764680e-39	2.6414270450e-50	1.8155210932e-60	1.8354255135e-17	1.5947193712e-32	2.8175319123e-13	2.0783444698e-17	2.6236059597e-12	3.2931744244e-15	1.0823671938e-10	7.5416114374e-14	6.4110576352e-12	2.2633102544e-17	1.2256388355e-13	9.6602508361e-15	4.5124335697e-17	4.7699868984e-15	9.5723163014e-24	1.6504937822e-17	3.3434428555e-21	4.6224748118e-17	1.1858012436e-19	5.7110965965e-17	5.3869492639e-19	2.8720730347e-23	3.4897951704e-20	4.8510733539e-13	1.7803577081e-11	3.6774300281e-14	1.7693135830e-14	2.8280752972e-13	2.8842442992e-20	5.6829106704e-13	9.6209053005e-18	3.4839466838e-11	2.0038899844e-15	1.5384120491e-17	3.3979999026e-16	5.9049839038e-21	3.3580297601e-20	3.4827185911e-16	6.5972505858e-18	8.4415410775e-26	3.0174335753e-23	2.2890551476e-22	9.3172625848e-26	3.1531028096e-13	1.5363284123e-07	9.1867441855e-09	8.9244753298e-09	4.6603493842e-11	2.5097732493e-18	8.1065197674e-14	5.5137359891e-18	9.4405451930e-13	2.3314118454e-15	3.4454603390e-07	4.9304609610e-10	7.3700076340e-21	7.6931719025e-23	5.5575650810e-21	1.8115195065e-18	3.9833266780e-16	5.4389218503e-09	5.3662179845e-08	1.3095901479e-07	9.7023115981e-12	2.2700672261e-05	1.2352279380e-12	1.6265471893e-15	2.9192519086e-17	5.4498794444e-25	2.4099659593e-10	9.6775840647e-11	2.7991387238e-12	1.1641703825e-07	2.3820309157e-12	6.6726639512e-05	9.8910200179e-09	6.5232579934e-08	7.1182684855e-13	5.7998711582e-19	5.6484574203e-05	1.7093737717e-19	7.8950428482e-13	2.3925554874e-16	2.9866394107e-13	1.6595814812e-13	2.3708255253e-18	1.0438197734e-25	8.8551804915e-51	1.2863330074e-13	4.1051083967e-18	1.6113070672e-26	6.6119561385e-31	8.2401469517e-13	4.4450909316e-11	5.8159720356e-10	4.2676169907e-07	3.0083249148e-20	1.4938590231e-24	8.4210990340e-19	1.5013309641e-08	8.9139093431e-08	5.9321260841e-10	7.3850308069e-14	7.1949404222e-20	4.6932505959e-11	2.9108271615e-19	2.6320895906e-10	2.2140663660e-15	3.1975243044e-11	2.2005614485e-11	2.3333111624e-09	6.7256382529e-18	1.3787859436e-12	2.0908536108e-14	1.0316742659e-14	1.5520357391e-41	2.4542063101e-12	2.9620781113e-17	2.6320895906e-10	2.3369338372e-24	1.3903425834e-28
4.2919342600e+01	1.7476181730e+03	3.3184915832e+20	1.7787822455e+20	2.3131462451e+00	1.0638067389e-17	3.2340441934e-05	1.3550467127e-01	1.5716314833e-14	2.7598386533e-14	6.8366648256e-12	1.4656614436e-08	3.1789742072e-10	1.2353344341e-09	8.6850076188e-09	1.6327423945e-14	2.4695131697e-07	3.8026306365e-06	6.8647185197e-05	2.4249276451e-16	4.0304567741e-06	7.0202711005e-08	0.0000000000e+00	1.0250511656e-15	2.8058139743e-07	4.0506422226e-11	2.2250877238e-10	8.1177770422e-12	2.6169872319e-13	3.7280240344e-09	1.7401398866e-07	2.2789894929e-04	1.2345146177e-13	5.4375392324e-16	5.5015968357e-24	2.2720779813e-20	2.3658397550e-04	3.2673026555e-08	2.3881610468e-21	1.4744690610e-15	5.6383089364e-09	1.4680647906e-12	7.2015723016e-09	3.0930825646e-12	4.6478491178e-10	9.7656376473e-18	3.6439038577e-13	2.4997770506e-14	4.3309583836e-11	1.8307105695e-14	2.2976000066e-11	2.0008624383e-15	1.6252781242e-21	3.7718562359e-16	6.0725997189e-16	2.2539749198e-22	1.9912594992e-18	1.5132966180e-29	1.4377908755e-17	8.5003577901e-25	1.6137118860e-12	3.0299133892e-16	3.9089059360e-22	6.1760777508e-33	1.0809619679e-09	6.1586199568e-20	8.6328109356e-01	9.8160151914e-10	9.4494698408e-16	4.3032783466e-04	8.3264092551e-06	8.9865930120e-17	1.5494737524e-13	1.5524616364e-23	5.3830479364e-37	5.4110937753e-05	4.8877848548e-19	2.6158957655e-40	1.1867002863e-51	3.7816817348e-62	6.1317390276e-18	1.6427752189e-33	1.1471970184e-13	6.0437139421e-18	1.3764039312e-12	1.1977503587e-15	6.3084402445e-11	2.9827126390e-14	2.9777044075e-12	7.4820450649e-18	6.3202005831e-14	4.3414340570e-15	1.6353001962e-17	2.5245971562e-15	1.8583871565e-24	6.4018841623e-18	8.4607970864e-22	1.9835799134e-17	3.7471868654e-20	2.7241063519e-17	2.4047990408e-19	8.0282794036e-24	1.4058814958e-20	2.3083341069e-13	1.1784591296e-11	2.1944600892e-14	7.0150449163e-15	1.5875503138e-13	8.4576146628e-21	3.4964102920e-13	3.2018817865e-18	2.2976000066e-11	8.9930369461e-16	5.0394886817e-18	1.5799817988e-16	1.2456451334e-21	1.0550794624e-20	1.8748798043e-16	1.9076805760e-18	1.6142709078e-26	7.2185927552e-24	1.3955771421e-22	3.3755380252e-26	1.6590216851e-13	1.5192608068e-07	1.1653043068e-08	1.0428454361e-08	2.2335008104e-11	9.0619709494e-19	4.1166570581e-14	2.7448751597e-18	6.5623750622e-13	8.9140442062e-16	3.4446137314e-07	5.6655225710e-10	3.7981005643e-21	2.6757758093e-23	2.2818850912e-21	1.0223766621e-18	3.2706494623e-16	3.9796543971e-09	5.3660444496e-08	8.4068821217e-08	8.8612750602e-12	2.2726890701e-05	8.0922417585e-13	1.1774828966e-15	2.1110058203e-17	2.4138075045e-25	2.6227349143e-10	6.8903069657e-11	1.6101676147e-12	8.9488763898e-08	1.9021519517e-12	6.6730271165e-05	4.5035931594e-09	4.8198665203e-08	3.4824087478e-13	2.1736470501e-19	5.6521695993e-05	3.4453586426e-20	2.6169872319e-13	3.7536821504e-17	3.0812840377e-13	8.9692493082e-14	1.9181409040e-18	7.8946945970e-26	4.7677054500e-51	7.4151322953e-14	2.0310641199e-18	5.1472039842e-27	2.2709039520e-31	4.9050290327e-13	3.2724854820e-11	4.6213412943e-10	4.3735855388e-07	2.7594968713e-20	1.0295998736e-24	1.4947808022e-18	1.2491221915e-08	7.9618040408e-08	5.9462127055e-10	7.1681191777e-14	5.1224364962e-20	4.2164502594e-11	3.4245485836e-19	3.4918510664e-10	2.7222233941e-15	2.8346488616e-11	1.7914446490e-11	3.9762364625e-09	2.2771698739e-17	1.6119883439e-12	2.0219956646e-14	9.8792187452e-15	5.8290300437e-41	2.6987612854e-12	2.8107990691e-17	3.4918510664e-10	3.8768100869e-24	1.8090181801e-28
2.8117687000e+01	1.6752483746e+03	2.2678905725e+20	1.2156726996e+20	2.3130796585e+00	2.0875445940e-18	2.0421627442e-05	1.3550077028e-01	4.7131451903e-15	9.0118566694e-15	3.7351097755e-12	1.2485976308e-08	1.3442976486e-10	7.4648007012e-10	7.1324443117e-09	1.2118931497e-14	2.4802842261e-07	3.8152804630e-06	6.8675846787e-05	1.0228578048e-16	4.0303407453e-06	4.3194862505e-08	0.0000000000e+00	2.3562790216e-16	2.0906221452e-07	2.9141699109e-11	1.2304251353e-10	2.8302763070e-12	8.1814783260e-14	2.6437861289e-09	1.0247391355e-07	2.1153038520e-04	4.5952366084e-14	2.2640687941e-16	9.1161655351e-25	5.5955061828e-21	2.5308867515e-04	3.6581822742e-08	3.6738937902e-22	4.0346833207e-16	3.4384506795e-09	6.0161010106e-13	5.0113271080e-09	1.4431932413e-12	3.2288165190e-10	4.2033996702e-18	1.5976119183e-13	9.7654798954e-15	2.6993975790e-11	8.4505638723e-15	1.4699162166e-11	7.9850089384e-16	3.1146402117e-22	1.7869097132e-16	1.8459763858e-16	3.7888762484e-23	1.0694366739e-18	1.5186401806e-30	5.3073924990e-18	2.4593009497e-25	5.6321474255e-13	1.0364675239e-16	1.0303798729e-22	8.6414900417e-34	5.4837004285e-10	1.5467755898e-20	8.6331440245e-01	4.6400958756e-10	3.3794101699e-16	4.1373567344e-04	6.5017298804e-06	3.0212422808e-17	6.7099631308e-14	3.6265573252e-24	5.0376633563e-38	5.5057637468e-05	1.7508301039e-19	1.8868501612e-41	4.7884156105e-53	6.8965207298e-64	1.9472773214e-18	1.5425168055e-34	4.5050985562e-14	1.7034890656e-18	7.2010239941e-13	4.2361201501e-16	3.6125341254e-11	1.1509782285e-14	1.3324990128e-12	2.2868724840e-18	3.1338817106e-14	1.8840153915e-15	5.7750309330e-18	1.3368955302e-15	3.1986007330e-25	2.2912661666e-18	1.9572062689e-22	8.0385484603e-18	1.1145958578e-20	1.2565094251e-17	1.0560116130e-19	2.1844005416e-24	5.6555365441e-21	1.0492253052e-13	7.6318655045e-12	1.2988987286e-14	2.6184330474e-15	8.7672826192e-14	2.3463355585e-21	2.1210681820e-13	1.0327178370e-18	1.4699162166e-11	3.8893529900e-16	1.5973145156e-18	6.8767301343e-17	2.4014029226e-22	3.0766413200e-21	9.6818237371e-17	5.2941527683e-19	2.9197484970e-27	1.6641405543e-24	8.1653480076e-23	1.1361774612e-26	8.3997589804e-14	1.4913325058e-07	1.4942009642e-08	1.1980685813e-08	1.0329224085e-11	3.0160982672e-19	2.0094878517e-14	1.2565791449e-18	4.3783747936e-13	3.1780329964e-16	3.4435996095e-07	6.5803603688e-10	1.9252524488e-21	8.7592354451e-24	8.9677820511e-22	5.6519787966e-19	2.6998380105e-16	2.8953249528e-09	5.3658899858e-08	5.3428594468e-08	7.9097607190e-12	2.2748385888e-05	5.1473537109e-13	8.3757911501e-16	1.4877567528e-17	1.0372174216e-25	2.8047548704e-10	4.6925871168e-11	8.8592095777e-13	6.7356375499e-08	1.4896464099e-12	6.6731050859e-05	1.9861965125e-09	3.5437980970e-08	1.6215726630e-13	7.7245689432e-20	5.6547074860e-05	6.4136926640e-21	8.1814783260e-14	5.3872117990e-18	3.0919408862e-13	4.6596675405e-14	1.5076895968e-18	5.7879916224e-26	2.4659128315e-51	4.1655091909e-14	9.8013901920e-19	1.5873358746e-27	7.7017617335e-32	2.8540419737e-13	2.3979271662e-11	3.5171067995e-10	4.4650997899e-07	2.4173922448e-20	6.7588518381e-25	2.6555117184e-18	1.0063373372e-08	6.9702044288e-08	5.8067214122e-10	6.8212282843e-14	3.5591655954e-20	3.7806021476e-11	4.1667242525e-19	4.6473389616e-10	3.3757670058e-15	2.4583546995e-11	1.4350673918e-11	6.6018788923e-09	7.5156972559e-17	1.8425802336e-12	1.9356316169e-14	9.2499089075e-15	2.2592130949e-40	2.8642126464e-12	2.7094037997e-17	4.6473389616e-10	6.4740297906e-24	2.3653181363e-28
1.8420699700e+01	1.6058754480e+03	1.5499061306e+20	8.3082688440e+19	2.3130233290e+00	3.7204157944e-19	1.2538540857e-05	1.3549747022e-01	1.3271589916e-15	2.7773741839e-15	1.9519078950e-12	1.0194218501e-08	5.4354044345e-11	4.3424365002e-10	5.6185528597e-09	8.8472812809e-15	2.4882276967e-07	3.8246940321e-06	6.8693996484e-05	4.1229566638e-17	4.0302425900e-06	2.5338454459e-08	0.0000000000e+00	4.9978375380e-17	1.5229980448e-07	2.0637896256e-11	6.5725354887e-11	9.3536623350e-13	2.4125475734e-14	1.8486587576e-09	5.9065576741e-08	1.9814362431e-04	1.6068794323e-14	8.9825103280e-17	1.3814188666e-25	1.2819601551e-21	2.6656715892e-04	4.0787240356e-08	5.0365283062e-23	1.0192491707e-16	2.0227835668e-09	2.3583498744e-13	3.4474049079e-09	6.6041627779e-13	2.2603118200e-10	1.7684045031e-18	6.8249371594e-14	3.7048540334e-15	1.6811635635e-11	3.7871096662e-15	9.1659040027e-12	3.0142645563e-16	5.4113811767e-23	8.0433293663e-17	5.2236927009e-17	5.6475512684e-24	5.4625655941e-19	1.3148460098e-31	1.8229058976e-18	6.5226069016e-26	1.8737806439e-13	3.4083059163e-17	2.6032334238e-23	1.1380745094e-34	2.6983889718e-10	3.6870433204e-21	8.6333982107e-01	2.1378614077e-10	1.1745051391e-16	4.0019015915e-04	5.1040717602e-06	1.0018604191e-17	2.7932009647e-14	7.9995234295e-25	4.3195916251e-39	5.5783564688e-05	6.0274522989e-20	1.2417518253e-42	1.7359482591e-54	1.1011609324e-65	5.8750968384e-19	1.3178106796e-35	1.7066063622e-14	4.6552694110e-19	3.7692785973e-13	1.4600473545e-16	2.0379206230e-11	4.3434999801e-15	5.7555846393e-13	6.4916320738e-19	1.5033918297e-14	7.9444946861e-16	2.0005773216e-18	7.1381671486e-16	4.9067934427e-26	7.6202287148e-19	4.1661233948e-23	3.1010668902e-18	3.1451808299e-21	5.6547481547e-18	4.6056798471e-20	5.8380947839e-25	2.2951893360e-21	4.5744367861e-14	4.8603759402e-12	7.6551351276e-15	9.2494610359e-16	4.7968852378e-14	6.1804750015e-22	1.2755461829e-13	3.2430163811e-19	9.1659040027e-12	1.6281652120e-16	4.8994394843e-19	2.8181686405e-17	4.2403783557e-23	8.3722949778e-22	4.8289557132e-17	1.4099030522e-19	5.0036811256e-28	3.7065309606e-25	4.6486893495e-23	3.5976498490e-27	4.1176277998e-14	1.4502866333e-07	1.9360567789e-08	1.3494270273e-08	4.5913164681e-12	9.2484174805e-20	9.4000112538e-15	5.2845361007e-19	2.7933591332e-13	1.0535766913e-16	3.4423672295e-07	7.7287475773e-10	9.5998108922e-22	2.6987519905e-24	3.3759751787e-22	3.0658445686e-19	2.2467916894e-16	2.0948668703e-09	5.3657593106e-08	3.3605058231e-08	6.8943197131e-12	2.2765599901e-05	3.1776763216e-13	5.8597656990e-16	1.0217127806e-17	4.3291365206e-26	2.9554509789e-10	3.0593636613e-11	4.6658597403e-13	4.9599709810e-08	1.1432581804e-12	6.6730645299e-05	8.4660633105e-10	2.5930631094e-08	7.1666081634e-14	2.5973589652e-20	5.6563553153e-05	1.0998246535e-21	2.4125475734e-14	7.0516473305e-19	3.0224702274e-13	2.3252001568e-14	1.1501201188e-18	4.1090320301e-26	1.2239451870e-51	2.2797955790e-14	4.6161037921e-19	4.7302517336e-28	2.5862964330e-32	1.6259628299e-13	1.7530645644e-11	2.5527209431e-10	4.5292029711e-07	2.0102200945e-20	4.2033109384e-25	4.7100789670e-18	7.8201935432e-09	5.9611369743e-08	5.5091397017e-10	6.3532658072e-14	2.4109239275e-20	3.3771991465e-11	5.2548121148e-19	6.2008875304e-10	4.2236897502e-15	2.0803128801e-11	1.1285769503e-11	1.0615712254e-08	2.3918690745e-16	2.0471019748e-12	1.8243991871e-14	8.4177507787e-15	9.0042482772e-40	2.9150605704e-12	2.6546586783e-17	6.2008875304e-10	1.0868075894e-23	3.1059053986e-28
1.2067926400e+01	1.5393752913e+03	1.0592314257e+20	5.6781180631e+19	2.3129785078e+00	6.0103933066e-20	7.4765883362e-06	1.3549484442e-01	3.5017827459e-16	8.0627633274e-16	9.7389059619e-13	7.9428383749e-09	2.0962162912e-11	2.4197156611e-10	4.2333160300e-09	6.3481127273e-15	2.4940524321e-07	3.8316665385e-06	6.8705359469e-05	1.5850403457e-17	4.0301644891e-06	1.4128733264e-08	0.0000000000e+00	9.7692066205e-18	1.0867824829e-07	1.4425578659e-11	3.3956015801e-11	2.9298955034e-13	6.7080067586e-15	1.2772352783e-09	3.3364957934e-08	1.8776772923e-04	5.2794550732e-15	3.4000694359e-17	1.9137490171e-26	2.7334170846e-22	2.7700344102e-04	4.5424268439e-08	6.1497560120e-24	2.3794644372e-17	1.1512021975e-09	8.8654592347e-14	2.3535499710e-09	2.9743426016e-13	1.6019047911e-10	7.2999515245e-19	2.8453367795e-14	1.3669507573e-15	1.0489013855e-11	1.6537008053e-15	5.5921766932e-12	1.0790621360e-16	8.5314178047e-24	3.4520877166e-17	1.3785718096e-17	7.4759971045e-25	2.6684333940e-19	9.8460113162e-33	5.8595165425e-19	1.5961278315e-26	5.9338060590e-14	1.0766364268e-17	6.3024443606e-24	1.4101168179e-35	1.2868976111e-10	8.3304663336e-22	8.6335853060e-01	9.5954469119e-11	3.9663582963e-17	3.8970133302e-04	4.0314241868e-06	3.2787622142e-18	1.1170791637e-14	1.6647952568e-25	3.3881572948e-40	5.6340635171e-05	1.9943384456e-20	7.4473606494e-44	5.6467581073e-56	1.5363862829e-67	1.6819604757e-19	1.0215347777e-36	6.2344048675e-15	1.2332360916e-19	1.9794102495e-13	4.9121663417e-17	1.1349205098e-11	1.6058541065e-15	2.4027820157e-13	1.7173794219e-19	7.0136954407e-15	3.2726338468e-16	6.8371111788e-19	3.8692777001e-16	6.7354880943e-27	2.3685227976e-19	8.2033632644e-24	1.1464587827e-18	8.4749922776e-22	2.5021037046e-18	2.0119429477e-20	1.5447455863e-25	9.4823258442e-22	1.9192291904e-14	3.0569904645e-12	4.5059852875e-15	3.1053658336e-16	2.6162128394e-14	1.5498596587e-22	7.6382370739e-14	9.9521072397e-20	5.5921766932e-12	6.6203779310e-17	1.4536235007e-19	1.0925850145e-17	6.8672893989e-24	2.1352975940e-22	2.3396699818e-17	3.6011008351e-20	8.1313094020e-29	7.9892889451e-26	2.6064549373e-23	1.0831179130e-27	1.9644940402e-14	1.3927755020e-07	2.5303403642e-08	1.4879246045e-08	1.9517951578e-12	2.6070010780e-20	4.1959519867e-15	2.0414215944e-19	1.7000753542e-13	3.2345495076e-17	3.4408454845e-07	9.1836594816e-10	4.7074710587e-22	7.8230180026e-25	1.2179174047e-22	1.6340028283e-19	1.8896785281e-16	1.5075308695e-09	5.3656553316e-08	2.0910221784e-08	5.8625315066e-12	2.2779064129e-05	1.9025082414e-13	4.0334128203e-16	6.8340869251e-18	1.7556441471e-26	3.0752610752e-10	1.9102227755e-11	2.3532146733e-13	3.5701664370e-08	8.5921833082e-13	6.6729884050e-05	3.4807656514e-10	1.8883504590e-08	2.9981965210e-14	8.2447668085e-21	5.6573666297e-05	1.7320649117e-22	6.7080067586e-15	8.3905861732e-20	2.8818350450e-13	1.1133404057e-14	8.5057753474e-19	2.8216258031e-26	5.8240533584e-52	1.2149596812e-14	2.1217500123e-19	1.3622376326e-28	8.6130771588e-33	9.0817510509e-14	1.2813761788e-11	1.7590333056e-10	4.5521391652e-07	1.5763311973e-20	2.4611260550e-25	8.3124315130e-18	5.8382592992e-09	4.9631822043e-08	5.0619757383e-10	5.7781380539e-14	1.5889480976e-20	2.9992322248e-11	6.8765458185e-19	8.2839366275e-10	5.3290421133e-15	1.7125840345e-11	8.6895382126e-12	1.6428673651e-08	7.2576112958e-16	2.1970757112e-12	1.6836115076e-14	7.3994353861e-15	3.6701343418e-39	2.8261279909e-12	2.6432096877e-17	8.2839366275e-10	1.8292134237e-23	4.0869260256e-28
7.9060432100e+00	1.4756289414e+03	7.2390007947e+19	3.8805947889e+19	2.3129459654e+00	8.7805795936e-21	4.3243902313e-06	1.3549293799e-01	8.6377624112e-17	2.1997239626e-16	4.6304446751e-13	5.8823485155e-09	7.6930304634e-12	1.2832809011e-10	3.0476708655e-09	4.4734538513e-15	2.4983021084e-07	3.8368101487e-06	6.8712436580e-05	5.8000910832e-18	4.0301077849e-06	7.4687242982e-09	0.0000000000e+00	1.7566960658e-18	7.6066790668e-08	9.9717247075e-12	1.6977833376e-11	8.6937558553e-14	1.7573267061e-15	8.7321787247e-10	1.8486722098e-08	1.8038839023e-04	1.6290729676e-15	1.2285428499e-17	2.4211007096e-27	5.4223774947e-23	2.8442158369e-04	5.0647064282e-08	6.6789697785e-25	5.1343196187e-18	6.3517662003e-10	3.2014262841e-14	1.5996324422e-09	1.3220630697e-13	1.1538934395e-10	2.9654495909e-19	1.1587897376e-14	4.9090571171e-16	6.5693465307e-12	7.0550307490e-16	3.3478724769e-12	3.6691167517e-17	1.2204373015e-24	1.4161839967e-17	3.3958482709e-18	8.7918933922e-26	1.2516727074e-19	6.3825513399e-34	1.7703435269e-19	3.6206767630e-27	1.7856311515e-14	3.2632961694e-18	1.4608954387e-24	1.6415814369e-36	5.9418254213e-11	1.7807981599e-22	8.6337146416e-01	4.1925017422e-11	1.3008967530e-17	3.8224011365e-04	3.2057628487e-06	1.0592674898e-18	4.2878425872e-15	3.2638704801e-26	2.4248824719e-41	5.6768982295e-05	6.3389261332e-21	4.0613524476e-45	1.6437752199e-57	1.8666489412e-69	4.5612445812e-20	7.1600296585e-38	2.1948668004e-15	3.1653354878e-20	1.0452318370e-13	1.6149732016e-17	6.2494701177e-12	5.8239030365e-16	9.7022306940e-14	4.2442083794e-20	3.1951438843e-15	1.3226188527e-16	2.3159008143e-19	2.1416977382e-16	8.2932916093e-28	6.9097496736e-20	1.4999117905e-24	4.0832695895e-19	2.1919177185e-22	1.0954078722e-18	8.8654805676e-21	4.0729158918e-26	4.0189212823e-22	7.7673871013e-15	1.9054569384e-12	2.6552998422e-15	9.9405380475e-17	1.4296168493e-14	3.7061959168e-23	4.5708977174e-14	2.9928298690e-20	3.3478724769e-12	2.6214207321e-17	4.1677254443e-20	4.0211975475e-18	1.0203793140e-24	5.1196466711e-23	1.1061919669e-17	8.8130848632e-21	1.2529672075e-29	1.6679360147e-26	1.4536781456e-23	3.1268872154e-28	9.1595125062e-15	1.3145490283e-07	3.3238541195e-08	1.6064693662e-08	7.8845336326e-13	6.7263777408e-21	1.7769207892e-15	7.2513607498e-20	9.8639024775e-14	9.1417418098e-18	3.4389354678e-07	1.1045153506e-09	2.2690954110e-22	2.1317672048e-25	4.2105855569e-23	8.5651812860e-20	1.6097021411e-16	1.0790329080e-09	5.3655798381e-08	1.2866135528e-08	4.8588934651e-12	2.2789353839e-05	1.1035894451e-13	2.7313137109e-16	4.4492394066e-18	6.9155960418e-27	3.1649795378e-10	1.1423159610e-11	1.1365518079e-13	2.5096354028e-08	6.3186706356e-13	6.6729168720e-05	1.3778364694e-10	1.3685717358e-08	1.1843257762e-14	2.4648207399e-21	5.6579530136e-05	2.4966626688e-23	1.7573267061e-15	9.0425466453e-21	2.6825066027e-13	5.1088721016e-15	6.0918763964e-19	1.8720868408e-26	2.6541583355e-52	6.2996792372e-15	9.5138675688e-20	3.7889562268e-29	2.8468482682e-33	4.9779716248e-14	9.3807280347e-12	1.1459391003e-10	4.5222744438e-07	1.1583862431e-20	1.3486093191e-25	1.4547528363e-17	4.1717374145e-09	4.0101788737e-08	4.4905368724e-10	5.1188135540e-14	1.0165236451e-20	2.6427168524e-11	9.3440877368e-19	1.1065208740e-09	6.7748701276e-15	1.3675825600e-11	6.5332473545e-12	2.4332387084e-08	2.0787265376e-15	2.2654684896e-12	1.5136891508e-14	6.2475917158e-15	1.5218189504e-38	2.5941826662e-12	2.6732232616e-17	1.1065208740e-09	3.0783174606e-23	5.3756599795e-28
5.1794746800e+00	1.4145223618e+03	4.9473062870e+19	2.6521139128e+19	2.3129262412e+00	1.1565477001e-21	2.4229969925e-06	1.3549178250e-01	1.9868037157e-17	5.6258253188e-17	2.0937757215e-13	4.1275400758e-09	2.6805539926e-12	6.4239457836e-11	2.0978882980e-09	3.0935786003e-15	2.5013896205e-07	3.8405925590e-06	6.8716891899e-05	2.0159486422e-18	4.0300734162e-06	3.7336385730e-09	0.0000000000e+00	2.8993587622e-19	5.2266184754e-08	6.8257467298e-12	8.2158900926e-12	2.4412088761e-14	4.3321964237e-16	5.9132905664e-10	1.0051618915e-08	1.7599239171e-04	4.7162524055e-16	4.2367373724e-18	2.7919487840e-28	9.9970829896e-24	2.8884185946e-04	5.6629037340e-08	6.4368067095e-26	1.0232316603e-18	3.4020953347e-10	1.1115210062e-14	1.0849626485e-09	5.8111062806e-14	8.4750473758e-11	1.1878385421e-19	4.6120465773e-15	1.7163903326e-16	4.1364193248e-12	2.9456850290e-16	1.9705691586e-12	1.1857346951e-17	1.5823786215e-25	5.5612793383e-18	7.8065216565e-19	9.1761136147e-27	5.6521209361e-20	3.5783828877e-35	5.0410868587e-20	7.6351567291e-28	5.0966364797e-15	9.4770919353e-19	3.2380265454e-25	1.7920189794e-37	2.6526256905e-11	3.5939178012e-23	8.6337930164e-01	1.7816637873e-11	4.1407531578e-18	3.7778216933e-04	2.5678492558e-06	3.3783219475e-19	1.5776312743e-15	6.0161746487e-27	1.5784517322e-42	5.7099356778e-05	1.9336674927e-21	2.0078512637e-46	4.2669748758e-59	1.9657629585e-71	1.1692634805e-20	4.5194727593e-39	7.4400000734e-16	7.8654592443e-21	5.5598013122e-14	5.1914278567e-18	3.4063849391e-12	2.0733884262e-16	3.7901134200e-14	9.8086941955e-21	1.4254917537e-15	5.2603554823e-17	7.8017982845e-20	1.2162043281e-16	9.1659692431e-29	1.8970033038e-20	2.5519978010e-25	1.4062135380e-19	5.4604048889e-23	4.7673533591e-19	3.9623332795e-21	1.0753606658e-26	1.7582769603e-22	3.0367910952e-15	1.1800285350e-12	1.5691975183e-15	3.0398383771e-17	7.8578865733e-15	8.4571543194e-24	2.7408102128e-14	8.8356616913e-21	1.9705691586e-12	1.0123976814e-17	1.1532766274e-20	1.4079741077e-18	1.3900995544e-25	1.1558978812e-23	5.1201761387e-18	2.0641174261e-21	1.8292723013e-30	3.3731396931e-27	8.1266181686e-24	8.7094135643e-29	4.1858669169e-15	1.2111851114e-07	4.3638105269e-08	1.7014357269e-08	3.0016951158e-13	1.5773668505e-21	7.0837209549e-16	2.3730084076e-20	5.4609581762e-14	2.3590631865e-18	3.4364993317e-07	1.3451882255e-09	1.0744109332e-22	5.4535835631e-26	1.3943556684e-23	4.4181816107e-20	1.3912391764e-16	7.6814195658e-10	5.3655340809e-08	7.8247284593e-09	3.9212708312e-12	2.2797047565e-05	6.1950697229e-14	1.8189394797e-16	2.8168912011e-18	2.6438598220e-27	3.2252420424e-10	6.5397033220e-12	5.2543953913e-14	1.7212085340e-08	4.5432195655e-13	6.6728690033e-05	5.2417175404e-11	9.8704701337e-09	4.4061254075e-15	6.9227428319e-22	5.6582782657e-05	3.2818085617e-24	4.3321964237e-16	8.7919921635e-22	2.4388669610e-13	2.2435979973e-15	4.2205248546e-19	1.1987360270e-26	1.1572144779e-52	3.1749695709e-15	4.1585617771e-20	1.0167814424e-29	9.3409100037e-34	2.6791165018e-14	6.8876849596e-12	7.0335517737e-11	4.4336763325e-07	7.9400362306e-21	6.8840049349e-26	2.5196801754e-17	2.8447715700e-09	3.1370840790e-08	3.8368869622e-10	4.4088495475e-14	6.3006640841e-21	2.3074193167e-11	1.3198975259e-18	1.4767228923e-09	8.6760360004e-15	1.0570046401e-11	4.7873730763e-12	3.4355381798e-08	5.5836037978e-15	2.2358093461e-12	1.3216011401e-14	5.0471196390e-15	6.4033184558e-38	2.2447524438e-12	2.7462169359e-17	1.4767228923e-09	5.1718169970e-23	7.0581505365e-28
3.3932217700e+00	1.3559462381e+03	3.3811269224e+19	1.8125335373e+19	2.3129198414e+00	1.3685762704e-22	1.3134228560e-06	1.3549140759e-01	4.2497182310e-18	1.3450987087e-17	8.9852489823e-14	2.7387043626e-09	8.8474687429e-13	3.0038772518e-11	1.3832896352e-09	2.0976598945e-15	2.5036260438e-07	3.8433688911e-06	6.8719825317e-05	6.6408268831e-19	4.0300622647e-06	1.7607937761e-09	0.0000000000e+00	4.3795450468e-20	3.5265392848e-08	4.6300368702e-12	3.8460202074e-12	6.4769319425e-15	1.0031823377e-16	3.9680352982e-10	5.3629803194e-09	1.7460013963e-04	1.2789430261e-16	1.3933125106e-18	2.9271432972e-29	1.7099980332e-24	2.9024885845e-04	6.3563279730e-08	5.4860683807e-27	1.8801670406e-19	1.7696053760e-10	3.7101920281e-15	7.3545343034e-10	2.5285717253e-14	6.3618058189e-11	4.6963091532e-20	1.7936613343e-15	5.8407632839e-17	2.6210118836e-12	1.2045939750e-16	1.1415034237e-12	3.6403023479e-18	1.8554267658e-26	2.0912175480e-18	1.6727015491e-19	8.4782067483e-28	2.4596413384e-20	1.7301625863e-36	1.3540596349e-20	1.4980035095e-28	1.3769710791e-15	2.6326951641e-19	6.8516324811e-26	1.8300406979e-38	1.1433949760e-11	6.8308057858e-24	8.6338248076e-01	7.3567933797e-12	1.2778430206e-18	3.7633988330e-04	2.0728881158e-06	1.0634590368e-19	5.5555111471e-16	1.0401980615e-27	9.3107800810e-44	5.7355183503e-05	5.6541053030e-22	8.9667532904e-48	9.8355321055e-61	1.7846620125e-73	2.8267528066e-21	2.5577512470e-40	2.4254552575e-16	1.8902685050e-21	2.9827861224e-14	1.6316805857e-18	1.8388978704e-12	7.2473817268e-17	1.4318527478e-14	2.1191368419e-21	6.2380141844e-16	2.0624905464e-17	2.6194765622e-20	7.1096973265e-17	9.0823351826e-30	4.9050450382e-21	4.0416032518e-26	4.6913446585e-20	1.3124385608e-23	2.0686941560e-19	1.8030375342e-21	2.8521942009e-27	7.9760474257e-23	1.1474746716e-15	7.2721548721e-13	9.3105963736e-16	8.8853863767e-18	4.3558023235e-15	1.8408734391e-24	1.6495597425e-14	2.5629737513e-21	1.1415034237e-12	3.8157840802e-18	3.0754159136e-21	4.6931727577e-19	1.7333091234e-26	2.4580070507e-24	2.3243686527e-18	4.6197441473e-22	2.5265320636e-31	6.6044919556e-28	4.5768311220e-24	2.3485746258e-29	1.8779255810e-15	1.0797509649e-07	5.6815458572e-08	1.7728928750e-08	1.0658432789e-13	3.3283149490e-22	2.6319821388e-16	7.1696798671e-21	2.8906021409e-14	5.4985510215e-19	3.4333435952e-07	1.6598082668e-09	4.9934220700e-23	1.3073199023e-26	4.4186110071e-24	2.2428829539e-20	1.2216140382e-16	5.4380535429e-10	5.3655192343e-08	4.7011446926e-09	3.0783428188e-12	2.2802694322e-05	3.3610948184e-14	1.1906292548e-16	1.7326428790e-18	9.7993901931e-28	3.2561342211e-10	3.5809817439e-12	2.3230079017e-14	1.1506084093e-08	3.1912196769e-13	6.6728540473e-05	1.9130559928e-11	7.0834835596e-09	1.5399773237e-15	1.8219394995e-22	5.6584598926e-05	3.9185244564e-25	1.0031823377e-16	7.6801861863e-23	2.1658195688e-13	9.4149504016e-16	2.8252323337e-19	7.3991099153e-27	4.8218740907e-53	1.5536193445e-15	1.7702977570e-20	2.6290150444e-30	3.0421844320e-34	1.4158420667e-14	5.0768252854e-12	4.0583857367e-11	4.2885979118e-07	5.0650199921e-21	3.2660473142e-26	4.3209035182e-17	1.8481764772e-09	2.3734611465e-08	3.1538212066e-10	3.6891610815e-14	3.7804856375e-21	1.9962618296e-11	1.9423833459e-18	1.9698822816e-09	1.1201215180e-14	7.8991644275e-12	3.4165750098e-12	4.6179345071e-08	1.4046495178e-14	2.1093411316e-12	1.1198282427e-14	3.8959074085e-15	2.7405600101e-37	1.8276625664e-12	2.8690160994e-17	1.9698822816e-09	8.6818851633e-23	9.2588165769e-28
2.2229964800e+00	1.2997957829e+03	2.3107702526e+19	1.2387393348e+19	2.3129273876e+00	1.4487447066e-23	6.8781463097e-07	1.3549184965e-01	8.4284362567e-19	2.9979183007e-18	3.6515931251e-14	1.7172563368e-09	2.7596712228e-13	1.2961724507e-11	8.7567685065e-10	1.3934017776e-15	2.5052442197e-07	3.8454074512e-06	6.8721961875e-05	2.0685675933e-19	4.0300754134e-06	7.8147130203e-10	0.0000000000e+00	6.0332535344e-21	2.3359192587e-08	3.1126104400e-12	1.7397071677e-12	1.6201968118e-15	2.1768385046e-17	2.6381959440e-10	2.8062586452e-09	1.7628776615e-04	3.2412469055e-17	4.3630490279e-19	2.7807746130e-30	2.7069456480e-25	2.8856993775e-04	7.1660169169e-08	4.1161203409e-28	3.1761946662e-20	8.9331904138e-11	1.1893088061e-15	4.9849248005e-10	1.0892453825e-14	4.8873836900e-11	1.8325936993e-20	6.8113774079e-16	1.9327142236e-17	1.6720580435e-12	4.8230559209e-17	6.5072763589e-13	1.0600965907e-18	1.9607903233e-27	7.5238902802e-19	3.3327169111e-20	6.9055406611e-29	1.0309327907e-20	7.1777156375e-38	3.4267597586e-21	2.7307867967e-29	3.5136949535e-16	6.9828796261e-20	1.3815497530e-26	1.7436295213e-39	4.7513931172e-12	1.2195194075e-24	8.6338121736e-01	2.9483499063e-12	3.8188665067e-19	3.7798401512e-04	1.6870623327e-06	3.3031198483e-20	1.8692183148e-16	1.6826945894e-28	4.9568434334e-45	5.7554243615e-05	1.5824530946e-22	3.6029246590e-49	2.0037088932e-62	1.3884830201e-75	6.4286061016e-22	1.2917959404e-41	7.5943939999e-17	4.3883798153e-22	1.6151345008e-14	5.0112589824e-19	9.8316899251e-13	2.4861912939e-17	5.2262195412e-15	4.2717023278e-22	2.6776651547e-16	7.9737925284e-18	8.7709567784e-21	4.2868652329e-17	8.0413607684e-31	1.1930072049e-21	5.9470303835e-27	1.5159318270e-20	3.0425934424e-24	8.9590139086e-20	8.3687253409e-22	7.6085602135e-28	3.7610795422e-23	4.1877484424e-16	4.4621419279e-13	5.5494958905e-16	2.4800317006e-18	2.4378338690e-15	3.8167139552e-25	9.9716371095e-15	7.3028752207e-22	6.5072763589e-13	1.4029073409e-18	7.8903198544e-22	1.4878829438e-19	1.9723095329e-27	4.9159863915e-25	1.0351416226e-18	9.8640161224e-23	3.2940733855e-32	1.2505004749e-28	2.6022479799e-24	6.1341540958e-30	8.2715058537e-16	9.2148514490e-08	7.2659727259e-08	1.8236618134e-08	3.4871389629e-14	6.2382513379e-23	9.0075517528e-17	2.0030750086e-21	1.4663430969e-14	1.1424828597e-19	3.4291940516e-07	2.0758889358e-09	2.2758952708e-23	2.9292094674e-27	1.3378285087e-24	1.1200107881e-20	1.0906977096e-16	3.8280637761e-10	5.3655367402e-08	2.7888107988e-09	2.3483049044e-12	2.2806790239e-05	1.7599878168e-14	7.6553643487e-17	1.0342941178e-18	3.5170234049e-28	3.2569000882e-10	1.8727453662e-12	9.8065762747e-15	7.4893624699e-09	2.1879061497e-13	6.6728771239e-05	6.6860341215e-12	5.0574861446e-09	5.0432412896e-16	4.4810499590e-23	5.6585762871e-05	4.2324857218e-26	2.1768385046e-17	6.0010573073e-24	1.8777176663e-13	3.7689255721e-16	1.8251091266e-19	4.3970553203e-27	1.9179569591e-53	7.3724848347e-16	7.3317585989e-21	6.5396439073e-31	9.8317877164e-35	7.3437958620e-15	3.7582431323e-12	2.1994158716e-11	4.0972317606e-07	3.0082808400e-21	1.4407827387e-26	7.3592138573e-17	1.1435445492e-09	1.7372188464e-08	2.4941260981e-10	3.0006129619e-14	2.1967233181e-21	1.7135327675e-11	2.9885275767e-18	2.6311912250e-09	1.4610340015e-14	5.7095060559e-12	2.3761720931e-12	5.9177403594e-08	3.3235299269e-14	1.9052938380e-12	9.2280842553e-15	2.8775159573e-15	1.2024859218e-36	1.4014258057e-12	3.0557088283e-17	2.6311912250e-09	1.4613474547e-22	1.2177477610e-27
1.4563484800e+00	1.2459705479e+03	1.5792643762e+19	8.4659131173e+18	2.3129497135e+00	1.3650949406e-24	3.4747056122e-07	1.3549315753e-01	1.5451485710e-19	6.2096264756e-19	1.4021906894e-14	1.0179605056e-09	8.1149220048e-14	5.0959789258e-12	5.3333651562e-10	9.0587196453e-16	2.5064175074e-07	3.8469101590e-06	6.8723781508e-05	6.0783549048e-20	4.0301143150e-06	3.2558409947e-10	0.0000000000e+00	7.5480640931e-22	1.5176007734e-08	2.0727577402e-12	7.5909316636e-13	3.8105065922e-16	4.4128283526e-18	1.7366368831e-10	1.4384726034e-09	1.8119944507e-04	7.6539226492e-18	1.2980789946e-19	2.3837931691e-31	3.9529075553e-26	2.8366335486e-04	8.1137019492e-08	2.7026437423e-29	4.9127261814e-21	4.3687882341e-11	3.6527308773e-16	3.3764520583e-10	4.6402650481e-15	3.8437677608e-11	7.0495091658e-21	2.5222971872e-16	6.2093134306e-18	1.0737808618e-12	1.8879188147e-17	3.6461192739e-13	2.9202449887e-19	1.8587371792e-28	2.5847075898e-19	6.1520966813e-21	4.9284853391e-30	4.1522496215e-21	2.5357903064e-39	8.1424132718e-22	4.6080628648e-30	8.4486603036e-17	1.7648772111e-20	2.6492561224e-27	1.5454359658e-40	1.9004221129e-12	2.0394310831e-25	8.6337553115e-01	1.1454374153e-12	1.1037755408e-19	3.8285565017e-04	1.3848424343e-06	1.0118546694e-20	5.9981116822e-17	2.5396890598e-29	2.3714066048e-46	5.7710010722e-05	4.2322357164e-23	1.2969163357e-50	3.5893060895e-64	9.1975824445e-78	1.3716277876e-22	5.7936311608e-43	2.2804884802e-17	9.8284726385e-23	8.8281271874e-15	1.5020259997e-19	5.2027416834e-13	8.3614908478e-18	1.8399792635e-15	8.0044457712e-23	1.1255966570e-16	3.0353097019e-18	2.9257220990e-21	2.6669613759e-17	6.3253718204e-32	2.7197504553e-22	8.0970462642e-28	4.7331839911e-21	6.7856823143e-25	3.8675488164e-20	3.9606066389e-22	2.0393495334e-28	1.8442699043e-23	1.4734236906e-16	2.7243601909e-13	3.3225890536e-16	6.5919472570e-19	1.3768766609e-15	7.5171662649e-26	6.0517507814e-15	2.0411587822e-22	3.6461192739e-13	5.0230876581e-19	1.9441699669e-22	4.4743732562e-20	2.0394081385e-28	9.2172983586e-26	4.5157457939e-19	2.0055809042e-23	4.0424626792e-33	2.2854018507e-29	1.4919341246e-24	1.5473196135e-30	3.5711279110e-16	7.4451823459e-08	9.0365899578e-08	1.8579150476e-08	1.0379934569e-14	1.0236265650e-23	2.8046359399e-17	5.1762307001e-22	7.1443568044e-15	2.0862465277e-20	3.4236578537e-07	2.6328394022e-09	1.0162626002e-23	6.1149963768e-28	3.8614792620e-25	5.4956573755e-21	9.9044447419e-17	2.6789957118e-10	5.3655885327e-08	1.6325650862e-09	1.7388747901e-12	2.2809764784e-05	8.8816796228e-15	4.8313674776e-17	5.9852975235e-19	1.2205955455e-28	3.2257368236e-10	9.3342398700e-13	3.9445379787e-15	4.7415251669e-09	1.4628087815e-13	6.6729420006e-05	2.2334818216e-12	3.5919460955e-09	1.5433767813e-16	1.0270502308e-23	5.6586764978e-05	4.1176633107e-27	4.4128283526e-18	4.1747995709e-25	1.5876276203e-13	1.4366979134e-16	1.1363816474e-19	2.5125707704e-27	7.2737954890e-54	3.3883808253e-16	2.9507104891e-21	1.5623703958e-31	3.1517708826e-35	3.7346684335e-15	2.7938511010e-12	1.1196657653e-11	3.8747442170e-07	1.6677679423e-21	5.9243051595e-27	1.2514379085e-16	6.7433488045e-10	1.2317623028e-08	1.8998417885e-10	2.3760213631e-14	1.2378659647e-21	1.4628075962e-11	4.8296915160e-18	3.5291612284e-09	1.9315076114e-14	3.9967920511e-12	1.6131742193e-12	7.2556182330e-08	7.4604310952e-14	1.6538262788e-12	7.4276589339e-15	2.0408906723e-15	5.4758235435e-36	1.0151012167e-12	3.3298358557e-17	3.5291612284e-09	2.4804055230e-22	1.6149182107e-27
9.5409547600e-01	1.1943742446e+03	1.0793340705e+19	5.7858568419e+18	2.3129879018e+00	1.1383084575e-25	1.6907560795e-07	1.3549539471e-01	2.6098236057e-20	1.1915023492e-19	5.0755465816e-15	5.7098233308e-10	2.2439974428e-14	1.8056818930e-12	3.1304838065e-10	5.7577129867e-16	2.5072744158e-07	3.8480285052e-06	6.8725606271e-05	1.6807002303e-20	4.0301808570e-06	1.2702109404e-10	0.0000000000e+00	8.5331354734e-23	9.6552693210e-09	1.3656049318e-12	3.1871252222e-13	8.3961958445e-17	8.3253744109e-19	1.1302319998e-10	7.2101563763e-10	1.8954848466e-04	1.6778036585e-18	3.6583678956e-20	1.8347586673e-32	5.3033042446e-27	2.7531752778e-04	9.2191184513e-08	1.5416067646e-30	6.9192915296e-22	2.0635239766e-11	1.0710372716e-16	2.2811800667e-10	1.9503465471e-15	3.0919018192e-11	2.6664663040e-21	9.0893608252e-17	1.9324837437e-18	6.9361058430e-13	7.2044536600e-18	2.0029871303e-13	7.5783215816e-20	1.5708193756e-29	8.4493595851e-20	1.0469076329e-21	3.0572616060e-31	1.6001469600e-21	7.5512556259e-41	1.8056427818e-22	7.1521953275e-31	1.9095155193e-17	4.2413690699e-21	4.8205164579e-28	1.2701046566e-41	7.3035105925e-13	3.1851329244e-26	8.6336527789e-01	4.3082439967e-13	3.0809815873e-20	3.9116679671e-04	1.1469322687e-06	3.0553726350e-21	1.8319616190e-17	3.5655101385e-30	1.0147094609e-47	5.7832691486e-05	1.0796511836e-23	4.1624266382e-52	5.6219723054e-66	5.1508572052e-80	2.7377213424e-23	2.2952684965e-44	6.5568043091e-18	2.1204620721e-23	4.8682219500e-15	4.3850799179e-20	2.7214923793e-13	2.7521475458e-18	6.2338759602e-16	1.3864119729e-23	4.6174091250e-17	1.1338649054e-18	9.6940224255e-22	1.7093841400e-17	4.3836051323e-33	5.7763642941e-23	1.0132580658e-28	1.4209673181e-21	1.4484603776e-25	1.6581293531e-20	1.9059004839e-22	5.4733008235e-29	9.3850772663e-24	4.9820979082e-17	1.6519842052e-13	1.9967086695e-16	1.6608591886e-19	7.8293177408e-16	1.4007264893e-26	3.6809647354e-15	5.5809308147e-23	2.0029871303e-13	1.7462885412e-19	4.5916880407e-23	1.2704029713e-20	1.9055002821e-29	1.6117789302e-26	1.9232119942e-19	3.8753054634e-24	4.6520264176e-34	4.0209217321e-30	8.5834900293e-25	3.7445358040e-31	1.5060068061e-16	5.6421003821e-08	1.0840273855e-07	1.8799757976e-08	2.7807034776e-15	1.4500449830e-24	7.8615178348e-18	1.2354252685e-22	3.3489450143e-15	3.3045569857e-21	3.4161658888e-07	3.3877325643e-09	4.4409025108e-24	1.1846442554e-28	1.0593989404e-25	2.6449966905e-21	9.1442559054e-17	1.8635154795e-10	5.3656771250e-08	9.4254109861e-10	1.2484438393e-12	2.2811975489e-05	4.3127185157e-15	2.9903041406e-17	3.3535320615e-19	4.0897881761e-29	3.1596873081e-10	4.4217639438e-13	1.5075091949e-15	2.9164838641e-09	9.5284923860e-14	6.6730523369e-05	7.1177358197e-13	2.5371763582e-09	4.4015108388e-17	2.1872220915e-24	5.6587897862e-05	3.5917352109e-28	8.3253744109e-19	2.5731976321e-26	1.3068779815e-13	5.2051709699e-17	6.8107059330e-20	1.3787138844e-27	2.6268156398e-54	1.5061806941e-16	1.1524802356e-21	3.5781419313e-32	1.0015636604e-35	1.8589532392e-15	2.0841660158e-12	5.3575105673e-12	3.6372632438e-07	8.6613316018e-22	2.2784214661e-27	2.1382489062e-16	3.7943315040e-10	8.4765192051e-09	1.3961766961e-10	1.8353709761e-14	6.7766993467e-22	1.2455724419e-11	8.2403058192e-18	4.7692984304e-09	2.5975732105e-14	2.7146658686e-12	1.0713794332e-12	8.5516673932e-08	1.6063029709e-13	1.3862172740e-12	5.8714098253e-15	1.3965342025e-15	2.6255206471e-35	6.9744958947e-13	3.7275982078e-17	4.7692984304e-09	4.2738987447e-22	2.1737426257e-27
6.2505519300e-01	1.1449145716e+03	7.3766666019e+18	3.9542266780e+18	2.3130432410e+00	8.3440042278e-27	7.9116573773e-08	1.3549863669e-01	4.0474222812e-21	2.1105741324e-20	1.7276067632e-15	3.0331172247e-10	5.8210233129e-15	5.7284702441e-13	1.7728314326e-10	3.5737031329e-16	2.5079098282e-07	3.8488758179e-06	6.8727656863e-05	4.3616874835e-21	4.0302772853e-06	4.6294153666e-11	0.0000000000e+00	8.6661706440e-24	6.0017080852e-09	8.8829779233e-13	1.2833400034e-13	1.7257970853e-17	1.4550800921e-19	7.2561995512e-11	3.5249970682e-10	2.0160254828e-04	3.3985831601e-19	9.7287495787e-21	1.2604564535e-33	6.5047537278e-28	2.6326609654e-04	1.0494272393e-07	7.5711309952e-32	8.8121725483e-23	9.3714536243e-12	2.9830928836e-17	1.5323456145e-10	8.0576813702e-16	2.5380599177e-11	9.8772632979e-22	3.1782207604e-17	5.8079992930e-19	4.4994033232e-13	2.6686206434e-18	1.0744580889e-13	1.8421925570e-20	1.1743406908e-30	2.6154918709e-20	1.6314254341e-22	1.6313606695e-32	5.8609684179e-22	1.8704777251e-42	3.7040572158e-23	1.0116472534e-31	4.0461236294e-18	9.6688470453e-22	8.3012829129e-29	9.6422562110e-43	2.6917238552e-13	4.6299938275e-27	8.6335019401e-01	1.5666189732e-13	8.2924130046e-21	4.0318478822e-04	9.5871697179e-07	9.0883755524e-22	5.3136598651e-18	4.6402017476e-31	3.8628742183e-49	5.7930023965e-05	2.6215900661e-24	1.1847680252e-53	7.6506334386e-68	2.4191804878e-82	5.0952125131e-24	7.9853609775e-46	1.8018784899e-18	4.3999371539e-24	2.7050481985e-15	1.2435549634e-20	1.4043439193e-13	8.8433019938e-19	2.0261449472e-16	2.2023294627e-24	1.8380976063e-17	4.1341885046e-19	3.1746120549e-22	1.1248401714e-17	2.6464215773e-34	1.1327761249e-23	1.1543169901e-29	4.0703023630e-22	2.9359286127e-26	7.0147400988e-21	9.2743676449e-23	1.4618190090e-29	4.9328600895e-24	1.6115070332e-17	9.9160334154e-14	1.2024748989e-16	3.9398207208e-20	4.4625707774e-16	2.4554651035e-27	2.2367167089e-15	1.4863851542e-23	1.0744580889e-13	5.8681786811e-20	1.0370942690e-23	3.3825704662e-21	1.5972041587e-30	2.6092323705e-27	7.9526366429e-20	7.1009324650e-25	4.9962614018e-35	6.7855722054e-31	4.9115093382e-25	8.6004646896e-32	6.1692044364e-17	3.9901363028e-08	1.2492755801e-07	1.8935982354e-08	6.6605522891e-16	1.7537182927e-25	1.9713999029e-18	2.7140960847e-23	1.5120394530e-15	4.4974264857e-22	3.4058847662e-07	4.4240998113e-09	1.8965123992e-24	2.1193871406e-29	2.7521111488e-26	1.2454291805e-21	8.5738237178e-17	1.2881380951e-10	5.3658055071e-08	5.3633766636e-10	8.6805683259e-13	2.2813709175e-05	2.0114637192e-15	1.8130486026e-17	1.8167255049e-19	1.3203544070e-29	3.0546826470e-10	1.9837709264e-13	5.4544429366e-16	1.7408477655e-09	6.0410417084e-14	6.6732120512e-05	2.1599050146e-13	1.7819943454e-09	1.1665417310e-17	4.3147143565e-25	5.6589332544e-05	2.7953428593e-29	1.4550800921e-19	1.3980259779e-27	1.0448111389e-13	1.7887627876e-17	3.9237538740e-20	7.2549171253e-28	9.0210526996e-55	6.4652802526e-17	4.3614760082e-22	7.8371724963e-33	3.1514619770e-36	9.0347172519e-16	1.5579731406e-12	2.4109095415e-12	3.3986418124e-07	4.2283962083e-22	8.2221967165e-28	3.6934733633e-16	2.0396222147e-10	5.6721604568e-09	9.9138907069e-11	1.3855171878e-14	3.6094047209e-22	1.0609029615e-11	1.4914622824e-17	6.5146229678e-09	3.5657735541e-14	1.7920981044e-12	6.9753214589e-13	9.7356230741e-08	3.3546558174e-13	1.1275006604e-12	4.5834277949e-15	9.2635530435e-16	1.3442884289e-34	4.5645564480e-13	4.3031605093e-17	6.5146229678e-09	7.5235385850e-22	2.9882171104e-27
4.0949150600e-01	1.0975030500e+03	5.0415942783e+18	2.7024361317e+18	2.3131170591e+00	5.3354857941e-28	3.5543003981e-08	1.3550296129e-01	5.7425979064e-22	3.4380251629e-21	5.5154828266e-16	1.5265618099e-10	1.4131860869e-15	1.6255945684e-13	9.6936042166e-11	2.1631871097e-16	2.5083934403e-07	3.8495364899e-06	6.8730086098e-05	1.0595027490e-21	4.0304059143e-06	1.5730784338e-11	0.0000000000e+00	7.8530882959e-25	3.6335747374e-09	5.6872819753e-13	4.9341458068e-14	3.2918916515e-18	2.3430421559e-20	4.5805158177e-11	1.6753160177e-10	2.1764388154e-04	6.3266794766e-20	2.4290455521e-21	7.6757115010e-35	7.2514071383e-29	2.4722793752e-04	1.1932663020e-07	3.1674203877e-33	1.0060421528e-23	4.0674816260e-12	7.8400720137e-18	1.0185662609e-10	3.2549175199e-16	2.1181464582e-11	3.5621884752e-22	1.0740600429e-17	1.6786284496e-19	2.9234836555e-13	9.5359968184e-19	5.5954626079e-14	4.1631995400e-21	7.6932220280e-32	7.6167047557e-21	2.3082819527e-23	7.3921450204e-34	2.0211422410e-22	3.7907248278e-44	6.9452219789e-24	1.2878915466e-32	8.0158106966e-19	2.0851322319e-22	1.3486120396e-29	6.7303912311e-44	9.4923657899e-14	6.2393258545e-28	8.6332996605e-01	5.4994913936e-14	2.1484788874e-21	4.1919153141e-04	8.0909774712e-07	2.6611805822e-22	1.4598990068e-18	5.5751643497e-32	1.3001613659e-50	5.8007882181e-05	6.0443318570e-25	2.9718258667e-55	8.9767689621e-70	9.4378512296e-85	8.8080198654e-25	2.4230741896e-47	4.7240579361e-19	8.7658428655e-25	1.5114889541e-15	3.4134487469e-21	7.1286029595e-14	2.7648354102e-19	6.2925733368e-17	3.1757979892e-25	7.0445246255e-18	1.4599406071e-19	1.0200542012e-22	7.5557470751e-18	1.3716852203e-35	2.0265531474e-24	1.1819750452e-30	1.1005028950e-22	5.5888354190e-27	2.9006397044e-21	4.5249287803e-23	3.8496861815e-30	2.6573760910e-24	4.9555270076e-18	5.8635167795e-14	7.2381247058e-17	8.7192721057e-21	2.5327052663e-16	4.0191283425e-28	1.3510310216e-15	3.8327741902e-24	5.5954626079e-14	1.8940133383e-20	2.2337481834e-24	8.3688396498e-22	1.1903835307e-31	3.8723611032e-28	3.1680142723e-20	1.2310381959e-25	4.9771671092e-36	1.0929049130e-31	2.7577448199e-25	1.8461198968e-32	2.4354853249e-17	2.6345221500e-08	1.3848937099e-07	1.9016940322e-08	1.4252311971e-16	1.7981632470e-26	4.4199060374e-19	5.4588228529e-24	6.5801399606e-16	5.2347581051e-23	3.3915820880e-07	5.8653790846e-09	7.9011510920e-25	3.4810419987e-30	6.7375367469e-27	5.7171969918e-22	8.1479931197e-17	8.8460871429e-11	5.3659767604e-08	3.0060896434e-10	5.8381855063e-13	2.2815187116e-05	8.9924845240e-16	1.0750684494e-17	9.4998118108e-20	4.0956847225e-30	2.9058492265e-10	8.3919971925e-14	1.8601274074e-16	1.0071435049e-09	3.7239645404e-14	6.6734250471e-05	6.2303758966e-14	1.2442187124e-09	2.8656238569e-18	7.8592501733e-26	5.6591169196e-05	1.9307658779e-30	2.3430421559e-20	6.6593588277e-29	8.0865267202e-14	5.8183461238e-18	2.1698961116e-20	3.6557213679e-28	2.9418441543e-55	2.6749138748e-17	1.5958732905e-22	1.6365350746e-33	9.7979271801e-37	4.2735280866e-16	1.1645122791e-12	1.0204480646e-12	3.1687664042e-07	1.9451767275e-22	2.7895378384e-28	6.4801023837e-16	1.0482062580e-10	3.6962609534e-09	6.8077048192e-11	1.0230916328e-14	1.8709514752e-22	9.0590207007e-12	2.8739605485e-17	9.0158793672e-09	5.0081787753e-14	1.1511016300e-12	4.4582770418e-13	1.0748757876e-07	6.8619241545e-13	8.9359720474e-13	3.5503928975e-15	5.9803271784e-16	7.4336342870e-34	2.8552108078e-13	5.1370054188e-17	9.0158793672e-09	1.3594675940e-21	4.2133550818e-27
2.6826958000e-01	1.0520548648e+03	3.4457145115e+18	1.8469252442e+18	2.3132103720e+00	2.9502649784e-29	1.5303312688e-08	1.3550842799e-01	7.4261411066e-23	5.1274622867e-22	1.6471837252e-16	7.2770321463e-11	3.2043200075e-16	4.1434681041e-14	5.1205532762e-11	1.2749632565e-16	2.5087759135e-07	3.8500726602e-06	6.8732993657e-05	2.4021753918e-22	4.0305685131e-06	4.9773093244e-12	0.0000000000e+00	6.3001431216e-26	2.1340296967e-09	3.5682905059e-13	1.8010304340e-14	5.7912397570e-19	3.4535913892e-21	2.8301213335e-11	7.7077108656e-11	2.3789049739e-04	1.0753884743e-20	5.6578844432e-22	4.1104593347e-36	7.2967341687e-30	2.2698620518e-04	1.3491261472e-07	1.1146103024e-34	1.0187925678e-24	1.6740983285e-12	1.9280124140e-18	6.6566708049e-11	1.2766000410e-16	1.7874595603e-11	1.2407987603e-22	3.4896052390e-18	4.6398314516e-20	1.8952750823e-13	3.2600821417e-19	2.8064824536e-14	8.6619273376e-22	4.3664508112e-33	2.0694452762e-21	2.9335050857e-24	2.8002375247e-35	6.4779871403e-23	6.1595008788e-46	1.1720376350e-24	1.4522766817e-33	1.4804794949e-19	4.2400198499e-23	2.0583273264e-30	4.2932023622e-45	3.1943154852e-14	7.7562112462e-29	8.6330434376e-01	1.8608214499e-14	5.3489850917e-22	4.3940403702e-04	6.8962029792e-07	7.6645673482e-23	3.7874955394e-19	6.1530047609e-33	3.8392285093e-52	5.8070727441e-05	1.3192780511e-25	6.5180532038e-57	8.9948115813e-72	3.0218307751e-87	1.4074815095e-25	6.3595113550e-49	1.1792314397e-19	1.6737285173e-25	8.4685590349e-16	9.0285072926e-22	3.5464203321e-14	8.3752820122e-20	1.8582523156e-17	4.1038969471e-26	2.5721003022e-18	4.9422602357e-20	3.1843525605e-23	5.1383372258e-18	5.9943888549e-37	3.2564469714e-25	1.0703089984e-31	2.7688225709e-23	9.8479551322e-28	1.1573681189e-21	2.1873702416e-23	9.8714615466e-31	1.4511091406e-24	1.4372070019e-18	3.3932742205e-14	4.3378779970e-17	1.7792695142e-21	1.4181767641e-16	6.0830738392e-29	8.0546332922e-16	9.4902855672e-25	2.8064824536e-14	5.8219339113e-21	4.5707079764e-25	1.9013874730e-22	7.8036877050e-33	5.2034149804e-29	1.2032041136e-20	2.0142704784e-26	4.5624117892e-37	1.6687265465e-32	1.4915579360e-25	3.6282168721e-33	9.1696385920e-18	1.6324135731e-08	1.4851722794e-07	1.9063442325e-08	2.7360265646e-17	1.5573810040e-27	8.8993925724e-20	9.9787206218e-25	2.7615893006e-16	5.2084798483e-24	3.3714207938e-07	7.8954279019e-09	3.2034953674e-25	5.2122301863e-31	1.5452724414e-27	2.5470284349e-22	7.8249114786e-17	6.0336736778e-11	5.3661932402e-08	1.6584257429e-10	3.7932399751e-13	2.2816571307e-05	3.8436591773e-16	6.2187578048e-18	4.7845988018e-20	1.2156936728e-30	2.7082760484e-10	3.3297575212e-14	5.9471331038e-17	5.6402504787e-10	2.2296747389e-14	6.6736942780e-05	1.7059782269e-14	8.6340060455e-10	6.5092935493e-19	1.3174458086e-26	5.6593463010e-05	1.1765283990e-31	3.4535913892e-21	2.7655932750e-30	6.0343751268e-14	1.7873542353e-18	1.1501789691e-20	1.7613759741e-28	9.0960315982e-56	1.0641978532e-17	5.6287933848e-23	3.2435035730e-34	2.9984235746e-37	1.9592723234e-16	8.6771276991e-13	4.0598318969e-13	2.9531687429e-07	8.4369597337e-23	8.8944608249e-29	1.1572808642e-15	5.1502874657e-11	2.3474234560e-09	4.5194925161e-11	7.3852889784e-15	9.4229670146e-23	7.7640646906e-12	5.9039663190e-17	1.2653355716e-08	7.2004668387e-14	7.1936205053e-13	2.7982731826e-13	1.1539378465e-07	1.3844567066e-12	6.9199541805e-13	2.7383620644e-15	3.7672190018e-16	4.4677952629e-33	1.7103811677e-13	6.3475644615e-17	1.2653355716e-08	2.5260476265e-21	6.0990986140e-27
1.7575106200e-01	1.0084887130e+03	2.3550187199e+18	1.2622436453e+18	2.3133232451e+00	1.3967971419e-30	6.3033651603e-09	1.3551504249e-01	8.7182622408e-24	6.9649961610e-23	4.5889659825e-17	3.2811946259e-11	6.7755548344e-17	9.5567379479e-15	2.6151327613e-11	7.3030032633e-17	2.5090931280e-07	3.8505287173e-06	6.8736424176e-05	5.0685112801e-23	4.0307652337e-06	1.4662324534e-12	0.0000000000e+00	4.4347890855e-27	1.2097911174e-09	2.1808820798e-13	6.1954025325e-15	9.3289283466e-20	4.6246851779e-22	1.7010334597e-11	3.4149863670e-11	2.6236208990e-04	1.6564870993e-21	1.2195968420e-22	1.9181401620e-37	6.5746976462e-31	2.0252263505e-04	1.5064611401e-07	3.2509462024e-36	9.0372657988e-26	6.4708157535e-13	4.3907409903e-19	4.2418050995e-11	4.8182224555e-17	1.5142499070e-11	4.1306132181e-23	1.0825149789e-18	1.2177625553e-20	1.2192979538e-13	1.0547755087e-19	1.3415869764e-14	1.6388366139e-22	2.1184265309e-34	5.1922292892e-22	3.3039183645e-25	8.7037830410e-37	1.8971849148e-23	7.8324737967e-48	1.7461101903e-25	1.4220759063e-34	2.5415588813e-20	8.0972563829e-24	2.9350719060e-31	2.4823090440e-46	1.0222205071e-14	8.8379833017e-30	8.6327331975e-01	6.0590180469e-15	1.2773006213e-22	4.6383859572e-04	5.9382390301e-07	2.1694852985e-23	9.2428702961e-20	6.1973807036e-34	9.8482997314e-54	5.8121938999e-05	2.7158416769e-26	1.2376003462e-58	7.6018039424e-74	7.8180349105e-90	2.0660951273e-26	1.4285003504e-50	2.7968284708e-20	3.0569445742e-26	4.7394738653e-16	2.2884953221e-22	1.7210883008e-14	2.4453377052e-20	5.1871855882e-18	4.6777351884e-27	8.8285788248e-19	1.5829493176e-20	9.5364078105e-24	3.4991183603e-18	2.1604854694e-38	4.6098986409e-26	8.4002767505e-33	6.3667620123e-24	1.5772016868e-28	4.3826368315e-22	1.0314648275e-23	2.4248871061e-31	7.9149969672e-25	3.8923751530e-19	1.9057116603e-14	2.5743023608e-17	3.2992197790e-22	7.7414868848e-17	8.4091575355e-30	4.6945181376e-16	2.2323037362e-25	1.3415869764e-14	1.6856282994e-21	8.8397048170e-26	3.9091805761e-23	4.4424203719e-34	6.2341735887e-30	4.2995515131e-21	3.1026914678e-27	3.8089723137e-38	2.3937191941e-33	7.5861972587e-26	6.3600317683e-34	3.2490760863e-18	9.5673479766e-09	1.5528209303e-07	1.9089429626e-08	4.7476303713e-18	1.1367018660e-28	1.6216929435e-20	1.6430013244e-25	1.1185183136e-16	4.4380879932e-25	3.3426489488e-07	1.0789452750e-08	1.2597394479e-25	7.0550419540e-32	3.2964380858e-28	1.0948095168e-22	7.5620997763e-17	4.0862854564e-11	5.3664551488e-08	8.9993811611e-11	2.3778080587e-13	2.2817969189e-05	1.5656404677e-16	3.4958544395e-18	2.3144499965e-20	3.4319505835e-31	2.4585086446e-10	1.2313694771e-14	1.7712266130e-17	3.0535543050e-10	1.2951985000e-14	6.6740200033e-05	4.4303489664e-15	5.9529665601e-10	1.3646959761e-19	2.0253383749e-27	5.6596228687e-05	6.2819826785e-33	4.6246851779e-22	9.9548933140e-32	4.3197218957e-14	5.1733882035e-19	5.8346898522e-21	8.1021540965e-29	2.6622198744e-56	4.0587994941e-18	1.9054380615e-23	6.0620759506e-35	8.9747770397e-38	8.6621777709e-17	6.4201463042e-13	1.5156831311e-13	2.7533330787e-07	3.4435361189e-23	2.6559645906e-29	2.1006361351e-15	2.4170282993e-11	1.4526166147e-09	2.8953312898e-11	5.1969394307e-15	4.5905126348e-23	6.6762618699e-12	1.2904892860e-16	1.7986470680e-08	1.0573320301e-13	4.3666540356e-13	1.7226125567e-13	1.2055347166e-07	2.7645890841e-12	5.2407321487e-13	2.1063325205e-15	2.3173193013e-16	2.9158725849e-32	9.8130906860e-14	8.1040153664e-17	1.7986470680e-08	4.8145419401e-21	9.0281035619e-27
1.1513954000e-01	9.6672665882e+02	1.6095808114e+18	8.6265485719e+17	2.3134539935e+00	5.5995596754e-32	2.4790845804e-09	1.3552270079e-01	9.2537572649e-25	8.5638354497e-24	1.1891728468e-17	1.3958485657e-11	1.3349746205e-17	2.0122964511e-15	1.2928954757e-11	4.0556063065e-17	2.5093688803e-07	3.8509339692e-06	6.8740350790e-05	9.9218037365e-24	4.0309930309e-06	4.0271272120e-13	0.0000000000e+00	2.7114989173e-28	6.5804222962e-10	1.2883194250e-13	1.9898950047e-15	1.3646014462e-20	5.5775591291e-23	9.8664984195e-12	1.4480508357e-11	2.9068030939e-04	2.2922885326e-22	2.4086985758e-23	7.7196365324e-39	5.2563261291e-32	1.7421741727e-04	1.6457315791e-07	7.7266102006e-38	6.9196364763e-27	2.3214823964e-13	9.1455734464e-20	2.6085681726e-11	1.7310007439e-17	1.2760084513e-11	1.2967020696e-23	3.1782571379e-19	3.0074845993e-21	7.7278646164e-14	3.1856729094e-20	6.0314316600e-15	2.7768997008e-23	8.6490054975e-36	1.1882504370e-22	3.2441055274e-26	2.1716956967e-38	4.9678769806e-24	7.5755170626e-50	2.2435990525e-26	1.1806080595e-35	4.0427586944e-21	1.4450619207e-24	3.8815437094e-32	1.2868862211e-47	3.0972527146e-15	9.1556119807e-31	8.6323738258e-01	1.8952784062e-15	2.9197678711e-23	4.9211907683e-04	5.1675581293e-07	6.0295573570e-24	2.1115280966e-20	5.6493545569e-35	2.1669663699e-55	5.8164050529e-05	5.2482020309e-27	2.0084516896e-60	5.3320939475e-76	1.6017578946e-92	2.7637624962e-27	2.7096353854e-52	6.2886270490e-21	5.3299102304e-27	2.6368010933e-16	5.5227163392e-23	8.1015641628e-15	6.8386126927e-21	1.3591751820e-18	4.6147265961e-28	2.8026721686e-19	4.7202605389e-21	2.6972544876e-24	2.3531754077e-18	6.2558172930e-40	5.6160215554e-27	5.5776533750e-34	1.3088924001e-24	2.2452614495e-29	1.5429850699e-22	4.6531584434e-24	5.5920170497e-32	4.2328227555e-25	9.7270190079e-20	1.0278869239e-14	1.5017764936e-17	5.4615434933e-23	4.0587235222e-17	1.0456654324e-30	2.6419046419e-16	4.9205688464e-26	6.0314316600e-15	4.5334062694e-22	1.6047021281e-26	7.1450661772e-24	2.1633291277e-35	6.5378341660e-31	1.4223001575e-21	4.4870345590e-28	2.8584081462e-39	3.1880404556e-34	3.5212757778e-26	9.6294284552e-35	1.0659537740e-18	5.3493489377e-09	1.5950941603e-07	1.9103732377e-08	7.0525990417e-19	6.9711188054e-30	2.6990664806e-21	2.4112374623e-26	4.3777584228e-17	3.2457668787e-26	3.3011445694e-07	1.4959391357e-08	4.7818401042e-26	8.5465504643e-33	6.4835850924e-29	4.5073203456e-23	7.3131308001e-17	2.7469987044e-11	5.3667584321e-08	4.7998794871e-11	1.4361048348e-13	2.2819435089e-05	6.0520955972e-17	1.8992261315e-18	1.0712650826e-20	9.1348734432e-32	2.1570348817e-10	4.2128865960e-15	4.8775540921e-18	1.5959241839e-10	7.2909734015e-15	6.6743971835e-05	1.0910755274e-15	4.0768969975e-10	2.6376735659e-20	2.8451237059e-28	5.6599428266e-05	2.9160138911e-34	5.5775591291e-23	3.0867493764e-33	2.9484609107e-14	1.4074546521e-19	2.8281667471e-21	3.5523986101e-29	7.3626596289e-57	1.4781218019e-18	6.1530219094e-24	1.0587721401e-35	2.6018663674e-38	3.6704805478e-17	4.6936805924e-13	5.2945565097e-14	2.5672252397e-07	1.3157478828e-23	7.3714660714e-30	3.8512484453e-15	1.0810582147e-11	8.7466906480e-10	1.7829208184e-11	3.5448105495e-15	2.1454779628e-23	5.7463374773e-12	2.9824008525e-16	2.5791884849e-08	1.5764437833e-13	2.5652142812e-13	1.0366709661e-13	1.2237515228e-07	5.4577710067e-12	3.8761220546e-13	1.6146782272e-15	1.3897556239e-16	2.0452333434e-31	5.3802854895e-14	1.0632965351e-16	2.5791884849e-08	9.3369271522e-21	1.3524021596e-26
7.5431200600e-02	9.2669399350e+02	1.1001038273e+18	5.8956398959e+17	2.3135979066e+00	1.8774868692e-33	9.2914318069e-10	1.3553112985e-01	8.8421281590e-26	9.4610301191e-25	2.8577222751e-18	5.5801021198e-12	2.4510146054e-18	3.9043764494e-16	6.2000986338e-12	2.1766026095e-17	2.5096164382e-07	3.8513039687e-06	6.8744649341e-05	1.7961283682e-24	4.0312437612e-06	1.0346859899e-13	0.0000000000e+00	1.4238736829e-29	3.4103956597e-10	7.2843817114e-14	5.9007401341e-16	1.7956359550e-21	5.9996507251e-24	5.4680785281e-12	5.8343169117e-12	3.2183663884e-04	2.8220828774e-23	4.3065189936e-24	2.6487830579e-40	3.6905104995e-33	1.4308124106e-04	1.7373824895e-07	1.4681216867e-39	4.4974036771e-28	7.6258130036e-14	1.7175219051e-20	1.5294977667e-11	5.8444087893e-18	1.0578949676e-11	3.7767122589e-24	8.7371649256e-20	6.9123782254e-22	4.7811810231e-14	8.8336138738e-21	2.5092094203e-15	4.1378660952e-24	2.9193898696e-37	2.4452237757e-23	2.7237023053e-27	4.2427028311e-40	1.1326360067e-24	5.3948568763e-52	2.4198716353e-27	8.0825185256e-37	5.9389686024e-22	2.3953357531e-25	4.7156983351e-33	5.8981772357e-49	8.8369219791e-16	8.5339586983e-32	8.6319782428e-01	5.6851396054e-16	6.3759319963e-24	5.2323207844e-04	4.5460911410e-07	1.6438185269e-24	4.4889443304e-21	4.6119912715e-36	4.0252737631e-57	5.8198916344e-05	9.4650536118e-28	2.7414519293e-62	3.0412440045e-78	2.5330905590e-95	3.3346797847e-28	4.2685219037e-54	1.3373990564e-21	8.8518867520e-28	1.4499912857e-16	1.2593732222e-23	3.6742957756e-15	1.8186409600e-21	3.3164009435e-19	3.8552059893e-29	8.0730233208e-20	1.2859514010e-21	7.0736551570e-25	1.5371411363e-18	1.4120816423e-41	5.7298707699e-28	3.0466219904e-35	2.3446593010e-25	2.7681180741e-30	4.9299056024e-23	1.9623437095e-24	1.1818978098e-32	2.1707476206e-25	2.2120232862e-20	5.2596378116e-15	8.5331894476e-18	7.9076803036e-24	2.0080037383e-17	1.1485138880e-31	1.4138728900e-16	9.9976011733e-27	2.5092094203e-15	1.1136717862e-22	2.7097752130e-27	1.1373436414e-24	8.8592893400e-37	5.8747636132e-32	4.2735377576e-22	6.0750124541e-29	1.8971848722e-40	3.8842147870e-35	1.4397697335e-26	1.2126907377e-35	3.1769468447e-19	2.8765434821e-09	1.6199247742e-07	1.9111650328e-08	1.0144177538e-19	3.5767472052e-31	4.1426218847e-22	3.1172821662e-27	1.6587808111e-17	2.0408714878e-27	3.2407838551e-07	2.1016926612e-08	1.7407343752e-26	9.1574862826e-34	1.1634729434e-29	1.7614489803e-23	7.0264004773e-17	1.8324335694e-11	5.3670922478e-08	2.5142634757e-11	8.3448632342e-14	2.2820968510e-05	2.2084990237e-17	9.8962456201e-19	4.7217203084e-21	2.2656106034e-32	1.8115715487e-10	1.3223109576e-15	1.2314330870e-18	8.0406349994e-11	3.9724677702e-15	6.6748123351e-05	2.5501319084e-16	2.7724603782e-10	4.6984809889e-21	3.6383242967e-29	5.6602949084e-05	1.1660474620e-35	5.9996507251e-24	8.1928420846e-35	1.9054446754e-14	3.5898811097e-20	1.3076804798e-21	1.4821167050e-29	1.9205122372e-57	5.1140435051e-19	1.8799432403e-24	1.7071012093e-36	7.2056537624e-39	1.4801429119e-17	3.3709351967e-13	1.7229797427e-14	2.3899248911e-07	4.6645240700e-24	1.8782285381e-30	7.0473082920e-15	4.5916565153e-12	5.1105903115e-10	1.0487083023e-11	2.3225854170e-15	9.4996272974e-24	4.9275171815e-12	7.2038973811e-16	3.7036762598e-08	2.3623251161e-13	1.4495701295e-13	6.0645825845e-14	1.2019564235e-07	1.0583486610e-11	2.7882581080e-13	1.2294361399e-15	8.0912491601e-17	1.5089397222e-30	2.8049690303e-14	1.4199819875e-16	3.7036762598e-08	1.8155311281e-20	2.0135389952e-26
4.9417133600e-02	8.8831910215e+02	7.5189199945e+17	4.0292556790e+17	2.3137465814e+00	5.1961748753e-35	3.3116863469e-10	1.3553984099e-01	7.5716698782e-27	9.3123664750e-26	6.3484949318e-19	2.0847370242e-12	4.1967883220e-19	7.0448858774e-17	2.8918620250e-12	1.1240507372e-17	2.5098397311e-07	3.8516415959e-06	6.8749079663e-05	2.9968250367e-25	4.0315028423e-06	2.4991667853e-14	0.0000000000e+00	6.3447915090e-31	1.6713272804e-10	3.8980027529e-14	1.5948531150e-16	2.1041414166e-22	5.6960157647e-25	2.8625235416e-12	2.2162013612e-12	3.5402366416e-04	3.0586079252e-24	6.8758088413e-25	7.6536894573e-42	2.2505311009e-34	1.1092342572e-04	1.7465432622e-07	2.1847116542e-41	2.4367594233e-29	2.2597818210e-14	2.8630439820e-21	8.4374375880e-12	1.8286947913e-18	8.5252154780e-12	1.0019521163e-24	2.2214342165e-20	1.4600163661e-22	2.8569673785e-14	2.2071446677e-21	9.4846402385e-16	5.3127433485e-25	7.9923701015e-39	4.4548212838e-24	1.9134793019e-28	6.3170944170e-42	2.1815021693e-25	2.7309777215e-54	2.1269804111e-28	4.4268843677e-38	8.0299256016e-23	3.6617418345e-26	5.2033396704e-34	2.3497513060e-50	2.3589375020e-16	7.0695785032e-33	8.6315695027e-01	1.6322807002e-16	1.3272093854e-24	5.5536568237e-04	4.0444887097e-07	4.3915154913e-25	8.8192309682e-22	3.3300600860e-37	6.1941993350e-59	5.8227838404e-05	1.5822266975e-28	3.0879510689e-64	1.3765570540e-80	2.9993082666e-98	3.5853081283e-29	5.4760377837e-56	2.6836361710e-22	1.3971501337e-28	7.8315871650e-17	2.6915026899e-24	1.5938064671e-15	4.5630135265e-22	7.4703453818e-20	2.6632967641e-30	2.0663085963e-20	3.1351365023e-22	1.6857005985e-25	9.5761795757e-19	2.4046943552e-43	4.7527710532e-29	1.3277970425e-36	3.5580935915e-26	2.8726035898e-31	1.3919469425e-23	7.5421351547e-25	2.2297884416e-33	1.0417408266e-25	4.5088900889e-21	2.5190655116e-15	4.6722505012e-18	9.7924830354e-25	9.1943841539e-18	1.0917332063e-32	7.0721967290e-17	1.8378008823e-27	9.4846402385e-16	2.4520542359e-23	4.2102739339e-28	1.5416456609e-25	2.9952304330e-38	4.4192878403e-33	1.1422599282e-22	7.6772933114e-30	1.0930156222e-41	4.2549917084e-36	4.9876411034e-27	1.2188962059e-36	8.4237896696e-20	1.4983311704e-09	1.6338128590e-07	1.9116187247e-08	1.4682190780e-20	1.5265537162e-32	5.9193663047e-23	3.5070897336e-28	6.1012387834e-18	1.1043197430e-28	3.1526729275e-07	2.9850198067e-08	6.0251019538e-27	8.5610351197e-35	1.8815749226e-30	6.4644678162e-24	6.6477671719e-17	1.2125102006e-11	5.3674371816e-08	1.2924039515e-11	4.6583312107e-14	2.2822513937e-05	7.5605275687e-18	4.8993046334e-19	1.9703666673e-21	5.1601522292e-33	1.4401982510e-10	3.7730832728e-16	2.8243402759e-19	3.8992882221e-11	2.0922243920e-15	6.6752413140e-05	5.6655330621e-17	1.8715332368e-10	7.7167410103e-22	4.2187541727e-30	5.6606586938e-05	3.9757064130e-37	5.6960157647e-25	1.8489499929e-36	1.1569890369e-14	8.5615529942e-21	5.7577163621e-22	5.8737639177e-30	4.7156748732e-58	1.6708632826e-19	5.3802722612e-25	2.5031245269e-37	1.8733356710e-39	5.6365321198e-18	2.3630252757e-13	5.1927801920e-15	2.2145100490e-07	1.5148068147e-24	4.3189758482e-31	1.2649374509e-14	1.8425681917e-12	2.8853169172e-10	5.8411402047e-12	1.4439109164e-15	3.9186271734e-24	4.1802664603e-12	1.7890955256e-15	5.2702510637e-08	3.5076107398e-13	7.8132732982e-14	3.4213335094e-14	1.1341694737e-07	1.9915705129e-11	1.9371228820e-13	9.2402000480e-16	4.5404156888e-17	1.1336868408e-29	1.3795636462e-14	1.9039179828e-16	5.2702510637e-08	3.4658461625e-20	2.9052106183e-26
3.2374575400e-02	8.5153333547e+02	5.1389688090e+17	2.7537131848e+17	2.3138885327e+00	1.1714225193e-36	1.1200934983e-10	1.3554815446e-01	5.7833833369e-28	8.0933246470e-27	1.2994795746e-19	7.2290678470e-13	6.7086103213e-20	1.1918168894e-17	1.3157401286e-12	5.5518602017e-18	2.5100353991e-07	3.8519396729e-06	6.8753303447e-05	4.5923987997e-26	4.0317501526e-06	5.7063162826e-15	0.0000000000e+00	2.3701975876e-32	7.6874380607e-11	1.9515848076e-14	3.8777567890e-17	2.1736818402e-23	4.7231353719e-26	1.3990630102e-12	7.8758884866e-13	3.8474310584e-04	2.8878286246e-25	9.6676167366e-26	1.8394150461e-43	1.1788712928e-35	8.0242649834e-05	1.6466341771e-07	2.4944810330e-43	1.0810516459e-30	5.9536231016e-15	4.1717392922e-22	4.3227611489e-12	5.2307536255e-19	6.6002035509e-12	2.3770049339e-25	5.1585344145e-21	2.7977176030e-23	1.6310275237e-14	4.8765581004e-22	3.1982432228e-16	5.7579847320e-26	1.7411967164e-40	7.0762083977e-25	1.1005606369e-29	6.9792522181e-44	3.4430768674e-26	9.4908100490e-57	1.4800322135e-29	1.8830342254e-39	9.9569202625e-24	5.1232856582e-27	5.1508636777e-35	7.9896952453e-52	5.8509251141e-17	5.1366726631e-34	8.6311794027e-01	4.4769819890e-17	2.6275505837e-25	5.8602515615e-04	3.6400955523e-07	1.1483956774e-25	1.5893850683e-22	2.0983279783e-38	7.7379334212e-61	5.8251687565e-05	2.4336822995e-29	2.8123543263e-66	4.8169418092e-83	2.5733982953e-101	3.3904078327e-30	5.6022734342e-58	5.0679823976e-23	2.0907878002e-29	4.1291785382e-17	5.3475792914e-25	6.5651689911e-16	1.0717891007e-22	1.5401660275e-20	1.4862898282e-31	4.6044444448e-21	6.7033761020e-23	3.5792022429e-26	5.5899044206e-19	2.9913594002e-45	3.1131636899e-30	4.4809395119e-38	4.4501277215e-27	2.4403530540e-32	3.3843927933e-24	2.5774551333e-25	3.6601282279e-34	4.5687399469e-26	8.1164305130e-22	1.1145431810e-15	2.4384755278e-18	1.0146537164e-25	3.8236503171e-18	8.7985151838e-34	3.2496335459e-17	2.9998721405e-28	3.1982432228e-16	4.7477280001e-24	5.9486978106e-29	1.7406689455e-26	8.2083914845e-40	2.7201654701e-34	2.6612883387e-23	9.0278943361e-31	5.3608247245e-43	4.1164049795e-37	1.4095519124e-27	9.3917968021e-38	1.9470685264e-20	7.6044448705e-10	1.6412928709e-07	1.9118936222e-08	1.9580825208e-21	5.3849023571e-34	7.9414920022e-24	3.3935928501e-29	2.1846059855e-18	5.1425272009e-30	3.0244968690e-07	4.2688974968e-08	1.9617926208e-27	6.8768426145e-36	2.7043575374e-31	2.2007800773e-24	6.1297162405e-17	7.9555098003e-12	5.3677664440e-08	6.5135844904e-12	2.4942920012e-14	2.2823971794e-05	2.4119164603e-18	2.2810604546e-19	7.7364377357e-22	1.0624337664e-33	1.0715966463e-10	9.6994790423e-17	5.8313448899e-20	1.8172521551e-11	1.0637802129e-15	6.6756508028e-05	1.1985997187e-17	1.2536458489e-10	1.1692940187e-22	4.4173324912e-31	5.6610059456e-05	1.1432787458e-38	4.7231353719e-26	3.5232522214e-38	6.5512682498e-15	1.9038822561e-21	2.4096912667e-22	2.2071158640e-30	1.0877422661e-58	5.1218694976e-20	1.4268035613e-25	3.2843474372e-38	4.4864225353e-40	2.0116251993e-18	1.6067949143e-13	1.4388975793e-15	2.0335323145e-07	4.4358600371e-25	8.7816219025e-32	2.1810038395e-14	6.9407770303e-13	1.5653156149e-10	3.0490458295e-12	8.3961813376e-16	1.4773923135e-24	3.4783709356e-12	4.4825924663e-15	7.3395827475e-08	5.0759863325e-13	3.9766452887e-14	1.8434570122e-14	1.0182686133e-07	3.5748597770e-11	1.2874094899e-13	6.7952558333e-16	2.4318819744e-17	8.3390248438e-29	6.3341406836e-15	2.5225125336e-16	7.3395827475e-08	6.3356819642e-20	3.9440146462e-26
2.1209508900e-02	8.1627088696e+02	3.5123109565e+17	1.8819695067e+17	2.3140115868e+00	2.1251515687e-38	3.5869054535e-11	1.3555536585e-01	3.9210059679e-29	6.1576215633e-28	2.4424583087e-20	2.3086805085e-13	1.0014056666e-20	1.9011210631e-18	5.8523621791e-13	2.6003612494e-18	2.5101967232e-07	3.8521866202e-06	6.8756963555e-05	6.4399530253e-27	4.0319645909e-06	1.2367975725e-15	0.0000000000e+00	7.3420490175e-34	3.2984828724e-11	9.0554084819e-15	8.3874235184e-18	1.9622127660e-24	3.3891469145e-27	6.3225335193e-13	2.6020001609e-13	4.1137941514e-04	2.3533551422e-26	1.1827023573e-26	3.6356198552e-45	5.2521815865e-37	5.3652057097e-05	1.4377355012e-07	2.1463462339e-45	3.8672772193e-32	1.3781550807e-15	5.2465568808e-23	2.0360752631e-12	1.3529449016e-19	4.8658047810e-12	4.9672558800e-26	1.0825338723e-21	4.8107499406e-24	8.8179877751e-15	9.3816557441e-23	9.4780073264e-17	5.1777771972e-27	2.9692474864e-42	9.6775026767e-26	5.0870046675e-31	5.5924238848e-46	4.3427772093e-27	2.1983273818e-59	7.9637046914e-31	6.0715012432e-41	1.1280525229e-24	6.5140588158e-28	4.5234567940e-36	2.2804370430e-53	1.3398215555e-17	3.2339269150e-35	8.6308412531e-01	1.1706476216e-17	4.9357014401e-26	6.1258943515e-04	3.3154386037e-07	2.9361820665e-26	2.6092757878e-23	1.1396704455e-39	7.7015740158e-63	5.8271050302e-05	3.4208366217e-30	2.0322505356e-68	1.2721090684e-85	1.5524956473e-104	2.7862297820e-31	4.4823796822e-60	8.9832840810e-24	2.9591090409e-30	2.1151984067e-17	9.8107267652e-26	2.5532856590e-16	2.3416927429e-23	2.8852753342e-21	6.5719997995e-33	8.7886478286e-22	1.2370372556e-23	6.6671275294e-27	3.0166379482e-19	2.6460386831e-47	1.5727591548e-31	1.1425510184e-39	4.4875857157e-28	1.6597090248e-33	6.9441583485e-25	7.6844071838e-26	5.1240342899e-35	1.7985046856e-26	1.2746915671e-22	4.5086234933e-16	1.2023459956e-18	8.6413354260e-27	1.4232610029e-18	5.9090108863e-35	1.3527615562e-17	4.2820060373e-29	9.4780073264e-17	7.9583190102e-25	7.5620549766e-30	1.6080569165e-27	1.7949136536e-41	1.3445024319e-35	5.3180124005e-24	9.8460733626e-32	2.2006167645e-44	3.4630464537e-38	3.1557467412e-28	5.3731099199e-39	3.8600647870e-21	3.7758216239e-10	1.6452091948e-07	1.9120683684e-08	2.3525845584e-22	1.5602055930e-35	1.0063465822e-24	2.7970418575e-30	7.6308440662e-19	2.0585754463e-31	2.8407457326e-07	6.1082445646e-08	5.9341302335e-28	4.6688163163e-37	3.4029322976e-32	6.8583789301e-25	5.4465220748e-17	5.1737498345e-12	5.3680519415e-08	3.2157781290e-12	1.2789987541e-14	2.2825229111e-05	7.1259481863e-19	9.8980717308e-20	2.8419596808e-22	1.9499320344e-34	7.3930742450e-11	2.2291212385e-17	1.0754144828e-20	8.1258609310e-12	5.2142165064e-16	6.6760058633e-05	2.4173135598e-18	8.3298576207e-11	1.6344192831e-23	4.1587378003e-32	5.6613070402e-05	2.7437362665e-40	3.3891469145e-27	5.6276844097e-40	3.4380159829e-15	3.9362001179e-22	9.5678050289e-23	7.8483020518e-31	2.3519882910e-59	1.4643390668e-20	3.4722813543e-26	3.8008157373e-39	9.7353594387e-41	6.6864572676e-19	1.0547102094e-13	3.6359265666e-16	1.8410525671e-07	1.1517505010e-25	1.5461401997e-32	3.5386270781e-14	2.4363437699e-13	8.1081508218e-11	1.4758807776e-12	4.5034605400e-16	4.9992747145e-25	2.8140018806e-12	1.1137681829e-14	9.8843474816e-08	7.0496285352e-13	1.8914723992e-14	9.3934842748e-15	8.6008742711e-08	5.9979175838e-11	8.0938773296e-14	4.8393117461e-16	1.2291802856e-17	5.7777048540e-28	2.6821933545e-15	3.2539099012e-16	9.8843474816e-08	1.0827605711e-19	4.8987918151e-26
1.3894954900e-02	7.8246867521e+02	2.4005170725e+17	1.2861939372e+17	2.3141073163e+00	3.0720584768e-40	1.0849883642e-11	1.3556097221e-01	2.3475521653e-30	4.0724425323e-29	4.2004131699e-21	6.7355311469e-14	1.3936387830e-21	2.8629993474e-19	2.5457874873e-13	1.1415611770e-18	2.5103189640e-07	3.8523743925e-06	6.8759809439e-05	8.2325290857e-28	4.0321313784e-06	2.5460348428e-16	0.0000000000e+00	1.8697181110e-35	1.3155694504e-11	3.8738981229e-15	1.6026575519e-18	1.5379626163e-25	2.0901874892e-28	2.6276227943e-13	7.9612281187e-14	4.3209602540e-04	1.6439675919e-27	1.2490226566e-27	5.8570457150e-47	1.9753608225e-38	3.2983014361e-05	1.1550116956e-07	1.3735280905e-47	1.1040455094e-33	2.7842216326e-16	5.6520559923e-24	8.7730154911e-13	3.1462434784e-20	3.4034857611e-12	9.0685191204e-27	2.0399258464e-22	7.3733964893e-25	4.4943988345e-15	1.5580963957e-23	2.4486625472e-17	3.8228770041e-28	3.9177711882e-44	1.1309823786e-26	1.8673116636e-32	3.2004255242e-48	4.3167797295e-28	3.3279196978e-62	3.2699167679e-32	1.4632117037e-42	1.1631396785e-25	7.4849436128e-29	3.4963789318e-37	5.4002526412e-55	2.8190952686e-18	1.7485232613e-36	8.6305784389e-01	2.9120053781e-18	8.7752017946e-27	6.3322810432e-04	3.0570927328e-07	7.3309395881e-27	3.8812908580e-24	5.2870044555e-41	6.0232223635e-65	5.8286394829e-05	4.3710959877e-31	1.1489545708e-70	2.4913305905e-88	6.4425965883e-108	1.9725573138e-32	2.7640197862e-62	1.4904276602e-24	3.9506866427e-31	1.0504655202e-17	1.6549148791e-26	9.3454777222e-17	4.7404591010e-24	4.8878871861e-22	2.2756004066e-34	1.4246983157e-22	1.9540141191e-24	1.0811373094e-27	1.4966649366e-19	1.6365544933e-49	6.0467118023e-33	2.1697832295e-41	3.6063964478e-29	8.9287106165e-35	1.1905368544e-25	1.9815932106e-26	6.0597035485e-36	6.3071410057e-27	1.7343229808e-23	1.6589779126e-16	5.5753722065e-19	5.9877617570e-28	4.7095284034e-19	3.2724231648e-36	5.0662421240e-18	5.2996080279e-30	2.4486625472e-17	1.1447251162e-25	8.5858277097e-31	1.2030393196e-28	3.0980765531e-43	5.2771579955e-37	9.0380129257e-25	9.9255374686e-33	7.4770352563e-46	2.5095194855e-39	5.5204280145e-29	2.2451386995e-40	6.5082791837e-22	1.8369168952e-10	1.6472163120e-07	1.9121805318e-08	2.5655952363e-23	3.6926144159e-37	1.2064276087e-25	1.9510723645e-31	2.6009968683e-19	7.0625710430e-33	2.5854227644e-07	8.6629020348e-08	1.6444247787e-28	2.6334442548e-38	3.6904829650e-33	1.9295142748e-25	4.6089530578e-17	3.3336401694e-12	5.3682739980e-08	1.5537777996e-12	6.2700588919e-15	2.2826204886e-05	1.9409612738e-19	3.9803976688e-20	9.7281893914e-23	3.1618278848e-35	4.7056053837e-11	4.5558871088e-18	1.7620707163e-21	3.4802335633e-12	2.4603281553e-16	6.6762820251e-05	4.6439185527e-19	5.4880506359e-11	2.1031196266e-24	3.5046159686e-33	5.6615412277e-05	5.4453187848e-42	2.0901874892e-28	7.4780087307e-42	1.6661208469e-15	7.5429927847e-23	3.5970614784e-23	2.6357445835e-31	4.7567589892e-60	3.8878200262e-21	7.7057035829e-27	3.8431002629e-40	1.8957359177e-41	2.0622827778e-19	6.6684004013e-14	8.3069159787e-17	1.6344696751e-07	2.6102454092e-26	2.3150583819e-33	5.3176569608e-14	7.9083393805e-14	3.9833637670e-11	6.5640869269e-13	2.2042544522e-16	1.4983151849e-25	2.1972387338e-12	2.7160089384e-14	1.2760512572e-07	9.2986138618e-13	8.3332013605e-15	4.4886620568e-15	6.7544896497e-08	9.2085256241e-11	4.7576713278e-14	3.3014489342e-16	5.7935306194e-18	3.6627773010e-27	1.0342581194e-15	4.0468339744e-16	1.2760512572e-07	1.6999201544e-19	5.4582016525e-26
9.1029817800e-03	7.5006623103e+02	1.6406319022e+17	8.7902319897e+16	2.3141737861e+00	3.5130294762e-42	3.0924562665e-12	1.3556486507e-01	1.2345703545e-31	2.3293904400e-30	6.5848655551e-22	1.7809513755e-14	1.8011134654e-22	4.0553319405e-20	1.0809894784e-13	4.6272799807e-19	2.5104031337e-07	3.8525040902e-06	6.8761785276e-05	9.5557214538e-29	4.0322471950e-06	4.9583435951e-17	0.0000000000e+00	3.8911568287e-37	4.8739953403e-12	1.5277616025e-15	2.7000004617e-19	1.0428307754e-26	1.1034137652e-29	1.0039318439e-13	2.2537773721e-14	4.4648251699e-04	9.8039015432e-29	1.1353646071e-28	7.6425623697e-49	6.2416913059e-40	1.8639980500e-05	8.5436717400e-08	6.4873535674e-50	2.5034078611e-35	4.9044974335e-17	5.2060812189e-25	3.4610301848e-13	6.5785145194e-21	2.2638819712e-12	1.4460382470e-27	3.4471553661e-23	1.0055994403e-25	2.1608453395e-15	2.2324326233e-24	5.5144900902e-18	2.3114636470e-29	3.9756666101e-46	1.1274812902e-27	5.4215578928e-34	1.2990108078e-50	3.3785078584e-29	3.2654032298e-65	1.0228164289e-33	2.6290112876e-44	1.0870942080e-26	7.7451612285e-30	2.3697800097e-38	1.0553011739e-56	5.4354405419e-19	8.0805352530e-38	8.6303961720e-01	6.8757173360e-19	1.4728306431e-27	6.4753188893e-04	2.8548376809e-07	1.7851101352e-27	5.2138008210e-25	2.0844950941e-42	3.6731936585e-67	5.8298190300e-05	5.0610262750e-32	5.0425009342e-73	3.5848819329e-91	1.8179219524e-111	1.1975769968e-33	1.3025117123e-64	2.3077864660e-25	4.9621479377e-32	5.0617032275e-18	2.5630880979e-27	3.2181839554e-17	8.8823705714e-25	7.4733674412e-23	6.1506703207e-36	1.9618329756e-23	2.6431650830e-25	1.5277653603e-28	6.8489632296e-20	7.0390375813e-52	1.7659692488e-34	3.0602358075e-43	2.3096052346e-30	3.7978402708e-36	1.7085688958e-26	4.4336999778e-27	6.0664919066e-37	1.9788177275e-27	2.0416466471e-24	5.5562536523e-17	2.4326441443e-19	3.3706336641e-29	1.3880696672e-19	1.4904884503e-37	1.7087724212e-18	5.6840799377e-31	5.5144900902e-18	1.4116942805e-26	8.6795548136e-32	7.2769646091e-30	4.1989431625e-45	1.6405921345e-38	1.3067407803e-25	9.2152851147e-34	2.0942362323e-47	1.5627533322e-40	7.5743133500e-30	6.8585603516e-42	9.3348030946e-23	8.7453244938e-11	1.6482260629e-07	1.9122501049e-08	2.5795883480e-24	7.1053808157e-39	1.3636154990e-26	1.1484606941e-32	8.6340398579e-20	2.0660390185e-34	2.2493345195e-07	1.2024775936e-07	4.1121219735e-29	1.2124492178e-39	3.3942826304e-34	4.8314272629e-26	3.6699111544e-17	2.1272616620e-12	5.3684281933e-08	7.3401235781e-13	2.9335729426e-15	2.2826882048e-05	4.8619348916e-20	1.4814222986e-20	3.0970576485e-23	4.5182116787e-36	2.7632714012e-11	8.2605202750e-19	2.5586721034e-22	1.4251577088e-12	1.1158676971e-16	6.6764737908e-05	8.4722422252e-20	3.5837791787e-11	2.4803545911e-25	2.6312662643e-34	5.6617038466e-05	8.8725191799e-44	1.1034137652e-29	8.2011128020e-44	7.4508023932e-16	1.3355602060e-23	1.2778516489e-23	8.3427880139e-32	8.9777357785e-61	9.5642635516e-22	1.5561932519e-27	3.3849850411e-41	3.3093256749e-42	5.8971169383e-20	4.0638347406e-14	1.7015684421e-17	1.4156433628e-07	5.0963880914e-27	2.9090200425e-34	7.3371321271e-14	2.3561127665e-14	1.8440721665e-11	2.6642910645e-13	9.7846071783e-17	3.9513443896e-26	1.6478883262e-12	6.4923363405e-14	1.5727605987e-07	1.1607039622e-12	3.3784608465e-15	1.9993486768e-15	4.8764918059e-08	1.2678977191e-10	2.5856432789e-14	2.1354692628e-16	2.5175097477e-18	2.0937302665e-26	3.5874664571e-16	4.8384117613e-16	1.5727605987e-07	2.4318313097e-19	5.4104413346e-26
5.9636233200e-03	7.1900558931e+02	1.1212766946e+17	6.0075060219e+16	2.3142151657e+00	3.1603096974e-44	8.2840425381e-13	1.3556728972e-01	5.6712573332e-33	1.1481266681e-31	9.3735938337e-23	4.2381456174e-15	2.1492054911e-23	5.3625839845e-21	4.4642598565e-14	1.7026357857e-19	2.5104558580e-07	3.8525856296e-06	6.8763015205e-05	1.0029329040e-29	4.0323192959e-06	9.0674482712e-18	0.0000000000e+00	6.5902415724e-39	1.6795353069e-12	5.5739651568e-16	4.0169557377e-20	6.1061995135e-28	4.9746900321e-31	3.5379203994e-14	5.9094189862e-15	4.5543993571e-04	4.9797394723e-30	8.8886429073e-30	8.0401970033e-51	1.6519605362e-41	9.7177881429e-06	5.8546756869e-08	2.2524743748e-52	4.5043328062e-37	7.5559112685e-18	4.1085372432e-26	1.2563016296e-13	1.2417946964e-21	1.4411522633e-12	2.0248182902e-28	5.2355118723e-24	1.2226363059e-26	9.8419214074e-16	2.7732956816e-25	1.0885798853e-18	1.1479393213e-30	3.0957568287e-48	9.6085856462e-29	1.2468482460e-35	3.7348503473e-53	2.0993964941e-30	2.0753867972e-68	2.4524704662e-35	3.5406344826e-46	9.1705158766e-28	7.2028231590e-31	1.4076417735e-39	1.7006657964e-58	9.5921130494e-20	3.1865621636e-39	8.6302829396e-01	1.5374353825e-19	2.3273626253e-28	6.5640815993e-04	2.7010410883e-07	4.2336437232e-28	6.3134897664e-26	6.9716453105e-44	1.7414430727e-69	5.8306926713e-05	5.3007389116e-33	1.7124512494e-75	3.7786860791e-94	3.4748118136e-115	6.2259690172e-35	4.6725238878e-67	3.3248080208e-26	5.8468578612e-33	2.3730950967e-18	3.6465905898e-28	1.0443444493e-17	1.5418784915e-25	1.0312178777e-23	1.3012044689e-37	2.3090294270e-24	3.0816247944e-26	1.8946603963e-29	2.9181148392e-20	2.1103805267e-54	3.9418983782e-36	3.2216296882e-45	1.1881227095e-31	1.2869224521e-37	2.0728856652e-27	8.7047551300e-28	5.1939811709e-38	5.6237453928e-28	2.0850184508e-25	1.7018142029e-17	1.0029202816e-19	1.5482541059e-30	3.6734991163e-20	5.5995485390e-39	5.2257298745e-19	5.3101881344e-32	1.0885798853e-18	1.4996640734e-27	7.8129639332e-33	3.5742756669e-31	4.4623354124e-47	4.0533136636e-40	1.6174660648e-26	7.8506871083e-35	4.8406451234e-49	8.3867952140e-42	8.2820848899e-31	1.5518540167e-43	1.1461205343e-23	4.0614273757e-11	1.6487239403e-07	1.9122906438e-08	2.4214581112e-25	1.1065728349e-40	1.4428395885e-27	5.7005992989e-34	2.7808304736e-20	5.1177565553e-36	1.8418199023e-07	1.6100539329e-07	9.1367303149e-30	4.4759357836e-41	2.6049610712e-35	1.0615077624e-26	2.7169707396e-17	1.3437441693e-12	5.3685241865e-08	3.3867703853e-13	1.3075577677e-15	2.2827303712e-05	1.1189704641e-20	5.1125552978e-21	9.1668764517e-24	5.7032988408e-37	1.5026618510e-11	1.3280130548e-19	3.2906046303e-23	5.5697067408e-13	4.8570263745e-17	6.6765931732e-05	1.4607191448e-20	2.3185890255e-11	2.6643952876e-26	1.7515187536e-35	5.6618050839e-05	1.1799131868e-45	4.9746900321e-31	7.3621007553e-46	3.0784768246e-16	2.1777159929e-24	4.2804236865e-24	2.4835154385e-32	1.5775525359e-61	2.1786410481e-22	2.8633760159e-28	2.6019503700e-42	5.2078588586e-43	1.5651622897e-20	2.3936895450e-14	3.1017445852e-18	1.1913613336e-07	8.4926254288e-28	3.0435277291e-35	9.2813418967e-14	6.4010711243e-15	8.0010967230e-12	9.8285455185e-14	3.9319259295e-17	9.1644085652e-27	1.1845953654e-12	1.5314256991e-13	1.8513924927e-07	1.3746301122e-12	1.2556205137e-15	8.2738050903e-16	3.2071520285e-08	1.5411966812e-10	1.2875208660e-14	1.2990503192e-16	9.9925755261e-19	1.0791087744e-25	1.1080737808e-16	5.5793897394e-16	1.8513924927e-07	3.1722922394e-19	4.7823754472e-26
3.9069399400e-03	6.8923118528e+02	7.6632156938e+16	4.1057083172e+16	2.3142384867e+00	2.2244760731e-46	2.0800779993e-13	1.3556865597e-01	2.2624586886e-34	4.8602433201e-33	1.2067322794e-23	9.0353456096e-16	2.3525313161e-24	6.5611480856e-22	1.7854330228e-14	5.5985782106e-20	2.5104861955e-07	3.8526327841e-06	6.8763708333e-05	9.4771861811e-31	4.0323599305e-06	1.5435215853e-18	0.0000000000e+00	9.0472973676e-41	5.3924592558e-13	1.8900063448e-16	5.2912677665e-21	3.0830603029e-29	1.9116965475e-32	1.1549927334e-14	1.4372162202e-15	4.6048859004e-04	2.1500638434e-31	6.0025445779e-31	6.7897821911e-53	3.6521412316e-43	4.6949219248e-06	3.7456621701e-08	5.7301246093e-55	6.4300083836e-39	1.0221317317e-18	2.7862809293e-27	4.2207313257e-14	2.1269058915e-22	8.8456077396e-13	2.5070200445e-29	7.1699852835e-25	1.3289859264e-27	4.2693637619e-16	3.0065636962e-26	1.8970446817e-19	4.7031909036e-32	1.8468218719e-50	7.0215607737e-30	2.2777643932e-37	7.6059292230e-56	1.0471592261e-31	8.5520149823e-72	4.5444544838e-37	3.6000310007e-48	6.9516970394e-29	6.0104401147e-32	7.3305873814e-41	2.2619334578e-60	1.5482233202e-20	1.0715212234e-40	8.6302193649e-01	3.2477219964e-20	3.4527724985e-29	6.6138447825e-04	2.5902194373e-07	9.7654797254e-29	6.8820159431e-27	1.9759947030e-45	6.4075332616e-72	5.8313057300e-05	5.0156015780e-34	4.4916912117e-78	2.9141231092e-97	4.4924201341e-119	2.7701865477e-36	1.2727406109e-69	4.4426550893e-27	6.4438260755e-34	1.0861288535e-18	4.7703682151e-29	3.2005019518e-18	2.4829619816e-26	1.2846211833e-24	2.1632688633e-39	2.3407655816e-25	3.1213880702e-27	2.0798286874e-30	1.1704056732e-20	4.4283052216e-57	6.7788585911e-38	2.5489441135e-47	4.9585128281e-33	3.5071516252e-39	2.1515136937e-28	1.5198018373e-28	3.8499590950e-39	1.4689898550e-28	1.8538361976e-26	4.7941713085e-18	3.9275867107e-20	5.8369711388e-32	8.8136072511e-21	1.7426928297e-40	1.4611530235e-19	4.3497667564e-33	1.8970446817e-19	1.3809187226e-28	6.2689623748e-34	1.4337626809e-32	3.7158453399e-49	7.9958558369e-42	1.7273909283e-27	6.1130700779e-36	9.2566562526e-51	3.8958349004e-43	7.3558883105e-32	2.6426852341e-45	1.2139615292e-24	1.8325929557e-11	1.6489634424e-07	1.9123125933e-08	2.1336812346e-26	1.3877877822e-42	1.4169284801e-28	2.3850818499e-35	8.6519772414e-21	1.0649460897e-37	1.3994851049e-07	2.0524235158e-07	1.7794724420e-30	1.3037287848e-42	1.6442351211e-36	2.0212554583e-27	1.8516070449e-17	8.3984898932e-13	5.3685782864e-08	1.5246590177e-13	5.5417148479e-16	2.2827541534e-05	2.3650500189e-21	1.6409524014e-21	2.5229324650e-24	6.3844168073e-38	7.6032554554e-12	1.8927288825e-20	3.7471078240e-24	2.0733957602e-13	2.0256229531e-17	6.6766604549e-05	2.3668903895e-21	1.4855040839e-11	2.5886476967e-27	1.0284379309e-36	5.6618621393e-05	1.2734230082e-47	1.9116965475e-32	5.3632595806e-48	1.1771752550e-16	3.2588052867e-25	1.3489691711e-24	6.9373686752e-33	2.5745501232e-62	4.5942686341e-23	4.8107749809e-29	1.7513744813e-43	7.4458607064e-44	3.8618189044e-21	1.3672096337e-14	5.0060190746e-19	9.7269250348e-08	1.2031495751e-28	2.6462372398e-36	1.0820907419e-13	1.5793412672e-15	3.2438996286e-12	3.2916229704e-14	1.4328952689e-17	1.8760502030e-27	8.1701626735e-13	3.6061494580e-13	2.0899455543e-07	1.5551306527e-12	4.2743387743e-16	3.1800965825e-16	1.9134185870e-08	1.6444950390e-10	5.8502784190e-15	7.4087506590e-17	3.6073363593e-19	5.0832237393e-25	3.0318219723e-17	6.2523927890e-16	2.0899455543e-07	3.8041725141e-19	3.8081795982e-26
2.5595479200e-03	6.6068975517e+02	5.2372967521e+16	2.8059631885e+16	2.3142505095e+00	1.2172836710e-48	4.8820615103e-14	1.3556936093e-01	7.7908456469e-36	1.7601859026e-34	1.3990239734e-24	1.7234750395e-16	2.3472192929e-25	7.3643065220e-23	6.8872757080e-15	1.6290288283e-20	2.5105024433e-07	3.8526582303e-06	6.8764065601e-05	8.0264836455e-32	4.0323808760e-06	2.4256732930e-19	0.0000000000e+00	1.0018331571e-42	1.6148567056e-13	5.9772513732e-17	6.1800975485e-22	1.3392090784e-30	6.2441749108e-34	3.5046084409e-15	3.2447036707e-16	4.6309145870e-04	7.8685149365e-33	3.4978571081e-32	4.5780109496e-55	6.7198878334e-45	2.1094139670e-06	2.2517627694e-08	1.0626601964e-57	7.2698635119e-41	1.2172507521e-19	1.6262721643e-28	1.3185439350e-14	3.3176608483e-23	5.2675239311e-13	2.7590632201e-30	8.8732417447e-26	1.2937735174e-28	1.7716246616e-16	2.8581321935e-27	2.9343456290e-20	1.5938018998e-33	8.4138016689e-53	4.4069654694e-31	3.3084459999e-39	1.0944561865e-58	4.2270846911e-33	2.2799327485e-75	6.5427353130e-39	2.7757690362e-50	4.7136222990e-30	4.4908068427e-33	3.3453909421e-42	2.4816800561e-62	2.2828557874e-21	3.0673971436e-42	8.6301867884e-01	6.4650115995e-21	4.7949990518e-30	6.6392805298e-04	2.5187425214e-07	2.1875535906e-29	6.7402152795e-28	4.7372985232e-47	1.8241345228e-74	5.8316934906e-05	4.2798052917e-35	9.0701050060e-81	1.6393730032e-100	3.9138600380e-123	1.0534028840e-37	2.6219559118e-72	5.4875871972e-28	6.6219552191e-35	4.8658763757e-19	5.7390813054e-30	9.2757394028e-19	3.7115937914e-27	1.4441410192e-25	2.8315369414e-41	2.0554616719e-26	2.7632193393e-28	2.0342911482e-31	4.4596139478e-21	6.5107834314e-60	9.0282917346e-40	1.5218333927e-49	1.6910201678e-34	7.7390172794e-41	1.9283288402e-29	2.3853675370e-29	2.4945496654e-40	3.5696950002e-29	1.4381635820e-27	1.2476692151e-18	1.4672917918e-20	1.8129012958e-33	1.9318258991e-21	4.5042873158e-42	3.7604947134e-20	3.1395098226e-34	2.9343456290e-20	1.1071911596e-29	4.4847767824e-35	4.7140589028e-34	2.4189938091e-51	1.2626225824e-43	1.6009088814e-28	4.3330927359e-37	1.4658995080e-52	1.5709622842e-44	5.3879713883e-33	3.4279204069e-47	1.1156395360e-25	8.0035794706e-12	1.6490752321e-07	1.9123236232e-08	1.7613337747e-27	1.3931453614e-44	1.2809306840e-29	8.3981448030e-37	2.5896099546e-21	1.8462051880e-39	9.7869670196e-08	2.4732298491e-07	3.0134715784e-31	2.9632928295e-44	8.4563069936e-38	3.3118353438e-28	1.1561614344e-17	5.1911105075e-13	5.3686061726e-08	6.6892927032e-14	2.2288911060e-16	2.2827664259e-05	4.5863949421e-22	4.9093482554e-22	6.4546178800e-25	6.3557194108e-39	3.5931227294e-12	2.3892050458e-21	3.7741695420e-25	7.3373980445e-14	8.0804547679e-18	6.6766951358e-05	3.5851282071e-22	9.4208528427e-12	2.2591515206e-28	5.2984048918e-38	5.6618915489e-05	1.1083114634e-49	6.2441749108e-34	3.1422966803e-50	4.1700824396e-17	4.4593216008e-26	3.9903802861e-25	1.8141340887e-33	3.8922874836e-63	8.9630999717e-24	7.3908870608e-30	1.0345850955e-44	9.7336832995e-45	8.8656859546e-22	7.5923829985e-15	7.1404680826e-20	7.7193606395e-08	1.4527688908e-29	1.9201211102e-37	1.1759038653e-13	3.5362393092e-16	1.2294464057e-12	1.0027198565e-14	4.7569241134e-18	3.4100649499e-28	5.4287094730e-13	8.5954174695e-13	2.2780368366e-07	1.6963408317e-12	1.3357221824e-16	1.1384202497e-16	1.0383469509e-08	1.5528970915e-10	2.4324518152e-15	3.9764385673e-17	1.1874175344e-19	2.2453523799e-24	7.3601772405e-18	6.8781048154e-16	2.2780368366e-07	4.2517526196e-19	2.7746153620e-26
1.6768329400e-03	6.3333024087e+02	3.5793332396e+16	1.9176787157e+16	2.3142562235e+00	5.1380875610e-51	1.0679438561e-14	1.3556969538e-01	2.3011296190e-37	5.4273751137e-36	1.4542238388e-25	2.9453548259e-17	2.1222402279e-26	7.5270132535e-24	2.5536997001e-15	4.1892304706e-21	2.5105106621e-07	3.8526712536e-06	6.8764235440e-05	6.0640579771e-33	4.0323908333e-06	3.4944795655e-20	0.0000000000e+00	8.8917742243e-45	4.5101351040e-14	1.7661884847e-17	6.3976351804e-23	4.9867150810e-32	1.7264157318e-35	9.8986801716e-16	6.7972914368e-17	4.6432886957e-04	2.4306409204e-34	1.7561089269e-33	2.4478212009e-57	1.0239315576e-46	8.8290154354e-07	1.2770550656e-08	1.4257476518e-60	6.4828242324e-43	1.2765837015e-20	8.1631647356e-30	3.8395217143e-15	4.7200639229e-24	3.0558447599e-13	2.7051244315e-31	9.9261088032e-27	1.1278494153e-29	7.0506616216e-17	2.3868805003e-28	4.0387315562e-21	4.4652593212e-35	2.9105975780e-55	2.3740091110e-32	3.8125897356e-41	1.1060307622e-61	1.3856873995e-34	3.9051265392e-79	7.3248942148e-41	1.6227259164e-52	2.8450866160e-31	2.9954365802e-34	1.3351294742e-43	2.2395881126e-64	3.0688317662e-22	7.4509771568e-44	8.6301714709e-01	1.2095589270e-21	6.2143315438e-31	6.6511993041e-04	2.4846618678e-07	4.7515364001e-30	5.9149104084e-29	9.5726023113e-49	3.9956868745e-77	5.8318783311e-05	3.2846441105e-36	1.4019459062e-83	6.6853972029e-104	2.2798740270e-127	3.4130352042e-39	4.0587198071e-75	6.2442043921e-29	6.3247018774e-36	2.1372353951e-19	6.3435073681e-31	2.5430569859e-19	5.1473962944e-28	1.4626783687e-26	2.9132025438e-43	1.5671254695e-27	2.1435413124e-29	1.7788156634e-32	1.6239714949e-21	6.6833677070e-63	9.3187140122e-42	6.8527607457e-52	4.7256866017e-36	1.3859594049e-42	1.4998156826e-30	3.3876341267e-30	1.4203878683e-41	8.1333636005e-30	9.7335583324e-29	3.0063063995e-19	5.2422763948e-21	4.6403582514e-35	3.8855651891e-22	9.6635160454e-44	8.9425809041e-21	2.0005545929e-35	4.0387315562e-21	7.7415536712e-31	2.8567906309e-36	1.2706846784e-35	1.2252531616e-53	1.5945682538e-45	1.2907220662e-29	2.7840695490e-38	1.9191094695e-54	5.5006026836e-46	3.2831306429e-34	3.4052063793e-49	8.9174860558e-27	3.3723434239e-12	1.6491256168e-07	1.9123287787e-08	1.3508801845e-28	1.1114708539e-46	1.0585283544e-30	2.4806081607e-38	7.4300406181e-22	2.6444163987e-41	6.3019085133e-08	2.8217442237e-07	4.4364457327e-32	5.2363923499e-46	3.5367828605e-39	4.6711578280e-29	6.6339288412e-18	3.1715299627e-13	5.3686194295e-08	2.8569482291e-14	8.4897612729e-17	2.2827722685e-05	8.1460789093e-23	1.3700931370e-22	1.5333198468e-25	5.6298323610e-40	1.5889995237e-12	2.6653174574e-22	3.3547393443e-26	2.4632211214e-14	3.0776868627e-18	6.6767116227e-05	5.0519510624e-23	5.9110104441e-12	1.7596839982e-29	2.3817970334e-39	5.6619055300e-05	7.7215609959e-52	1.7264157318e-35	1.4668312480e-52	1.3682625663e-17	5.5589775551e-27	1.1052497444e-25	4.4300665044e-34	5.4364997641e-64	1.6153638103e-24	1.0382181308e-30	5.3634724007e-46	1.1675305552e-45	1.8931911787e-22	4.1055281298e-15	9.0084705858e-21	5.9825556996e-08	1.5059057563e-30	1.1722471100e-38	1.2087193775e-13	7.1989738019e-17	4.3693957732e-13	2.7892471604e-15	1.4469601660e-18	5.5399200105e-29	3.4966134056e-13	2.1029977340e-12	2.4175059036e-07	1.8021060887e-12	3.8479057974e-17	3.8138977572e-17	5.1671033885e-09	1.3228407982e-10	9.3311357820e-16	2.0272389770e-17	3.5925049396e-20	9.6095850579e-24	1.5964831528e-18	7.5086831621e-16	2.4175059036e-07	4.5027568733e-19	1.8825655345e-26
1.0985411400e-03	6.0710369861e+02	2.4462254599e+16	1.3105986733e+16	2.3142587409e+00	1.6574059761e-53	2.1706788142e-15	1.3556984279e-01	5.7913535848e-39	1.4165923726e-37	1.3490457252e-26	4.5189038233e-18	1.7295198243e-27	6.9619163156e-25	9.0755021760e-16	9.5783583457e-22	2.5105146505e-07	3.8526776883e-06	6.8764310262e-05	4.0668492479e-34	4.0323952199e-06	4.5877474462e-21	0.0000000000e+00	6.2773806341e-47	1.1734115401e-14	4.8762302192e-18	5.8568751344e-24	1.5841623009e-33	4.0188852107e-37	2.6019288741e-16	1.3193850157e-17	4.6487394821e-04	6.3035769839e-36	7.5699570811e-35	1.0294927705e-59	1.2839393530e-48	3.4425695833e-07	6.8438219988e-09	1.3700678939e-63	4.5302181665e-45	1.1769121872e-21	3.5136035903e-31	1.0426137514e-15	6.1214107406e-25	1.7307928285e-13	2.3617259967e-32	1.0022264269e-27	8.7874162187e-31	2.6936197889e-17	1.7495002641e-29	4.9450890200e-22	1.0308336916e-36	7.5836538976e-58	1.0945421885e-33	3.4680302151e-43	7.7753644752e-65	3.6849017394e-36	4.2482880252e-83	6.3554770716e-43	7.1611027558e-55	1.5210117219e-32	1.7768291472e-35	4.6430610223e-45	1.6538446908e-66	3.7505055852e-23	1.5283483426e-45	8.6301648459e-01	2.1211049059e-22	7.4919829155e-32	6.6563118672e-04	2.4876552753e-07	9.9910503325e-31	4.6342171830e-30	1.6219780610e-50	6.6807366962e-80	5.8318697234e-05	2.2594235302e-37	1.6451934322e-86	1.9577116309e-107	8.7755605213e-132	9.3786063201e-41	4.6788989432e-78	6.5216477363e-30	5.5953929622e-37	9.2091941148e-20	6.4284295294e-32	6.5902732266e-20	6.6122074941e-29	1.3310562975e-27	2.3444062765e-45	1.0366311510e-28	1.4565127926e-30	1.3909296584e-33	5.6689800747e-22	4.7518686218e-66	7.4282113765e-44	2.3161895336e-54	1.0807431040e-37	2.0107342430e-44	1.0132517357e-31	4.3644119677e-31	7.1162778466e-43	1.7444148306e-30	5.7344116289e-30	6.7080974186e-20	1.7926147645e-21	9.7610261668e-37	7.1820253329e-23	1.7150108559e-45	1.9672285879e-21	1.1245683906e-36	4.9450890200e-22	4.7146357193e-32	1.6157738186e-37	2.7997882855e-37	4.7945968428e-56	1.6039167889e-47	9.0473800109e-31	1.6142905233e-39	2.0680631118e-56	1.6686573758e-47	1.6687749383e-35	2.5885339036e-51	6.1955765323e-28	1.3672666586e-12	1.6491474616e-07	1.9123310237e-08	9.5038258094e-30	6.9902520151e-49	7.9490821005e-32	6.1172930147e-40	2.0374824196e-22	3.1037001593e-43	3.7652571424e-08	3.0754131160e-07	5.7141911921e-33	7.2107047220e-48	1.2079879673e-40	5.7089451729e-30	3.5305246878e-18	1.9142157319e-13	5.3686252697e-08	1.1863447414e-14	3.0557722968e-17	2.2827748468e-05	1.3217756638e-23	3.5643797649e-23	3.3757257296e-26	4.4300941002e-41	6.5774668843e-13	2.6189241214e-23	2.6224687160e-27	7.8274060710e-15	1.1171430849e-18	6.6767188859e-05	6.5944712457e-24	3.6674728753e-12	1.2160558716e-30	9.2883752362e-41	5.6619116893e-05	4.2700855639e-54	4.0188852107e-37	5.4022379293e-55	4.1530739009e-18	6.2881789030e-28	2.8590616565e-26	1.0075788925e-34	6.9952857298e-65	2.6832832709e-25	1.3314407571e-31	2.4347473950e-47	1.2859072052e-46	3.7553046763e-23	2.1629564832e-15	1.0067158760e-21	4.5529197552e-08	1.3509418714e-31	6.0720333627e-40	1.1923708184e-13	1.3359933734e-17	1.4618119609e-13	7.1131691048e-16	4.0539911768e-19	8.0866930992e-30	2.1970820609e-13	5.3470192920e-12	2.5174026111e-07	1.8812521124e-12	1.0262789918e-17	1.2016360157e-17	2.3810789840e-09	1.0397753335e-10	3.3353863727e-16	9.9254378766e-18	1.0086863710e-20	4.1157791827e-23	3.1208503126e-19	8.2144384879e-16	2.5174026111e-07	4.5897356920e-19	1.2087294661e-26
7.1968567300e-04	5.8196321142e+02	1.6718239950e+16	8.9570212040e+15	2.3142597743e+00	4.0434260237e-56	4.0866544572e-16	1.3556990332e-01	1.2334071998e-40	3.1094674433e-39	1.1115275047e-27	6.2316440657e-19	1.2639691241e-28	5.7949768134e-26	3.0837593916e-16	1.9647572245e-22	2.5105165450e-07	3.8526808273e-06	6.8764340976e-05	2.4086924496e-35	4.0323970206e-06	5.4607751055e-22	0.0000000000e+00	3.4944708166e-49	2.8383653250e-15	1.2563515648e-18	4.7247937827e-25	4.2688609220e-35	7.8272683571e-39	6.3554862477e-17	2.3675580888e-18	4.6509690051e-04	1.3637007704e-37	2.7882182019e-36	3.3743284964e-62	1.3152515644e-50	1.2489134149e-07	3.4654657895e-09	9.3174471010e-67	2.4604811898e-47	9.5063846408e-23	1.2909443677e-32	2.6374511762e-16	7.2217670896e-26	9.5782870814e-14	1.8314884048e-33	9.1080669381e-29	6.0991411898e-32	9.8755797537e-18	1.1221372181e-30	5.3742955200e-23	1.9502430575e-38	1.4735530597e-60	4.2999246233e-35	2.4719275738e-45	3.7564280558e-68	7.9146191665e-38	2.8917461722e-87	4.2460601226e-45	2.3675594606e-57	7.1645888557e-34	9.3307965906e-37	1.4002669943e-46	9.9243866193e-69	4.1526591471e-24	2.6311934886e-47	8.6301622214e-01	3.4764341132e-23	8.3742693638e-33	6.6582926509e-04	2.5290918297e-07	2.0302387684e-31	3.2277926385e-31	2.2897776772e-52	8.4423277845e-83	5.8316651509e-05	1.3872124984e-38	1.4510951503e-89	4.0678064550e-111	2.1990517927e-136	2.1729305095e-42	3.9734177810e-81	6.2284624235e-31	4.5689443900e-38	3.8924476367e-20	5.9552235676e-33	1.6118081509e-20	7.8483340269e-30	1.0843789054e-28	1.4649538314e-47	5.9315960787e-30	8.6457349251e-32	9.7072488652e-35	1.8988518981e-22	2.3138814395e-69	4.5426587734e-46	5.8294716893e-57	2.0138505090e-39	2.3516794658e-46	5.9340018836e-33	5.0993369268e-32	3.1319248504e-44	3.5258700562e-31	2.9295359536e-31	1.3843323217e-20	5.8645729631e-22	1.6786531653e-38	1.2191027076e-23	2.5038332430e-47	4.0001912352e-22	5.5608222003e-38	5.3742955200e-23	2.4926073518e-33	8.0820368219e-39	5.0159387893e-39	1.4366629461e-58	1.2765875838e-49	5.4978061847e-32	8.4080480813e-41	1.8229287339e-58	4.3677641367e-49	7.0637599922e-37	1.4978729566e-53	3.7306405497e-29	5.3218477815e-13	1.6491565489e-07	1.9123319376e-08	6.0404394687e-31	3.4346985413e-51	5.3967946802e-33	1.2520066022e-41	5.3262030101e-23	2.9600528239e-45	2.1101629164e-08	3.2409240801e-07	6.4965447857e-34	7.7723240229e-50	3.3908651222e-42	6.1000397667e-31	1.7632350441e-18	1.1407202685e-13	5.3686276671e-08	4.7835928850e-15	1.0369955796e-17	2.2827759071e-05	1.9530410580e-24	8.6292592975e-24	6.8704397802e-27	3.0868379619e-42	2.5458764845e-13	2.2570202029e-24	1.7950977755e-28	2.3490691544e-15	3.8568579045e-19	6.6767218675e-05	7.9423509960e-25	2.2489184936e-12	7.4135254978e-32	3.1233657094e-42	5.6619142176e-05	1.8569891139e-56	7.8272683571e-39	1.5537777812e-57	1.1637183726e-18	6.4279033431e-29	6.8885967611e-27	2.1285184863e-35	8.2671826208e-66	4.0963106050e-26	1.5547089715e-32	9.6407561412e-49	1.2987922504e-47	6.9043356056e-24	1.1100455005e-15	9.9711490840e-23	3.4188163306e-08	1.0551633606e-32	2.6840048425e-41	1.1420392180e-13	2.2642101227e-18	4.6181198324e-14	1.6675269058e-16	1.0498227118e-19	1.0638492897e-30	1.3537280090e-13	1.4267666468e-11	2.5881719949e-07	1.9429801214e-12	2.5418533329e-18	3.5735251034e-18	1.0245168621e-09	7.6913076209e-11	1.1202808557e-16	4.7116271201e-18	2.6497997004e-21	1.8120367231e-22	5.5370756686e-20	9.0750458741e-16	2.5881719949e-07	4.5588379867e-19	7.4345944068e-27
4.7148663600e-04	5.5786380519e+02	1.1425744465e+16	6.1214947244e+15	2.3142601765e+00	7.3764729618e-59	7.1027910946e-17	1.3556992687e-01	2.2069611301e-42	5.6992696014e-41	8.0933520865e-29	7.7217961252e-20	8.2424447410e-30	4.3187401323e-27	9.9958415485e-17	3.6451064141e-23	2.5105174512e-07	3.8526823835e-06	6.8764352927e-05	1.2531655901e-36	4.0323977212e-06	5.8652994097e-23	0.0000000000e+00	1.5193447902e-51	6.3674168830e-16	3.0146230911e-19	3.3436739013e-26	9.6952469824e-37	1.2664915306e-40	1.4392545416e-17	3.9165739916e-19	4.6518161251e-04	2.4435997907e-39	8.7242797828e-38	8.5325693752e-65	1.0918291252e-52	4.2069720336e-08	1.6561748925e-09	4.4248921488e-70	1.0288557203e-49	6.6982622712e-24	4.0260572748e-34	6.2030033004e-17	7.7267522068e-27	5.1787668643e-14	1.2567662436e-34	7.4226902916e-30	3.7554593171e-33	3.4709428370e-18	6.2713615412e-32	5.1658817936e-24	3.0029610840e-40	2.1113032461e-63	1.4314099467e-36	1.3684918748e-47	1.2298006104e-71	1.3641149686e-39	1.2103677012e-91	2.1657115272e-47	5.8076319671e-60	2.9573208631e-35	4.3161723809e-38	3.6416963848e-48	4.7999487701e-71	4.1493682819e-25	3.7755280720e-49	8.6301612728e-01	5.3094418853e-24	8.6483644676e-34	6.6589560812e-04	2.6122338493e-07	3.9798189928e-32	1.9891573701e-32	2.6736411680e-54	7.9729498783e-86	5.8312504564e-05	7.5666022643e-40	9.5104586670e-93	5.9158059585e-115	3.5267677336e-141	4.2164295872e-44	2.4553764188e-84	5.4179448014e-32	3.4307112549e-39	1.6129169717e-20	5.0256057522e-34	3.7126418370e-21	8.5818149521e-31	7.8753218818e-30	7.0442534041e-50	2.9228414835e-31	4.4647540024e-33	6.0261890069e-36	6.1007731237e-23	7.6126432360e-73	2.1127557964e-48	1.0815266991e-59	3.0382447816e-41	2.2020595178e-48	3.0008145315e-34	5.3919342428e-33	1.2065641908e-45	6.7120974923e-32	1.2914509314e-32	2.6362411160e-21	1.8333634939e-22	2.3443443998e-40	1.8964058002e-24	2.9861018187e-49	7.5034907527e-23	2.4088149424e-39	5.1658817936e-24	1.1387551680e-34	3.5581963615e-40	7.2565251625e-41	3.2630057161e-61	7.9744644627e-52	2.8836673060e-33	3.9149469373e-42	1.3043977188e-60	9.8122599513e-51	2.4790107729e-38	6.5440358351e-56	1.9384342716e-30	1.9845578249e-13	1.6491601727e-07	1.9123322907e-08	3.4147850182e-32	1.3058764368e-53	3.2968088602e-34	2.1122920289e-43	1.3241109382e-23	2.2744561561e-47	1.1204272798e-08	3.3398982436e-07	6.5697896958e-35	6.5769534450e-52	7.8611048077e-44	5.7417224851e-32	8.3510289522e-19	6.7077151018e-14	5.3686286000e-08	1.8704952451e-15	3.3099968484e-18	2.2827763203e-05	2.6183374717e-25	1.9393817918e-24	1.2888702970e-27	1.8963911994e-43	9.1975092248e-14	1.6977362219e-25	1.0705957686e-29	6.6420860198e-16	1.2638704716e-19	6.6767230276e-05	8.7924374193e-26	1.3621946996e-12	3.9645896403e-33	8.9993732445e-44	5.6619152015e-05	6.2873534757e-59	1.2664915306e-40	3.4529788713e-60	3.0023984246e-19	5.9123255861e-30	1.5415277510e-27	4.1643251886e-36	8.9454325287e-67	5.7280290803e-27	1.6474115318e-33	3.3132954390e-50	1.1998587897e-48	1.1733988119e-24	5.5459444170e-16	8.7451302283e-24	2.5419000479e-08	7.1963018224e-34	1.0148322121e-42	1.0707227512e-13	3.5055402449e-19	1.3800216091e-14	3.5969613117e-17	2.5165282785e-20	1.2622254851e-31	8.2080609759e-14	4.0253869372e-11	2.6384464477e-07	1.9946162087e-12	5.8539872677e-19	1.0050645368e-18	4.1391520275e-10	5.4321617006e-11	3.5559718661e-17	2.1835678378e-18	6.5483461999e-22	8.3662487699e-22	8.9549362554e-21	1.0180936276e-15	2.6384464477e-07	4.4504618233e-19	4.4165695756e-27
3.0888436000e-04	5.3476236818e+02	7.8086941935e+15	4.1836115944e+15	2.3142603359e+00	9.9424691159e-62	1.1357435020e-17	1.3556993621e-01	3.2929334987e-44	8.6565602315e-43	5.1804999128e-30	8.5830678253e-21	4.7719008816e-31	2.8672044238e-28	3.0841742258e-17	6.1489410133e-24	2.5105179060e-07	3.8526831966e-06	6.8764357667e-05	5.6952671144e-38	4.0323979991e-06	5.6585640002e-24	0.0000000000e+00	5.1071543401e-54	1.3209982051e-16	6.7196639390e-20	2.0652996004e-27	1.8429882122e-38	1.6896197064e-42	3.0133098077e-18	5.9540870785e-20	4.6521150019e-04	3.5991043448e-41	2.3040536656e-39	1.6466833016e-67	7.2813568507e-55	1.3124680108e-08	7.4570995491e-10	1.4464313776e-73	3.2781036382e-52	4.0962785590e-25	1.0590348668e-35	1.3529133117e-17	7.4699543909e-28	2.7341147633e-14	7.5956928375e-36	5.4016337260e-31	2.0416320320e-34	1.1677071940e-18	3.0383254370e-33	4.3727063078e-25	3.7338886461e-42	2.2035104168e-66	4.0125653288e-38	5.8266365567e-50	2.6867359768e-75	1.8718876320e-41	3.0561976800e-96	8.3501229608e-50	1.0453443436e-62	1.0635993333e-36	1.7492026277e-39	8.1169528558e-50	1.8542246030e-73	3.7257342193e-26	4.4812178211e-51	8.6301609490e-01	7.5328204168e-25	8.2220929747e-35	6.6591176661e-04	2.7426099754e-07	7.5117984642e-33	1.0790443039e-33	2.5616553708e-56	5.5587536295e-89	5.8305989786e-05	3.6482659225e-41	4.5744140321e-96	5.9321459086e-119	3.5530360241e-146	6.8021766993e-46	1.0894951177e-87	4.2749460993e-33	2.3596710857e-40	6.5467980266e-21	3.8484334309e-35	8.0346030782e-22	8.6156255047e-32	5.0750280365e-31	2.5802936459e-52	1.2336255504e-32	1.9957562829e-34	3.3136213733e-37	1.8780679843e-23	1.6667882713e-76	7.3982757446e-51	1.4621450056e-62	3.6830664115e-43	1.6374311137e-50	1.3037839028e-35	5.1432643034e-34	4.0499327278e-47	1.2015182725e-32	4.8853782381e-34	4.6196539884e-22	5.4676734652e-23	2.6381918154e-42	2.6956383585e-25	2.8860338040e-51	1.2948089524e-23	9.0951788773e-41	4.3727063078e-25	4.4708670710e-36	1.3715305840e-41	8.4103989769e-43	5.5554707606e-64	3.8735964922e-54	1.2986811409e-34	1.6213941235e-43	7.5125166190e-63	1.8803125117e-52	7.1693186506e-40	2.1370299525e-58	8.6455001245e-32	7.0761127483e-14	1.6491615633e-07	1.9123324294e-08	1.6931269531e-33	3.8027778010e-56	1.8037524395e-35	2.9160126742e-45	3.1232277779e-24	1.3956738242e-49	5.6775892114e-09	3.3951653174e-07	5.9374253867e-36	4.3676978877e-54	1.5077400816e-45	4.7823317943e-33	3.7792698847e-19	3.8896100465e-14	5.3686289699e-08	7.0830051970e-16	9.9126153671e-19	2.2827764838e-05	3.1722993367e-26	4.0346518117e-25	2.2214336612e-28	1.0220804159e-44	3.0942403372e-14	1.1086941990e-26	5.5329185680e-31	1.7650879896e-16	3.9226218529e-20	6.6767234877e-05	8.9126115097e-27	8.1453390223e-13	1.8492263561e-34	2.2072293416e-45	5.6619155916e-05	1.6398221605e-61	1.6896197064e-42	5.8634832564e-63	7.1110823046e-20	4.8712240231e-31	3.1944356192e-28	7.5223781543e-37	8.8326510434e-68	7.3100986787e-28	1.5779821923e-34	9.8272294459e-52	1.0104402103e-49	1.8377233871e-25	2.6950153696e-16	6.7756161813e-25	1.8754905122e-08	4.2859031955e-35	3.2801005658e-44	9.8779908018e-14	4.9530105230e-20	3.9023518774e-15	7.1353207722e-18	5.5829671463e-21	1.3490831462e-32	4.9079372776e-14	1.2077038510e-10	2.6742755629e-07	2.0412575315e-12	1.2534007005e-19	2.6747058202e-19	1.5749768936e-10	3.6982069027e-11	1.0700877471e-17	9.9232842152e-19	1.5267557952e-22	4.1090310043e-21	1.3224112874e-21	1.1643458844e-15	2.6742755629e-07	4.2936723128e-19	2.5465086448e-27
2.0235896500e-04	5.1261757398e+02	5.3366940775e+15	2.8592046105e+15	2.3142604166e+00	9.7762973593e-65	1.6647843847e-18	1.3556994093e-01	4.0650649770e-46	1.0809061711e-44	2.8991450723e-31	8.5332509478e-22	2.4400040265e-32	1.6871270095e-29	9.0383096395e-18	9.4532982015e-25	2.5105181602e-07	3.8526836649e-06	6.8764360064e-05	2.2478540166e-39	4.0323981397e-06	4.8807535189e-25	0.0000000000e+00	1.3130518745e-56	2.5266474145e-17	1.3874424726e-20	1.1073178779e-28	2.9107358782e-40	1.8436724652e-44	5.8144787108e-19	8.2897760574e-21	4.6522128980e-04	4.3220504539e-43	5.1002998030e-41	2.3978857356e-70	3.8653843138e-57	3.7813692539e-09	3.1567046982e-10	3.2051516276e-77	7.8709241641e-55	2.1622239163e-26	2.3335285213e-37	2.7285275716e-18	6.4988814971e-29	1.4083178711e-14	4.0225356258e-37	3.4938375548e-32	9.7491487501e-36	3.7536228810e-19	1.2688183165e-34	3.2435685927e-26	3.7172722598e-44	1.6534969328e-69	9.4078301370e-40	1.8877849419e-52	3.8532256162e-79	2.0273573460e-43	4.5611904216e-101	2.4074891851e-52	1.3640923476e-65	3.3131923363e-38	6.1753475645e-41	1.5402816182e-51	5.6659262955e-76	2.9926550692e-27	4.3640936147e-53	8.6301608154e-01	9.8958522413e-26	7.1688453807e-36	6.6591094447e-04	2.9286166639e-07	1.3624937474e-33	5.1245667754e-35	1.9969713047e-58	2.8240983686e-92	5.8296691488e-05	1.5466175836e-42	1.5935267365e-99	4.0367251472e-123	2.2043174852e-151	9.0523294969e-48	3.4225459121e-91	3.0465137474e-34	1.4806718583e-41	2.6004266232e-21	2.6629732045e-36	1.6293378584e-22	7.9125801748e-33	2.8875594325e-32	7.1216071795e-55	4.4330477950e-34	7.6785998034e-36	1.6061826689e-38	5.5311626071e-24	2.3895265488e-80	1.9292094862e-53	1.4224920741e-65	3.5573883199e-45	9.5822890434e-53	4.8389732267e-37	4.4090342972e-35	1.1780954671e-48	2.0181129285e-33	1.5762285761e-35	7.4255749999e-23	1.5525897076e-23	2.3721357561e-44	3.4894768485e-26	2.2409881316e-53	2.0488931970e-24	2.9768645281e-42	3.2435685927e-26	1.4993636951e-37	4.6023058928e-43	7.7422578512e-45	7.0069267587e-67	1.4485501055e-56	4.9924541958e-36	5.9416066324e-45	3.4507523485e-65	3.0530701381e-54	1.6964771186e-41	5.1582354558e-61	3.2903940530e-33	2.4076411594e-14	1.6491620876e-07	1.9123324982e-08	7.2818576428e-35	8.3912290509e-59	8.7973759106e-37	3.2680774991e-47	6.9733000343e-25	6.7771066545e-52	2.7577788276e-09	3.4243635415e-07	4.8029834827e-37	2.2679194074e-56	2.3886849377e-47	3.5294901635e-34	1.6416571288e-19	2.2227458620e-14	5.3686291570e-08	2.5936464858e-16	2.7779405967e-19	2.2827765655e-05	3.4587465878e-27	7.7451124730e-26	3.5054836812e-29	4.8063141075e-46	9.6683283254e-15	6.2501366953e-28	2.4634753459e-32	4.3970052771e-17	1.1504600378e-20	6.6767237204e-05	8.2403477784e-28	4.8052719762e-13	7.4790325008e-36	4.5766163620e-47	5.6619157890e-05	3.2579631073e-64	1.8436724652e-44	7.5202312485e-66	1.5411360870e-20	3.5782231375e-32	6.1108988316e-29	1.2505925794e-37	7.9305933012e-69	8.4812823262e-29	1.3605799137e-35	2.4999872828e-53	7.7268146809e-51	2.6434895063e-26	1.2724378805e-16	4.6209987798e-26	1.3749095615e-08	2.2240224918e-36	9.0347759901e-46	8.9935810673e-14	6.3723589145e-21	1.0434640483e-15	1.2993643013e-18	1.1446286154e-21	1.2955729019e-33	2.8969622122e-14	3.8704509316e-10	2.6992349763e-07	2.0860062616e-12	2.4914700394e-20	6.7303144927e-20	5.6494294018e-11	2.4400559600e-11	3.0560818908e-18	4.4325676462e-19	3.3609104635e-23	2.1680400222e-20	1.7823341663e-22	1.3610886881e-15	2.6992349763e-07	4.1066725582e-19	1.4285657606e-27
1.3257113700e-04	4.9138980749e+02	3.6472555941e+15	1.9540654858e+15	2.3142604843e+00	6.9201165174e-68	2.2285941165e-19	1.3556994490e-01	4.1180926539e-48	1.1002826736e-46	1.4103880314e-32	7.5556129003e-23	1.0960261857e-33	8.7529660538e-31	2.5100952743e-18	1.3244010047e-25	2.5105183309e-07	3.8526839786e-06	6.8764362076e-05	7.6582749069e-41	4.0323982576e-06	3.7459712961e-26	0.0000000000e+00	2.5531176753e-59	4.4408375844e-18	2.6454377309e-21	5.1234178711e-30	3.7899710426e-42	1.6316434969e-46	1.0305849043e-19	1.0532129618e-21	4.6522427210e-04	4.1958084087e-45	9.3938733383e-43	2.6034077756e-73	1.6177256809e-59	1.0030333761e-09	1.2533738636e-10	4.7379039219e-81	1.4076882713e-57	9.7936000044e-28	4.2758475348e-39	5.0723757702e-19	5.0659945075e-30	7.0705852587e-15	1.8562773243e-38	1.9987071637e-33	4.0667295069e-37	1.1506756975e-19	4.5396235224e-36	2.0974256970e-27	2.9363675095e-46	8.7995648662e-73	1.8316342564e-41	4.6022291346e-55	3.5655510513e-83	1.7168860276e-45	3.9377339199e-106	5.1310613814e-55	1.2740337482e-68	8.8839991987e-40	1.8878113523e-42	2.4710819506e-53	1.3555570697e-78	2.1402105942e-28	3.4575902330e-55	8.6301607119e-01	1.1996874714e-26	5.7098063756e-37	6.6590454982e-04	3.1824414013e-07	2.3699580986e-34	2.1185838074e-36	1.2554216562e-60	1.0312641086e-95	5.8284001961e-05	5.7326360906e-44	3.9649300500e-103	1.8330340455e-127	8.2472894083e-157	9.8561841568e-50	7.4995911578e-95	1.9521116502e-35	8.4405247313e-43	1.0096858145e-21	1.6577342818e-37	3.0874675925e-23	6.6220918948e-34	1.4429973489e-33	1.4639557211e-57	1.3476209263e-35	2.5274684137e-37	6.8276186295e-40	1.5557565069e-24	2.2047287372e-84	3.7026188694e-56	9.8273170958e-69	2.7131129074e-47	4.3708254862e-55	1.5246712160e-38	3.3824345360e-36	2.9527168417e-50	3.1726585189e-34	4.3095585018e-37	1.0910692554e-23	4.1887988149e-24	1.6889106505e-46	4.0984179981e-27	1.3852568320e-55	2.9627113163e-25	8.3959754944e-44	2.0974256970e-27	4.2673901350e-39	1.3363746386e-44	5.6090677638e-47	6.4658488129e-70	4.1260500345e-59	1.6279554756e-37	1.9159938243e-46	1.2519382609e-67	4.1706126926e-56	3.2591770539e-43	9.0923574865e-64	1.0619013156e-34	7.8013802910e-15	1.6491622986e-07	1.9123325548e-08	2.6968990371e-36	1.3873822592e-61	3.8065684945e-38	2.9488996322e-49	1.4702298540e-25	2.5794322092e-54	1.2866718637e-09	3.4390747122e-07	3.4746021122e-38	9.1487247655e-59	3.1128284968e-49	2.3054670639e-35	6.8597080036e-20	1.2509189564e-14	5.3686293141e-08	9.1702954790e-17	7.2651102369e-20	2.2827766330e-05	3.3784937678e-28	1.3672867169e-26	5.0461158022e-30	1.9605623736e-47	2.7978906870e-15	3.0234173423e-29	9.3916869167e-34	1.0240072802e-17	3.1809552915e-21	6.6767239158e-05	6.9212608979e-29	2.7950403681e-13	2.6068573441e-37	7.9651041283e-49	5.6619159546e-05	4.8734933434e-67	1.6316434969e-46	7.1971122425e-69	3.0456744948e-21	2.3319214420e-33	1.0756337475e-29	1.9070531535e-38	6.4512617786e-70	8.9093042247e-30	1.0513026004e-36	5.4190724379e-55	5.3428709025e-52	3.4801752226e-27	5.8303390101e-17	2.7602845103e-27	1.0014765326e-08	1.0006056706e-37	2.1083895562e-47	8.0844607238e-14	7.4387314629e-22	2.6331091622e-16	2.1652787275e-19	2.1624620351e-22	1.1133542646e-34	1.6875584457e-14	1.3292912689e-09	2.7137454107e-07	2.1294793811e-12	4.5850890537e-21	1.5980239518e-20	1.9072915490e-11	1.5611438102e-11	8.2712264652e-19	1.9459421231e-19	6.9733319371e-24	1.2349915602e-19	2.1858418448e-23	1.6285368232e-15	2.7137454107e-07	3.8962234055e-19	7.7960482446e-28
8.6851137400e-05	4.7104109410e+02	2.4926430493e+15	1.3354664752e+15	2.3142605693e+00	3.4775408659e-71	2.7139223029e-20	1.3556994988e-01	3.3943897575e-50	9.0507630624e-49	5.9290319990e-34	5.9136906340e-24	4.3008930740e-35	3.9823002506e-32	6.5908778565e-19	1.6878655680e-26	2.5105184788e-07	3.8526842393e-06	6.8764364600e-05	2.2379429744e-42	4.0323984056e-06	2.5456726045e-27	0.0000000000e+00	3.7104571120e-62	7.1476067570e-19	4.6427456869e-22	2.0332154523e-31	4.0355241584e-44	1.1608657889e-48	1.6719588014e-20	1.2164169721e-22	4.6522512683e-04	3.2636043737e-47	1.4285103141e-44	2.0812147404e-76	5.2839621287e-62	2.4415926406e-10	4.6560392840e-11	4.5942731893e-85	1.8525211518e-60	3.7828798084e-29	6.4655820075e-41	8.6630042784e-20	3.5220492023e-31	3.4563376267e-15	7.4207326864e-40	1.0060144178e-34	1.4733349425e-38	3.3569163026e-20	1.3826416866e-37	1.1757900717e-28	1.8229908663e-48	3.2737669017e-76	2.9388497877e-43	8.3433498926e-58	2.0905526148e-87	1.1256860002e-47	1.9224994587e-111	7.9862048815e-58	8.4023497471e-72	2.0372793247e-41	4.9660037015e-44	3.3270915202e-55	2.5120955507e-81	1.3559823189e-29	2.2088127003e-57	8.6301606107e-01	1.3374317020e-27	4.1372570512e-38	6.6589268396e-04	3.5214550673e-07	3.9448128062e-35	7.5789930148e-38	6.3055228651e-63	2.6680994898e-99	5.8267053423e-05	1.8469182079e-45	6.9444284005e-107	5.4573695819e-132	1.8204509465e-162	8.7045912133e-52	1.1285754056e-98	1.1194442036e-36	4.3517666279e-44	3.8277943961e-22	9.2408244276e-39	5.4507069924e-24	5.0298281406e-35	6.2986808399e-35	2.2142432679e-60	3.4420946556e-37	7.0717585548e-39	2.5312733172e-41	4.1711658608e-25	1.2857514651e-88	5.1660167124e-59	4.7539947265e-72	1.6183562353e-49	1.5382480342e-57	4.0513365585e-40	2.3117166447e-37	6.3370033766e-52	4.6557074290e-35	9.9170087712e-39	1.4601252776e-24	1.0713130684e-24	9.4315389621e-49	4.3502103224e-28	6.7511115512e-58	3.9003340747e-26	2.0277981041e-45	1.1757900717e-28	1.0237319929e-40	3.3367341031e-46	3.1672194397e-49	4.3086286071e-73	8.8521666752e-62	4.4729083224e-39	5.4060364452e-48	3.5511463172e-70	4.7573557401e-58	5.0413345964e-45	1.1555352534e-66	2.8866916682e-36	2.4022743180e-15	1.6491624132e-07	1.9123326252e-08	8.5728964737e-38	1.6986864078e-64	1.4539710963e-39	2.1238164866e-51	2.9198895920e-26	7.6193699972e-57	5.7689456548e-10	3.4461726118e-07	2.2420239360e-39	2.8431442180e-61	3.3163955583e-51	1.3289759100e-36	2.7587943632e-20	6.9280989018e-15	5.3686295111e-08	3.1257528955e-17	1.7680748693e-20	2.2827767170e-05	2.9427698435e-29	2.2118167646e-27	6.6005811742e-31	6.8948114428e-49	7.4762203747e-16	1.2471082688e-30	3.0461106094e-35	2.2232077950e-18	8.2709540884e-22	6.6767241608e-05	5.2591225290e-30	1.6018792848e-13	7.7813638836e-39	1.1548976066e-50	5.6619161624e-05	5.4221982925e-70	1.1608657889e-48	5.0751160149e-72	5.4686394270e-22	1.3413744165e-34	1.7361353562e-30	2.6580189389e-39	4.7361276011e-71	8.4373607283e-31	7.2454882748e-38	9.9399259619e-57	3.3257325005e-53	4.1776637972e-28	2.5893429621e-17	1.4322895683e-28	7.2263227014e-09	3.8598185106e-39	4.1182953458e-49	7.1347031425e-14	7.8261125872e-23	6.2386457907e-17	3.2810695359e-20	3.7418613838e-23	8.4990476705e-36	9.6697077913e-15	4.8939066671e-09	2.7101159052e-07	2.1657266738e-12	7.7660505348e-22	3.5618672775e-21	6.0143248783e-12	9.5753476752e-12	2.1055827974e-19	8.3451146061e-20	1.3530888325e-24	7.5420040859e-19	2.4170068852e-24	1.9911176413e-15	2.7101159052e-07	3.6467684535e-19	4.1127444689e-28
5.6898660300e-05	4.5153503176e+02	1.7015386970e+15	9.1269751421e+14	2.3065267706e+00	1.0956532525e-170	2.9944286482e-21	1.3544393380e-01	2.2552398262e-52	5.9549522665e-51	2.1381079643e-35	4.0181591950e-25	1.4660559316e-36	1.5819477371e-33	1.6325864105e-19	1.9491802681e-27	2.5081849129e-07	3.8491031309e-06	6.8700446193e-05	5.5669028867e-44	4.0286501781e-06	1.5259137029e-28	0.0000000000e+00	3.5675261534e-161	9.4018793751e-116	6.6870656563e-119	6.1552141933e-129	3.1225398470e-142	5.8958322287e-147	2.2143344106e-117	1.1400856609e-119	4.1698692791e-100	1.8047323491e-145	1.5916573830e-142	1.0956532525e-170	1.1931402701e-160	4.8650945386e-107	1.4429961748e-107	1.0956532525e-170	1.0956532525e-170	1.0956532525e-170	1.0956532525e-170	1.0956532525e-170	1.0956532525e-170	1.0956532525e-170	1.0956532525e-170	3.9668832604e-132	4.1252840273e-136	8.3262492363e-117	1.0956532525e-170	1.0956532525e-170	1.0956532525e-170	1.0956532525e-170	1.0956532525e-170	1.0956532525e-170	1.0956532525e-170	1.0956532525e-170	1.0956532525e-170	1.0956532525e-170	1.0956532525e-170	3.9670400496e-43	1.1151045227e-45	3.7211298076e-57	3.5526009201e-84	7.5640075045e-31	1.1248160887e-59	8.6314340117e-01	1.3656150606e-28	2.7134300475e-39	6.6524145637e-04	3.9693355859e-07	6.2652109396e-36	2.3279168030e-39	2.4990578925e-65	4.7997184958e-103	5.8190334871e-05	5.1299336748e-47	8.3968526299e-111	1.0402959582e-136	2.3021179672e-168	6.1661630093e-54	1.1437680199e-102	5.7121741754e-38	2.0185347881e-45	1.2679048341e-118	4.1124314906e-136	8.0064465500e-121	3.0931286676e-132	2.1388025000e-132	1.0956532525e-170	1.0956532525e-170	1.0956532525e-170	1.0956532525e-170	1.0956532525e-170	1.0956532525e-170	1.0956532525e-170	1.0956532525e-170	1.0956532525e-170	1.0956532525e-170	1.0956532525e-170	1.0956532525e-170	1.0956532525e-170	1.0956532525e-170	1.0956532525e-170	1.0956532525e-170	2.3187113518e-121	1.0956532525e-170	1.0956532525e-170	1.0956532525e-170	1.0956532525e-170	1.0956532525e-170	1.0956532525e-170	1.0956532525e-170	7.1023393389e-48	1.0956532525e-170	1.0956532525e-170	1.0956532525e-170	1.0956532525e-170	1.3256536832e-49	6.9681523629e-169	4.0209943396e-156	1.0956532525e-170	1.0956532525e-170	1.0956532525e-170	7.0157030089e-16	1.6476294874e-07	1.9105550584e-08	2.3426520217e-39	1.0956532525e-170	4.8810521272e-41	1.0956532525e-170	5.4466735256e-27	1.5510297132e-155	2.4818737305e-10	3.4462510072e-07	1.2829170886e-40	6.0335456212e-160	2.5668467890e-149	6.0280119062e-134	9.5568505480e-117	3.7700643230e-15	5.3636392193e-08	1.0245748106e-17	3.9834422698e-21	2.2806548120e-05	2.2696053458e-30	3.2557295337e-28	7.7884492299e-32	2.0679743788e-50	1.6440354608e-112	3.9003960068e-128	7.4734815809e-133	4.4820233342e-19	2.0129455126e-22	6.6705179583e-05	3.6003896441e-31	9.0316891162e-14	1.9763803187e-40	1.3829737833e-52	5.6566532524e-05	4.4252612118e-73	5.8958322287e-147	2.6011289668e-75	7.9461635792e-119	6.7636043633e-36	2.5521028694e-31	3.3590327885e-40	3.0983052453e-72	7.1563196997e-32	4.4178645922e-39	1.5250919310e-58	1.8449405272e-54	4.0779122633e-125	9.9664358395e-114	6.3354333963e-30	5.0978246720e-09	1.2347738903e-40	6.4988007873e-51	6.0004818372e-14	7.2939995533e-24	1.3665899022e-17	4.4404561615e-21	5.8199150564e-24	5.6422016302e-37	5.3710840234e-15	1.9041370610e-08	2.6475731855e-07	2.1588133805e-12	1.1896673243e-22	7.3299206324e-22	1.7215370592e-12	5.3394177076e-12	4.9012235770e-20	3.4040960631e-20	2.3864049399e-25	4.6732205517e-18	2.3384092320e-25	2.4503027594e-15	2.6475731855e-07	3.2655027147e-19	2.0299724849e-28
3.7275937200e-05	4.3283672584e+02	1.1628822908e+15	6.2376463042e+14	2.3065270308e+00	1.6031688096e-170	2.9803315309e-22	1.3544394909e-01	1.1977205003e-54	3.1105109948e-53	6.5854462811e-37	2.2101363083e-26	4.3139389409e-38	5.4425393782e-35	3.8046583775e-20	2.0364491559e-28	2.5081852133e-07	3.8491036052e-06	6.8700453942e-05	1.1730046134e-45	4.0286506325e-06	8.0066413561e-30	0.0000000000e+00	1.6845845806e-160	7.5781633881e-113	5.9401539991e-116	1.0639235802e-126	1.3083865260e-140	1.5916808993e-145	1.7966833311e-114	6.4912682328e-117	2.5178848839e-96	5.2891230461e-144	9.7189742647e-141	1.6031688096e-170	1.3879045225e-159	5.9588308915e-104	2.8096842036e-104	1.6031688096e-170	1.6031688096e-170	1.6031688096e-170	1.6031688096e-170	1.6031688096e-170	1.6031688096e-170	1.6031688096e-170	1.6031688096e-170	9.1783043800e-130	6.6819715164e-134	1.3194136504e-113	1.6031688096e-170	1.6031688096e-170	1.6031688096e-170	1.6031688096e-170	1.6031688096e-170	1.6031688096e-170	1.6031688096e-170	1.6031688096e-170	1.6031688096e-170	1.6031688096e-170	1.6031688096e-170	6.5182775968e-45	2.1288937957e-47	3.4464204801e-59	3.8157753794e-87	3.7019644051e-32	4.5399081573e-62	8.6314347000e-01	1.2730585408e-29	1.6061180898e-40	6.6512756779e-04	4.5629821002e-07	9.4841256596e-37	6.1176955221e-41	7.7755773566e-68	5.9523370906e-107	5.8160659131e-05	1.2253566159e-48	6.9545991608e-115	1.2581473106e-141	1.6031688096e-170	3.4851467287e-56	7.7228927346e-107	2.5848227616e-39	8.3947550398e-47	2.7566103457e-115	1.0936289864e-133	7.3386761834e-118	1.1534308014e-129	4.2260661276e-130	1.6031688096e-170	1.6031688096e-170	1.6031688096e-170	1.6031688096e-170	1.6031688096e-170	1.6031688096e-170	1.6031688096e-170	1.6031688096e-170	1.6031688096e-170	1.6031688096e-170	1.6031688096e-170	1.6031688096e-170	1.6031688096e-170	1.6031688096e-170	1.6031688096e-170	1.6031688096e-170	3.1941060287e-118	1.6031688096e-170	1.6031688096e-170	1.6031688096e-170	1.6031688096e-170	1.6031688096e-170	1.6031688096e-170	1.6031688096e-170	1.2848217485e-49	1.6031688096e-170	1.6031688096e-170	1.6031688096e-170	1.6031688096e-170	2.8120871016e-51	7.0607321259e-168	1.8850866871e-154	1.6031688096e-170	1.6031688096e-170	1.6031688096e-170	1.9383987641e-16	1.6476296783e-07	1.9105552739e-08	5.5047995946e-41	1.6031688096e-170	1.4304588409e-42	1.6031688096e-170	9.5241946212e-28	1.6151379373e-154	1.0254018212e-10	3.4477078681e-07	6.5060901583e-42	6.5176857997e-159	1.0784356476e-147	1.6129318798e-131	2.1456316633e-113	2.0176172440e-15	5.3636398243e-08	3.2296488420e-18	8.3180756118e-22	2.2806550692e-05	1.5485305179e-31	4.3710430089e-29	8.3078876378e-33	5.2985072649e-52	2.2394994015e-109	6.9231686764e-126	1.0378556436e-130	8.3815273242e-20	4.5921047659e-23	6.6705187106e-05	2.2099219115e-32	5.0145770393e-14	4.2412220693e-42	1.3592044438e-54	5.6566538904e-05	2.6197005780e-76	1.5916808993e-145	9.5660157330e-79	7.0289714245e-116	2.9820019200e-37	3.4259444417e-32	3.8670371836e-41	1.8296426048e-73	5.4328496740e-33	2.3855421521e-40	1.9585392105e-60	9.1687637321e-56	2.4284737944e-122	2.5007466337e-110	2.2257852994e-31	3.2932529909e-09	2.8661820438e-42	7.2562096387e-53	4.2506361265e-14	5.6195258623e-25	2.5868051038e-18	5.0215222236e-22	7.6302650422e-25	3.0567516780e-38	2.7134535030e-15	7.4202348729e-08	2.3808708201e-07	1.9889574535e-12	1.5425599516e-23	1.3042196734e-22	3.9205415683e-13	2.0881899335e-12	9.1421372713e-21	1.1589472923e-20	3.3509849939e-26	2.3056433562e-17	1.7318627413e-26	2.8643857819e-15	2.3808708201e-07	2.4780110788e-19	8.3136359776e-29
2.4420530900e-05	4.1491272672e+02	7.9474853592e+14	4.2629930235e+14	2.3065275774e+00	2.3457697314e-170	2.6640929405e-23	1.3544398120e-01	5.0330523156e-57	1.2754579683e-55	1.7188243305e-38	7.9199059793e-28	1.0892550657e-39	1.6144027716e-36	8.3230192112e-21	1.9151376565e-29	2.5081858173e-07	3.8491045401e-06	6.8700470222e-05	2.0765603854e-47	4.0286515872e-06	3.6631697836e-31	0.0000000000e+00	8.4329395984e-160	8.1522225184e-110	7.0805090443e-113	2.2782252026e-124	6.4358120607e-139	4.9475015949e-144	1.9437335392e-111	4.8914276131e-114	2.2413330990e-92	1.7781009211e-142	7.0399878723e-139	2.3457697314e-170	1.7968479118e-158	9.7650717378e-101	7.4781027337e-101	2.3457697314e-170	2.3457697314e-170	2.3457697314e-170	2.3457697314e-170	2.3457697314e-170	2.3457697314e-170	2.3457697314e-170	2.3457697314e-170	2.7068950721e-127	1.3592312749e-131	2.9124034743e-110	2.3457697314e-170	2.3457697314e-170	2.3457697314e-170	2.3457697314e-170	2.3457697314e-170	2.3457697314e-170	2.3457697314e-170	2.3457697314e-170	2.3457697314e-170	2.3457697314e-170	2.3457697314e-170	8.9676697715e-47	3.4253417691e-49	2.6135693505e-61	3.0619538434e-90	1.5787859081e-33	1.4340975475e-64	8.6314372110e-01	1.0788320246e-30	8.5333404334e-42	6.6480473062e-04	5.3519224038e-07	1.3641489233e-37	1.3638525445e-42	1.8735703990e-70	4.9847167893e-111	5.8121225952e-05	2.4947441032e-50	3.8622137205e-119	9.4052327694e-147	2.3457697314e-170	1.5524101505e-58	3.4002595843e-111	1.0308641311e-40	3.1123472639e-48	8.5932620826e-112	3.7810772834e-131	9.1491362209e-115	5.6781195612e-127	1.0559444938e-127	2.3457697314e-170	2.3457697314e-170	2.3457697314e-170	2.3457697314e-170	2.3457697314e-170	2.3457697314e-170	2.3457697314e-170	2.3457697314e-170	2.3457697314e-170	2.3457697314e-170	2.3457697314e-170	2.3457697314e-170	2.3457697314e-170	2.3457697314e-170	2.3457697314e-170	2.3457697314e-170	6.1009098156e-115	2.3457697314e-170	2.3457697314e-170	2.3457697314e-170	2.3457697314e-170	2.3457697314e-170	2.3457697314e-170	2.3457697314e-170	1.9565381164e-51	2.3457697314e-170	2.3457697314e-170	2.3457697314e-170	2.3457697314e-170	5.1228931105e-53	7.9705224189e-167	1.0608153863e-152	2.3457697314e-170	2.3457697314e-170	2.3457697314e-170	5.0566147968e-17	1.6476300702e-07	1.9105557266e-08	1.1184516783e-42	2.3457697314e-170	3.6432052012e-44	2.3457697314e-170	1.5566259332e-28	1.8641193560e-153	4.0583374483e-11	3.4483282534e-07	2.9030949473e-43	7.7417558569e-158	5.3271817428e-146	5.5347955307e-129	6.8146737673e-110	1.0601306971e-15	5.3636410953e-08	9.7644559396e-19	1.6011388023e-22	2.2806556097e-05	9.2753169134e-33	5.3114221797e-30	7.9485269137e-34	1.1459700407e-53	4.1099111402e-106	1.5130990035e-123	1.7697965058e-128	1.4477674196e-20	9.7713075942e-24	6.6705202914e-05	1.2109552563e-33	2.7373202455e-14	7.6376391431e-44	1.0861194852e-56	5.6566552309e-05	1.1079908667e-79	4.9475015949e-144	2.4871961056e-82	8.2277974783e-113	1.1411114503e-38	4.1697647828e-33	4.0215787372e-42	9.6258051286e-75	3.6653026318e-34	1.1306080560e-41	2.0785554131e-62	4.0366390263e-57	1.9202753361e-119	8.9284466479e-107	4.9942639902e-33	1.5763238143e-09	3.1362335735e-44	3.7153853262e-55	1.6537833251e-14	2.8830014788e-26	3.4151028162e-19	3.8189304519e-23	6.7800761063e-26	1.0836631451e-39	1.0071140517e-15	2.3397412620e-07	1.5906409351e-07	1.3653357851e-12	1.3632986204e-24	1.6172134252e-23	4.6392640165e-14	2.4537694767e-13	8.9271215818e-22	2.1552336196e-21	2.4468692121e-27	3.8697525006e-17	6.4020927638e-28	2.5673836452e-15	1.5906409351e-07	1.0379620645e-19	1.8360723494e-29
1.5998587200e-05	3.9773096994e+02	5.4315495899e+14	2.9134562467e+14	2.3065282890e+00	3.4323494686e-170	2.1288893445e-24	1.3544402297e-01	1.6566012012e-59	4.0639129777e-58	3.7747471041e-40	1.3430973739e-29	2.3440883882e-41	4.1011499461e-38	1.7041949924e-21	1.6140462259e-30	2.5081865962e-07	3.8491057403e-06	6.8700491417e-05	3.0653919376e-49	4.0286528301e-06	1.4524105295e-32	0.0000000000e+00	4.4866214479e-159	1.1849818829e-106	1.1470042909e-109	6.1007535561e-122	3.7419205542e-137	1.7813854225e-142	2.8389696941e-108	4.9369582352e-111	2.9903225931e-88	6.8974367949e-141	6.0945819840e-137	3.4323494686e-170	2.6006129667e-157	2.1686497186e-97	2.7584828310e-97	3.4323494686e-170	3.4323494686e-170	3.4323494686e-170	3.4323494686e-170	3.4323494686e-170	3.4323494686e-170	3.4323494686e-170	3.4323494686e-170	1.0283236713e-124	3.5064782198e-129	9.0832705943e-107	3.4323494686e-170	3.4323494686e-170	3.4323494686e-170	3.4323494686e-170	3.4323494686e-170	3.4323494686e-170	3.4323494686e-170	3.4323494686e-170	3.4323494686e-170	3.4323494686e-170	3.4323494686e-170	1.0250977390e-48	4.6111696801e-51	1.6092672230e-63	1.8133025291e-93	5.8337091837e-35	3.5094295587e-67	8.6314403619e-01	8.2761292782e-32	4.0496982717e-43	6.6439475949e-04	6.4093463407e-07	1.8595339543e-38	2.5615439294e-44	3.4588074350e-73	2.7725125570e-115	5.8068372769e-05	4.2995943932e-52	1.4142149602e-123	4.2586050361e-152	3.4323494686e-170	5.3961793504e-61	9.5883508534e-116	3.6032179062e-42	1.0232748134e-49	3.8994156460e-108	1.7183189958e-128	1.5716912303e-111	3.7333171154e-124	3.3697692903e-125	3.4323494686e-170	3.4323494686e-170	3.4323494686e-170	3.4323494686e-170	3.4323494686e-170	3.4323494686e-170	3.4323494686e-170	3.4323494686e-170	3.4323494686e-170	3.4323494686e-170	3.4323494686e-170	3.4323494686e-170	3.4323494686e-170	3.4323494686e-170	3.4323494686e-170	3.4323494686e-170	1.6384756832e-111	3.4323494686e-170	3.4323494686e-170	3.4323494686e-170	3.4323494686e-170	3.4323494686e-170	3.4323494686e-170	3.4323494686e-170	2.4902379024e-53	3.4323494686e-170	3.4323494686e-170	3.4323494686e-170	3.4323494686e-170	7.9605718155e-55	1.0071669733e-165	7.2229508136e-151	3.4323494686e-170	3.4323494686e-170	3.4323494686e-170	1.2421515308e-17	1.6476305789e-07	1.9105563161e-08	1.9704828383e-44	3.4323494686e-170	8.0134163363e-46	3.4323494686e-170	2.3705498344e-29	2.3951893139e-152	1.5359803453e-11	3.4485815531e-07	1.1338234357e-44	1.0153991968e-156	3.1154760531e-144	2.4620236519e-126	3.1076778173e-106	5.4643998307e-16	5.3636427500e-08	2.8263127313e-19	2.8312721457e-23	2.2806563133e-05	4.8510602316e-34	5.8186809041e-31	6.7904930965e-35	2.0780249527e-55	1.0294786987e-102	4.1086985122e-121	3.7386617398e-126	2.3022224816e-21	1.9335639744e-24	6.6705223493e-05	5.8937400928e-35	1.4679148721e-14	1.1454140903e-45	6.9946097027e-59	5.6566569760e-05	3.3005301167e-83	1.7813854225e-142	4.5038461185e-86	1.2899966286e-109	3.7668872078e-40	4.5824237445e-34	3.7618219945e-43	4.4901667518e-76	2.1867448163e-35	4.6784052324e-43	1.8089454009e-64	1.5670250579e-58	2.0406376434e-116	4.6043855305e-103	5.1944203566e-35	4.0827139754e-10	8.5760668576e-47	4.6203458664e-58	1.8863739263e-15	7.1610346600e-28	2.2907460677e-20	1.4210068421e-24	2.9720752324e-27	1.8273481139e-41	2.0050634349e-16	4.3789436511e-07	5.7689059591e-08	5.1039677471e-13	5.9777477531e-26	1.0180993211e-24	1.5182302836e-15	2.4654364609e-15	2.4293132468e-23	1.1673919128e-22	4.9442567319e-29	6.3266405202e-18	6.2760501629e-30	1.2910782098e-15	5.7689059591e-08	1.2814375252e-20	1.1666811289e-30
1.0481131300e-05	3.8126071885e+02	3.7120834118e+14	1.9911426551e+14	2.3065288291e+00	5.0222418641e-170	1.5134691919e-25	1.3544405468e-01	4.2258670511e-62	9.9576956845e-61	6.9237039006e-42	1.1591368421e-31	4.2679131501e-43	8.8552130583e-40	3.2554060506e-22	1.2133531628e-31	2.5081871863e-07	3.8491066486e-06	6.8700507504e-05	3.7438678768e-51	4.0286537734e-06	4.9560370011e-34	0.0000000000e+00	2.5436410184e-158	2.3575290128e-103	2.5596566813e-106	2.0637266166e-119	2.5901459597e-135	7.4767048848e-141	5.6731668901e-105	6.7582163188e-108	6.0837638056e-84	3.1062722067e-139	6.3566954242e-135	5.0222418641e-170	4.2271992288e-156	6.6163706407e-94	1.4315243698e-93	5.0222418641e-170	5.0222418641e-170	5.0222418641e-170	5.0222418641e-170	5.0222418641e-170	5.0222418641e-170	5.0222418641e-170	5.0222418641e-170	5.0887540545e-122	1.1592967215e-126	4.0637705167e-103	5.0222418641e-170	5.0222418641e-170	5.0222418641e-170	5.0222418641e-170	5.0222418641e-170	5.0222418641e-170	5.0222418641e-170	5.0222418641e-170	5.0222418641e-170	5.0222418641e-170	5.0222418641e-170	9.6582396457e-51	5.1558783565e-53	7.9796753785e-66	7.8307008804e-97	1.8570811753e-36	6.5861602871e-70	8.6314411542e-01	5.7222697903e-33	1.7079231253e-44	6.6421195849e-04	7.8430298810e-07	2.3957502851e-39	4.0250644989e-46	4.8403331678e-76	1.0074635453e-119	5.7996702264e-05	6.2297686927e-54	3.3577795654e-128	1.1447506122e-157	5.0222418641e-170	1.4495520218e-63	1.7010275534e-120	1.0973874519e-43	2.9670787236e-51	2.6166738882e-104	1.0382661548e-125	3.7710598156e-108	3.3184544651e-121	1.3877506659e-122	5.0222418641e-170	5.0222418641e-170	5.0222418641e-170	5.0222418641e-170	5.0222418641e-170	5.0222418641e-170	5.0222418641e-170	5.0222418641e-170	5.0222418641e-170	5.0222418641e-170	5.0222418641e-170	5.0222418641e-170	5.0222418641e-170	5.0222418641e-170	5.0222418641e-170	5.0222418641e-170	6.2794738852e-108	5.0222418641e-170	5.0222418641e-170	5.0222418641e-170	5.0222418641e-170	5.0222418641e-170	5.0222418641e-170	5.0222418641e-170	2.6309557501e-55	5.0222418641e-170	5.0222418641e-170	5.0222418641e-170	5.0222418641e-170	1.0476945146e-56	1.4325274699e-164	6.0035340781e-149	5.0222418641e-170	5.0222418641e-170	5.0222418641e-170	2.8646461430e-18	1.6476309648e-07	1.9105567634e-08	3.0099341479e-46	5.0222418641e-170	1.5114392869e-47	5.0222418641e-170	3.3518843593e-30	3.4401773858e-151	5.5485745613e-12	3.4486804729e-07	3.8555229772e-46	1.4769125838e-155	2.1726321185e-142	1.4355452116e-123	2.0664583595e-102	2.7606033517e-16	5.3636440060e-08	7.8169405617e-20	4.5826423615e-24	2.2806568473e-05	2.2035400013e-35	5.7265370228e-32	5.1573768087e-36	3.1395343951e-57	3.5688639588e-99	1.3992376191e-118	9.8744672449e-124	3.3585424024e-22	3.5470947669e-25	6.6705239113e-05	2.5335998672e-36	7.7268767597e-15	1.4188299537e-47	3.5971045063e-61	5.6566583006e-05	6.8239853885e-87	7.4767048848e-141	5.5917613041e-90	2.7433699984e-106	1.0658433659e-41	4.5273993326e-35	3.1507916984e-44	1.8478076703e-77	1.1481072592e-36	1.6818811952e-44	1.2816825883e-66	5.3436377824e-60	2.9512447762e-113	3.4838029600e-99	2.6905171976e-37	6.1875550797e-11	6.8122577932e-50	1.6208566805e-61	7.3892435628e-17	9.2696051581e-30	8.4204219766e-22	2.7872459102e-26	6.9299494279e-29	1.5785649592e-43	2.3155883221e-17	5.2902745506e-07	1.2295985078e-08	1.1254716653e-13	1.4017938286e-27	3.5108488846e-26	1.6033852127e-17	2.8978068469e-18	2.1501535600e-25	2.1533019060e-24	3.2255151302e-31	1.3895974015e-19	1.9003250502e-32	3.9503871794e-16	1.2295985078e-08	5.4653849107e-22	2.4986551477e-32
6.8664884500e-06	3.6547250962e+02	2.5369487865e+14	1.3608061250e+14	2.3065293310e+00	7.3485853835e-170	9.5239757594e-27	1.3544408416e-01	8.2626141875e-65	1.8549629969e-63	1.0525100575e-43	6.7192709706e-34	6.5282509095e-45	1.6144029070e-41	5.7852915436e-23	8.0960649384e-33	2.5081877335e-07	3.8491074899e-06	6.8700522454e-05	3.7522945281e-53	4.0286546501e-06	1.4467670756e-35	0.0000000000e+00	1.5409194818e-157	6.5062374317e-100	7.9757096077e-103	8.9064291083e-117	2.1505163805e-133	3.6821554046e-139	1.5717956802e-101	1.2712248492e-104	1.9217775350e-79	1.6344815400e-137	8.0500597462e-133	7.3485853835e-170	7.7537155487e-155	2.8110454831e-90	1.0602746943e-89	7.3485853835e-170	7.3485853835e-170	7.3485853835e-170	7.3485853835e-170	7.3485853835e-170	7.3485853835e-170	4.2870213913e-168	7.3485853835e-170	3.3168982485e-119	4.9630306261e-124	2.6479427728e-99	7.3485853835e-170	7.3485853835e-170	7.3485853835e-170	7.3485853835e-170	7.3485853835e-170	7.3485853835e-170	7.3485853835e-170	7.3485853835e-170	7.3485853835e-170	7.3485853835e-170	7.3485853835e-170	7.4374825327e-53	4.7488683028e-55	3.1552426604e-68	2.4307652492e-100	5.0598495519e-38	9.3679772923e-73	8.6314402831e-01	3.5496643167e-34	6.3668811985e-46	6.6417087924e-04	9.8141337605e-07	2.9088821491e-40	5.2499067185e-48	5.0715195314e-79	2.3464679989e-124	5.7898159776e-05	7.5291110801e-56	5.0703942366e-133	1.7844377383e-163	7.3485853835e-170	2.9750626066e-66	1.8599382825e-125	2.8943121413e-45	7.5437765898e-53	2.6396950244e-100	8.4414422239e-123	1.2817552141e-104	4.0385304211e-118	7.4552288478e-120	7.3485853835e-170	7.3485853835e-170	7.3485853835e-170	7.3485853835e-170	7.3485853835e-170	7.3485853835e-170	7.3485853835e-170	7.3485853835e-170	7.3485853835e-170	7.3485853835e-170	7.3485853835e-170	7.3485853835e-170	7.3485853835e-170	7.3485853835e-170	7.3485853835e-170	7.3485853835e-170	3.4856489888e-104	7.3485853835e-170	7.3485853835e-170	7.3485853835e-170	7.3485853835e-170	7.3485853835e-170	7.3485853835e-170	7.3485853835e-170	2.2879618800e-57	7.3485853835e-170	7.3485853835e-170	7.3485853835e-170	7.3485853835e-170	1.1591992727e-58	2.3039150197e-163	6.1403843058e-147	7.3485853835e-170	7.3485853835e-170	7.3485853835e-170	6.1865593869e-19	1.6476313233e-07	1.9105571792e-08	3.9744200001e-48	7.3485853835e-170	2.4294972950e-49	7.3485853835e-170	4.3870103337e-31	5.5538510508e-150	1.9092239999e-12	3.4487176169e-07	1.1344831929e-47	2.3929107534e-154	1.8201800054e-140	1.1099368215e-120	2.0360725768e-98	1.3656647418e-16	5.3636451732e-08	2.0617145172e-20	6.7638550894e-25	2.2806573436e-05	8.6394231011e-37	5.0381049323e-33	3.4642055004e-37	3.9188600066e-59	1.7361187952e-95	6.0350285656e-116	3.2921941285e-121	4.4784174353e-23	6.0127841427e-26	6.6705253629e-05	9.5699586566e-38	3.9890053758e-15	1.4401768387e-49	1.4631547337e-63	5.6566595316e-05	9.6382115233e-91	3.6821554046e-139	4.6827256980e-94	8.0182553018e-103	2.5677422443e-43	4.0031268064e-36	2.3517947320e-45	6.6729092505e-79	5.2745968245e-38	5.2193462782e-46	7.3236744274e-69	1.5903718548e-61	5.8854988566e-110	3.9311055526e-95	9.1511098234e-40	7.2847809291e-12	2.7512217912e-53	2.8035710711e-65	1.7516767464e-18	8.2614625379e-32	2.2456996504e-23	3.8087994365e-28	1.1361466886e-30	9.2176303630e-46	2.0581223190e-18	5.4958516797e-07	2.0445310662e-09	1.9431652958e-14	2.3247486611e-29	8.7777865658e-28	9.6090423047e-20	1.2381533458e-21	1.0886377977e-27	2.3832937043e-26	1.1944429176e-33	1.2801567306e-21	3.1191563815e-35	9.7741167127e-17	2.0445310662e-09	1.4191225697e-23	3.1746523732e-34
4.4984326700e-06	3.5033809853e+02	1.7338267494e+14	9.3001538500e+13	2.3065299742e+00	1.0752510293e-169	5.2771596187e-28	1.3544412192e-01	1.2240315295e-67	2.5957967219e-66	1.3153663368e-45	2.9193765871e-36	8.3280227377e-47	2.4681359541e-43	9.5373861859e-24	4.7701883016e-34	2.5081884336e-07	3.8491085652e-06	6.8700541611e-05	3.0599195022e-55	4.0286557735e-06	3.5909448815e-37	0.0000000000e+00	1.0003126090e-156	2.5257160482e-96	3.5188980003e-99	4.9546499217e-114	2.1584505614e-131	2.1424885358e-137	6.1217796923e-98	3.3307887193e-101	9.6048517948e-75	1.0115398224e-135	1.2477529970e-130	1.0752510293e-169	1.6127777141e-153	1.6868497383e-86	1.1376603260e-85	1.0752510293e-169	1.0752510293e-169	1.0752510293e-169	1.0752510293e-169	1.0587178843e-167	1.0752510293e-169	4.1888831406e-159	1.0752510293e-169	2.8807505780e-116	2.7809491711e-121	2.5530316643e-95	1.0752510293e-169	1.0752510293e-169	1.0752510293e-169	1.0752510293e-169	1.0752510293e-169	1.0752510293e-169	1.0752510293e-169	1.0752510293e-169	1.0752510293e-169	1.0752510293e-169	1.0752510293e-169	4.6400764812e-55	3.5719394892e-57	9.8462686436e-71	5.3422566738e-104	1.1718840163e-39	9.9749279348e-76	8.6314385948e-01	1.9660545777e-35	2.0861411334e-47	6.6416405103e-04	1.2567623202e-06	3.3184192921e-41	5.6368071441e-50	3.9270164957e-82	3.4333676520e-129	5.7760501586e-05	7.5272382603e-58	4.7713953109e-138	1.5736681196e-169	1.0752510293e-169	4.6097754782e-69	1.2267689756e-130	6.5680945454e-47	1.6715833114e-54	4.0724970894e-96	9.3504041369e-120	6.2630553337e-101	6.8183640041e-115	5.2835491806e-117	1.0752510293e-169	1.0752510293e-169	1.0752510293e-169	1.0752510293e-169	1.0752510293e-169	1.0752510293e-169	1.0752510293e-169	1.0752510293e-169	1.0752510293e-169	1.0752510293e-169	1.0752510293e-169	1.0752510293e-169	1.0752510293e-169	1.0752510293e-169	1.0752510293e-169	1.0752510293e-169	2.8458694236e-100	1.0752510293e-169	1.0752510293e-169	1.0752510293e-169	1.0752510293e-169	1.0752510293e-169	1.0752510293e-169	1.0752510293e-169	1.6233250936e-59	1.0752510293e-169	1.0752510293e-169	1.0752510293e-169	1.0752510293e-169	1.0698463644e-60	4.2095047781e-162	7.7926856392e-145	1.0752510293e-169	1.0752510293e-169	1.0752510293e-169	1.2478913306e-19	1.6476317828e-07	1.9105577120e-08	4.4986849231e-50	1.0752510293e-169	3.3067756586e-51	1.0752510293e-169	5.2977993962e-32	1.0137078190e-148	6.2443440572e-13	3.4487314265e-07	2.8699615064e-49	4.3387115007e-153	1.8461861530e-138	1.1517822236e-117	3.0228087636e-94	6.6091574810e-17	5.3636466688e-08	5.1747597974e-21	9.0678211894e-26	2.2806579796e-05	2.9046852345e-38	3.9416826538e-34	2.0466466319e-38	4.0056701689e-61	1.2023119781e-91	3.3304320078e-113	1.3995231315e-118	5.4376782484e-24	9.3860171713e-27	6.6705272229e-05	3.1591130925e-39	2.0178905201e-15	1.1880747703e-51	4.6606399882e-66	5.6566611089e-05	9.1462613932e-95	2.1424885358e-137	2.6001903122e-98	3.2653160350e-99	5.2300531518e-45	3.1526806145e-37	1.5565891436e-46	2.1028508016e-80	2.1077729274e-39	1.3887411062e-47	3.3415842966e-71	4.1027627464e-63	1.6407754204e-106	6.7291091215e-91	2.2784510538e-42	7.4802566774e-13	7.0692991522e-57	2.9875042890e-69	3.1668210670e-20	5.6628979900e-34	4.8648459974e-25	4.0518805083e-30	1.4637394975e-32	4.0583225606e-48	1.5795615363e-19	5.5308554175e-07	2.9769803379e-10	2.9484124681e-15	3.0484749015e-31	1.7807425875e-29	4.1093344807e-22	3.0567912682e-25	3.9657072973e-30	1.9946721896e-28	3.1567294294e-36	7.8989058286e-24	3.4829357806e-38	2.1977214788e-17	2.9769803379e-10	2.8269876812e-25	3.0115416566e-36
2.9470517000e-06	3.3583041146e+02	1.1849492386e+14	6.3560017793e+13	2.3065308783e+00	1.5733161109e-169	2.5605547510e-29	1.3544417502e-01	1.3572798948e-70	2.6951973241e-69	1.3401139189e-47	9.6598394425e-39	8.7919340807e-49	3.1409547769e-45	1.4539908277e-24	2.4684829594e-35	2.5081894171e-07	3.8491100750e-06	6.8700568540e-05	2.0123044550e-57	4.0286573527e-06	7.5279348865e-39	0.0000000000e+00	6.9794548039e-156	1.3993056753e-92	2.2308178991e-95	3.5917329667e-111	2.6403535624e-129	1.4834595112e-135	3.4008974812e-94	1.2330530433e-97	7.7459914415e-70	7.4134938236e-134	2.3871584240e-128	1.5733161109e-169	3.8231227600e-152	1.4511327402e-82	1.7965978529e-81	1.5733161109e-169	1.5733161109e-169	1.5733161109e-169	1.5733161109e-169	5.1751297018e-159	1.5733161109e-169	1.0261063648e-149	1.5733161109e-169	3.3745789608e-113	2.0627879186e-118	3.7034505415e-91	1.5733161109e-169	1.5733161109e-169	1.5733161109e-169	1.5733161109e-169	1.5733161109e-169	1.5733161109e-169	1.5733161109e-169	1.5733161109e-169	1.5733161109e-169	1.5733161109e-169	1.5733161109e-169	2.3237132484e-57	2.1744238106e-59	2.3993375671e-73	8.1851215474e-108	2.2909541372e-41	7.8511428064e-79	8.6314361115e-01	9.6736961368e-37	5.9719533435e-49	6.6416327314e-04	1.6482270242e-06	3.5451185941e-42	4.9395452138e-52	2.2173603662e-85	3.0916882876e-134	5.7564792121e-05	6.1714822579e-60	2.7400243437e-143	1.5733161109e-169	1.5733161109e-169	5.3268912824e-72	4.7743818387e-136	1.2737014041e-48	3.2073435176e-56	9.7819946158e-92	1.4294523560e-116	4.4674597476e-97	1.6190387425e-111	4.9977330527e-114	1.5733161109e-169	1.5733161109e-169	1.5733161109e-169	1.5733161109e-169	1.5733161109e-169	1.5733161109e-169	1.5733161109e-169	1.5733161109e-169	1.5733161109e-169	1.5733161109e-169	1.5733161109e-169	1.5733161109e-169	1.5733161109e-169	1.5733161109e-169	1.5733161109e-169	8.6777862269e-165	3.4732403976e-96	1.5733161109e-169	1.5733161109e-169	1.5733161109e-169	1.9875390534e-166	1.5733161109e-169	1.5733161109e-169	1.5733161109e-169	9.3129095446e-62	1.5733161109e-169	1.5733161109e-169	1.5733161109e-169	1.5733161109e-169	8.1684848292e-63	8.7828723612e-161	1.2381021729e-142	1.5733161109e-169	1.5733161109e-169	1.5733161109e-169	2.3443387439e-20	1.6476324286e-07	1.9105584609e-08	4.3003470997e-52	1.5733161109e-169	3.7845477993e-53	1.5733161109e-169	5.8822196215e-33	2.1041481245e-147	1.9368750333e-13	3.4487370858e-07	6.2005776724e-51	8.8460575232e-152	2.2855047251e-136	1.6243964797e-114	6.8812937646e-90	3.1259075220e-17	5.3636487713e-08	1.2333299351e-21	1.0996362844e-26	2.2806588736e-05	8.3188643121e-40	2.7281844232e-35	1.0575684792e-39	3.3230935402e-63	1.2034120605e-87	2.3767208631e-110	7.6653706844e-116	5.9881033637e-25	1.3444221011e-27	6.6705298376e-05	9.0616667569e-41	9.9931496816e-16	7.8965699172e-54	1.1505588508e-68	5.6566633262e-05	5.7319907702e-99	1.4834595112e-135	9.4035961601e-103	1.8794129823e-95	8.9402555898e-47	2.2005215642e-38	9.0881116959e-48	5.7487856229e-82	7.2816901941e-41	3.1466537372e-49	1.2053201706e-73	9.1130947859e-65	6.4864945436e-103	1.7787210347e-86	4.2151707886e-45	6.8505507961e-14	1.1994910783e-60	2.0326501559e-73	4.5661338769e-22	3.0367902752e-36	8.7277113233e-27	3.4150320914e-32	1.5085389925e-34	1.3688717516e-50	1.0698060800e-20	5.5360420152e-07	3.8817706070e-11	4.0207271842e-16	3.2186743785e-33	2.9879541805e-31	1.3080561678e-24	4.7698864147e-29	1.0843976186e-32	1.3196983648e-30	6.2095442319e-39	3.5906827645e-26	2.7539337675e-41	4.5986358643e-18	3.8817706070e-11	4.5187667151e-27	2.2281144487e-38
1.9306977300e-06	3.2192349543e+02	8.0983001808e+13	4.3438806898e+13	2.3065321867e+00	2.3020890108e-169	1.0817622433e-30	1.3544425185e-01	1.1122657870e-73	2.0497565885e-72	1.1032974942e-49	2.4187631242e-41	7.6190059956e-51	3.3015294300e-47	2.0431240262e-25	1.1156107564e-36	2.5081908400e-07	3.8491122589e-06	6.8700607510e-05	1.0573384241e-59	4.0286596379e-06	1.3236201815e-40	0.0000000000e+00	5.2503977060e-155	1.1231507988e-88	2.0632973018e-91	3.4317927334e-108	3.9700578616e-127	1.2314789829e-133	2.7362735201e-90	6.5459407822e-94	1.0289202360e-64	6.4798336909e-132	5.6865797785e-126	2.3020890108e-169	1.0380725171e-150	1.8176716155e-78	4.2454873366e-77	2.3020890108e-169	2.3020890108e-169	8.3568975144e-167	2.3020890108e-169	6.0656867440e-150	1.5748912166e-165	6.5541717299e-140	2.3020890108e-169	5.4001866825e-110	2.0496640078e-115	8.2248900775e-87	2.3020890108e-169	1.7521817100e-164	2.3020890108e-169	2.3020890108e-169	2.3020890108e-169	2.3020890108e-169	2.3020890108e-169	2.3020890108e-169	2.3020890108e-169	2.3020890108e-169	2.3020890108e-169	9.2506560853e-60	1.0612528020e-61	4.5151433108e-76	8.6027415112e-112	3.7528383345e-43	4.5083427640e-82	8.6314325007e-01	4.2057613074e-38	1.4840763998e-50	6.6416351249e-04	2.2154000793e-06	3.5339802147e-43	3.5010349341e-54	9.0029508692e-89	1.6768960312e-139	5.7281238714e-05	4.1116775890e-62	9.3935553840e-149	2.3020890108e-169	2.3020890108e-169	4.5328025077e-75	1.0715271512e-141	2.0953185688e-50	5.2923006277e-58	3.7266340755e-87	3.0567912383e-113	4.7264778971e-93	5.4843904483e-108	6.3863601878e-111	2.3020890108e-169	2.3020890108e-169	2.3020890108e-169	2.3020890108e-169	2.3020890108e-169	2.3020890108e-169	2.3020890108e-169	2.3020890108e-169	2.3020890108e-169	2.3020890108e-169	2.3020890108e-169	2.3020890108e-169	2.3020890108e-169	2.3020890108e-169	2.3020890108e-169	7.2392032971e-156	6.4438396516e-92	2.3020890108e-169	2.3020890108e-169	2.3020890108e-169	1.6226096160e-157	2.3020890108e-169	1.7521817100e-164	2.3020890108e-169	4.2800880542e-64	2.3020890108e-169	2.3020890108e-169	2.3020890108e-169	2.3020890108e-169	5.1145336264e-65	2.1040462335e-159	2.4858811487e-140	2.3020890108e-169	2.3020890108e-169	2.3020890108e-169	4.0895944174e-21	1.6476333632e-07	1.9105595446e-08	3.3978326706e-54	2.3020890108e-169	3.6149506128e-55	2.3020890108e-169	5.9821711085e-34	4.9970026700e-146	5.6844323355e-14	3.4487404105e-07	1.1362389137e-52	2.0383302089e-150	3.4825816664e-134	3.1547050091e-111	2.4462173388e-85	1.4433859237e-17	5.3636518138e-08	2.7849304365e-22	1.2010389875e-27	2.2806601673e-05	2.0154259026e-41	1.6615397172e-36	4.7518853292e-41	2.2170002896e-65	1.7686285628e-83	2.2178574649e-107	5.4685909398e-113	5.9558924812e-26	1.7604047897e-28	6.6705336214e-05	2.2450314876e-42	4.8401926018e-16	4.1903878985e-56	2.1776189917e-71	5.6566665349e-05	2.3302307707e-103	1.2314789829e-133	2.1737798172e-107	1.5517977475e-91	1.2726127364e-48	1.3541560663e-39	4.6549760030e-49	1.3549397539e-83	2.1610252723e-42	6.0288644020e-51	3.4015999429e-76	1.7309761877e-66	3.6909888353e-99	7.3965407905e-82	5.7512673889e-48	5.5972671575e-15	1.3343103761e-64	8.7539396702e-78	5.2547785350e-24	1.2674068976e-38	1.2930869202e-28	2.2696694257e-34	1.2382717872e-36	3.5150345366e-53	6.3922106274e-22	5.5367314536e-07	4.5344551221e-12	4.9301247140e-17	2.7251518179e-35	4.1342206196e-33	3.0928129104e-27	4.7114183127e-33	2.2217444606e-35	6.9042309458e-33	9.0713502536e-42	1.2115401219e-28	1.5353833528e-44	8.9708563378e-19	4.5344551221e-12	5.8009019870e-29	1.2852436777e-40
1.2648552200e-06	3.0859247220e+02	5.5346238878e+13	2.9687372834e+13	2.3065341201e+00	3.3684354813e-169	3.9554740143e-32	1.3544436538e-01	6.6460629827e-77	1.1266077665e-75	7.2729978764e-52	4.5341254503e-44	5.3740766682e-53	2.8432027037e-49	2.6371765719e-26	4.3775497247e-38	2.5081929426e-07	3.8491154857e-06	6.8700665098e-05	4.3960413866e-62	4.0286630149e-06	1.9377903473e-42	0.0000000000e+00	4.2723022957e-154	1.3264779304e-84	2.8283971440e-87	4.3734599981e-105	7.4028959947e-125	1.2352894687e-131	3.2395440914e-86	5.0611084817e-90	2.2999495841e-59	6.8035532200e-130	1.7018874478e-123	3.3684354813e-169	3.2445225320e-149	3.3693778241e-74	1.5273899628e-72	3.3684354813e-169	3.3684354813e-169	2.1661987083e-158	3.3684354813e-169	1.7698763101e-140	1.2810467481e-156	1.1373764906e-129	1.5490426597e-168	1.1963363227e-106	2.7622011851e-112	2.8479679453e-82	6.3376107392e-168	8.1067780651e-156	3.3684354813e-169	3.3684354813e-169	3.3684354813e-169	3.3684354813e-169	3.3684354813e-169	3.3684354813e-169	3.3684354813e-169	3.3684354813e-169	3.3684354813e-169	2.8974804204e-62	4.1114658986e-64	6.4851536333e-79	6.0980045520e-116	5.1121837265e-45	1.8630386165e-85	8.6314271624e-01	1.6063988218e-39	3.1792614838e-52	6.6416405296e-04	3.0536415988e-06	3.2739852804e-44	1.9879748317e-56	2.5900557981e-92	5.3561239526e-145	5.6862166899e-05	2.2041093629e-64	1.8784128981e-154	3.3684354813e-169	3.3684354813e-169	2.8029277376e-78	1.3540543533e-147	2.9009337201e-52	7.4536718627e-60	2.2955392953e-82	9.2713639483e-110	7.5399071160e-89	2.6895100796e-104	1.1163014988e-107	3.3684354813e-169	3.3684354813e-169	3.3684354813e-169	3.3684354813e-169	3.3684354813e-169	3.3684354813e-169	3.3684354813e-169	3.3684354813e-169	3.3684354813e-169	3.3684354813e-169	3.3684354813e-169	3.3684354813e-169	3.3684354813e-169	3.3684354813e-169	3.3684354813e-169	1.4828111276e-146	1.8492786592e-87	3.3684354813e-169	3.3684354813e-169	3.3684354813e-169	3.2522559061e-148	3.3684354813e-169	8.1067780651e-156	3.3684354813e-169	1.5606393882e-66	3.3684354813e-169	3.3684354813e-169	3.3684354813e-169	3.3684354813e-169	2.6014119840e-67	5.8206503233e-158	6.3697283661e-138	3.3684354813e-169	3.3684354813e-169	3.3684354813e-169	6.6038981485e-22	1.6476347444e-07	1.9105611461e-08	2.1597527149e-56	3.3684354813e-169	2.8590239869e-57	3.3684354813e-169	5.5496165129e-35	1.3663185182e-144	1.5746485215e-14	3.4487437124e-07	1.7533297408e-54	5.3359271204e-149	6.5896543643e-132	8.5529097303e-108	1.3840662623e-80	6.4997254426e-18	5.3636563098e-08	5.9439279368e-23	1.1761570581e-28	2.2806620790e-05	4.1007559396e-43	8.8544165715e-38	1.8452997411e-42	1.1780860827e-67	3.8801078471e-79	2.7377608431e-104	5.1397441525e-110	5.3272233889e-27	2.0989950424e-29	6.6705392130e-05	4.7739566741e-44	2.2905809379e-16	1.7586565263e-58	3.1244278749e-74	5.6566712766e-05	6.0312229109e-108	1.2352894687e-131	3.1492050629e-112	1.8668172506e-87	1.4960438299e-50	7.3069252089e-41	2.0797369338e-50	2.7352512725e-85	5.4731122719e-44	9.6958411358e-53	7.4302983887e-79	2.7915761906e-68	3.0704717917e-95	4.9332773314e-77	5.7191312755e-51	4.0647458080e-16	9.5793139841e-69	2.3455439121e-82	4.7909993650e-26	4.0775382663e-41	1.5711047301e-30	1.1788432830e-36	8.0257968658e-39	6.7985442103e-56	3.3548230557e-23	5.5368173806e-07	4.7278424365e-13	5.4160292841e-18	1.8348642208e-37	4.6829440803e-35	5.3760930018e-30	2.9024007116e-37	3.3764053028e-38	2.8338357999e-35	9.7390873448e-45	3.0082651503e-31	5.9601130294e-48	1.6279027621e-19	4.7278424365e-13	5.9374724324e-31	5.7308074716e-43
8.2864277300e-07	2.9581349373e+02	3.7825313729e+13	2.0289233637e+13	2.3065370362e+00	4.9287223850e-169	1.2440209477e-33	1.3544453662e-01	2.8544551230e-80	4.4128119118e-79	3.8022751650e-54	6.2882908945e-47	3.0581835098e-55	1.9891573027e-51	3.1156114711e-27	1.4822518666e-39	2.5081961136e-07	3.8491203521e-06	6.8700751954e-05	1.4316763366e-64	4.0286681082e-06	2.3442980928e-44	0.0000000000e+00	3.7731721849e-153	2.3421434009e-80	5.8400908798e-83	7.5266427231e-102	1.7278262321e-122	1.5095461686e-129	5.7382250577e-82	5.7919439269e-86	8.8473145441e-54	8.6434846744e-128	6.4574991195e-121	4.9287223850e-169	1.1727295918e-147	9.4007321919e-70	8.5181813972e-68	4.9287223850e-169	4.9287223850e-169	1.2940208465e-149	5.1743200117e-167	1.3369322844e-130	2.5723969943e-147	5.5971146627e-119	1.1714663244e-159	3.7203771730e-103	5.1142869063e-109	1.5670393905e-77	2.8844602221e-159	8.8689879547e-147	4.9287223850e-169	4.9287223850e-169	4.9287223850e-169	4.9287223850e-169	4.9287223850e-169	4.9287223850e-169	4.9287223850e-169	4.9287223850e-169	4.9287223850e-169	7.0622555245e-65	1.2509645456e-66	7.0211576733e-82	2.8633143412e-120	5.7451819561e-47	5.4619843769e-89	8.6314191108e-01	5.3567177671e-41	5.8254978569e-54	6.6416489092e-04	4.3179194198e-06	2.8055296293e-45	8.9512564243e-59	5.1977627850e-96	9.8375310175e-151	5.6230101808e-05	9.4042142968e-67	2.1374004465e-160	4.9287223850e-169	4.9287223850e-169	1.2422582589e-81	9.3967820556e-154	3.3504581515e-54	8.8859006589e-62	2.3320862366e-77	4.0455914456e-106	1.8445725037e-84	1.9383748575e-100	2.7033040609e-104	4.9287223850e-169	4.9287223850e-169	4.9287223850e-169	4.9287223850e-169	4.9287223850e-169	4.9287223850e-169	4.9287223850e-169	4.9287223850e-169	4.9287223850e-169	4.9287223850e-169	4.9287223850e-169	4.9287223850e-169	4.9287223850e-169	4.9287223850e-169	3.8687379584e-162	7.7456198766e-137	8.3576109970e-83	4.9287223850e-169	4.9287223850e-169	4.9287223850e-169	1.6632455721e-138	5.1102337356e-168	8.8689879547e-147	6.9449674597e-164	4.4693954202e-69	4.9287223850e-169	4.9287223850e-169	4.9287223850e-169	4.9287223850e-169	1.0637546514e-69	1.8706049832e-156	2.1044035081e-135	4.9287223850e-169	4.9287223850e-169	4.9287223850e-169	9.8393957846e-23	1.6476368274e-07	1.9105635616e-08	1.0709495563e-58	4.9287223850e-169	1.8562868716e-59	4.9287223850e-169	4.6749566252e-36	4.3297914809e-143	4.1066178414e-15	3.4487481889e-07	2.2612735231e-56	1.5956174290e-147	1.5626651040e-129	3.2836729923e-104	1.2714245745e-75	2.8511799583e-18	5.3636630910e-08	1.1961695018e-23	1.0278317731e-29	2.2806649624e-05	6.9546124034e-45	4.1046811595e-39	6.1537814811e-44	4.9365364492e-70	1.2927068877e-74	4.5248943857e-101	6.4398947034e-107	4.2656216577e-28	2.2696236371e-30	6.6705476464e-05	8.6562654954e-46	1.0580391783e-16	5.7801621178e-61	3.3587368466e-77	5.6566784282e-05	9.7466147663e-113	1.5095461686e-129	2.8002391021e-117	3.3254133657e-83	1.4395320544e-52	3.4374569055e-42	8.0561689199e-52	4.6969232144e-87	1.1747839247e-45	1.2988561170e-54	1.2421512069e-81	3.7939972876e-70	3.7953224447e-91	5.3853241209e-72	4.0913695643e-54	2.6117353977e-17	4.3608903701e-73	3.8355857380e-87	3.4297975483e-28	1.0006209171e-43	1.5530637379e-32	4.7373338627e-39	4.0680529941e-41	9.7885552435e-59	1.5385352632e-24	5.5368329641e-07	4.3803148270e-14	5.3072194072e-19	9.7335994410e-40	4.3073049126e-37	6.7881028141e-33	1.0952901293e-41	3.7615115044e-41	9.0396967754e-38	7.5912306330e-48	5.4340704475e-34	1.5878577708e-51	2.7399058156e-20	4.3803148270e-14	4.8029650757e-33	1.9552602083e-45
5.4286754400e-07	2.8356369955e+02	2.5850994849e+13	1.3866265797e+13	2.3065415228e+00	7.2117469452e-169	3.3434621294e-35	1.3544480008e-01	8.6775715975e-84	1.2138893933e-82	1.5607739616e-56	6.3726552320e-50	1.3911554006e-57	1.1206599296e-53	3.3565262731e-28	4.3033470412e-41	2.5082009925e-07	3.8491278394e-06	6.8700885589e-05	3.6139342491e-67	4.0286759446e-06	2.3251682898e-46	0.0000000000e+00	3.6296628404e-152	6.2833076460e-76	1.8463630474e-78	1.7720151983e-98	5.0967258340e-120	2.2665280810e-127	1.5472719441e-77	9.9778521077e-82	5.9953501309e-48	1.3381518148e-125	3.1344422054e-118	7.2117469452e-169	4.9210548829e-146	4.0180824521e-65	7.5038141893e-63	7.2117469452e-169	7.2117469452e-169	1.8465223288e-140	1.6985070084e-158	2.7234723153e-120	1.3256135432e-137	8.1682154006e-108	2.1629899861e-150	1.6478141732e-99	1.3186499744e-105	1.3976163229e-72	3.1219298195e-150	2.3807029065e-137	7.2117469452e-169	7.2117469452e-169	1.3982642715e-160	7.2117469452e-169	7.2117469452e-169	7.2117469452e-169	7.2117469452e-169	7.2117469452e-169	7.2117469452e-169	1.3235726319e-67	2.9547954177e-69	5.6528493749e-85	8.7362914083e-125	5.2826163617e-49	1.1192744944e-92	8.6314067229e-01	1.5486072633e-42	9.0476122041e-56	6.6416618266e-04	6.2630903088e-06	2.2107292979e-46	3.1606177568e-61	7.1550841703e-100	1.0130126115e-156	5.5257629940e-05	3.1547433852e-69	1.3473621061e-166	7.2117469452e-169	7.2117469452e-169	3.8896221486e-85	3.4891792735e-160	3.1955889241e-56	8.8808997604e-64	3.9873968774e-72	2.5765089351e-102	7.0404084544e-80	2.0847475154e-96	9.1869355603e-101	7.2117469452e-169	7.2117469452e-169	7.2117469452e-169	7.2117469452e-169	1.2231921036e-165	7.2117469452e-169	7.2117469452e-169	7.2117469452e-169	7.2117469452e-169	7.2117469452e-169	7.2117469452e-169	7.2117469452e-169	7.2117469452e-169	7.2117469452e-169	2.6331476428e-153	1.0729451251e-126	6.0575321558e-78	7.2117469452e-169	7.2117469452e-169	7.2117469452e-169	2.2593746754e-128	4.7731277432e-159	2.3807029065e-137	5.0387009661e-155	9.9475343466e-72	7.2117469452e-169	7.2117469452e-169	7.2117469452e-169	7.2117469452e-169	3.4561712374e-72	7.0274960424e-155	9.0604972419e-133	7.2117469452e-169	7.2117469452e-169	7.2117469452e-169	1.3480738791e-23	1.6476400323e-07	1.9105672780e-08	4.0170462312e-61	7.2117469452e-169	9.8018105654e-62	7.2117469452e-169	3.5574504825e-37	1.6012098755e-141	1.0056181780e-15	3.4487549283e-07	2.4184408034e-58	5.4815939533e-146	4.6890934421e-127	1.8120484693e-100	1.9360246342e-70	1.2169213328e-18	5.3636735242e-08	2.2639342538e-24	7.9759407106e-31	2.2806693987e-05	9.7536319545e-47	1.6451767607e-40	1.7506348748e-45	1.6141813641e-72	6.6586611439e-70	1.0140106050e-97	1.0890726566e-103	3.0432270192e-29	2.2160544981e-31	6.6705606217e-05	1.3292678482e-47	4.7650096700e-17	1.4725712385e-63	2.6723063901e-80	5.6566894313e-05	9.6361852188e-118	2.2665280810e-127	1.4946763049e-122	8.9204697479e-79	1.1227475213e-54	1.4014383611e-43	2.6886475935e-53	6.8110782054e-89	2.1217882295e-47	1.4377233713e-56	1.5706250504e-84	4.3116247766e-72	7.0897552518e-87	9.8270905224e-67	2.0771132954e-57	1.4776997101e-18	1.2357581159e-77	3.7514035985e-92	1.9096488312e-30	1.8523053433e-46	1.2386864085e-34	1.4575982466e-41	1.5962907319e-43	1.0362875306e-61	6.1317909831e-26	5.5368445387e-07	3.5892068106e-15	4.6173534494e-20	4.0285892600e-42	3.1895398269e-39	6.1474793351e-36	2.4843466752e-46	3.0341173440e-44	2.2188244257e-40	4.2411438691e-51	7.0538461301e-37	2.8595927259e-55	4.2636874858e-21	3.5892068106e-15	3.0419930377e-35	5.0497125310e-48
3.5564803100e-07	2.7182117588e+02	1.7667392702e+13	9.4766185240e+12	2.3065485511e+00	1.0552287163e-168	7.6271174329e-37	1.3544521280e-01	1.8358773153e-87	2.3095987197e-86	4.9781727303e-59	4.6583931523e-53	5.0103397184e-60	5.0377312442e-56	3.2846888102e-29	1.0641051213e-42	2.5082086353e-07	3.8491395682e-06	6.8701094929e-05	6.9933589354e-70	4.0286882205e-06	1.8752714805e-48	0.0000000000e+00	3.8172287833e-151	2.6023624099e-71	9.0842080057e-74	5.7847500863e-95	1.9193661040e-117	4.2186768788e-125	6.4670458479e-73	2.6334977949e-77	7.3337825334e-42	2.5411536948e-123	1.9630183462e-115	1.0552287163e-168	2.4030035228e-144	2.6798972358e-60	1.0648013396e-57	1.0552287163e-168	1.0552287163e-168	6.5341999065e-131	1.3048256799e-149	1.5613623601e-109	1.8255245075e-127	3.7040348976e-96	1.0130651957e-140	1.0553382335e-95	4.8017785760e-102	2.0628300493e-67	8.3398472763e-141	1.6296126029e-127	1.4639357152e-164	1.0552287163e-168	1.0980702751e-151	1.0552287163e-168	1.0552287163e-168	1.0552287163e-168	1.0552287163e-168	1.0552287163e-168	1.0552287163e-168	1.8821145467e-70	5.3483590499e-72	3.3342761303e-88	1.6961899797e-129	3.9398771979e-51	1.5784607697e-96	8.6313873170e-01	3.8498362169e-44	1.1778269882e-57	6.6416820644e-04	9.3102362970e-06	1.5894767251e-47	8.6427194303e-64	6.6332281702e-104	5.6910300900e-163	5.3734234865e-05	8.2009202296e-72	1.0552287163e-168	1.0552287163e-168	1.0552287163e-168	8.4755064696e-89	6.7463217026e-167	2.4862887935e-58	7.3542796548e-66	1.1709388583e-66	2.4291396575e-98	4.2648492633e-75	3.3968387126e-92	4.4367145099e-97	1.0552287163e-168	1.0552287163e-168	1.0552287163e-168	1.0552287163e-168	2.5463116239e-148	1.0552287163e-168	1.0552287163e-168	1.0552287163e-168	1.0552287163e-168	1.0552287163e-168	1.0552287163e-168	1.0552287163e-168	1.0552287163e-168	1.0552287163e-168	4.3187516208e-144	4.1019996346e-116	7.1702165266e-73	1.0552287163e-168	3.9830857488e-159	1.0552287163e-168	8.5016217432e-118	1.1097482106e-149	1.6296126029e-127	8.8633326964e-146	1.7018797093e-74	1.0552287163e-168	1.0552287163e-168	1.0552287163e-168	1.0552287163e-168	8.7984596818e-75	3.1064375150e-153	5.1409397523e-130	1.0552287163e-168	1.0552287163e-168	1.0552287163e-168	1.6924054025e-24	1.6476450529e-07	1.9105730997e-08	1.1107967744e-63	1.0552287163e-168	4.1646547417e-64	7.6933142106e-166	2.4300583560e-38	6.9602483546e-140	2.3058076731e-16	3.4487654449e-07	2.1274546164e-60	2.1763422677e-144	1.7984363701e-124	1.4598190837e-96	4.9937725748e-65	5.0475362738e-19	5.3636898680e-08	4.0191364636e-25	5.4676670685e-32	2.2806763481e-05	1.1219291840e-48	5.6647836924e-42	4.2189063167e-47	4.0739342786e-75	5.4027760490e-65	3.1217842028e-94	2.5181255377e-100	1.9249020738e-30	1.9451249953e-32	6.6705809477e-05	1.7164539685e-49	2.0900004070e-17	2.8770740235e-66	1.5536972198e-83	5.6567066680e-05	5.7060614248e-123	4.2186768788e-125	4.6753982039e-128	3.6674132274e-74	7.0198371322e-57	4.9206359583e-45	7.6797858987e-55	8.2772560246e-91	3.2003778190e-49	1.3040262935e-58	1.4837391078e-87	4.0638152805e-74	2.0371841325e-82	3.0643819845e-61	7.3779000349e-61	7.3256557305e-20	2.1380654552e-82	2.1487196353e-97	8.1879619621e-33	2.5568479514e-49	7.9022779115e-37	3.3963706275e-44	4.7981722894e-46	7.9636366515e-65	2.1117179976e-27	5.5368614768e-07	2.5882222537e-16	3.5493463679e-21	1.2877072598e-44	1.8845368896e-41	3.9407639121e-39	3.3205021029e-51	1.7492643162e-47	4.1474085450e-43	1.6758257585e-54	6.4959590155e-40	3.4266565113e-59	6.1142664367e-22	2.5882222537e-16	1.4938630129e-37	9.7613578128e-51
2.3299518100e-07	2.6056491635e+02	1.2074480108e+13	6.4766029854e+12	2.3065597093e+00	1.5440192988e-168	1.4663880160e-38	1.3544586803e-01	2.6516114354e-91	2.9913856129e-90	1.2204002431e-61	2.4233779543e-56	1.4144460946e-62	1.7897664360e-58	2.9080297030e-30	2.2255186037e-44	2.5082207691e-07	3.8491581888e-06	6.8701427278e-05	1.0255848657e-72	4.0287077097e-06	1.2193480009e-50	0.0000000000e+00	4.4058484752e-150	1.6893100707e-66	7.0632010465e-69	2.6556291054e-91	9.3255329712e-115	9.8248185775e-123	4.2696586255e-68	1.0846642693e-72	1.6611868172e-35	5.9504214236e-121	1.5978450688e-112	1.5440192988e-168	1.3645233395e-142	2.8431530122e-55	2.4841880756e-52	1.5440192988e-168	1.5440192988e-168	5.9622794097e-121	2.4332865299e-140	2.6337967120e-98	7.0082030544e-117	5.4799810850e-84	1.2525849195e-130	9.9288783435e-92	2.5060171812e-98	5.1488209542e-62	5.7164940094e-131	2.9612738144e-117	4.3944891925e-156	1.5440192988e-168	2.0545154167e-142	1.5440192988e-168	1.5440192988e-168	1.5440192988e-168	1.5440192988e-168	1.5440192988e-168	1.5440192988e-168	1.9994691282e-73	7.3075567125e-75	1.4162769861e-91	2.0471154742e-134	2.3620088313e-53	1.5073120731e-100	8.6313565081e-01	8.1475255285e-46	1.2663424375e-59	6.6417141940e-04	1.4147890110e-05	1.0310396727e-48	1.8037357757e-66	4.0563481546e-108	1.5440192988e-168	5.1315690423e-05	1.6220960903e-74	1.5440192988e-168	1.5440192988e-168	1.5440192988e-168	1.2652276911e-92	1.5440192988e-168	1.5530266940e-60	4.9689702743e-68	6.0228227502e-61	3.4355276586e-94	4.1676053842e-70	8.5047329057e-88	3.0801646243e-93	1.5440192988e-168	8.0258343036e-164	2.5867338757e-164	1.3533029604e-163	3.0782262818e-130	1.5440192988e-168	1.5440192988e-168	1.5440192988e-168	1.5440192988e-168	1.5440192988e-168	1.5440192988e-168	1.5440192988e-168	1.5440192988e-168	1.5440192988e-168	1.7663916878e-134	4.5053241195e-105	1.4103974868e-67	1.5440192988e-168	6.8652870469e-142	7.0467388060e-167	9.2579264465e-107	6.6786628557e-140	2.9612738144e-117	3.9265146214e-136	2.2126320340e-77	1.5440192988e-168	1.5440192988e-168	1.5440192988e-168	4.0468951024e-165	1.7241761480e-77	1.6267885051e-151	3.8892640245e-127	1.5440192988e-168	1.5440192988e-168	2.3061545679e-162	1.9397465056e-25	1.6476530236e-07	1.9105823423e-08	2.2340638656e-66	1.5440192988e-168	1.4059048511e-66	3.7381319700e-157	1.4780113868e-39	3.5831587081e-138	4.9362143288e-17	3.4487821305e-07	1.5262422289e-62	1.0048124944e-142	8.9092640009e-122	1.7450093120e-92	2.2318704473e-59	2.0320069036e-19	5.3637158154e-08	6.6741745279e-26	3.2933514032e-33	2.2806873812e-05	1.0493824432e-50	1.6645292088e-43	8.5504778251e-49	7.8458973071e-78	7.0412315596e-60	1.3385672673e-90	8.0683398462e-97	1.0738935859e-31	1.5276497469e-33	6.6706132174e-05	1.8499753236e-51	8.9175430502e-18	4.2631706231e-69	6.5140115807e-87	5.6567340329e-05	1.9793580688e-128	9.8248185775e-123	8.3451290410e-134	2.3535207114e-69	3.4726572425e-59	1.4781867363e-46	1.8645009691e-56	8.3624782306e-93	3.9998917885e-51	9.6070638283e-61	1.0338316335e-90	3.1496928188e-76	9.1718492997e-78	1.6709053468e-55	1.8065676429e-64	3.1657080745e-21	2.2135929475e-87	7.0510400389e-103	2.6757838914e-35	2.6002450891e-52	3.9961233658e-39	5.9253458558e-47	1.0926859794e-48	4.3831236162e-68	6.2471653695e-29	5.5368882668e-07	1.6341279453e-17	2.3984668341e-22	3.1452619624e-47	8.8022646598e-44	1.7637257318e-42	2.5618270789e-56	7.1120532205e-51	5.8402806063e-46	4.6186207343e-58	4.1876429877e-43	2.6876034418e-63	8.0522570514e-23	1.6341279453e-17	5.6305677412e-40	1.3958346951e-53
1.5264179700e-07	2.4977478452e+02	8.2518333401e+12	4.4263031444e+12	2.3057937032e+00	2.2592216741e-168	2.3586291029e-40	1.3544382281e-01	2.5549453355e-95	2.5939392942e-94	2.2592216741e-168	8.8471060115e-60	3.0973956655e-65	4.9755098251e-61	2.3193862011e-31	3.9082259369e-46	2.5081828952e-07	3.8491000669e-06	6.8700389894e-05	1.1262121002e-75	4.0286468767e-06	6.3356177464e-53	0.0000000000e+00	5.6035258010e-149	1.7408082003e-61	8.7923582635e-64	1.7397405258e-87	5.9103619929e-112	2.8907904462e-120	4.5412315299e-63	7.1065412278e-68	7.1555228699e-29	1.7223914186e-118	1.6982007213e-109	3.0025368551e-168	8.9497336084e-141	4.8950028668e-50	9.7334316027e-47	2.2592216741e-168	2.2592216741e-168	1.4611920370e-110	1.1443780567e-130	1.3694239116e-86	7.8385930961e-106	2.7831878032e-71	4.2623088250e-120	1.3950456178e-87	1.9033872937e-94	2.2229425882e-56	1.0469436353e-120	1.4897064572e-106	3.0396945125e-147	2.2592216741e-168	9.3827279750e-133	2.6284660491e-168	2.2592216741e-168	2.2592216741e-168	2.2592216741e-168	2.2592216741e-168	2.2592216741e-168	1.5568121629e-76	7.3965992890e-78	4.2422316757e-95	1.4941102367e-139	1.1275645381e-55	9.5825075831e-105	8.6313386413e-01	1.4481900606e-47	1.1006216832e-61	6.6416139035e-04	2.1854312996e-05	5.9278132418e-50	2.8209901816e-69	1.5963037122e-112	2.2592216741e-168	4.7461597303e-05	2.3806689359e-77	2.2592216741e-168	2.2592216741e-168	2.2592216741e-168	1.2728535435e-96	2.2592216741e-168	7.6137686568e-63	2.6795403797e-70	5.5218816904e-55	7.3681639706e-90	6.6623931940e-65	3.3108603479e-83	3.1019336201e-89	2.2592216741e-168	4.0509837604e-147	1.8057425162e-147	2.1388462514e-146	2.3308405213e-111	2.2592216741e-168	2.2592216741e-168	2.2592216741e-168	2.2592216741e-168	2.2592216741e-168	2.2592216741e-168	7.8998104494e-162	2.2592216741e-168	1.8765232572e-151	1.8615386043e-124	1.4778858901e-93	4.6804959734e-62	2.2592216741e-168	6.7209039033e-124	3.9477406177e-158	3.0539523944e-95	1.0837199879e-129	1.4897064572e-106	4.5578471515e-126	2.1599342813e-80	2.2592216741e-168	2.2592216741e-168	2.2592216741e-168	2.2543223678e-148	2.5379922434e-80	1.0164393884e-149	3.9709816108e-124	2.2592216741e-168	2.2592216741e-168	1.3148698631e-145	2.0219695973e-26	1.6476281442e-07	1.9105534927e-08	3.2951860026e-69	2.2592216741e-168	3.7102310052e-69	4.3333496355e-148	7.9128632232e-41	2.2019171750e-136	9.8360273854e-18	3.4487300546e-07	8.8499201905e-65	5.4297792608e-141	5.7633979090e-119	3.1478535184e-88	1.7696180785e-53	7.9290004305e-20	5.3636348239e-08	1.0337060039e-26	2.2592216741e-168	2.2663673781e-109	7.8599371973e-157	4.1185470674e-149	2.2592216741e-168	2.2592216741e-168	1.4946847272e-158	2.2592216741e-168	2.2592216741e-168	5.2228649800e-137	2.2592216741e-168	6.6705124918e-05	1.6514110567e-53	3.6968110409e-18	4.7357598852e-72	1.9422775773e-90	5.6566486168e-05	3.9302178032e-134	2.8907904462e-120	8.2415438718e-140	2.2592216741e-168	1.3283135565e-165	2.2592216741e-168	2.2592216741e-168	2.2592216741e-168	4.0825971978e-157	5.6604971904e-167	2.2592216741e-168	2.2592216741e-168	2.2592216741e-168	1.6215745368e-153	3.0029849769e-68	1.1862331332e-22	1.3431074579e-92	1.2957380917e-108	6.5938524096e-38	1.9240775602e-55	1.5869794545e-41	7.6488266163e-50	1.8637819692e-51	1.7037990812e-71	1.5779071216e-30	5.5368046607e-07	8.9855172576e-19	1.4172864139e-23	5.8062173096e-50	3.2189417464e-46	5.4337754096e-46	1.1170179914e-61	2.0111487510e-54	6.1276805032e-49	8.7522027807e-62	1.8638839937e-46	1.3564768196e-67	9.7039361033e-24	8.9855172576e-19	1.6117666001e-42	1.4585682001e-56
1.0000000000e-07	2.3943147780e+02	5.6396164113e+12	3.0250672293e+12	2.3058215285e+00	3.3057116560e-168	3.1495634820e-42	1.3544545729e-01	1.5942273957e-99	1.4801073667e-98	3.3057116560e-168	2.2332619787e-63	5.2042970796e-68	1.0710598641e-63	1.6592132577e-32	5.7195089186e-48	2.5082131629e-07	3.8491465163e-06	6.8701218942e-05	9.1457653227e-79	4.0286954928e-06	2.6060955457e-55	0.0000000000e+00	7.8862117509e-148	2.8695107391e-56	1.7662800366e-58	1.6516292301e-83	4.9426310559e-109	1.0855314773e-117	7.9431965706e-58	7.5563533035e-63	6.0262762219e-22	6.1439172484e-116	2.3547503267e-106	1.4046603176e-167	6.6568211696e-139	1.3966024331e-44	6.5496237533e-41	3.3057116560e-168	7.4977035322e-166	1.0035334042e-99	1.4124638679e-120	2.3036832045e-74	2.6746859410e-94	5.1170773614e-58	4.1691794734e-109	2.9781883878e-83	2.1379786503e-90	1.6997648856e-50	5.3446240683e-110	2.1676156386e-95	5.0221148092e-138	3.3057116560e-168	1.0605286779e-122	3.4890643226e-160	3.3057116560e-168	7.7713992319e-156	3.3057116560e-168	3.3057116560e-168	3.3057116560e-168	8.6590714611e-80	5.4084182447e-81	8.7184698067e-99	6.3734156911e-145	4.2443647380e-58	3.9851540006e-109	8.6312617869e-01	2.1196236426e-49	7.4767728316e-64	6.6416940514e-04	3.3922170338e-05	2.9319186641e-51	3.2257364378e-72	3.9181447452e-117	3.3057116560e-168	4.1428373244e-05	2.4972642359e-80	3.3057116560e-168	3.3057116560e-168	3.3057116560e-168	8.4842961934e-101	3.3057116560e-168	2.8290084773e-65	1.1143190113e-72	9.1382337442e-49	2.4098870549e-85	1.7580063293e-59	2.0174575995e-78	4.5485270020e-85	3.3057116560e-168	1.0867220417e-129	6.8390914954e-130	1.9261102088e-128	1.1962344730e-91	3.3057116560e-168	3.3057116560e-168	3.3057116560e-168	3.3057116560e-168	3.3057116560e-168	5.9538736125e-150	1.8185415168e-136	3.8622567582e-162	2.7179832137e-125	5.2008604847e-114	1.4992706219e-81	2.6473370309e-56	4.5380757302e-157	4.0270596214e-105	5.2908935189e-149	3.2009297276e-83	4.9479194731e-119	2.1676156386e-95	1.4449144286e-115	1.5636778235e-83	5.3224287513e-158	3.3057116560e-168	3.3057116560e-168	6.5233087401e-131	2.7047173933e-83	7.6346628971e-148	5.5424041740e-121	3.3057116560e-168	3.3057116560e-168	4.0075724404e-128	1.9092285689e-27	1.6476480271e-07	1.9105765485e-08	3.7170545293e-72	3.3057116560e-168	7.4829692379e-72	1.2445031313e-138	3.6636618153e-42	1.6284371676e-134	1.8186475125e-18	3.4487716726e-07	4.1097914403e-67	3.4576021639e-139	4.9248723391e-116	8.7226023858e-84	2.5514302028e-47	2.9949022129e-20	5.3636995500e-08	1.4888295241e-27	3.3057116560e-168	2.3704646646e-106	4.9471078922e-156	9.0240557144e-148	3.3057116560e-168	3.3057116560e-168	5.5913693190e-150	3.3057116560e-168	3.3057116560e-168	2.3322778707e-135	3.3057116560e-168	6.6705929889e-05	1.2111298540e-55	1.4871893501e-18	3.8964932161e-75	4.0598317021e-94	5.6567168790e-05	4.3607376091e-140	1.0855314773e-117	4.3363456237e-146	3.3057116560e-168	4.0663199369e-165	3.3057116560e-168	3.3057116560e-168	3.3057116560e-168	3.5740160724e-156	2.7986927127e-166	3.3057116560e-168	3.3057116560e-168	3.3057116560e-168	3.0419200190e-144	3.3340429101e-72	3.8322669006e-24	4.6714538523e-98	1.3017188100e-114	1.2114422955e-40	1.0222968760e-58	4.9003118492e-44	7.2149530037e-53	2.3526324945e-54	4.6097537389e-75	3.3806778205e-32	5.5368714766e-07	4.2789055271e-20	7.2833538270e-25	8.0071273571e-53	9.1228413049e-49	1.1349653478e-49	2.6899779945e-67	3.8970656608e-58	4.7332406252e-52	1.1229418815e-65	5.6435097427e-50	4.3263197706e-72	1.0661218835e-24	4.2789055271e-20	3.4651268674e-45	1.0995528070e-59
