P               	T               	n_<tot>         	n_g             	m               	C               	H               	He              	N               	O               	S               	P               	Si              	Ti              	V               	Cl              	K               	Na              	Mg              	F               	Ca              	Fe              	e-              	CH              	HCN             	HNCO            	HCO             	CH2             	CH2_1           	H2CO            	CH3             	CH4             	CN              	NCO             	CN2_cnn         	CN2_ncn         	CO              	CO2             	C2              	C2H             	C2H2            	C2H3            	C2H4            	C2H5            	C2H6            	C2H4O           	CH2OH           	CH3O            	CH3OH           	CH3CO           	H2CCO           	HCCO            	C2N             	C2N2            	CCO             	C3              	C3O2            	C4              	C4H2            	C4N2            	NH              	HNO             	HNO2            	HNO3            	OH              	HO2             	H2              	NH2             	N2H2            	H2O             	NH3             	N2H4            	NO              	NO2             	NO3             	N2              	N2O             	N2O3            	N2O4            	N2O5            	O2              	O3              	N2H             	N2H3            	CH3NH2          	CH3NH           	CH2NH           	CH2NH2          	H2CN            	C3H2            	C3H4            	C3H5            	C3H7            	C3H8            	C4H             	C4H2            	C4H3            	C4H4            	C4H5            	C4H6            	C4H8            	C4H9            	C4H10           	CH2CN           	CH3CN           	CH3NO           	C3H3            	C3H6            	C2H3O           	CH3CHO          	C2H4OH          	CH2CO           	CH2CHO          	H2O2            	HC3N            	HC2N            	C2H2CN          	C2H3CN          	H2NN            	CH3O2           	CH3OOH          	C6H6            	C6H5            	CH3C2H          	TiO             	TiO2            	VO              	TiH             	TiC2            	TiN             	VC2             	VN              	TiC             	Cl2             	HCl             	HOCl            	CCl             	CHCl            	CH2Cl           	CH3Cl           	KH              	HF              	MgH             	S2              	H2S             	SO              	SO2             	S2O             	SO3             	COS             	CS              	HCS             	SH              	HS2             	SiO             	SiH             	NaH             	FeO             	FeO2            	Fe(OH)2         	O_1             	CH2_1           	N_2D            	CS2             	NS              	S3              	S4              	S8              	HSO             	HSO2            	HSO3            	H2SO4           	CH3S            	CH3SH           	P               	PH3             	P2O             	P2O2            	P2O3            	PH              	PH2             	PO              	PO2             	PO3             	H2POH           	H3PO4           	HOPO            	HOPO2           	HPO             	HPOH            	P2              	P4              	P2H2            	P2H4            	P2H3            	P4O6            	P2H             	H3PO3           	HPO2            	P2O4            	P2O5            
1.0608487000e+02	5.0837569477e+02	2.9482429686e+21	1.5114192405e+21	2.1258615759e+00	8.0322665064e-78	1.5695275044e-21	5.0360026098e-02	4.1276022959e-52	7.4601733633e-52	3.3916589049e-37	6.9930006714e-30	2.1270439416e-32	1.5878522520e-28	1.1201484584e-17	1.2449548624e-28	3.7954102305e-08	5.8243485175e-07	1.0396470828e-05	2.2367302161e-43	6.0965752738e-07	4.9572809084e-24	0.0000000000e+00	1.0372917252e-66	6.6819592966e-27	3.5501032993e-31	1.5368390778e-39	2.6261805553e-47	1.5439348419e-51	8.2745687497e-27	9.1866821591e-25	6.0755547706e-05	8.2592040653e-56	1.0504478075e-54	4.2089135027e-83	8.8048596278e-70	9.2960298155e-23	7.9899420335e-25	3.6919307432e-97	1.1608401589e-71	4.7090353205e-40	3.3757566197e-48	4.8849239771e-26	7.7812486853e-34	1.9114532887e-16	5.2406630576e-46	3.1609358705e-37	8.2977835896e-41	3.7156282772e-21	1.9893283438e-46	7.2073179993e-41	6.9567354596e-62	3.4212097647e-89	5.4715816329e-59	3.5580882420e-73	7.6940439028e-106	8.7847413978e-72	1.0928278649e-134	1.0458167512e-79	1.5883873879e-98	3.2115903265e-41	5.8479674457e-45	1.2264619464e-56	2.9752150330e-82	2.3809416501e-31	2.1621533242e-58	9.4908589457e-01	1.0155328040e-25	9.5148209060e-36	6.9757764362e-05	3.6314950606e-04	1.3156754453e-27	6.5030813798e-42	1.6775673398e-66	1.3039561696e-101	2.0156200142e-10	2.6951117481e-49	9.5813190414e-109	1.6642352134e-133	5.3441606600e-163	6.0287827875e-56	1.0209357246e-100	4.9010765294e-37	1.4571896395e-38	3.1382961400e-19	2.8527329105e-37	2.7359858309e-26	8.9746340070e-34	4.7381468679e-39	1.6195498600e-75	1.0613144379e-48	1.4766290767e-47	2.0307213107e-44	7.9687339599e-27	7.1559392900e-111	8.2125919113e-81	3.9325013961e-90	1.2371370423e-66	2.3867087914e-71	1.3850553719e-52	9.3768258030e-45	1.5966582612e-55	3.0847533221e-37	4.3673187375e-49	2.2522935599e-33	2.6583774620e-28	5.4234330342e-62	6.7872932292e-35	2.5031734676e-65	3.3281559759e-33	2.7891598641e-48	7.2073179993e-41	2.2491679432e-49	2.3179048613e-45	3.9810207546e-68	1.2753715031e-83	4.9203748938e-77	2.1482953886e-53	6.6222560161e-45	1.7455383628e-71	1.5780953918e-57	1.5887944909e-70	3.8498203604e-93	7.9690937485e-48	3.0744537923e-14	2.4933623933e-08	2.8912519499e-09	5.0862923305e-31	1.4607259043e-71	1.1207528718e-35	7.5200738418e-61	1.1493201290e-24	7.3051493206e-58	4.5808638649e-13	5.2189378901e-08	4.1945372833e-39	2.8561573552e-67	2.9842406072e-55	4.7624180287e-39	2.5078531207e-21	2.3785905122e-12	8.1168204724e-09	2.5374332461e-14	5.3671264525e-25	2.9963044574e-05	4.4094094854e-34	1.0543098586e-33	5.7478232522e-36	4.6953775194e-55	2.8844192263e-28	1.3858998829e-40	4.1266739156e-42	5.5059701896e-20	1.7772068526e-23	1.0094526218e-05	6.4123693555e-25	5.1750145367e-11	6.2123290355e-36	3.1659399891e-48	8.5602399876e-06	1.5525681573e-71	1.5439348419e-51	4.8400357554e-72	5.3516911932e-33	6.2122296719e-38	1.3051667251e-34	3.1001225589e-43	3.5295602799e-74	8.6738679296e-33	1.2488721661e-40	1.7097141663e-59	4.9801262314e-55	3.5201627745e-30	1.7054880930e-17	3.5098015586e-34	8.3788465492e-08	1.1343061909e-47	3.8653620852e-58	7.4183876824e-27	4.3575138263e-26	6.5505392708e-18	1.1459930733e-27	9.8508123933e-32	9.1193883939e-45	1.6103159687e-14	2.6176989280e-13	2.5376794824e-14	1.8732899361e-20	1.7718375299e-26	3.9768093131e-23	4.4649406192e-21	1.2097353345e-25	1.4480410132e-22	1.4427195226e-17	1.1968465470e-24	1.2232685677e-40	9.1627348410e-30	7.8846074976e-18	2.5376794824e-14	3.2598584035e-33	9.7048734666e-43
7.3825077500e+01	4.9903986013e+02	2.0900817718e+21	1.0714821805e+21	2.1258615756e+00	4.8271495690e-79	7.1288385502e-22	5.0360026091e-02	6.9960209685e-53	1.2022143013e-52	1.0821852954e-37	3.6376280402e-30	5.4872633203e-33	4.3626605813e-29	6.4021571846e-18	5.7572423991e-29	3.7954787756e-08	5.8244922973e-07	1.0396470837e-05	5.5891273356e-44	6.0965752729e-07	1.6164587678e-24	0.0000000000e+00	8.8671150709e-68	4.3029806968e-27	2.3687773565e-31	5.2428696053e-40	4.7121775255e-48	2.3404925743e-52	4.6429885273e-27	4.0782178764e-25	6.0755547697e-05	1.6412754515e-56	2.7607592538e-55	3.3864831789e-84	1.2769904420e-70	7.4301597032e-23	7.6157105914e-25	1.3372770183e-98	1.1427325952e-72	1.7393494008e-40	7.6846703825e-49	2.7984939198e-26	2.7905520068e-34	1.4146275002e-16	1.6337573770e-46	9.9033900822e-38	2.2647639779e-41	2.2170805985e-21	6.0649537336e-47	3.1097905878e-41	1.3099262657e-62	2.2850010642e-90	1.8546255822e-59	4.3818704146e-74	2.7131442331e-107	2.2258118332e-72	1.6337252530e-136	1.4506281485e-80	2.0389757010e-99	7.6184198104e-42	1.4689437561e-45	2.3245547962e-57	2.4563799651e-83	8.2242903555e-32	2.8574663413e-59	9.4908589465e-01	4.2596115532e-26	3.5013711358e-36	6.9757763291e-05	3.6314937427e-04	5.7002636417e-28	2.0368479001e-42	2.3084312942e-67	5.1780965017e-103	2.6743299711e-10	8.4822305051e-50	3.3912784504e-110	2.8024352465e-135	3.0253472838e-165	1.0004965035e-56	3.0778813047e-102	1.7925285467e-37	4.2394372568e-39	2.0020872664e-19	8.9433510255e-38	1.5242911179e-26	3.2016197212e-34	1.6120697250e-39	1.8515867967e-76	3.2933630116e-49	4.3405087387e-48	5.5876868040e-45	4.5785486878e-27	2.7539029293e-112	1.0881955841e-81	3.0517171795e-91	2.5068422711e-67	3.5351812994e-72	4.3653636337e-53	3.6487794455e-45	3.4876745549e-56	1.3745768493e-37	1.3637921027e-49	1.3411607546e-33	1.7279913558e-28	9.7582444417e-63	3.1814472950e-35	3.5453200369e-66	1.7084304640e-33	6.4160888536e-49	3.1097905878e-41	6.2051732686e-50	4.9418898006e-46	9.0866678692e-69	9.9107959505e-85	6.8359602752e-78	7.9180499903e-54	1.6419940653e-45	1.6400418541e-72	2.4203285868e-58	5.7557543032e-71	5.3712795020e-94	2.5383196084e-48	1.8797062627e-14	2.4933635877e-08	2.8912519543e-09	1.1042685821e-31	1.2711899660e-72	2.9974100242e-36	1.3729672463e-61	6.1384360321e-25	7.6606320431e-59	3.5818470516e-13	5.2189478795e-08	1.3298001598e-39	3.3514414204e-68	5.3461781255e-56	1.5781169991e-39	1.7099087315e-21	1.6931344589e-12	8.1168204712e-09	1.4744114368e-14	3.5692033245e-25	2.9963044570e-05	1.9074122231e-34	5.9053041996e-34	2.9449002729e-36	1.3869962069e-55	2.3945952052e-28	5.2687658213e-41	1.2936455660e-42	3.1847909776e-20	1.1079326091e-23	1.0094526217e-05	1.9892252498e-25	3.7372088368e-11	1.4350739514e-36	5.3997772855e-49	8.5602399864e-06	1.0829814350e-72	2.3404925743e-52	2.9275659951e-73	3.7612336185e-33	2.3735200594e-38	7.3007601521e-35	1.6286369001e-43	1.4085301967e-74	3.5437589486e-33	4.4615752829e-41	3.5060080115e-60	1.5504318494e-55	1.5870735113e-30	1.2128392139e-17	1.5374532771e-34	8.3788194705e-08	5.5100772504e-48	1.4094887757e-58	1.3321932184e-26	2.3400032270e-26	4.5065879455e-18	7.8567548303e-28	7.1335350477e-32	4.6811962515e-45	1.4604660004e-14	5.1502130165e-13	3.4888981856e-14	2.5924855629e-20	1.1606678038e-26	2.6639201876e-23	5.2296502582e-21	2.9504742710e-25	1.2891279446e-22	1.3280129899e-17	8.6812910838e-25	7.7462699566e-40	6.3100409167e-30	9.7892933292e-18	3.4888981856e-14	5.9930963175e-33	1.4012294051e-42
5.1375300700e+01	4.8797721180e+02	1.4874741851e+21	7.6255489375e+20	2.1258615754e+00	1.2680470993e-80	2.5797754053e-22	5.0360026085e-02	6.8930015313e-54	1.1608059684e-53	2.4279534017e-38	1.4305934071e-30	1.0299765451e-33	8.8457699819e-30	3.2086647120e-18	2.1304258007e-29	3.7955319788e-08	5.8246051421e-07	1.0396470843e-05	9.6730677121e-45	6.0965752722e-07	4.0417152072e-25	0.0000000000e+00	3.7536672170e-69	2.1133145249e-27	1.2159887618e-31	1.2255474315e-40	5.1968362589e-49	2.0960068047e-53	2.0920717878e-27	1.4352689699e-25	6.0755547690e-05	1.8097608763e-57	4.3014162898e-56	1.1735645250e-85	9.1586008939e-72	4.7632867136e-23	6.0705859820e-25	1.7299848484e-100	5.2971288353e-74	4.3029194500e-41	1.0905767110e-49	1.2942270734e-26	7.5504837189e-35	9.7635011073e-17	3.5661736720e-47	2.2678552177e-38	4.3749710193e-42	1.1725090973e-21	1.2351401465e-47	9.3230684488e-42	1.3528664469e-63	6.0342795436e-92	3.4897597528e-60	2.5708211851e-75	3.1218319204e-109	2.9261031522e-73	5.9961867305e-139	9.0669702879e-82	9.7943733513e-101	1.1856625591e-42	2.4538156938e-46	2.7447031230e-58	1.0402498937e-84	2.1229803910e-32	2.2533484987e-60	9.4908589471e-01	1.3973724487e-26	9.3707518356e-37	6.9757760521e-05	3.6314926815e-04	2.0311202973e-28	4.2838145840e-43	1.7595285375e-68	8.5166048396e-105	3.2046919300e-10	1.7215707012e-50	4.6432537520e-112	1.5346090452e-137	4.3156379402e-168	1.0019138592e-57	3.7556643831e-104	4.5654633538e-38	8.8567743931e-40	1.1501856353e-19	2.0492868129e-38	6.8085636590e-27	8.6062739754e-35	3.7561842967e-40	9.9021866624e-78	6.5747237735e-50	8.4546528918e-49	1.0911876329e-45	2.3141439527e-27	3.3887141662e-114	6.4280187816e-83	9.7111063537e-93	2.7204846619e-68	2.7184779533e-73	8.8887088785e-54	1.0488006172e-45	5.1277327130e-57	5.0817455704e-38	2.6302807400e-50	5.9833515299e-34	9.3419349898e-29	9.5339677167e-64	1.1495099454e-35	2.8016716806e-67	6.9028853933e-34	1.0042629276e-49	9.3230684488e-42	1.1170627505e-50	7.3368712337e-47	1.0497768980e-69	3.2918852084e-86	4.4612502747e-79	1.7971022617e-54	2.6992005284e-46	8.4939361948e-74	2.3946753086e-59	1.1776377420e-71	3.2445989610e-95	5.2333102192e-49	1.0234169392e-14	2.4933644437e-08	2.8912519572e-09	1.7390314689e-32	5.2813461607e-74	5.6468813421e-37	1.4244069887e-62	2.7137046355e-25	4.3540731372e-60	2.5367023742e-13	5.2189583304e-08	3.2215665347e-40	2.0982571693e-69	5.8877467659e-57	3.8724452054e-40	1.0662179201e-21	1.1610984172e-12	8.1168204703e-09	7.8690808305e-15	1.9833276483e-25	2.9963044567e-05	6.2330400182e-35	2.6558704622e-34	1.1865772890e-36	2.8331347051e-56	1.6096939239e-28	1.3496540883e-41	2.7243506729e-43	1.5535428013e-20	5.9300094037e-24	1.0094526216e-05	4.8904628445e-26	2.6087541531e-11	2.3450451201e-37	6.0713282633e-50	8.5602399855e-06	3.7191667235e-74	2.0960068047e-53	8.0897164662e-75	2.0586238346e-33	6.3800901889e-39	3.2787717814e-35	6.7739728389e-44	4.1876853726e-75	1.1256528987e-33	1.2016122751e-41	4.7613087821e-61	3.6809871769e-56	5.6954144797e-31	7.9673705191e-18	4.8900683947e-35	8.3787494880e-08	1.9102248828e-48	3.4331966871e-59	2.3235743937e-26	9.9828351841e-27	2.7227495136e-18	4.3458439155e-28	4.2235957463e-32	1.8139616017e-45	1.2954154456e-14	1.1911529850e-12	4.7556876991e-14	3.5647336952e-20	6.3305116471e-27	1.5583053953e-23	5.3715724421e-21	6.8980244699e-25	1.0270274919e-22	1.1999847217e-17	5.5992041850e-25	5.9073425049e-39	3.5100298686e-30	1.2817889116e-17	4.7556876991e-14	1.0767284965e-32	1.8698947638e-42
3.5752370500e+01	4.7529338747e+02	1.0626038289e+21	5.4482790978e+20	2.1248736447e+00	1.8354419479e-176	7.3169819007e-23	5.0353907531e-02	3.7967501489e-55	6.4711583239e-55	3.7339916590e-39	4.1696992295e-31	1.3741802707e-34	1.2941384137e-30	1.3965733972e-18	6.2071025471e-30	3.7951104424e-08	5.8239827651e-07	1.0395207713e-05	1.1289365381e-45	6.0958345604e-07	7.5902957811e-26	0.0000000000e+00	1.0008542678e-164	1.0393577509e-121	6.3102652813e-126	2.5564888960e-135	4.5509148510e-144	1.4283235326e-148	9.9704743244e-122	5.2691097060e-120	8.1276018196e-99	1.4206527431e-152	5.1230824987e-151	1.8354419479e-176	4.1347099829e-167	3.2272243531e-117	5.3491909386e-119	1.8354419479e-176	1.8354419479e-176	1.8354419479e-176	1.8354419479e-176	1.8354419479e-176	1.8354419479e-176	1.8354419479e-176	1.8354419479e-176	4.9655867079e-133	7.8072127627e-137	7.2881643400e-116	1.8354419479e-176	1.8354419479e-176	1.8354419479e-176	1.8354419479e-176	1.8354419479e-176	1.8354419479e-176	1.8354419479e-176	1.8354419479e-176	1.8354419479e-176	1.8354419479e-176	1.8354419479e-176	1.1743854873e-43	2.6467752673e-47	1.9514626777e-59	2.1536669094e-86	4.0097518238e-33	1.0211957833e-61	9.4909208061e-01	3.5220089934e-27	1.7825228145e-37	6.9749276839e-05	3.6310509867e-04	5.8681996447e-29	5.8795689061e-44	7.1195949835e-70	5.4446920373e-107	3.4453412735e-10	2.1843344203e-51	2.2976844787e-114	2.5215343663e-140	1.4052209986e-171	5.8370389641e-59	1.7371201018e-106	7.8909138099e-39	1.2972009112e-40	7.9011001944e-114	4.4894493022e-133	3.2112652470e-121	2.2855104083e-129	7.8061195486e-135	1.8354419479e-176	1.8354419479e-176	1.8354419479e-176	1.8354419479e-176	1.8354419479e-176	1.8354419479e-176	1.8354419479e-176	1.8354419479e-176	1.8354419479e-176	1.8354419479e-176	1.8354419479e-176	1.8354419479e-176	1.8354419479e-176	1.8354419479e-176	1.8354419479e-176	1.8354419479e-176	5.5479341754e-123	1.8354419479e-176	1.8354419479e-176	1.8354419479e-176	1.8354419479e-176	1.8354419479e-176	1.8354419479e-176	1.8354419479e-176	7.3870632585e-48	1.8354419479e-176	1.8354419479e-176	1.8354419479e-176	1.8354419479e-176	2.8555691417e-47	3.1074424047e-169	1.9811385145e-154	1.8354419479e-176	1.8354419479e-176	1.8354419479e-176	4.9186750857e-15	2.4930620404e-08	2.8909006823e-09	1.9370173348e-33	1.8354419479e-176	7.3102607531e-38	1.8354419479e-176	9.7956907713e-26	1.7174439292e-155	1.6162716822e-13	5.2183334470e-08	5.8475445894e-41	8.9637049795e-165	5.1503660238e-152	9.2134663416e-135	8.0819654254e-116	7.6488638305e-13	8.1158343060e-09	3.8327517692e-15	9.0919810139e-26	2.9959404165e-05	1.5079529665e-35	9.4423422614e-35	3.6962901261e-37	3.8976351254e-57	1.1555377273e-122	3.0307933362e-136	5.0126085149e-138	6.3127783707e-21	2.6953167043e-24	1.0093299767e-05	9.3649840970e-27	1.7555218161e-11	2.6395183601e-38	4.3603209998e-51	8.5591999472e-06	5.9729489356e-76	1.4283235326e-148	9.6536129820e-77	1.1540041715e-127	1.1766558040e-39	1.1640304271e-35	2.1947288823e-44	9.0990930498e-76	2.7296473837e-34	2.3907761973e-42	4.1573905866e-62	6.5388217533e-57	2.1413809577e-125	6.4318749574e-112	1.1037233761e-35	8.3775194148e-08	4.6146041751e-49	5.4303182077e-60	3.9329279012e-26	3.3278893516e-27	1.4310771589e-18	1.9102241573e-28	2.0159721816e-32	5.2032296664e-46	1.1220058840e-14	3.2801618238e-12	6.4267241907e-14	4.8714618457e-20	2.8375365588e-27	7.8838829643e-24	4.7954226841e-21	1.5435236574e-24	7.2660587909e-23	1.0631912689e-17	3.1836076577e-25	5.5163897925e-38	1.5535930779e-30	1.7782958670e-17	6.4267241907e-14	1.8901051540e-32	2.2973293023e-42
2.4880282500e+01	4.6098435918e+02	7.6242551758e+20	3.9091775297e+20	2.1248736447e+00	2.5580828509e-176	1.5696644096e-23	5.0353907529e-02	1.0745350027e-56	1.9228407921e-56	3.7266194241e-40	8.6275423860e-32	1.2392347907e-35	1.3011488349e-31	5.1700722248e-19	1.3754866313e-30	3.7951388035e-08	5.8240450256e-07	1.0395207716e-05	8.3896848148e-47	6.0958345606e-07	1.0247141797e-26	0.0000000000e+00	2.9948850248e-164	9.7708451205e-120	6.3307753942e-124	8.9278675018e-134	5.8322708192e-143	1.3564506681e-147	9.6636886398e-120	3.8699476008e-118	2.8920386874e-96	1.4415472149e-151	8.5631648470e-150	2.5580828509e-176	2.0972548062e-166	4.4451757286e-115	1.0094936373e-116	2.5580828509e-176	2.5580828509e-176	2.5580828509e-176	2.5580828509e-176	2.5580828509e-176	2.5580828509e-176	2.5580828509e-176	2.5580828509e-176	1.9694369112e-131	2.4261457612e-135	1.0392723141e-113	2.5580828509e-176	2.5580828509e-176	2.5580828509e-176	2.5580828509e-176	2.5580828509e-176	2.5580828509e-176	2.5580828509e-176	2.5580828509e-176	2.5580828509e-176	2.5580828509e-176	2.5580828509e-176	6.9335502196e-45	1.7307668700e-48	7.7692336362e-61	1.9669785206e-88	5.2957643848e-34	2.4541246702e-63	9.4909208063e-01	6.5650821134e-28	2.2947560766e-38	6.9749245605e-05	3.6310513247e-04	1.3341490587e-29	4.9534297776e-45	1.3961519917e-71	1.1806636867e-109	3.2762717334e-10	1.6207688815e-52	3.5514945960e-117	1.0460802856e-143	8.4473958388e-176	1.8291627986e-60	2.6457932966e-109	8.7560746445e-40	1.2656066613e-41	1.2700938701e-111	1.7812229635e-131	3.0744507442e-119	1.1414466506e-127	2.7144167300e-133	2.5580828509e-176	2.5580828509e-176	2.5580828509e-176	2.5580828509e-176	2.5580828509e-176	2.5580828509e-176	2.5580828509e-176	2.5580828509e-176	2.5580828509e-176	2.5580828509e-176	2.5580828509e-176	2.5580828509e-176	2.5580828509e-176	2.5580828509e-176	2.5580828509e-176	2.5580828509e-176	7.0021161386e-121	2.5580828509e-176	2.5580828509e-176	2.5580828509e-176	2.5580828509e-176	2.5580828509e-176	2.5580828509e-176	2.5580828509e-176	4.7680875444e-49	2.5580828509e-176	2.5580828509e-176	2.5580828509e-176	2.5580828509e-176	1.8244524998e-48	1.4557462529e-168	2.5465030645e-153	2.5580828509e-176	2.5580828509e-176	2.5580828509e-176	2.0482060707e-15	2.4930623275e-08	2.8909006833e-09	1.4490302082e-34	2.5580828509e-176	6.1599453489e-39	2.5580828509e-176	2.8042064567e-26	8.4949114087e-155	9.1306731679e-14	5.2183404793e-08	7.6279974979e-42	4.7126316839e-164	6.5993286608e-151	4.0347850477e-133	1.4608295835e-113	4.8127697547e-13	8.1158343062e-09	1.6811043555e-15	3.3466270289e-26	2.9959404166e-05	2.5872346076e-36	2.5679781044e-35	8.5866934886e-38	3.4154267055e-58	1.7076862874e-120	1.1166345172e-134	1.5070297621e-136	2.0814531166e-21	1.0167010529e-24	1.0093299768e-05	1.3460418001e-27	1.1329186232e-11	1.9345998979e-39	1.8712664786e-52	8.5591999475e-06	4.0150559233e-78	1.3564506681e-147	4.4038897971e-79	1.2695044846e-125	1.4108184391e-40	3.1617386749e-36	5.3530568569e-45	1.3878508981e-76	4.8613810334e-35	3.3665810109e-43	2.1921360617e-63	8.3514934006e-58	1.6196096487e-123	1.2537834952e-109	1.6824431156e-36	8.3767364763e-08	7.3816014992e-50	5.2502024520e-61	6.4539453223e-26	8.3661616965e-28	6.4138879501e-19	6.4595844219e-29	7.5298611955e-33	1.0598793505e-46	9.4645581560e-15	1.1067532476e-11	8.6150756347e-14	6.6262618881e-20	1.0166936165e-27	3.3804871989e-24	3.6506785071e-21	3.2952760955e-24	4.4916611295e-23	9.2189099101e-18	1.5675907479e-25	6.5464021129e-37	5.2984743068e-31	2.6427600876e-17	8.6150756347e-14	3.2439424271e-32	2.5796589358e-42
1.7314333200e+01	4.4493743083e+02	5.4971189524e+20	2.8185328772e+20	2.1248736433e+00	3.5479451317e-176	2.3973667681e-24	5.0353906838e-02	1.3529247811e-58	2.6571127809e-58	2.1977714582e-41	1.1767823332e-32	6.9359639224e-37	8.2832848634e-33	1.5714374569e-19	2.1846559323e-31	3.7951583022e-08	5.8240888586e-07	1.0395207722e-05	3.5993604370e-48	6.0958345634e-07	9.2427366626e-28	0.0000000000e+00	1.0744221872e-163	2.1066783497e-117	1.4770483001e-121	6.0822642194e-132	1.2376801367e-141	2.0097066740e-146	2.3146232295e-117	6.8845270535e-116	3.5237949052e-93	2.0840275506e-150	2.2543492280e-148	3.5479451317e-176	1.2785896616e-165	1.5134033920e-112	5.0177394445e-114	3.5479451317e-176	3.5479451317e-176	3.5479451317e-176	3.5479451317e-176	3.5479451317e-176	3.5479451317e-176	3.5479451317e-176	3.5479451317e-176	1.6765925584e-129	1.5425832554e-133	4.2384417486e-111	3.5479451317e-176	3.5479451317e-176	3.5479451317e-176	3.5479451317e-176	3.5479451317e-176	3.5479451317e-176	3.5479451317e-176	3.5479451317e-176	3.5479451317e-176	3.5479451317e-176	3.5479451317e-176	2.1815487441e-46	6.1563840756e-50	1.5278594893e-62	6.6384126184e-91	4.5256733294e-35	2.7249141186e-65	9.4909208143e-01	8.4774269486e-29	1.8372694192e-39	6.9749079426e-05	3.6310525110e-04	2.2658456901e-30	2.3053547916e-46	1.1343908309e-73	6.8717319120e-113	2.6858712119e-10	6.2659193786e-54	1.3337063396e-120	8.1385257120e-148	3.5479451317e-176	2.6954035929e-62	1.0428389538e-112	5.6691764369e-41	7.5317461997e-43	5.9827680778e-109	1.5163962238e-129	7.2575811720e-117	1.2807821242e-125	1.8402201696e-131	3.5479451317e-176	3.5479451317e-176	3.5479451317e-176	3.5479451317e-176	3.5479451317e-176	3.5479451317e-176	3.5479451317e-176	3.5479451317e-176	3.5479451317e-176	3.5479451317e-176	3.5479451317e-176	3.5479451317e-176	3.5479451317e-176	3.5479451317e-176	3.5479451317e-176	3.5479451317e-176	2.3045792291e-118	3.5479451317e-176	3.5479451317e-176	3.5479451317e-176	3.5479451317e-176	3.5479451317e-176	3.5479451317e-176	3.5479451317e-176	1.7911392454e-50	3.5479451317e-176	3.5479451317e-176	3.5479451317e-176	3.5479451317e-176	6.3111131498e-50	9.5958759172e-168	5.8273596932e-152	3.5479451317e-176	3.5479451317e-176	3.5479451317e-176	7.1605100594e-16	2.4930624619e-08	2.8909006850e-09	6.6904068159e-36	3.5479451317e-176	3.0808602484e-40	3.5479451317e-176	6.0549416643e-27	5.7679514601e-154	4.4578355005e-14	5.2183451545e-08	6.6549835142e-43	3.3234468433e-163	1.4018875035e-149	3.8669739252e-131	7.9164317523e-111	2.8630741597e-13	8.1158343100e-09	6.4885824019e-16	9.4340937018e-27	2.9959404180e-05	2.9225559562e-37	5.0425154818e-36	1.3964416159e-38	1.7293783107e-59	6.3351698445e-118	7.8327738011e-133	8.5820963771e-135	5.3225577399e-22	3.0570462862e-25	1.0093299772e-05	1.3638174784e-28	6.9461623302e-12	8.3981975181e-41	4.2850741153e-54	8.5591999515e-06	9.3516191771e-81	2.0097066740e-146	6.2385243235e-82	3.3076014724e-123	1.0022103362e-41	6.2030301862e-37	9.2496323321e-46	1.3797341542e-77	5.9467227690e-36	3.1134794084e-44	6.2587553050e-65	7.1438905911e-59	2.9871127331e-121	7.4412398548e-107	1.5909023521e-37	8.3730518142e-08	7.1521358633e-51	2.7908293101e-62	1.0210399328e-25	1.4919016607e-28	2.3674494346e-19	1.5880100861e-29	2.0876656271e-33	1.4244471442e-47	7.7294522058e-15	4.7859405516e-11	1.1440577931e-13	8.9677043749e-20	2.7739965129e-28	1.1851386547e-24	2.2902620822e-21	6.6509718205e-24	2.3560995937e-23	7.7847579172e-18	6.4753544622e-26	1.0428980219e-35	1.3160281910e-31	4.2731355521e-17	1.1440577931e-13	5.4238809055e-32	2.6007293420e-42
1.2049145200e+01	4.2967805527e+02	3.9613331735e+20	2.0310908100e+20	2.1248736435e+00	4.9234627771e-176	3.5154793345e-25	5.0353906843e-02	1.5479610551e-60	3.3508646831e-60	1.2176374103e-42	1.5278328101e-33	3.6597428367e-38	4.9763560485e-34	4.6606910846e-20	3.3350033479e-32	3.7951700223e-08	5.8241160158e-07	1.0395207723e-05	1.4453957744e-49	6.0958345640e-07	7.8848972829e-29	0.0000000000e+00	3.9421310215e-163	5.0390124178e-115	3.8331514189e-119	4.4993852247e-130	2.7918869932e-140	3.1412937116e-145	6.1873507428e-115	1.3622209617e-113	4.9721388181e-90	3.1550281250e-149	6.3000824691e-147	4.9234627771e-176	8.0182685966e-165	5.7643970586e-110	2.8150184760e-111	4.9234627771e-176	4.9234627771e-176	4.9234627771e-176	4.9234627771e-176	4.9234627771e-176	4.9234627771e-176	4.9234627771e-176	4.9234627771e-176	1.5658311129e-127	1.0700884025e-131	1.9598876690e-108	4.9234627771e-176	4.9234627771e-176	4.9234627771e-176	4.9234627771e-176	4.9234627771e-176	4.9234627771e-176	4.9234627771e-176	4.9234627771e-176	4.9234627771e-176	4.9234627771e-176	4.9234627771e-176	6.3713652099e-48	2.0382424212e-51	2.7684568437e-64	1.9945645284e-93	3.6717851373e-36	2.7577717280e-67	9.4909208204e-01	1.0480208214e-29	1.3915601211e-40	6.9748412492e-05	3.6310535369e-04	3.7187150833e-31	1.0016788618e-47	8.3147222873e-76	3.4268295787e-116	2.1730988890e-10	2.2508426764e-55	4.2532573592e-124	5.2162159313e-152	4.9234627771e-176	3.6314454299e-64	3.4979706356e-116	3.4504621162e-42	4.2283323293e-44	3.2065856154e-106	1.4156397864e-127	1.9118673232e-114	1.5855087368e-123	1.3548924026e-129	4.9234627771e-176	4.9234627771e-176	4.9234627771e-176	4.9234627771e-176	4.9234627771e-176	4.9234627771e-176	4.9234627771e-176	4.9234627771e-176	4.9234627771e-176	4.9234627771e-176	4.9234627771e-176	4.9234627771e-176	4.9234627771e-176	4.9234627771e-176	4.9234627771e-176	4.9234627771e-176	8.5329738825e-116	4.9234627771e-176	4.9234627771e-176	4.9234627771e-176	4.9234627771e-176	4.9234627771e-176	4.9234627771e-176	4.9234627771e-176	6.3043107251e-52	4.9234627771e-176	4.9234627771e-176	4.9234627771e-176	4.9234627771e-176	2.0306952078e-51	6.5933615775e-167	1.4300032672e-150	4.9234627771e-176	4.9234627771e-176	4.9234627771e-176	2.4470039811e-16	2.4930625093e-08	2.8909006854e-09	2.9138085319e-37	4.9234627771e-176	1.4513897820e-41	4.9234627771e-176	1.2649944830e-27	4.0731742271e-153	2.1440665852e-14	5.2183474688e-08	5.5322288061e-44	2.4317694604e-162	3.1694428817e-148	4.0749490881e-129	4.8933769526e-108	1.6911062700e-13	8.1158343108e-09	2.4641035815e-16	2.5812224944e-27	2.9959404183e-05	3.1451731360e-38	9.5495223914e-37	2.1827742824e-39	8.2293484839e-61	2.6380885940e-115	5.9540657765e-131	5.2887038266e-133	1.3211414635e-22	8.9590726568e-26	1.0093299773e-05	1.3220849898e-29	4.2304994808e-12	3.3989902997e-42	9.0460956324e-56	8.5591999524e-06	1.9173428380e-83	3.1412937116e-145	7.6984385796e-85	9.6071125272e-121	6.7046974773e-43	1.1745668170e-37	1.5417339228e-46	1.3218241812e-78	6.9598079494e-37	2.7442325743e-45	1.6655191860e-66	5.8539822286e-60	6.1379121848e-119	5.0493051120e-104	1.4208810674e-38	8.3563746870e-08	6.5345686481e-52	1.3861391304e-63	1.6180570714e-25	2.5523258357e-29	8.5292324986e-20	3.7628494122e-30	5.5990198144e-34	1.8292054324e-48	6.2875892923e-15	2.1455650872e-10	1.5220253611e-13	1.2181231190e-19	7.3295958104e-29	4.0573234294e-25	1.4054758217e-21	1.3386881358e-23	1.2117205040e-23	6.5477317090e-18	2.6131272212e-26	1.7472786537e-34	3.1479957563e-32	7.0116009571e-17	1.5220253611e-13	9.1089437576e-32	2.6132546096e-42
8.3850701700e+00	4.1470160045e+02	2.8562702514e+20	1.4644928876e+20	2.1248736437e+00	6.8283021959e-176	4.6160202280e-26	5.0353906848e-02	1.3628492499e-62	3.2954500281e-62	5.6886889260e-44	1.7222414957e-34	1.6510515233e-39	2.5698044267e-35	1.2955114212e-20	4.5697098444e-33	3.7951771295e-08	5.8241329946e-07	1.0395207724e-05	4.8536267549e-51	6.0958345646e-07	5.8619335826e-30	0.0000000000e+00	1.5352797489e-162	1.5848730156e-112	1.3150174352e-116	4.1443618104e-128	7.4237918455e-139	5.6748799453e-144	2.2220677663e-112	3.5945269395e-111	1.0459356440e-86	5.3771922780e-148	2.0505584559e-145	6.8283021959e-176	5.3685470910e-164	2.9565749381e-107	2.1731789280e-108	6.8283021959e-176	6.8283021959e-176	6.8283021959e-176	6.8283021959e-176	6.8283021959e-176	6.8283021959e-176	6.8283021959e-176	6.8283021959e-176	1.8761609250e-125	9.3779959611e-130	1.2746923459e-105	6.8283021959e-176	6.8283021959e-176	6.8283021959e-176	6.8283021959e-176	6.8283021959e-176	6.8283021959e-176	6.8283021959e-176	6.8283021959e-176	6.8283021959e-176	6.8283021959e-176	6.8283021959e-176	1.5178967213e-49	5.5424317848e-53	3.9977722117e-66	4.3470213129e-96	2.5863622330e-37	2.1709347668e-69	9.4909208530e-01	1.1503652425e-30	9.0436175508e-42	6.9745104095e-05	3.6310545181e-04	5.5543343019e-32	3.5966041170e-49	4.5868713217e-78	1.1172580367e-119	1.6826774401e-10	6.5690961588e-57	8.6099274494e-128	1.9517650338e-156	6.8283021959e-176	3.8308584830e-66	7.5640383549e-120	1.7671855623e-43	2.0230446939e-45	2.4378465835e-103	1.6947688961e-125	6.7625086979e-112	2.5561599888e-121	1.2421562835e-127	6.8283021959e-176	6.8283021959e-176	6.8283021959e-176	6.8283021959e-176	6.8283021959e-176	6.8283021959e-176	6.8283021959e-176	6.8283021959e-176	6.8283021959e-176	6.8283021959e-176	6.8283021959e-176	6.8283021959e-176	6.8283021959e-176	6.8283021959e-176	6.8283021959e-176	6.8283021959e-176	4.3251601607e-113	6.8283021959e-176	6.8283021959e-176	6.8283021959e-176	6.8283021959e-176	6.8283021959e-176	6.8283021959e-176	6.8283021959e-176	1.8602408336e-53	6.8283021959e-176	6.8283021959e-176	6.8283021959e-176	6.8283021959e-176	5.3582603609e-53	5.0636384323e-166	4.2345622756e-149	6.8283021959e-176	6.8283021959e-176	6.8283021959e-176	7.8878030084e-17	2.4930625261e-08	2.8909006857e-09	1.0918085349e-38	6.8283021959e-176	5.7864605971e-43	6.8283021959e-176	2.4133775949e-28	3.1931265205e-152	9.8563761735e-15	5.2183486278e-08	4.0344342826e-45	1.9604800175e-161	8.4575575063e-147	5.5438271932e-127	4.3215929217e-105	9.8041948236e-14	8.1158343116e-09	8.9691126178e-17	6.4882876589e-28	2.9959404186e-05	2.9590003030e-39	1.6308162729e-37	3.0468929193e-40	3.2866557547e-62	1.4886908141e-112	5.5959712174e-129	4.0199484428e-131	3.0212376184e-23	2.4423243859e-26	1.0093299774e-05	1.1415896782e-30	2.5326811614e-12	1.1528244066e-43	1.5486264230e-57	8.5591999532e-06	2.7839131229e-86	5.6748799453e-144	6.5084294652e-88	3.7111385435e-118	3.7930605667e-44	2.0073360409e-38	2.3084538442e-47	1.1162345447e-79	7.2139764918e-38	2.1139530671e-46	3.6404697535e-68	4.2289444649e-61	1.6868576931e-116	4.9221109397e-101	1.0798032621e-39	8.2736600368e-08	5.0141802580e-53	5.6149909163e-65	2.5150466685e-25	3.8792478772e-30	2.8639543547e-20	7.9971067825e-31	1.3572440576e-34	2.0465262595e-49	5.0277777710e-15	1.0416064660e-09	2.0108647635e-13	1.6473939581e-19	1.7619653058e-29	1.2929967326e-25	8.0048185450e-22	2.5882711173e-23	5.8319937651e-24	5.3860384803e-18	9.8123403173e-27	3.1818596692e-33	6.7085324520e-33	1.1795273949e-16	2.0108647635e-13	1.5074603784e-31	2.5243129394e-42
5.8352190800e+00	3.9946398185e+02	2.0635160258e+20	1.0580247235e+20	2.1248736439e+00	9.4515749754e-176	4.9242507734e-27	5.0353906855e-02	7.3228599839e-65	2.0296780789e-64	1.9278638521e-45	1.4386729425e-35	5.5565531550e-41	1.0011817275e-36	3.1903758778e-21	5.1091087609e-34	3.7951814443e-08	5.8241436354e-07	1.0395207725e-05	1.1645407378e-52	6.0958345652e-07	3.3851346596e-31	0.0000000000e+00	6.6850333966e-162	8.3136409176e-110	7.5928582460e-114	5.7541985108e-126	2.6883498484e-137	1.3457371415e-142	1.3887000740e-109	1.6293397760e-108	4.6650556187e-83	1.1419203778e-146	8.8520993598e-144	9.4515749754e-176	4.0458022582e-163	2.6456352134e-104	3.0451851857e-105	9.4515749754e-176	9.4515749754e-176	9.4515749754e-176	9.4515749754e-176	9.4515749754e-176	9.4515749754e-176	1.4720998249e-174	9.4515749754e-176	3.5878151563e-123	1.2740059459e-127	1.5747225980e-102	9.4515749754e-176	9.4515749754e-176	9.4515749754e-176	9.4515749754e-176	9.4515749754e-176	9.4515749754e-176	9.4515749754e-176	9.4515749754e-176	9.4515749754e-176	9.4515749754e-176	9.4515749754e-176	2.4637008586e-51	1.0396989784e-54	3.7582333625e-68	5.1647762730e-99	1.3961418980e-38	1.0652280204e-71	9.4909210367e-01	1.0093695796e-31	4.4022552165e-43	6.9726677394e-05	3.6310554932e-04	6.9446598688e-33	9.0038505552e-51	1.4794354277e-80	1.6333010182e-123	1.1954041586e-10	1.2924274084e-58	7.3761935079e-132	2.6385897484e-161	9.4515749754e-176	2.5486664037e-68	7.1564534422e-124	6.5287025874e-45	7.1604519249e-47	3.5757080987e-100	3.2369898461e-123	4.1582074007e-109	6.7657221969e-119	1.7166910068e-125	9.4515749754e-176	9.4515749754e-176	9.4515749754e-176	9.4515749754e-176	9.4515749754e-176	9.4515749754e-176	9.4515749754e-176	9.4515749754e-176	9.4515749754e-176	9.4515749754e-176	9.4515749754e-176	9.4515749754e-176	9.4515749754e-176	9.4515749754e-176	9.4515749754e-176	9.4515749754e-176	3.9475886990e-110	9.4515749754e-176	9.4515749754e-176	9.4515749754e-176	9.4515749754e-176	9.4515749754e-176	9.4515749754e-176	9.4515749754e-176	3.9393820284e-55	9.4515749754e-176	9.4515749754e-176	9.4515749754e-176	9.4515749754e-176	9.7272799394e-55	4.7902179531e-165	1.7837402511e-147	9.4515749754e-176	9.4515749754e-176	9.4515749754e-176	2.2816218098e-17	2.4930625319e-08	2.8909006860e-09	3.0926044576e-40	9.4515749754e-176	1.6826494188e-44	9.4515749754e-176	3.8796640427e-29	3.0448888079e-151	4.1535475434e-15	5.2183491986e-08	2.2997286756e-46	1.8941745062e-160	3.0781675261e-145	1.2183368406e-124	7.4654472842e-102	5.4898239601e-14	8.1158343124e-09	3.0164865912e-17	1.3882995847e-28	2.9959404189e-05	2.1589342159e-40	2.2870561157e-38	3.4291304469e-41	9.4106112868e-64	1.4814475576e-109	7.8196691408e-127	4.5251218063e-129	5.9190969128e-24	5.8042462246e-27	1.0093299775e-05	7.9450725050e-32	1.4686539684e-12	2.8209302572e-45	1.7960828028e-59	8.5591999540e-06	2.1129830597e-89	1.3457371415e-142	2.6973927763e-91	2.4405860093e-115	1.5623358673e-45	2.8212118597e-39	2.8135884487e-48	7.3531928154e-81	5.9459557925e-39	1.2613549230e-47	5.4800273358e-70	2.3991635944e-62	8.0019843270e-114	9.4788996821e-98	5.8566048109e-41	7.8129901797e-08	2.5882256639e-54	1.4450176193e-66	3.5069157193e-25	4.5654351212e-31	8.1526275450e-21	1.3378279242e-31	2.6247973116e-35	1.7020723981e-50	3.7639171321e-15	5.6482025656e-09	2.5291814743e-13	2.1286105871e-19	3.4267811337e-30	3.4807867986e-26	3.7019259381e-22	4.0450224187e-23	2.3172492029e-24	3.9754342313e-18	3.0142918763e-27	5.8518156325e-32	1.0755223436e-33	2.0026581808e-16	2.5291814743e-13	2.2546071554e-31	2.0998723576e-42
4.0607628900e+00	3.8350965797e+02	1.4957521407e+20	7.6691565517e+19	2.1248736441e+00	1.3039243537e-175	3.8198727069e-28	5.0353906878e-02	1.8443557771e-67	6.0933729458e-67	3.9923299503e-47	6.0691194150e-37	1.1945584161e-42	2.5379810343e-38	6.5316833764e-22	4.1809610269e-35	3.7951840197e-08	5.8241502115e-07	1.0395207726e-05	1.6686419868e-54	6.0958345657e-07	1.3318340196e-32	0.0000000000e+00	3.4534575508e-161	9.5450348244e-107	9.7202098800e-111	1.4970989892e-123	1.5630967740e-135	4.8433960953e-141	2.0275091797e-106	1.6932066591e-105	6.5897738940e-79	3.3946741338e-145	5.8797791442e-142	1.3039243537e-175	3.6491644810e-162	5.5489189669e-101	1.0615794484e-101	1.3039243537e-175	1.3039243537e-175	1.3039243537e-175	1.3039243537e-175	1.3039243537e-175	1.3039243537e-175	1.2778177126e-166	1.3039243537e-175	1.4037804358e-120	3.3859181099e-125	5.2001037426e-99	1.3039243537e-175	1.3039243537e-175	1.3039243537e-175	1.3039243537e-175	1.3039243537e-175	1.3039243537e-175	1.3039243537e-175	1.3039243537e-175	1.3039243537e-175	1.3039243537e-175	1.3039243537e-175	2.2192953063e-53	1.1024405377e-56	1.8249576864e-70	2.4121872369e-102	5.0068868106e-40	2.5277478924e-74	9.4909219654e-01	6.2815438832e-33	1.3751485829e-44	6.9633738921e-05	3.6310563994e-04	6.6087410965e-34	1.2946097132e-52	2.0903454160e-83	6.9553973795e-128	7.4323593468e-11	1.3859823167e-60	1.6834246449e-136	7.4483074102e-167	1.3039243537e-175	8.3469772247e-71	1.9009173162e-128	1.4604456723e-46	1.5958172656e-48	1.4366393887e-96	1.2653214439e-120	5.9678053921e-106	3.8288769236e-116	4.4490697811e-123	1.3039243537e-175	1.3039243537e-175	1.3039243537e-175	1.3039243537e-175	1.3039243537e-175	1.3039243537e-175	1.3039243537e-175	1.3039243537e-175	1.3039243537e-175	1.3039243537e-175	1.3039243537e-175	1.3039243537e-175	1.3039243537e-175	1.3039243537e-175	1.3039243537e-175	1.3039243537e-175	8.8654167643e-107	1.3039243537e-175	1.3039243537e-175	1.3039243537e-175	1.3039243537e-175	1.3039243537e-175	1.3039243537e-175	1.3039243537e-175	5.0081765370e-57	1.3039243537e-175	1.3039243537e-175	1.3039243537e-175	1.3039243537e-175	9.9479006965e-57	6.2278113091e-164	1.2876475547e-145	1.3039243537e-175	1.3039243537e-175	1.3039243537e-175	5.5968822677e-18	2.4930625339e-08	2.8909006863e-09	5.7291899768e-42	1.3039243537e-175	3.0182595708e-46	1.3039243537e-175	4.7990281122e-30	3.9262964526e-150	1.5305951756e-15	5.2183494613e-08	8.9774307310e-48	2.4145840453e-159	1.8022435592e-143	5.5847703793e-122	3.6084007054e-98	2.9146920567e-14	8.1158343131e-09	8.9885378023e-18	2.3189761711e-29	2.9959404191e-05	1.0653148675e-41	2.3655544691e-39	2.7692759276e-42	1.6120411643e-65	3.5111943546e-106	2.0058672829e-124	9.2960884398e-127	9.1461850752e-25	1.1171025490e-27	1.0093299776e-05	3.9777484932e-33	8.1109421002e-13	4.1958781249e-47	1.1484685184e-61	8.5591999547e-06	5.9264568456e-93	4.8433960953e-141	3.7437085192e-95	3.6243078090e-112	3.9523739872e-47	2.9347417731e-40	2.4973090322e-49	3.2962183052e-82	3.4449493947e-40	5.0756762849e-49	4.6406903551e-72	9.3526831634e-64	8.7643950014e-111	5.1852334854e-94	1.5143964627e-42	5.4895820827e-08	4.6472668330e-56	1.1832373547e-68	2.6373689319e-25	2.9031964720e-32	1.4411715345e-21	1.2385803050e-32	2.8646855607e-36	7.1591682743e-52	2.0352167064e-15	2.8882320297e-08	2.3537013549e-13	2.0438688543e-19	3.8477151250e-31	5.7802239311e-27	7.9540960727e-23	1.8642288060e-23	4.3890047680e-25	1.5896877453e-18	4.3557069143e-28	4.4308718534e-31	7.1275907161e-35	2.7480904173e-16	2.3537013549e-13	1.8372833460e-31	8.8268206964e-43
2.8259085000e+00	3.6657627687e+02	1.0889853733e+20	5.5835449491e+19	2.1248736443e+00	1.7909768957e-175	1.9329252696e-29	5.0353906865e-02	1.6819588631e-70	6.9819965019e-70	4.2712760594e-49	5.2763821358e-39	1.4073725852e-44	3.6127284669e-40	1.0434777672e-22	2.2514730965e-36	3.7951854939e-08	5.8241541274e-07	1.0395207727e-05	1.1977062436e-56	6.0958345662e-07	3.1293133531e-34	0.0000000000e+00	2.2437163311e-160	3.1336683603e-103	3.6217298207e-107	9.0457995636e-121	1.7148887412e-133	3.0499547165e-139	9.2386623090e-103	5.3525015688e-102	4.3667017562e-74	1.5848325576e-143	6.9649373298e-140	1.7909768957e-175	4.1899972248e-161	3.6494141651e-97	1.2574178794e-97	1.7909768957e-175	1.7909768957e-175	1.7909768957e-175	1.7909768957e-175	6.3614171668e-171	1.7909768957e-175	2.1492538281e-157	1.7909768957e-175	1.4347937803e-117	2.2134747664e-122	6.4189643047e-95	1.7909768957e-175	1.7909768957e-175	1.7909768957e-175	1.7909768957e-175	1.7909768957e-175	1.7909768957e-175	1.7909768957e-175	1.7909768957e-175	1.7909768957e-175	1.7909768957e-175	1.7909768957e-175	9.0782629700e-56	5.4423402890e-59	3.6574031177e-73	3.2247282234e-106	1.0380796265e-41	2.2659235731e-77	9.4909236265e-01	2.4663609298e-34	2.3699420481e-46	6.9467604500e-05	3.6310571115e-04	4.3609201499e-35	8.8549216022e-55	9.7737006432e-87	5.6725719774e-133	3.8663408484e-11	6.5920097924e-63	6.5296669068e-142	2.5781835689e-173	1.7909768957e-175	1.0576576792e-73	9.2024942947e-134	1.6676199872e-48	1.9126954569e-50	2.2287281561e-92	1.2920062914e-117	2.6688290401e-102	6.0023879062e-113	2.6794466802e-120	1.7909768957e-175	1.7909768957e-175	1.7909768957e-175	1.7909768957e-175	1.7909768957e-175	1.7909768957e-175	1.7909768957e-175	1.7909768957e-175	1.7909768957e-175	1.7909768957e-175	1.7909768957e-175	1.7909768957e-175	1.7909768957e-175	1.7909768957e-175	1.7909768957e-175	1.7909768957e-175	6.6613499342e-103	1.7909768957e-175	1.7909768957e-175	1.7909768957e-175	1.7909768957e-175	1.7909768957e-175	1.7909768957e-175	1.7909768957e-175	3.2139460210e-59	1.7909768957e-175	1.7909768957e-175	1.7909768957e-175	1.7909768957e-175	4.7132946375e-59	1.2407808956e-162	1.9149820869e-143	1.7909768957e-175	1.7909768957e-175	1.7909768957e-175	1.1002060433e-18	2.4930625345e-08	2.8909006865e-09	6.0259297353e-44	1.7909768957e-175	2.8317325853e-48	1.7909768957e-175	4.1766171526e-31	7.5865545581e-149	4.7120675257e-16	5.2183495676e-08	2.1099621666e-49	4.4636164657e-158	1.9959855201e-141	6.8602516266e-119	6.9288624441e-94	1.4407821223e-14	8.1158343137e-09	2.2769330840e-18	2.7795362925e-30	2.9959404194e-05	3.1128300702e-43	1.6280614905e-40	1.4338100187e-43	1.3882811264e-67	2.6661081116e-102	1.1620975423e-121	4.2790422156e-124	1.0281118671e-25	1.6204951597e-28	1.0093299777e-05	1.2798025136e-34	4.1954155570e-13	3.1995840663e-49	3.3043603371e-64	8.5591999554e-06	4.3761870999e-97	3.0499547165e-139	1.1985198662e-99	1.6048362167e-108	5.2020877690e-49	2.0397141725e-41	1.4491922309e-50	8.8255941518e-84	1.2445881518e-41	1.2052606603e-50	1.8191811177e-74	2.2076546390e-65	2.9478431908e-107	1.1499685749e-89	7.4701993909e-45	1.3361906651e-08	5.3752295387e-59	5.5408144149e-72	2.3025185129e-26	4.1654477996e-34	6.9265564679e-23	2.6729203341e-34	7.4840370938e-38	6.2251598047e-54	3.6647603335e-16	7.0416556247e-08	7.5387228989e-14	6.7963154568e-20	1.0656980265e-32	2.5872636834e-28	1.6222798013e-24	1.1763109517e-25	8.1655485969e-27	7.4115361467e-20	6.0721756853e-30	7.2024282794e-32	3.8329956016e-37	1.4614242549e-16	7.5387228989e-14	1.7625464000e-32	3.9501242828e-44
1.9665661600e+00	3.4865259133e+02	7.9679017661e+19	4.0853751343e+19	2.1248736444e+00	2.4477556335e-175	5.8254392101e-31	5.0353906863e-02	4.4763462942e-74	2.4949782589e-73	2.0516955194e-51	7.8903678803e-42	7.9666973885e-47	2.5366143680e-42	1.2300466129e-23	7.2985271818e-38	3.7951862819e-08	5.8241563194e-07	1.0395207728e-05	3.7166154889e-59	6.0958345665e-07	3.9038030919e-36	0.0000000000e+00	1.9255389129e-159	3.6847448853e-99	4.9536692118e-103	1.5242980784e-117	4.0644709898e-131	3.7855442644e-137	1.6795107575e-98	6.5222398284e-98	1.8853066879e-68	1.2809907094e-141	1.6720995913e-137	2.4477556335e-175	6.4616447091e-160	9.6406744545e-93	6.6147734137e-93	2.4477556335e-175	2.4477556335e-175	2.4477556335e-175	2.4477556335e-175	5.5078349998e-161	9.9958132631e-173	1.3156537722e-146	2.4477556335e-175	4.7139007745e-114	4.3236975806e-119	3.9311843765e-90	2.4477556335e-175	2.4477556335e-175	2.4477556335e-175	2.4477556335e-175	2.4477556335e-175	2.4477556335e-175	2.4477556335e-175	2.4477556335e-175	2.4477556335e-175	2.4477556335e-175	2.4477556335e-175	1.4261770752e-58	1.0666243611e-61	2.5223767613e-76	9.5445061086e-111	1.1106720625e-43	6.2727023548e-81	9.4909241188e-01	5.5405437774e-36	1.9865399237e-48	6.9418353947e-05	3.6310575599e-04	1.8457606203e-36	2.4693687713e-57	1.2030993019e-90	6.2916505979e-139	1.6232658585e-11	1.1749917035e-65	2.9843286141e-148	2.4477556335e-175	2.4477556335e-175	4.2622143654e-77	5.7010043873e-140	8.4331451290e-51	1.0806282048e-52	1.7791987614e-87	4.2272841794e-114	4.7384695366e-98	3.2381596491e-109	4.4906570316e-117	2.4477556335e-175	2.4477556335e-175	2.4477556335e-175	2.4477556335e-175	2.4477556335e-175	2.4477556335e-175	2.4477556335e-175	2.4477556335e-175	2.4477556335e-175	2.4477556335e-175	2.4477556335e-175	2.4477556335e-175	2.4477556335e-175	2.4477556335e-175	2.4477556335e-175	6.2440062957e-170	2.1732558198e-98	2.4477556335e-175	2.4477556335e-175	2.4477556335e-175	2.7394781584e-169	2.4477556335e-175	2.4477556335e-175	2.4477556335e-175	9.0517186770e-62	2.4477556335e-175	2.4477556335e-175	2.4477556335e-175	2.4477556335e-175	8.7870244523e-62	4.1716920189e-161	6.8812368694e-141	2.4477556335e-175	2.4477556335e-175	2.4477556335e-175	1.6476109144e-19	2.4930625347e-08	2.8909006866e-09	3.1767284398e-46	2.4477556335e-175	1.2051949493e-50	2.4477556335e-175	2.3673581455e-32	2.3832422494e-147	1.1672414515e-16	5.2183496033e-08	2.6873582787e-51	1.2957593973e-156	4.7901174830e-139	2.7857455783e-115	7.0867460251e-89	6.5291984126e-15	8.1158343141e-09	4.7348318249e-19	2.2292493979e-31	2.9959404195e-05	4.8344415847e-45	6.8827289488e-42	4.3468616104e-45	5.2431022156e-70	8.3486185366e-98	1.8105725394e-118	5.2442261037e-121	7.8595256860e-27	1.6690635774e-29	1.0093299777e-05	2.3995213398e-36	2.0037837160e-13	1.0795952046e-51	3.6029073224e-67	8.5591999558e-06	6.4209554414e-102	3.7855442644e-137	6.4821216566e-105	2.6785039575e-104	3.1031441401e-51	8.7032670686e-43	5.0313710274e-52	1.2708846942e-85	2.5435350878e-43	1.5193473906e-52	2.8288707932e-77	2.8723668752e-67	3.8665064815e-103	1.3926285911e-84	5.7703535412e-48	1.0492539117e-09	3.0576951256e-63	1.1086499975e-76	2.0341688250e-28	1.1470105570e-36	8.0083545746e-25	1.1557429374e-36	4.0587188933e-40	9.4383264044e-57	2.0359588082e-17	8.2729344657e-08	7.7853510335e-15	7.3655293357e-21	6.3313337450e-35	2.7654471671e-30	2.5961976521e-27	7.5940251417e-30	1.2416311653e-29	3.4750949099e-22	6.7638689657e-33	2.1095580348e-34	1.3367807626e-40	2.9029136019e-17	7.7853510335e-15	1.7459515132e-34	1.6216415721e-46
1.3685448200e+00	3.2997930189e+02	5.8586915351e+19	3.0039216621e+19	2.1248736444e+00	3.3289816197e-175	9.8556697011e-33	5.0353906865e-02	3.0237414311e-78	2.4316322601e-77	4.0398663613e-54	3.2361773724e-45	1.9934180630e-49	8.1121216013e-45	1.0343632134e-24	1.3441164262e-39	3.7951866665e-08	5.8241574480e-07	1.0395207728e-05	4.5299229502e-62	6.0958345666e-07	2.4031300701e-38	0.0000000000e+00	2.2542174201e-158	1.7996629279e-94	2.8900486369e-98	8.0531048293e-114	2.2729378322e-128	1.0007491529e-134	1.4255004557e-93	3.5736141702e-93	6.5628814851e-62	1.9131554505e-139	8.8349134790e-135	3.3289816197e-175	1.3894106851e-158	1.2002029014e-87	1.8325107907e-87	3.3289816197e-175	3.3289816197e-175	1.6149161072e-171	3.3289816197e-175	1.8260880193e-149	7.6399963457e-162	4.4130829877e-134	3.3289816197e-175	5.6815504919e-110	2.8559222373e-115	1.4311432736e-84	3.3289816197e-175	2.3204738145e-170	3.3289816197e-175	3.3289816197e-175	3.3289816197e-175	3.3289816197e-175	3.3289816197e-175	3.3289816197e-175	3.3289816197e-175	3.3289816197e-175	3.3289816197e-175	7.7202797907e-62	7.4655087583e-65	5.2937474828e-80	5.2516826691e-116	5.6804474674e-46	4.6763448206e-85	9.4909241589e-01	6.6844142238e-38	7.4663503169e-51	6.9414338751e-05	3.6310577769e-04	4.7631619264e-38	2.5354397842e-60	3.3445079449e-95	7.5380170885e-146	5.3849605507e-12	7.0284044663e-69	1.2589555389e-155	3.3289816197e-175	3.3289816197e-175	4.7831941667e-81	3.5606774198e-147	1.7243573382e-53	2.6421143551e-55	8.8062493432e-82	5.0612318060e-110	3.9116312052e-93	6.9232800053e-105	2.3570433065e-113	3.3289816197e-175	3.3289816197e-175	3.3289816197e-175	3.3289816197e-175	3.3289816197e-175	3.3289816197e-175	3.3289816197e-175	3.3289816197e-175	3.3289816197e-175	3.3289816197e-175	3.3289816197e-175	3.3289816197e-175	3.3289816197e-175	3.3289816197e-175	3.3289816197e-175	7.7737721884e-159	3.6394562895e-93	3.3289816197e-175	3.3289816197e-175	3.3289816197e-175	5.7452321768e-158	3.3289816197e-175	2.3204738145e-170	3.3289816197e-175	1.0154066206e-64	3.3289816197e-175	3.3289816197e-175	3.3289816197e-175	3.3289816197e-175	5.7995095387e-65	2.5050841789e-159	6.5874670573e-138	3.3289816197e-175	3.3289816197e-175	3.3289816197e-175	1.8229258516e-20	2.4930625348e-08	2.8909006867e-09	7.7030999711e-49	3.3289816197e-175	2.1368271913e-53	3.3289816197e-175	8.3397796409e-34	1.2927036486e-145	2.2723228202e-17	5.2183496128e-08	1.7268207490e-53	6.2241661035e-155	2.7219984048e-136	4.2869581853e-111	4.6696821676e-83	2.6846405917e-15	8.1158343143e-09	7.8975124766e-20	1.1441840520e-32	2.9959404196e-05	3.7118101599e-47	1.6888940642e-43	7.2624355605e-47	7.8872275121e-73	1.2694269809e-92	8.5090771147e-115	1.9160168304e-117	3.9125282084e-28	1.1747187850e-30	1.0093299778e-05	2.4648643489e-38	8.7526755609e-14	1.4652775681e-54	1.3287510005e-70	8.5591999560e-06	1.5542041297e-107	1.0007491529e-134	4.8413687256e-111	1.9665151010e-99	7.6789967747e-54	2.1608119471e-44	9.8845782854e-54	9.2446764766e-88	2.7527468910e-45	9.4450341043e-55	1.5663685447e-80	1.9185465517e-69	2.3105326585e-98	1.1174488296e-78	1.1007289896e-51	4.5460159875e-11	2.3018588194e-68	2.5102067569e-82	5.3120367211e-31	9.7812456245e-40	3.6861489670e-27	1.6232256242e-39	7.4312277255e-43	3.9764992906e-60	5.9331364157e-19	8.3733153140e-08	4.4330295892e-16	4.4512312210e-22	1.3172635983e-37	1.1660929128e-32	9.2624651234e-31	4.2938542434e-35	4.3994343890e-33	4.7799040294e-25	1.7096703277e-36	1.0138563546e-37	8.4004451509e-45	3.7419414619e-18	4.4330295892e-16	5.2248970627e-37	1.7625930769e-49
9.5237829900e-01	3.1100152322e+02	4.3258881060e+19	2.2180087331e+19	2.1248736444e+00	4.5085485241e-175	9.2331290755e-35	5.0353906865e-02	5.0257202086e-83	6.2658322777e-82	3.1945318480e-57	4.0675328801e-49	2.1613323390e-52	1.1590932122e-47	6.1572987865e-26	1.3876743063e-41	3.7951868351e-08	5.8241579746e-07	1.0395207728e-05	2.1206487511e-65	6.0958345667e-07	7.1565088700e-41	0.0000000000e+00	3.6286454504e-157	3.7886631034e-89	7.4667786286e-93	1.3717979128e-109	3.0615386932e-125	5.7369859261e-132	5.8585159040e-88	9.1218536751e-88	1.9328290294e-54	5.3743021851e-137	1.0503243849e-131	4.5085485241e-175	4.2195759040e-157	7.3221417411e-82	2.7866819520e-81	4.5085485241e-175	4.5085485241e-175	6.3556249497e-160	1.1793047972e-173	2.5268300924e-136	2.0315785554e-149	8.9015484621e-120	3.1759030233e-165	2.5890730732e-105	6.5603341385e-111	3.2242720284e-78	1.6253800158e-167	2.0284602021e-158	4.5085485241e-175	4.5085485241e-175	4.5085485241e-175	4.5085485241e-175	4.5085485241e-175	4.5085485241e-175	4.5085485241e-175	4.5085485241e-175	4.5085485241e-175	1.4058209268e-65	1.8221380945e-68	3.2885176961e-84	5.1595772274e-122	1.3642280488e-48	9.0866556456e-90	9.4909241606e-01	4.2704766700e-40	1.2362425198e-53	6.9414161836e-05	3.6310578564e-04	7.4069055479e-40	9.3766242706e-64	2.0284400430e-100	9.2517704775e-154	1.4098723311e-12	1.3793250340e-72	4.6475182591e-164	4.5085485241e-175	4.5085485241e-175	1.4493452388e-85	2.1193883296e-155	1.3991485200e-56	2.7420970264e-58	2.8188863095e-75	2.2858471160e-105	1.5579431021e-87	6.0607397313e-100	3.9873164181e-109	4.5085485241e-175	4.5085485241e-175	4.5085485241e-175	4.5085485241e-175	4.5085485241e-175	4.5085485241e-175	4.5085485241e-175	4.5085485241e-175	4.5085485241e-175	4.5085485241e-175	4.5085485241e-175	4.5085485241e-175	4.5085485241e-175	4.5085485241e-175	5.8005485192e-173	3.3936440817e-146	3.2538030838e-87	4.5085485241e-175	4.5085485241e-175	4.5085485241e-175	4.7338787003e-145	2.6541033661e-170	2.0284602021e-158	6.1470581768e-172	4.4305895936e-68	4.5085485241e-175	4.5085485241e-175	4.5085485241e-175	4.5085485241e-175	1.3237072895e-68	2.7181475487e-157	1.7157027021e-134	4.5085485241e-175	4.5085485241e-175	4.5085485241e-175	1.4787946844e-21	2.4930625348e-08	2.8909006867e-09	8.1677366371e-52	4.5085485241e-175	1.5535146418e-56	4.5085485241e-175	1.8091081409e-35	1.2320219660e-143	3.4624571770e-18	5.2183496148e-08	5.5020958785e-56	5.0117849304e-153	3.7396990721e-133	2.5804591977e-106	2.0694398005e-76	9.9867987864e-16	8.1158343143e-09	1.0501948734e-20	3.7252096363e-34	2.9959404196e-05	1.3864706937e-49	2.3762836869e-45	6.6037443445e-49	4.6249111508e-76	9.7597193572e-87	1.2412772029e-110	2.1450308740e-113	1.2565686743e-29	5.6049590458e-32	1.0093299778e-05	1.3661996300e-40	3.4869662497e-14	7.7985457805e-58	1.6094424999e-74	8.5591999561e-06	5.9409321804e-114	5.7369859261e-132	4.7743307478e-118	6.6036443687e-94	7.7402457388e-57	3.0903322646e-46	1.0883652460e-55	3.3790701904e-90	1.5537324554e-47	2.8476855274e-57	3.0129493851e-84	6.4738394311e-72	6.5210746503e-93	6.2092180306e-72	5.7768425849e-56	1.2315659013e-12	2.8994754645e-74	8.1115537652e-89	5.2921509042e-34	2.8922568743e-43	7.6028730096e-30	8.3066586350e-43	5.1567666277e-46	5.2047082257e-64	1.0265296413e-20	8.3777382593e-08	1.5802910792e-17	1.7037561241e-23	1.0774031137e-40	2.1822178142e-35	9.4334329391e-35	3.5368860636e-41	4.6485150915e-37	2.4788166836e-28	1.2518359711e-40	1.3525879489e-41	1.2108758397e-49	3.5665349706e-19	1.5802910792e-17	6.0996888407e-40	6.5351933732e-53
6.6276559600e-01	2.9229287435e+02	3.2030965896e+19	1.6423208448e+19	2.1248736444e+00	6.0889442108e-175	5.0159841194e-37	5.0353906865e-02	2.2971582425e-88	4.7374894283e-87	1.0901339746e-60	1.7326415339e-53	1.0824209395e-55	7.8636152286e-51	2.6648063515e-27	8.4029977330e-44	3.7951869011e-08	5.8241581958e-07	1.0395207728e-05	4.1076233079e-69	6.0958345667e-07	1.0856670290e-43	0.0000000000e+00	7.8400742453e-156	3.0798182119e-83	7.6405138978e-87	6.8892602478e-105	9.2771037901e-122	6.7142679183e-129	1.0314347889e-81	9.6176578521e-82	4.0699777510e-46	2.7139437031e-134	2.6499617173e-128	6.0889442108e-175	1.7726552659e-155	1.9407201043e-75	2.0447367065e-74	6.0889442108e-175	6.0889442108e-175	5.0779970513e-147	1.3413180894e-161	1.0901843243e-121	1.4225638554e-135	7.8234904193e-104	4.6488717377e-152	4.0203744771e-100	4.7528553256e-106	3.8924168977e-71	9.9102472732e-155	3.9450841525e-145	6.0889442108e-175	6.0889442108e-175	6.0889442108e-175	6.0889442108e-175	6.0889442108e-175	6.0889442108e-175	6.0889442108e-175	6.0889442108e-175	6.0889442108e-175	9.3892419762e-70	1.6861426240e-72	6.6620518565e-89	1.0367522087e-128	1.6325105356e-51	5.1079863295e-95	9.4909241606e-01	1.5194879533e-42	9.6293115283e-57	6.9414156997e-05	3.6310578787e-04	7.2196245556e-42	1.3564455911e-67	3.0295451549e-106	1.3917498705e-162	2.9839926910e-13	9.7335052299e-77	1.8264149523e-173	6.0889442108e-175	6.0889442108e-175	1.3141471929e-90	1.4437732668e-164	4.8582449265e-60	1.2923163051e-61	5.0375238861e-68	3.5093056989e-100	2.6496292887e-81	1.9458317331e-94	1.9881812563e-104	6.0889442108e-175	6.0889442108e-175	6.0889442108e-175	6.0889442108e-175	1.4267045182e-159	6.0889442108e-175	6.0889442108e-175	6.0889442108e-175	6.0889442108e-175	6.0889442108e-175	6.0889442108e-175	6.0889442108e-175	6.0889442108e-175	6.0889442108e-175	8.5563991283e-161	3.9492690331e-132	1.3643620176e-80	6.0889442108e-175	6.0889442108e-175	6.0889442108e-175	1.1512071808e-130	1.6679894336e-157	3.9450841525e-145	2.1344158728e-159	8.0863645332e-72	6.0889442108e-175	6.0889442108e-175	6.0889442108e-175	6.0889442108e-175	1.1367221281e-72	5.0819869633e-155	1.1227180423e-130	6.0889442108e-175	6.0889442108e-175	6.0889442108e-175	9.0005784513e-23	2.4930625348e-08	2.8909006867e-09	3.7840174031e-55	6.0889442108e-175	4.9891564508e-60	6.0889442108e-175	2.5143231276e-37	1.9833547317e-141	4.2178130119e-19	5.2183496151e-08	9.1756809277e-59	6.5057709980e-151	1.1600444180e-129	5.4621089686e-101	5.3075314539e-69	3.3849707941e-16	8.1158343143e-09	1.1320520561e-21	7.9886846847e-36	2.9959404196e-05	2.6692488671e-52	2.0065459920e-47	3.4361068515e-51	1.1402918387e-79	3.3579654376e-80	5.1606312304e-106	6.7557948556e-109	2.6971844155e-31	1.8711453061e-33	1.0093299778e-05	4.2791837273e-43	1.2750937065e-14	1.7416976262e-61	6.9525534367e-79	8.5591999561e-06	4.1396897773e-121	6.7142679183e-129	7.2991398777e-126	9.0508151886e-88	3.4197081352e-60	2.6668348300e-48	7.0597191127e-58	6.6354683974e-93	4.8139637787e-50	4.4123726015e-60	2.1900899122e-88	1.1665830181e-74	7.7005355512e-87	2.0525139533e-64	9.2976194735e-61	2.1756868287e-14	7.1427131326e-81	4.4367768222e-96	2.2115333394e-37	3.2448884556e-47	7.5298562376e-33	1.6908436983e-46	1.4767553511e-49	2.3432908933e-68	1.1046709433e-22	8.3778592434e-08	3.6913621204e-19	4.3220619053e-25	3.7545934444e-44	1.9441067263e-38	3.0738166942e-39	5.0999391205e-48	1.6325029603e-41	5.2960744068e-32	2.9594530308e-45	5.7598289621e-46	4.5596148052e-55	2.5968677558e-20	3.6913621204e-19	3.0508867143e-43	9.1895000612e-57
4.6122243100e-01	2.7446894087e+02	2.3738076274e+19	1.2171202581e+19	2.1248736444e+00	8.2161149920e-175	1.7796993661e-39	5.0353906865e-02	3.8353520542e-94	1.3739902808e-92	1.9302134460e-64	3.1619361250e-58	2.9583254745e-59	2.9723303692e-54	8.9858570840e-29	3.3531484459e-46	3.7951869243e-08	5.8241582798e-07	1.0395207728e-05	3.9893775979e-73	6.0958345667e-07	9.6603832568e-47	0.0000000000e+00	2.1342118755e-154	7.2357421131e-77	2.3061647645e-80	8.0760904818e-100	5.3011968110e-118	1.3730860133e-125	5.6681786875e-75	3.0729488037e-75	3.9814995947e-37	2.1787959682e-131	1.2113873250e-124	8.2161149920e-175	9.6709698151e-154	1.6295008332e-68	5.1611474011e-67	8.2161149920e-175	8.2161149920e-175	4.2859567349e-133	1.3891183251e-148	6.9209670538e-106	1.2825326335e-120	1.3109796971e-86	7.6500017031e-138	1.6277903778e-94	8.4477630005e-101	1.7420343108e-63	6.3115813842e-141	8.7118037523e-131	1.7183253535e-170	8.2161149920e-175	9.2589248267e-163	8.2161149920e-175	8.2161149920e-175	8.2161149920e-175	8.2161149920e-175	8.2161149920e-175	8.2161149920e-175	2.8678786310e-74	7.3226476486e-77	5.6335042403e-94	6.0333325768e-136	1.1336607071e-54	1.0880345990e-100	9.4909241606e-01	3.4247603548e-45	4.1680828361e-60	6.9414156911e-05	3.6310578836e-04	4.8829573714e-44	9.4537284374e-72	1.5170446200e-112	4.0641333282e-172	5.3849635653e-14	3.1052403370e-81	8.2161149920e-175	8.2161149920e-175	8.2161149920e-175	4.6431661433e-96	1.8054585931e-174	8.7237491195e-64	3.2876978073e-65	3.4476073956e-60	1.4014334030e-94	1.4031463446e-74	1.7251534227e-88	2.3139879034e-99	8.2161149920e-175	8.2161149920e-175	8.2161149920e-175	2.0015298367e-168	5.5894814009e-134	8.2161149920e-175	8.2161149920e-175	8.2161149920e-175	8.2161149920e-175	8.2161149920e-175	8.2161149920e-175	8.2161149920e-175	8.2161149920e-175	8.2161149920e-175	1.1591744661e-147	6.0118961217e-117	1.9180917602e-73	8.2161149920e-175	1.0417308550e-150	8.2161149920e-175	3.9504475695e-115	1.1212839233e-143	8.7118037523e-131	7.3938547837e-146	7.4568755699e-76	8.2161149920e-175	8.2161149920e-175	8.2161149920e-175	8.2161149920e-175	4.5536658762e-77	1.4515806551e-152	1.5070043935e-126	8.2161149920e-175	8.2161149920e-175	8.2161149920e-175	4.3694794136e-24	2.4930625348e-08	2.8909006867e-09	8.3969532127e-59	8.2161149920e-175	8.5110684038e-64	1.4078838148e-167	2.4728408641e-39	4.8390401816e-139	4.3238861749e-20	5.2183496152e-08	9.2158206227e-62	1.2286765422e-148	6.8059639557e-126	3.0902172784e-95	5.3608724611e-61	1.0658179522e-16	8.1158343144e-09	1.0341945986e-22	1.2392652791e-37	2.9959404196e-05	3.0664430061e-55	1.1398095971e-49	1.1593618702e-53	1.4320191626e-83	3.7489939239e-73	4.8843702384e-101	4.7883008663e-104	4.2306251431e-33	4.7318243948e-35	1.0093299778e-05	8.5575575593e-46	4.3561474730e-15	1.9600105450e-65	1.3340437542e-83	8.5591999561e-06	7.6180308291e-129	1.3730860133e-125	2.6063262079e-134	3.7472309498e-81	7.9597215424e-64	1.5567862743e-50	3.0450203772e-60	8.1469904789e-96	9.3366692188e-53	4.0700400109e-63	7.4542301913e-93	1.2907684807e-77	2.7840810379e-80	2.7322366166e-56	5.9250592591e-66	2.7364422891e-16	4.8948274116e-88	6.0467449734e-104	4.6870738511e-41	1.7015563550e-51	4.1856967839e-36	1.6724895697e-50	2.1162762286e-53	4.5860141213e-73	8.1607801597e-25	8.3778613918e-08	6.1906675417e-21	7.9490017638e-27	6.6978923041e-48	9.6582574226e-42	4.0922416313e-44	1.8696848160e-55	2.4067597141e-46	5.6078358629e-36	2.8631079536e-50	1.0051890173e-50	5.9790088720e-61	1.5304034276e-21	6.1906675417e-21	7.8742028078e-47	6.0749874803e-61
3.2096737200e-01	2.5810015638e+02	1.7566338339e+19	9.0071811163e+18	2.1238495167e+00	1.1102252604e-174	5.0172236768e-42	5.0352398337e-02	3.7293859165e-100	2.3769502862e-98	1.1102252604e-174	3.6410973102e-63	5.8157319923e-63	8.1628247739e-58	2.6469232654e-30	1.0683213152e-48	3.7950732336e-08	5.8239838259e-07	1.0394896303e-05	2.6674657439e-77	6.0956519446e-07	6.3885366458e-50	0.0000000000e+00	6.5903958994e-153	3.0366750244e-70	1.2581481796e-73	1.5012861094e-94	4.2692542792e-114	3.7961393186e-122	5.7657950191e-68	1.7858559791e-68	8.9009074017e-28	2.2629025093e-128	7.6986647237e-121	1.1102252604e-174	6.1418030586e-152	2.5666716331e-61	2.5563420912e-59	1.1102252604e-174	1.1102252604e-174	1.2983586573e-118	4.7456523038e-135	1.8750998543e-89	4.5820575683e-105	1.0743238864e-68	4.6390793052e-123	1.1054452245e-88	2.4354625314e-95	1.5768581519e-55	1.4309322336e-126	7.1847211640e-116	3.2041546580e-158	1.1102252604e-174	5.0087604632e-150	1.1102252604e-174	1.1102252604e-174	1.1102252604e-174	1.1102252604e-174	1.1102252604e-174	1.1102252604e-174	5.7565552314e-79	2.1190371182e-81	2.9819455671e-99	1.8021909435e-143	5.8717478582e-58	1.3709077423e-106	9.4909394118e-01	6.0412988658e-48	1.3175892517e-63	6.9412077365e-05	3.6309491034e-04	2.7100759178e-46	4.4642897582e-76	4.2277104032e-119	1.1102252604e-174	9.0038799437e-15	6.5059977692e-86	1.1102252604e-174	1.1102252604e-174	1.1102252604e-174	9.8739124468e-102	1.1102252604e-174	1.1037004179e-67	6.0008727149e-69	4.8595402147e-52	9.3687886859e-89	1.3737103330e-67	2.6459026244e-82	4.2714036315e-94	1.1102252604e-174	7.2337956811e-154	3.2309150199e-151	3.3692604716e-144	2.3253459879e-107	1.1102252604e-174	1.1102252604e-174	1.1102252604e-174	1.1102252604e-174	1.1102252604e-174	1.1102252604e-174	4.7460327615e-162	1.1102252604e-174	4.8026082374e-146	5.2454139375e-134	3.6905857182e-101	5.1925075961e-66	1.1102252604e-174	1.9830365925e-125	8.1616663062e-163	5.6642445104e-99	2.7079377095e-129	7.1847211640e-116	8.8867574292e-132	4.7476766811e-80	1.1102252604e-174	1.1102252604e-174	1.1102252604e-174	4.7498781736e-160	1.2115190668e-81	5.1997984274e-150	2.9733762318e-122	1.1102252604e-174	1.1102252604e-174	2.1352301487e-152	1.8734769391e-25	2.4929878464e-08	2.8908140796e-09	1.1455425467e-62	1.1102252604e-174	1.0409649536e-67	5.9992474156e-155	2.0243589365e-41	1.4906759817e-136	4.0528491746e-21	5.2181932812e-08	7.0299211370e-65	2.8474819787e-146	5.6377281647e-122	2.9724971066e-89	1.1318940510e-52	3.2206538531e-17	8.1155911761e-09	8.6241204767e-24	1.1102252604e-174	1.3851447616e-111	1.2357373492e-164	2.4260669073e-158	1.1102252604e-174	1.1102252604e-174	3.6820450259e-172	1.1102252604e-174	1.1102252604e-174	2.5950959736e-141	1.1102252604e-174	1.0092997398e-05	1.3385026720e-48	1.4324515918e-15	1.5094533790e-69	1.6388038743e-88	8.5589435352e-06	6.8250146914e-137	3.7961393186e-122	4.2629311318e-143	1.1102252604e-174	6.0949349364e-174	1.1102252604e-174	1.1102252604e-174	1.1102252604e-174	6.5057923876e-162	1.3150685328e-172	1.1102252604e-174	1.1102252604e-174	1.1102252604e-174	3.5615265761e-154	2.2811688499e-71	2.8416671390e-18	1.6710865498e-95	3.8837579744e-112	6.8825420526e-45	5.8911107854e-56	1.6931093965e-39	1.1186057502e-54	2.0850307188e-57	5.7313012375e-78	4.8844162450e-27	8.3776104306e-08	8.6672780136e-23	1.2283646408e-28	8.2894882304e-52	3.4804594468e-45	3.3382916528e-49	3.2350803088e-63	2.1975984626e-51	4.0116527442e-40	1.6851965613e-55	1.0829999282e-55	4.3985651601e-67	8.0305059040e-23	8.6672780136e-23	1.4227358008e-50	2.6820172479e-65
2.2336306000e-01	2.4363225850e+02	1.2950459680e+19	6.6403785255e+18	2.1238495167e+00	1.5059382476e-174	1.4553963972e-44	5.0352398337e-02	3.9030181928e-106	4.3898076944e-104	1.5059382476e-174	4.4102415056e-68	1.1846725670e-66	2.3140484522e-61	7.9205156339e-32	3.5006621044e-51	3.7950732359e-08	5.8239838355e-07	1.0394896303e-05	1.8658236031e-81	6.0956519446e-07	4.3022987631e-53	0.0000000000e+00	2.0091951785e-151	1.2040993574e-63	6.4869935470e-67	2.6549936792e-89	3.2997168636e-110	1.0114633354e-118	5.4489093912e-61	9.6308399679e-62	1.7859971754e-18	2.3112060590e-125	4.7831335479e-117	1.5059382476e-174	3.9162419283e-150	3.7920725040e-54	1.1824646776e-51	1.5059382476e-174	3.0023832342e-172	3.3942309629e-104	1.4015832804e-121	4.2400032588e-73	1.3729803378e-89	7.1699336540e-51	2.3843556656e-108	7.0393892761e-83	6.6028940497e-90	1.3000646483e-47	2.7904722356e-112	5.0971754227e-101	5.3085441643e-146	1.5059382476e-174	2.4459154988e-137	7.3387773382e-171	1.5059382476e-174	7.9675073510e-171	1.5059382476e-174	1.5059382476e-174	1.5059382476e-174	1.2237329011e-83	6.4826664940e-86	1.6846209658e-104	5.8756973367e-151	3.1578638367e-61	1.8394542270e-112	9.4909394118e-01	1.1018781862e-50	4.3573385798e-67	6.9412077365e-05	3.6309491036e-04	1.5404395330e-48	2.2358949189e-80	1.2777515825e-125	1.5059382476e-174	1.5512693989e-15	1.4610080023e-90	1.5059382476e-174	1.5059382476e-174	1.5059382476e-174	2.2416424050e-107	1.5059382476e-174	1.4764099457e-71	1.1435207896e-72	6.2328146303e-44	5.8661252577e-83	1.2498669178e-60	3.7899234317e-76	7.5038047173e-89	1.5059382476e-174	1.3639218349e-130	1.0673803000e-127	4.3189759573e-120	7.1526822246e-81	1.5059382476e-174	1.5059382476e-174	1.5059382476e-174	1.5059382476e-174	1.5059382476e-174	1.9132913533e-147	4.8209949728e-128	3.5016486216e-150	6.9026434151e-111	2.0828009679e-120	1.9317966860e-85	1.3022206126e-58	1.4455583020e-160	2.8576152928e-100	1.2578102693e-150	6.8174353021e-83	5.5760897922e-115	5.0971754227e-101	9.2001384995e-118	3.1531802880e-84	7.2658528738e-170	1.5059382476e-174	1.5059382476e-174	4.5000962778e-137	3.4085843771e-86	1.8028326361e-147	5.5641439801e-118	1.5059382476e-174	1.5059382476e-174	4.7691441366e-129	8.1208058206e-27	2.4929878464e-08	2.8908140796e-09	1.4994306760e-66	7.0804638778e-172	1.3511771173e-71	2.2829215248e-142	1.7067367476e-43	4.5414291790e-134	3.8703707971e-22	5.2181932812e-08	5.5339889712e-68	6.4649608736e-144	4.4836188276e-118	2.6776899645e-83	2.1695354928e-44	9.7552098295e-18	8.1155911761e-09	7.2452166451e-25	1.5059382476e-174	1.4417888202e-107	1.1666790545e-163	1.2031782686e-156	1.5059382476e-174	1.5059382476e-174	7.6427015050e-161	1.5059382476e-174	1.5059382476e-174	3.6736291588e-139	1.5059382476e-174	1.0092997398e-05	2.1424918814e-51	4.7187567254e-16	1.1948676565e-73	2.0930017741e-93	8.5589435352e-06	6.6715335523e-145	1.0114633354e-118	7.7520747841e-152	1.5059382476e-174	1.1090856315e-173	1.5059382476e-174	1.5059382476e-174	1.5059382476e-174	1.0545922596e-160	9.9546775697e-172	1.5059382476e-174	1.5059382476e-174	5.4392348632e-169	9.4933820793e-142	9.2694982255e-77	2.9690571033e-20	6.1345150718e-103	2.7234907062e-120	1.0558557184e-48	2.1257042509e-60	7.0292298953e-43	7.8211857383e-59	2.1468952941e-61	7.5900551586e-83	2.9534118560e-29	8.3776104309e-08	1.2362551465e-24	1.9373411015e-30	1.0637783403e-55	1.2889454297e-48	2.8506223862e-54	5.9828145170e-71	2.0808190135e-56	2.9276946338e-44	1.0220897708e-60	1.2350777384e-60	3.4108595933e-73	4.2575030177e-24	1.2362551465e-24	2.6883607163e-54	1.2538533985e-69
1.5543965200e-01	2.3132775183e+02	9.4916716054e+18	4.8668768271e+18	2.1238495356e+00	2.0547057909e-174	5.7571354366e-47	5.0352398454e-02	8.5746689867e-112	1.6312754744e-109	2.0547057909e-174	9.8082838406e-73	3.7239467993e-70	9.9370168263e-65	2.8379550588e-33	1.5544005526e-53	3.7950732454e-08	5.8239838522e-07	1.0394896327e-05	2.1537413030e-85	6.0956519588e-07	4.1670999755e-56	0.0000000000e+00	5.1962671697e-150	2.2493327531e-57	1.5561787028e-60	2.5575770281e-84	1.6102490081e-106	1.7962904098e-115	2.2567703704e-54	2.3156200124e-55	1.1630049334e-09	1.7180781882e-122	1.9746382652e-113	2.0547057909e-174	2.1273411127e-148	2.4648340592e-47	2.2702500354e-44	2.0547057909e-174	2.4536698536e-162	1.6188973170e-90	8.3193052604e-109	1.3529843004e-57	6.3624299169e-75	5.5368563091e-34	2.0964224290e-94	2.2310590132e-77	9.2995386942e-85	4.0974898525e-40	9.9540908683e-99	6.2742922907e-87	2.1090467454e-134	2.0547057909e-174	2.8283937101e-125	1.1141772225e-160	2.0547057909e-174	1.1391161816e-150	2.0547057909e-174	2.0547057909e-174	2.0547057909e-174	4.6295523686e-88	3.4632858918e-90	1.8145673524e-109	4.7530642174e-158	2.5279674332e-64	4.9880607645e-118	9.4909394106e-01	2.8128917402e-53	2.2277135915e-70	6.9412077527e-05	3.6309491120e-04	1.1416476399e-50	1.9319152272e-84	8.6515286623e-132	2.0547057909e-174	3.0826688201e-16	5.9809111553e-95	2.0547057909e-174	2.0547057909e-174	2.0547057909e-174	1.0138763973e-112	2.0547057909e-174	3.2433617499e-75	3.4221393689e-76	2.9897142356e-36	1.8278764301e-77	4.9939248968e-54	2.5907583985e-70	7.1847358426e-84	4.1304695159e-170	1.6078832446e-108	2.1139906165e-105	3.0180692704e-97	8.9413771940e-56	2.0547057909e-174	2.0547057909e-174	2.0547057909e-174	1.3548821041e-149	1.7977994007e-159	1.7172462569e-116	8.2087356323e-96	4.6678478132e-119	1.4177172064e-77	1.6876150942e-107	1.5839561355e-70	1.3625991911e-51	3.1142164930e-140	2.0083329948e-76	4.5248406207e-139	1.1986937960e-67	2.0440077481e-101	6.2742922907e-87	1.7973798007e-104	3.4260050265e-88	5.4686783676e-150	2.0547057909e-174	2.1091589396e-169	2.8355812905e-115	1.6818083725e-90	4.5652795786e-145	6.1323183601e-114	2.2829007024e-153	2.0547057909e-174	6.6083412722e-107	4.1249055715e-28	2.4929878522e-08	2.8908140864e-09	3.3574588848e-70	7.3559954491e-162	2.8455637240e-75	1.9950022004e-130	1.8667225916e-45	1.0456318463e-131	4.2326629966e-23	5.2181932933e-08	6.2800963219e-71	1.1243736606e-141	2.2485639122e-114	1.1796784921e-77	1.5228240201e-36	3.1066076513e-18	8.1155911950e-09	6.8309120796e-26	2.0547057909e-174	9.3311655961e-104	1.0046557953e-162	5.0057337375e-155	2.0547057909e-174	2.0547057909e-174	4.2793765450e-150	2.0547057909e-174	2.0547057909e-174	4.0839217225e-137	2.0547057909e-174	1.0092997421e-05	4.7079888429e-54	1.6270284872e-16	1.5176820211e-77	4.7212056416e-98	8.5589435551e-06	1.7143493334e-152	1.7962904098e-115	4.1124970231e-160	2.0547057909e-174	2.0319395089e-173	2.0547057909e-174	2.0547057909e-174	2.0547057909e-174	1.4978560581e-159	6.8839898265e-171	2.0547057909e-174	2.0547057909e-174	9.5705505757e-159	5.6852380650e-130	7.3055378779e-82	3.8791922787e-22	5.6040700381e-110	5.2064130819e-128	2.6456492989e-52	1.3156444421e-64	4.3627414917e-46	9.1900614764e-63	3.6453412815e-65	1.8479813956e-87	2.2988077055e-31	8.3776104504e-08	2.2320446045e-26	3.8538944836e-32	2.1946853945e-59	7.1797919212e-52	4.5719988416e-59	2.8872512255e-78	3.5908626535e-61	3.4262761822e-48	1.1381681510e-65	2.6804937735e-65	5.5519825476e-79	2.6184195498e-25	2.2320446045e-26	8.2191617573e-58	1.0238670334e-73
1.0817135800e-01	2.2124445357e+02	8.6044591598e+18	3.5412465694e+18	3.7147883207e+00	2.8238643664e-174	3.9636972749e-49	6.0206516372e-02	8.6715188321e-117	2.5827622476e-114	2.8238643664e-174	3.7358707435e-77	2.5442578187e-73	7.4369064068e-68	1.3935213991e-34	1.4351289281e-55	4.5377807938e-08	6.9637554698e-07	1.2429209624e-05	7.3841180755e-89	7.2885898622e-07	6.4622530590e-59	0.0000000000e+00	9.9123304561e-149	1.2900418497e-51	1.3523420593e-54	9.8401554971e-80	3.3883280718e-103	1.5179401839e-112	2.5181919940e-48	1.2771525532e-49	9.7851544250e-02	8.6374550715e-120	5.6395630350e-110	2.8238643664e-174	1.2532416010e-146	4.3515716087e-41	1.2869077505e-37	2.8238643664e-174	2.1889921418e-153	3.5192330086e-78	2.6848786429e-97	1.2373783641e-43	9.9510313006e-62	8.5305139696e-19	9.0560460529e-82	2.3899565198e-72	4.7879310651e-80	2.7106954838e-33	1.9615903403e-86	3.8797437214e-74	7.5654478037e-124	2.8238643664e-174	3.4832484240e-114	2.1612400430e-151	2.8238643664e-174	2.6661804966e-132	2.8238643664e-174	3.7775021265e-155	2.8238643664e-174	5.9593416786e-92	7.3533404799e-94	1.0984559082e-113	4.2077675993e-164	4.9798560854e-67	7.0035922384e-123	9.3913147009e-01	1.5789618213e-55	3.6304987117e-73	8.2996233913e-05	4.3415369214e-04	1.9743310609e-52	6.4956185485e-88	4.4212188974e-137	2.8238643664e-174	1.1495886503e-16	1.2715204222e-98	2.8238643664e-174	2.8238643664e-174	2.8238643664e-174	2.3169848461e-117	2.8238643664e-174	2.5329652293e-78	3.3530522455e-79	2.8904714777e-29	1.9268741092e-72	5.3949060495e-48	5.5504255063e-65	2.7496234543e-79	3.4371828157e-153	1.2418283104e-88	2.5402390385e-85	1.0748069907e-76	3.3445639817e-33	2.8238643664e-174	1.2317453612e-157	2.8238643664e-174	2.3495805848e-123	1.2438912274e-133	1.3008269564e-88	8.4096457169e-67	4.6877469814e-91	1.3068089409e-47	9.2056137750e-96	5.4219763039e-57	4.2415754873e-45	6.6834389197e-122	5.8895557280e-55	1.4045165447e-128	7.7496764780e-54	3.9251258908e-89	3.8797437214e-74	2.0552066988e-92	1.3112056721e-91	5.9350782874e-132	2.8238643664e-174	3.1599644732e-152	1.5840109371e-95	3.3235099023e-94	9.4659867157e-143	3.7359615949e-110	1.6168346047e-110	1.3808605646e-165	5.9091815155e-87	2.7696962179e-29	2.9808732698e-08	3.4565553260e-09	1.7951061285e-73	6.6345471067e-153	1.4050366208e-78	1.1869738939e-119	3.9022634790e-47	1.1711402954e-129	7.0613013206e-24	6.2394098276e-08	1.9964669643e-73	1.4475930074e-139	5.8604407761e-111	1.7012903956e-72	2.0750610773e-29	1.2910024717e-18	9.7038374418e-09	9.4625506359e-27	2.8238643664e-174	2.5330619527e-100	8.8051914246e-162	2.1979245926e-153	2.8238643664e-174	2.8238643664e-174	2.6850415236e-140	2.8238643664e-174	2.8238643664e-174	2.9073053277e-135	2.8238643664e-174	1.2068228170e-05	1.8144200048e-56	7.2633466957e-17	4.5473445471e-81	3.6004764428e-102	1.0233955227e-05	3.0485347857e-159	1.5179401839e-112	1.8142115166e-167	2.8238643664e-174	4.5277697732e-173	2.8238643664e-174	2.8238643664e-174	2.8238643664e-174	2.0102565643e-158	5.8427816898e-170	2.8238643664e-174	2.8238643664e-174	1.6178024826e-149	2.2592623742e-119	1.0903296889e-86	4.3131427044e-24	1.0500981807e-116	2.8879213951e-135	9.2001258440e-56	1.2305657360e-68	3.1852866981e-49	1.9011818470e-66	1.2709547333e-68	1.3532444226e-91	1.9364406126e-33	1.0017134674e-07	5.1153311826e-28	1.1660043684e-33	7.3514017029e-63	5.7451316650e-55	7.5004518954e-64	8.4395544740e-86	5.9814169050e-66	3.0547181916e-52	1.2420480776e-70	6.0939830066e-70	1.1274816308e-84	2.0896083669e-26	5.1153311826e-28	4.1360033133e-61	1.8986649824e-77
7.5277076700e-02	2.1325791888e+02	8.3604797452e+20	2.5566651736e+18	1.8915757442e+03	3.9113451785e-174	9.9999994040e-01	1.0000000000e+00	3.9113451785e-174	3.9113451785e-174	3.9113451785e-174	3.9113451785e-174	2.6389080645e-71	7.7043753963e-51	4.1057461319e-07	3.9113451785e-174	2.7255142217e-45	1.0728685558e-44	7.1702299501e-32	4.6050445017e-140	1.0000000000e+00	1.2156039214e-03	0.0000000000e+00	2.2672884437e-97	1.7365091150e-49	4.9711663051e-108	2.9691942349e-81	1.0000000000e+00	1.5528602873e-09	1.0000000000e+00	1.0000000000e+00	1.0000000000e+00	1.5952915429e-170	3.9113451785e-174	3.9113451785e-174	3.9113451785e-174	2.0412999374e-91	3.1411188135e-143	3.9113451785e-174	1.9461596627e-95	1.0000000000e+00	1.0000000000e+00	1.0000000000e+00	1.0000000000e+00	1.0000000000e+00	1.0000000000e+00	1.0000000000e+00	1.0000000000e+00	1.0000000000e+00	1.0000000000e+00	2.2615454553e-18	3.0703391043e-120	3.9113451785e-174	3.9113451785e-174	3.9113451785e-174	3.9113451785e-174	3.9113451785e-174	3.9113451785e-174	2.1929963676e-33	3.9113451785e-174	4.1207492887e-98	1.4927669365e-155	3.9113451785e-174	3.9113451785e-174	8.1964678403e-75	3.9113451785e-174	1.0000000000e+00	4.8176446943e-10	3.1990529290e-81	1.0000000000e+00	1.0000000000e+00	1.0000000000e+00	3.9113451785e-174	3.9113451785e-174	3.9113451785e-174	3.6398734177e-123	3.9113451785e-174	3.9113451785e-174	3.9113451785e-174	3.9113451785e-174	3.9113451785e-174	3.9113451785e-174	6.8946595615e-137	3.2858203995e-37	1.0000000000e+00	1.0000000000e+00	1.0000000000e+00	1.0000000000e+00	6.2242948693e-28	3.6900198977e-38	1.0000000000e+00	1.0000000000e+00	1.0000000000e+00	1.0000000000e+00	3.8285115353e-160	5.7883735288e-36	2.4322316631e-08	1.0000000000e+00	1.0000000000e+00	1.0000000000e+00	1.0000000000e+00	1.0000000000e+00	1.0000000000e+00	2.9195855853e-38	1.0000000000e+00	1.0000000000e+00	1.0000000000e+00	1.0000000000e+00	1.4885256672e-24	1.0000000000e+00	1.0000000000e+00	2.2615454553e-18	1.0000000000e+00	1.7370853543e-105	2.8194152140e-119	1.2138072978e-171	4.7099068037e-90	1.0000000000e+00	4.7800786603e-103	1.8190731659e-101	2.2578027776e-17	1.0000000000e+00	1.0000000000e+00	1.0000000000e+00	2.6106099280e-66	6.3760472866e-100	3.0199543381e-36	3.5407241438e-06	1.6568172718e-125	8.5854797209e-115	8.4585759023e-82	4.6212174900e-73	3.4183246917e-108	2.3180867658e-141	1.9129762401e-74	3.9113451785e-174	3.9113451785e-174	3.9113451785e-174	2.0827132774e-84	1.0000000000e+00	5.3900412939e-06	1.1526357684e-06	1.4763593961e-03	3.9113451785e-174	1.0000000000e+00	3.9113451785e-174	3.9113451785e-174	3.9113451785e-174	3.9113451785e-174	3.9113451785e-174	1.1717888345e-169	4.6809946762e-123	2.0630061066e-83	3.9113451785e-174	1.4621403996e-56	1.4334814998e-03	8.2716489076e-05	3.9794566859e-82	1.8599679885e-159	2.1331141655e-59	3.9113451785e-174	1.5528602873e-09	3.9113451785e-174	3.9113451785e-174	3.9113451785e-174	3.9113451785e-174	3.9113451785e-174	3.9113451785e-174	6.4929367465e-163	3.9113451785e-174	3.9113451785e-174	3.9113451785e-174	1.0000000000e+00	1.0000000000e+00	3.9113451785e-174	1.0000000000e+00	3.9113451785e-174	3.9113451785e-174	3.9113451785e-174	4.8015862191e-115	1.2508375750e-44	3.9113451785e-174	3.9113451785e-174	3.9113451785e-174	2.0443027929e-33	5.2260201980e-173	3.9113451785e-174	3.9113451785e-174	1.6394996942e-164	4.6620425189e-106	3.9113451785e-174	3.9113451785e-174	5.6687397590e-156	3.6306585125e-41	1.4073420590e-110	3.9113451785e-174	3.9113451785e-174	5.5726566497e-137	3.9113451785e-174	3.9113451785e-174	3.9113451785e-174
5.2385755400e-02	2.0711705947e+02	6.1316552267e+20	1.8319499999e+18	1.9475561046e+03	5.4586642651e-174	9.9999994040e-01	1.0000000000e+00	5.4586642651e-174	5.4586642651e-174	5.4586642651e-174	5.4586642651e-174	2.6522530850e-73	1.6232703987e-52	4.2034950302e-07	5.4586642651e-174	1.9567176726e-46	7.3235023716e-46	1.1177985033e-32	4.9642002654e-144	1.0000000000e+00	1.2445448107e-03	0.0000000000e+00	6.0865786937e-95	2.8179391687e-40	3.2979977052e-95	5.2169344248e-73	1.0000000000e+00	1.8167301156e-04	1.0000000000e+00	1.0000000000e+00	1.0000000000e+00	6.0023430960e-165	5.4586642651e-174	5.4586642651e-174	5.4586642651e-174	1.7774151580e-83	1.8980460389e-131	5.4586642651e-174	1.3498183783e-87	1.0000000000e+00	1.0000000000e+00	1.0000000000e+00	1.0000000000e+00	1.0000000000e+00	1.0000000000e+00	1.0000000000e+00	1.0000000000e+00	1.0000000000e+00	1.0000000000e+00	7.3585866785e-03	8.7961129968e-108	5.4586642651e-174	5.4586642651e-174	5.4586642651e-174	5.4586642651e-174	5.4586642651e-174	5.4586642651e-174	6.4887888483e-13	5.4586642651e-174	1.0406838990e-95	1.6351023465e-149	5.4586642651e-174	5.4586642651e-174	1.0341755476e-71	5.4586642651e-174	1.0000000000e+00	5.2439839496e-05	6.0780776237e-73	1.0000000000e+00	1.0000000000e+00	1.0000000000e+00	5.4586642651e-174	5.4586642651e-174	5.4586642651e-174	3.5513357568e-116	5.4586642651e-174	5.4586642651e-174	5.4586642651e-174	5.4586642651e-174	5.4586642651e-174	5.4586642651e-174	2.5990886658e-130	1.3088062205e-27	1.0000000000e+00	1.0000000000e+00	1.0000000000e+00	1.0000000000e+00	4.4867647235e-18	3.2171069714e-23	1.0000000000e+00	1.0000000000e+00	1.0000000000e+00	1.0000000000e+00	1.7410276791e-143	1.4396971408e-15	1.0000000000e+00	1.0000000000e+00	1.0000000000e+00	1.0000000000e+00	1.0000000000e+00	1.0000000000e+00	1.0000000000e+00	2.3525264142e-23	1.0000000000e+00	1.0000000000e+00	1.0000000000e+00	1.0000000000e+00	3.4573782147e-09	1.0000000000e+00	1.0000000000e+00	7.3585866785e-03	1.0000000000e+00	6.3104861294e-98	2.1059632027e-101	1.0404466511e-160	2.6067789915e-71	1.0000000000e+00	2.0493489186e-95	2.2009076244e-88	8.9178045347e-02	1.0000000000e+00	1.0000000000e+00	1.0000000000e+00	4.0039956012e-63	2.2764663614e-92	8.9583574518e-32	3.6250210958e-06	1.1799476490e-118	5.7090042505e-113	2.9328049191e-73	1.0846551707e-69	3.2713830825e-106	2.5013283591e-140	2.4829884209e-71	5.4586642651e-174	5.4586642651e-174	3.8949576870e-169	3.1219650269e-76	1.0000000000e+00	5.5183664708e-06	1.1800775227e-06	1.5115083068e-03	5.4586642651e-174	1.0000000000e+00	5.4586642651e-174	5.4586642651e-174	5.4586642651e-174	5.4586642651e-174	5.4586642651e-174	4.7124958541e-164	4.5952492316e-116	1.4040927123e-80	4.1050728644e-171	8.7051237822e-53	1.4676095810e-03	8.4685789034e-05	3.8919784906e-79	2.1148729076e-153	2.2244912821e-50	5.4586642651e-174	1.8167301156e-04	5.4586642651e-174	5.4586642651e-174	5.4586642651e-174	5.4586642651e-174	5.4586642651e-174	5.4586642651e-174	4.1444493848e-157	5.4586642651e-174	5.4586642651e-174	5.4586642651e-174	1.0000000000e+00	1.0000000000e+00	5.4586642651e-174	1.0000000000e+00	5.4586642651e-174	5.4586642651e-174	5.4586642651e-174	3.7941195927e-113	1.2652556390e-40	5.4586642651e-174	5.4586642651e-174	5.4586642651e-174	1.0622331641e-23	2.5509625799e-151	2.9323859679e-173	5.4586642651e-174	9.7122540612e-159	1.5328534760e-98	5.4586642651e-174	5.4586642651e-174	6.5277967608e-150	1.2326209622e-31	3.6024790606e-103	5.4586642651e-174	5.4586642651e-174	1.3200777401e-119	2.9323859679e-173	5.4586642651e-174	5.4586642651e-174
3.6455551700e-02	2.0251034459e+02	4.9076888773e+20	1.3038653354e+18	2.2534078676e+03	7.6695036894e-174	9.9999994040e-01	1.0000000000e+00	7.6695036894e-174	7.6695036894e-174	7.6695036894e-174	7.6695036894e-174	8.2993656417e-75	6.5394672962e-54	4.6975182130e-07	7.6695036894e-174	2.8937692865e-47	1.0407748082e-46	3.0502969517e-33	4.3187478344e-147	1.0000000000e+00	1.3908121392e-03	0.0000000000e+00	5.0468219083e-93	5.3148531534e-33	4.4324834750e-85	1.6992159954e-66	1.0000000000e+00	1.0000000000e+00	1.0000000000e+00	1.0000000000e+00	1.0000000000e+00	1.6446421153e-160	7.6695036894e-174	7.6695036894e-174	7.6695036894e-174	3.5919404376e-77	4.1507587114e-122	7.6695036894e-174	2.1107037023e-81	1.0000000000e+00	1.0000000000e+00	1.0000000000e+00	1.0000000000e+00	1.0000000000e+00	1.0000000000e+00	1.0000000000e+00	1.0000000000e+00	1.0000000000e+00	1.0000000000e+00	1.0000000000e+00	6.0913522346e-98	7.6695036894e-174	7.6695036894e-174	7.6695036894e-174	7.6695036894e-174	7.6695036894e-174	7.6695036894e-174	1.0000000000e+00	7.6695036894e-174	8.2227036711e-94	9.6444535956e-145	7.6695036894e-174	7.6695036894e-174	2.9118936589e-69	7.6695036894e-174	1.0000000000e+00	4.6237248158e-01	1.9488917874e-66	1.0000000000e+00	1.0000000000e+00	1.0000000000e+00	7.6695036894e-174	7.6695036894e-174	7.6695036894e-174	1.2736467208e-110	7.6695036894e-174	7.6695036894e-174	7.6695036894e-174	7.6695036894e-174	7.6695036894e-174	7.6695036894e-174	4.0704620246e-125	4.2977970132e-20	1.0000000000e+00	1.0000000000e+00	1.0000000000e+00	1.0000000000e+00	2.5435938098e-10	1.8872841489e-11	1.0000000000e+00	1.0000000000e+00	1.0000000000e+00	1.0000000000e+00	2.5102075087e-130	1.0000000000e+00	1.0000000000e+00	1.0000000000e+00	1.0000000000e+00	1.0000000000e+00	1.0000000000e+00	1.0000000000e+00	1.0000000000e+00	1.2977181943e-11	1.0000000000e+00	1.0000000000e+00	1.0000000000e+00	1.0000000000e+00	1.0000000000e+00	1.0000000000e+00	1.0000000000e+00	1.0000000000e+00	1.0000000000e+00	5.4769299952e-92	2.7702709566e-87	4.5066043769e-152	1.5435621096e-56	1.0000000000e+00	2.0270681971e-89	4.0727709990e-78	1.0000000000e+00	1.0000000000e+00	1.0000000000e+00	1.0000000000e+00	1.1178007312e-60	1.7897996819e-86	3.3498647108e-28	4.0510581070e-06	2.6045497822e-113	1.3400246423e-111	1.7976120412e-66	5.4709481638e-67	1.0245808334e-104	1.7697611767e-139	7.1495269014e-69	7.6695036894e-174	7.6695036894e-174	8.1288318860e-165	8.3037831601e-70	1.0000000000e+00	6.1669222436e-06	1.3187682192e-06	1.6891509921e-03	7.6695036894e-174	1.0000000000e+00	7.6695036894e-174	7.6695036894e-174	7.6695036894e-174	7.6695036894e-174	7.5831693446e-169	1.3609796390e-159	1.5329120429e-110	2.4284618983e-78	7.4049770097e-167	9.8904063731e-50	1.6400929909e-03	9.4638636066e-05	9.8268473761e-77	1.4096540779e-148	3.2493697296e-43	7.6695036894e-174	1.0000000000e+00	7.6695036894e-174	7.6695036894e-174	7.6695036894e-174	7.6695036894e-174	7.6695036894e-174	7.6695036894e-174	1.5956536881e-152	7.6695036894e-174	7.6695036894e-174	7.6695036894e-174	1.0000000000e+00	1.0000000000e+00	7.6695036894e-174	1.0000000000e+00	7.6695036894e-174	7.6695036894e-174	7.6695036894e-174	1.1969660545e-111	1.7071703252e-37	7.6695036894e-174	7.6695036894e-174	7.6695036894e-174	4.3027881600e-16	2.9671260982e-134	6.3446559941e-165	7.6695036894e-174	3.5245342845e-154	1.2293288245e-92	7.6695036894e-174	7.6695036894e-174	3.7068656002e-145	3.3033018745e-24	2.1931035346e-97	7.6695036894e-174	7.6695036894e-174	6.0034942495e-106	6.3446559941e-165	7.6695036894e-174	7.6695036894e-174
2.5369630400e-02	1.9912177619e+02	3.4896352625e+20	9.2280865599e+17	2.2631519828e+03	1.0836482661e-173	9.9999994040e-01	1.0000000000e+00	1.0836482661e-173	1.0836482661e-173	1.0836482661e-173	1.0836482661e-173	5.8860074302e-76	4.4333881020e-55	4.7151796912e-07	1.0836482661e-173	6.7340559598e-48	2.3493058331e-47	1.1342624025e-33	1.9755882928e-149	1.0000000000e+00	1.3960412404e-03	0.0000000000e+00	1.4822195707e-91	1.9580589019e-27	2.4864017962e-77	1.6330947842e-61	1.0000000000e+00	1.0000000000e+00	1.0000000000e+00	1.0000000000e+00	1.0000000000e+00	4.4512214532e-157	1.0836482661e-173	1.0836482661e-173	1.0836482661e-173	2.6107291814e-72	6.3228968192e-115	1.0836482661e-173	1.1574117988e-76	1.0000000000e+00	1.0000000000e+00	1.0000000000e+00	1.0000000000e+00	1.0000000000e+00	1.0000000000e+00	1.0000000000e+00	1.0000000000e+00	1.0000000000e+00	1.0000000000e+00	1.0000000000e+00	2.0576727674e-90	1.0836482661e-173	1.0836482661e-173	1.0836482661e-173	1.0836482661e-173	1.0836482661e-173	1.0836482661e-173	1.0000000000e+00	1.0836482661e-173	2.3274680724e-92	4.3067231029e-141	1.0836482661e-173	1.0836482661e-173	2.1791374232e-67	1.0836482661e-173	1.0000000000e+00	1.0000000000e+00	1.6983442494e-61	1.0000000000e+00	1.0000000000e+00	1.0000000000e+00	1.0836482661e-173	1.0836482661e-173	1.0836482661e-173	2.4661046815e-106	1.0836482661e-173	1.0836482661e-173	1.0836482661e-173	1.0836482661e-173	1.0836482661e-173	1.0836482661e-173	3.8372675548e-121	2.0380363553e-14	1.0000000000e+00	1.0000000000e+00	1.0000000000e+00	1.0000000000e+00	1.9960164834e-04	1.7464594449e-02	1.0000000000e+00	1.0000000000e+00	1.0000000000e+00	1.0000000000e+00	2.9333444702e-120	1.0000000000e+00	1.0000000000e+00	1.0000000000e+00	1.0000000000e+00	1.0000000000e+00	1.0000000000e+00	1.0000000000e+00	1.0000000000e+00	1.1461129241e-02	1.0000000000e+00	1.0000000000e+00	1.0000000000e+00	1.0000000000e+00	1.0000000000e+00	1.0000000000e+00	1.0000000000e+00	1.0000000000e+00	1.0000000000e+00	1.7561931956e-87	1.7569684131e-76	1.8263353034e-145	2.8396034173e-45	1.0000000000e+00	7.1831994414e-85	2.4573616350e-70	1.0000000000e+00	1.0000000000e+00	1.0000000000e+00	1.0000000000e+00	6.5759482206e-59	4.5884404708e-82	1.6714065372e-25	4.0662890590e-06	2.5311544630e-109	1.1878878735e-110	2.5877691501e-61	5.8969067393e-65	1.1330795331e-103	8.6174043235e-139	5.4428775781e-67	1.0836482661e-173	1.0836482661e-173	1.6395310868e-161	6.2732402817e-65	1.0000000000e+00	6.1901083086e-06	1.3237264536e-06	1.6955017718e-03	1.0836482661e-173	1.0000000000e+00	1.0836482661e-173	1.0836482661e-173	1.0836482661e-173	1.0836482661e-173	1.7996702106e-162	3.8348077212e-156	2.5772374072e-106	1.2519337909e-76	1.3359957814e-163	2.1613653013e-47	1.6462593249e-03	9.4994453358e-05	6.2364318870e-75	6.3732873580e-145	9.0826133859e-38	1.0836482661e-173	1.0000000000e+00	1.0836482661e-173	1.0836482661e-173	1.0836482661e-173	1.0836482661e-173	1.0836482661e-173	1.0836482661e-173	5.1412669696e-149	1.0836482661e-173	1.0836482661e-173	1.0836482661e-173	1.0000000000e+00	1.0000000000e+00	1.0836482661e-173	1.0000000000e+00	1.0836482661e-173	1.0836482661e-173	1.0836482661e-173	1.6781720777e-110	3.8881693148e-35	1.0836482661e-173	1.0836482661e-173	1.0836482661e-173	2.3957362959e-10	2.8463582233e-121	1.5111179674e-158	1.0836482661e-173	1.0852561040e-150	3.7102642441e-88	1.0836482661e-173	1.0836482661e-173	1.4754854620e-141	1.2308222457e-18	4.9180134088e-93	1.0836482661e-173	1.0836482661e-173	1.4226874927e-95	1.5111179674e-158	1.0836482661e-173	1.0836482661e-173
1.7654873300e-02	1.9666670249e+02	2.5488579738e+20	6.5020461263e+17	2.3681569777e+03	1.5379774006e-173	9.9999994040e-01	1.0000000000e+00	1.5379774006e-173	1.5379774006e-173	1.5379774006e-173	1.5379774006e-173	9.2461339767e-77	5.7766203474e-56	4.8765001440e-07	1.5379774006e-173	2.5667576406e-48	8.7534628403e-48	6.1332301896e-34	4.0153255190e-151	1.0000000000e+00	1.4438040023e-03	0.0000000000e+00	1.8449598576e-90	2.7824221736e-23	1.5010744092e-71	8.5160176883e-58	1.0000000000e+00	1.0000000000e+00	1.0000000000e+00	1.0000000000e+00	1.0000000000e+00	1.7751356714e-154	1.5379774006e-173	1.5379774006e-173	1.5379774006e-173	1.2123038210e-68	1.5830449170e-109	1.5379774006e-173	3.9716081933e-73	1.0000000000e+00	1.0000000000e+00	1.0000000000e+00	1.0000000000e+00	1.0000000000e+00	1.0000000000e+00	1.0000000000e+00	1.0000000000e+00	1.0000000000e+00	1.0000000000e+00	1.0000000000e+00	8.5097971748e-85	1.5379774006e-173	1.3649163188e-167	3.1832350935e-170	1.5379774006e-173	6.5944884858e-171	1.5379774006e-173	1.0000000000e+00	1.5379774006e-173	2.8184083441e-91	2.2749623202e-138	1.5379774006e-173	1.5379774006e-173	5.4501486102e-66	1.5379774006e-173	1.0000000000e+00	1.0000000000e+00	7.5051777476e-58	1.0000000000e+00	1.0000000000e+00	1.0000000000e+00	1.5379774006e-173	1.5379774006e-173	1.5379774006e-173	4.2687499781e-103	1.5379774006e-173	1.5379774006e-173	1.5379774006e-173	1.5379774006e-173	1.5379774006e-173	1.5379774006e-173	3.5397039803e-118	2.9058640579e-10	1.0000000000e+00	1.0000000000e+00	1.0000000000e+00	1.0000000000e+00	1.0000000000e+00	1.0000000000e+00	1.0000000000e+00	1.0000000000e+00	1.0000000000e+00	1.0000000000e+00	9.5083143498e-113	1.0000000000e+00	1.0000000000e+00	1.0000000000e+00	1.0000000000e+00	1.0000000000e+00	1.0000000000e+00	1.0000000000e+00	1.0000000000e+00	1.0000000000e+00	1.0000000000e+00	1.0000000000e+00	1.0000000000e+00	1.0000000000e+00	1.0000000000e+00	1.0000000000e+00	1.0000000000e+00	1.0000000000e+00	1.0000000000e+00	3.6811919582e-84	2.0114851287e-68	1.5528206231e-140	6.5591046155e-37	1.0000000000e+00	1.6222208027e-81	1.3019488688e-64	1.0000000000e+00	1.0000000000e+00	1.0000000000e+00	1.0000000000e+00	1.3334777933e-57	8.6625461816e-79	1.7750923268e-23	4.2054090152e-06	2.3198365157e-106	5.8755043797e-110	1.8828743864e-57	1.9969637304e-63	6.6116615508e-103	3.0790705085e-138	1.3788182590e-65	1.5379774006e-173	1.5379774006e-173	4.7868797096e-159	2.4923032870e-61	1.0000000000e+00	6.4018904973e-06	1.3690151095e-06	1.7535099775e-03	1.5379774006e-173	1.0000000000e+00	1.5379774006e-173	1.5379774006e-173	1.5379774006e-173	1.5379774006e-173	1.1257143443e-157	1.5759433700e-153	3.6606138463e-103	2.3713215989e-75	3.5895705709e-161	1.3599867019e-45	1.7025827987e-03	9.8244498791e-05	1.4223461398e-73	3.5045051642e-142	1.0836469247e-33	1.5379774006e-173	1.0000000000e+00	1.5379774006e-173	1.5379774006e-173	1.5379774006e-173	1.5379774006e-173	1.5379774006e-173	1.5379774006e-173	2.1289137897e-146	1.5379774006e-173	1.5379774006e-173	1.5379774006e-173	1.0000000000e+00	1.0000000000e+00	1.5379774006e-173	1.0000000000e+00	1.5379774006e-173	1.5379774006e-173	1.5379774006e-173	1.2031017694e-109	2.0338267566e-33	1.5379774006e-173	1.5379774006e-173	1.5379774006e-173	3.8503956788e-06	1.1450299941e-111	8.6399355132e-154	1.5379774006e-173	4.3440814385e-148	7.4331702853e-85	1.5379774006e-173	1.5379774006e-173	6.5212795703e-139	1.3366926560e-14	7.1960287008e-90	1.5379774006e-173	1.5379774006e-173	6.4948968632e-88	8.6399355132e-154	1.5379774006e-173	1.5379774006e-173
1.2286129000e-02	1.9490804273e+02	1.7898562984e+20	4.5656391918e+17	2.3683463980e+03	2.1902738215e-173	9.9999994040e-01	1.0000000000e+00	2.1902738215e-173	2.1902738215e-173	2.1902738215e-173	2.1902738215e-173	2.5662473973e-77	1.2766548517e-56	4.8767247646e-07	2.1902738215e-173	1.3628339310e-48	4.5710680385e-48	4.2061964768e-34	2.4952698691e-152	1.0000000000e+00	1.4438705066e-03	0.0000000000e+00	1.1677955378e-89	3.0431193939e-20	2.5517462789e-67	4.4721500216e-55	1.0000000000e+00	1.0000000000e+00	1.0000000000e+00	1.0000000000e+00	1.0000000000e+00	1.5659130027e-152	2.1902738215e-173	2.1902738215e-173	2.1902738215e-173	6.4466264363e-66	1.5576710170e-105	2.1902738215e-173	1.5355858367e-70	1.0000000000e+00	1.0000000000e+00	1.0000000000e+00	1.0000000000e+00	1.0000000000e+00	1.0000000000e+00	1.0000000000e+00	1.0000000000e+00	1.0000000000e+00	1.0000000000e+00	1.0000000000e+00	1.0968413517e-80	2.1902738215e-173	1.6956835627e-162	8.6569106839e-167	2.1902738215e-173	3.2896894328e-164	2.1902738215e-173	1.0000000000e+00	2.1902738215e-173	1.7483817558e-90	2.2363010372e-136	2.1902738215e-173	2.1902738215e-173	5.7486295370e-65	3.9198057439e-172	1.0000000000e+00	1.0000000000e+00	3.1674607521e-55	1.0000000000e+00	1.0000000000e+00	1.0000000000e+00	2.1902738215e-173	2.1902738215e-173	2.1902738215e-173	1.1025589418e-100	2.1902738215e-173	2.1902738215e-173	2.1902738215e-173	2.1902738215e-173	2.1902738215e-173	2.1902738215e-173	5.2326387834e-116	2.6218554185e-07	1.0000000000e+00	1.0000000000e+00	1.0000000000e+00	1.0000000000e+00	1.0000000000e+00	1.0000000000e+00	1.0000000000e+00	1.0000000000e+00	1.0000000000e+00	1.0000000000e+00	2.9822529851e-107	1.0000000000e+00	1.0000000000e+00	1.0000000000e+00	1.0000000000e+00	1.0000000000e+00	1.0000000000e+00	1.0000000000e+00	1.0000000000e+00	1.0000000000e+00	1.0000000000e+00	1.0000000000e+00	1.0000000000e+00	1.0000000000e+00	1.0000000000e+00	1.0000000000e+00	1.0000000000e+00	1.0000000000e+00	1.0000000000e+00	9.0010835243e-82	1.5885246956e-62	6.2894092540e-137	7.8535531826e-31	1.0000000000e+00	4.1889315021e-79	1.6553738909e-60	1.0000000000e+00	1.0000000000e+00	1.0000000000e+00	1.0000000000e+00	1.1845708287e-56	2.1238112206e-76	5.2633111499e-22	4.2056027242e-06	3.3534270732e-104	1.8596138864e-109	1.2316824434e-54	2.5655863231e-62	2.3620308255e-102	8.6192418523e-138	1.4680117085e-64	2.1902738215e-173	2.1902738215e-173	3.0491613882e-157	9.7307200468e-59	1.0000000000e+00	6.4021853802e-06	1.3690781689e-06	1.7535907474e-03	2.1902738215e-173	1.0000000000e+00	2.1902738215e-173	2.1902738215e-173	2.1902738215e-173	2.1902738215e-173	4.0144731767e-154	1.4210959862e-151	7.4215324755e-101	2.0409170669e-74	2.1516208281e-159	3.0305370061e-44	1.7026612228e-03	9.8249024115e-05	1.3682156147e-72	3.4616633924e-140	1.0177254569e-30	2.1902738215e-173	1.0000000000e+00	2.1902738215e-173	2.1902738215e-173	2.1902738215e-173	2.1902738215e-173	2.1902738215e-173	2.1902738215e-173	1.7511901788e-144	2.1902738215e-173	2.1902738215e-173	2.1902738215e-173	1.0000000000e+00	1.0000000000e+00	2.1902738215e-173	1.0000000000e+00	2.1902738215e-173	2.1902738215e-173	2.1902738215e-173	5.0853249685e-109	3.3393464197e-32	2.1902738215e-173	2.1902738215e-173	2.1902738215e-173	3.7921763364e-03	1.0066002881e-104	2.6171374697e-150	2.1902738215e-173	3.4856713954e-146	1.7582797909e-82	2.1902738215e-173	2.1902738215e-173	5.1038932532e-137	8.9651458251e-12	1.2268406436e-87	2.1902738215e-173	2.1902738215e-173	2.1537739123e-82	2.6171374697e-150	2.1902738215e-173	2.1902738215e-173
8.5499885900e-03	1.9365871168e+02	1.2606972865e+20	3.1977519595e+17	2.3905181570e+03	3.1271968954e-173	9.9999994040e-01	1.0000000000e+00	3.1271968954e-173	3.1271968954e-173	3.1271968954e-173	3.1271968954e-173	1.1322158229e-77	4.5416998442e-57	4.9030166984e-07	3.1271968954e-173	9.6008043107e-49	3.1818089707e-48	3.5639835404e-34	3.7399582101e-153	1.0000000000e+00	1.4516548598e-03	0.0000000000e+00	4.4206808121e-89	4.7381500243e-18	2.8754732464e-64	4.1015608831e-53	1.0000000000e+00	1.0000000000e+00	1.0000000000e+00	1.0000000000e+00	1.0000000000e+00	4.3872561244e-151	3.1271968954e-173	3.1271968954e-173	3.1271968954e-173	6.6007823073e-64	1.3089994281e-102	3.1271968954e-173	1.1292637443e-68	1.0000000000e+00	1.0000000000e+00	1.0000000000e+00	1.0000000000e+00	1.0000000000e+00	1.0000000000e+00	1.0000000000e+00	1.0000000000e+00	1.0000000000e+00	1.0000000000e+00	1.0000000000e+00	1.0122848765e-77	3.1271968954e-173	8.8776961702e-159	2.8771931394e-164	3.1271968954e-173	2.4720380747e-159	3.1271968954e-173	1.0000000000e+00	3.1271968954e-173	6.5230149196e-90	6.1230378777e-135	3.1271968954e-173	3.1271968954e-173	3.1454266268e-64	6.3056807696e-171	1.0000000000e+00	1.0000000000e+00	2.2425861705e-53	1.0000000000e+00	1.0000000000e+00	1.0000000000e+00	3.1271968954e-173	3.1271968954e-173	3.1271968954e-173	6.7052947730e-99	3.1271968954e-173	3.1271968954e-173	3.1271968954e-173	3.1271968954e-173	3.1271968954e-173	3.1271968954e-173	1.9230796127e-114	2.9026484137e-05	1.0000000000e+00	1.0000000000e+00	1.0000000000e+00	1.0000000000e+00	1.0000000000e+00	1.0000000000e+00	1.0000000000e+00	1.0000000000e+00	1.0000000000e+00	1.0000000000e+00	2.7526408679e-103	1.0000000000e+00	1.0000000000e+00	1.0000000000e+00	1.0000000000e+00	1.0000000000e+00	1.0000000000e+00	1.0000000000e+00	1.0000000000e+00	1.0000000000e+00	1.0000000000e+00	1.0000000000e+00	1.0000000000e+00	1.0000000000e+00	1.0000000000e+00	1.0000000000e+00	1.0000000000e+00	1.0000000000e+00	1.0000000000e+00	4.2986060972e-80	2.8543632494e-58	2.5182469116e-134	1.7220789313e-26	1.0000000000e+00	2.0807566947e-77	1.2358140274e-57	1.0000000000e+00	1.0000000000e+00	1.0000000000e+00	1.0000000000e+00	6.0529862272e-56	1.1885080700e-74	6.1024843945e-21	4.2282764311e-06	1.2822593092e-102	4.5145235627e-109	1.3309919826e-52	1.6271372407e-61	6.2582773198e-102	2.0039705742e-137	8.0868464440e-64	3.1271968954e-173	3.1271968954e-173	6.1050199146e-156	6.5133768649e-57	1.0000000000e+00	6.4367015447e-06	1.3764592934e-06	1.7630448983e-03	3.1271968954e-173	1.0000000000e+00	3.1271968954e-173	3.1271968954e-173	3.1271968954e-173	3.1271968954e-173	1.6222413278e-151	4.0451641769e-150	3.4256271949e-99	9.6434946372e-74	4.1231494802e-158	3.1635935618e-43	1.7118407969e-03	9.8778715037e-05	7.0423476410e-72	9.5623759011e-139	1.4274366439e-28	3.1271968954e-173	1.0000000000e+00	3.1271968954e-173	3.1271968954e-173	3.1271968954e-173	3.1271968954e-173	3.1271968954e-173	3.1271968954e-173	4.2164466477e-143	3.1271968954e-173	3.1271968954e-173	3.1271968954e-173	1.0000000000e+00	1.0000000000e+00	3.1271968954e-173	1.0000000000e+00	3.1271968954e-173	3.1271968954e-173	3.1271968954e-173	1.4385453724e-108	2.2725736580e-31	3.1271968954e-173	3.1271968954e-173	3.1271968954e-173	4.4721908424e-01	8.4051779520e-100	8.4969167569e-148	3.1271968954e-173	8.2434963917e-145	8.1984256741e-81	3.1271968954e-173	3.1271968954e-173	1.0715536252e-135	7.2430987457e-10	4.0822941091e-86	3.1271968954e-173	3.1271968954e-173	1.6905388623e-78	8.4969167569e-148	3.1271968954e-173	3.1271968954e-173
5.9499867700e-03	1.9277653843e+02	8.8752749905e+19	2.2355176308e+17	2.4181767894e+03	4.4732369194e-173	9.9999994040e-01	1.0000000000e+00	4.4732369194e-173	4.4732369194e-173	4.4732369194e-173	4.4732369194e-173	7.0228446165e-78	2.3507275348e-57	4.9358289417e-07	4.4732369194e-173	8.3173038678e-49	2.7329460010e-48	3.5225291414e-34	1.0732607805e-153	1.0000000000e+00	1.4613697058e-03	0.0000000000e+00	1.1434548384e-88	1.7406764537e-16	4.3399438423e-62	1.0326612821e-51	1.0000000000e+00	1.0000000000e+00	1.0000000000e+00	1.0000000000e+00	1.0000000000e+00	5.2552384073e-150	4.4732369194e-173	4.4732369194e-173	4.4732369194e-173	1.9944143110e-62	1.7775183999e-100	4.4732369194e-173	2.4285071943e-67	1.0000000000e+00	1.0000000000e+00	1.0000000000e+00	1.0000000000e+00	1.0000000000e+00	1.0000000000e+00	1.0000000000e+00	1.0000000000e+00	1.0000000000e+00	1.0000000000e+00	1.0000000000e+00	1.3248782942e-75	4.4732369194e-173	4.4503295163e-156	2.0149221754e-162	4.4732369194e-173	8.3005092914e-156	4.4732369194e-173	1.0000000000e+00	4.4732369194e-173	1.6698344507e-89	6.5038178450e-134	4.4732369194e-173	4.4732369194e-173	1.0583553394e-63	4.5818036482e-170	1.0000000000e+00	1.0000000000e+00	4.2310611476e-52	1.0000000000e+00	1.0000000000e+00	1.0000000000e+00	4.4732369194e-173	4.4732369194e-173	4.4732369194e-173	1.3967466460e-97	4.4732369194e-173	4.4732369194e-173	4.4732369194e-173	4.4732369194e-173	4.4732369194e-173	4.4732369194e-173	2.5203994141e-113	6.7925792599e-04	1.0000000000e+00	1.0000000000e+00	1.0000000000e+00	1.0000000000e+00	1.0000000000e+00	1.0000000000e+00	1.0000000000e+00	1.0000000000e+00	1.0000000000e+00	1.0000000000e+00	1.8645713699e-100	1.0000000000e+00	1.0000000000e+00	1.0000000000e+00	1.0000000000e+00	1.0000000000e+00	1.0000000000e+00	1.0000000000e+00	1.0000000000e+00	1.0000000000e+00	1.0000000000e+00	1.0000000000e+00	1.0000000000e+00	1.0000000000e+00	1.0000000000e+00	1.0000000000e+00	1.0000000000e+00	1.0000000000e+00	1.0000000000e+00	6.1227288878e-79	3.1108640571e-55	1.8157653057e-132	1.9502323855e-23	1.0000000000e+00	3.0481384996e-76	1.1296247015e-55	1.0000000000e+00	1.0000000000e+00	1.0000000000e+00	1.0000000000e+00	2.0996144288e-55	2.2765208380e-73	3.5197423538e-20	4.2565731398e-06	1.8716530666e-101	9.2063731564e-109	3.7785730374e-51	6.1007941456e-61	1.3585151988e-101	4.0602823353e-137	2.7341762531e-63	4.4732369194e-173	4.4732369194e-173	5.1861844840e-155	1.1806175294e-55	1.0000000000e+00	6.4797775997e-06	1.3856709115e-06	1.7748436463e-03	4.4732369194e-173	1.0000000000e+00	4.4732369194e-173	4.4732369194e-173	4.4732369194e-173	4.4732369194e-173	1.3061273346e-149	4.9006392029e-149	5.2828682006e-98	2.9222032012e-73	3.3946678113e-157	1.8780428493e-42	1.7232968739e-03	9.9439767493e-05	2.2747674130e-71	1.0250498092e-137	4.8812331496e-27	4.4732369194e-173	1.0000000000e+00	4.4732369194e-173	4.4732369194e-173	4.4732369194e-173	4.4732369194e-173	4.4732369194e-173	4.4732369194e-173	4.0859665882e-142	4.4732369194e-173	4.4732369194e-173	4.4732369194e-173	1.0000000000e+00	1.0000000000e+00	4.4732369194e-173	1.0000000000e+00	4.4732369194e-173	4.4732369194e-173	4.4732369194e-173	3.0222220846e-108	8.0545472102e-31	4.4732369194e-173	4.4732369194e-173	4.4732369194e-173	1.0000000000e+00	2.2288808777e-96	5.2747549918e-146	4.4732369194e-173	7.8867150929e-144	1.1479584968e-79	4.4732369194e-173	4.4732369194e-173	8.4881735590e-135	1.2201910018e-08	4.0496360428e-85	4.4732369194e-173	4.4732369194e-173	8.2883898140e-76	5.2747549918e-146	4.4732369194e-173	4.4732369194e-173
4.1406303900e-03	1.9215630263e+02	6.1966389392e+19	1.5607311866e+17	2.4183150628e+03	6.4072532706e-173	9.9999994040e-01	1.0000000000e+00	6.4072532706e-173	6.4072532706e-173	6.4072532706e-173	6.4072532706e-173	5.5387022302e-78	1.6078021014e-57	4.9360930503e-07	6.4072532706e-173	8.3115897347e-49	2.7145525228e-48	3.8647193411e-34	4.9023969492e-154	1.0000000000e+00	1.4614479015e-03	0.0000000000e+00	2.2421569058e-88	2.2371992511e-15	1.5180740631e-60	1.0154699459e-50	1.0000000000e+00	1.0000000000e+00	1.0000000000e+00	1.0000000000e+00	1.0000000000e+00	3.3931727071e-149	6.4072532706e-173	6.4072532706e-173	6.4072532706e-173	2.4805459118e-61	6.4119875604e-99	6.4072532706e-173	2.1357017785e-66	1.0000000000e+00	1.0000000000e+00	1.0000000000e+00	1.0000000000e+00	1.0000000000e+00	1.0000000000e+00	1.0000000000e+00	1.0000000000e+00	1.0000000000e+00	1.0000000000e+00	1.0000000000e+00	4.1891452287e-74	6.4072532706e-173	4.0503403341e-154	4.5464599460e-161	6.4072532706e-173	2.9070330045e-153	6.4072532706e-173	1.0000000000e+00	6.4072532706e-173	3.2503379417e-89	3.4697544470e-133	6.4072532706e-173	6.4072532706e-173	2.5004201224e-63	1.8677721440e-169	1.0000000000e+00	1.0000000000e+00	3.0512016822e-51	1.0000000000e+00	1.0000000000e+00	1.0000000000e+00	6.4072532706e-173	6.4072532706e-173	6.4072532706e-173	1.3347560200e-96	6.4072532706e-173	6.4072532706e-173	6.4072532706e-173	6.4072532706e-173	6.4072532706e-173	6.4072532706e-173	1.5605338321e-112	5.1338068763e-03	1.0000000000e+00	1.0000000000e+00	1.0000000000e+00	1.0000000000e+00	1.0000000000e+00	1.0000000000e+00	1.0000000000e+00	1.0000000000e+00	1.0000000000e+00	1.0000000000e+00	1.8898140518e-98	1.0000000000e+00	1.0000000000e+00	1.0000000000e+00	1.0000000000e+00	1.0000000000e+00	1.0000000000e+00	1.0000000000e+00	1.0000000000e+00	1.0000000000e+00	1.0000000000e+00	1.0000000000e+00	1.0000000000e+00	1.0000000000e+00	1.0000000000e+00	1.0000000000e+00	1.0000000000e+00	1.0000000000e+00	1.0000000000e+00	3.6179520252e-78	4.4164173334e-53	3.7631760075e-131	2.5596554089e-21	1.0000000000e+00	1.8373569168e-75	2.2419509254e-54	1.0000000000e+00	1.0000000000e+00	1.0000000000e+00	1.0000000000e+00	5.5281244781e-55	2.0115850492e-72	1.2125534164e-19	4.2568009025e-06	1.3642609680e-100	1.6637728908e-108	4.0269941203e-50	1.5489944754e-60	2.5662852593e-101	7.4430041296e-137	6.4817594531e-63	6.4072532706e-173	6.4072532706e-173	2.3616713480e-154	8.2757359240e-55	1.0000000000e+00	6.4801243227e-06	1.3857450566e-06	1.7749386154e-03	6.4072532706e-173	1.0000000000e+00	6.4072532706e-173	6.4072532706e-173	6.4072532706e-173	6.4072532706e-173	3.2532527493e-148	3.1897046400e-148	3.6706247089e-97	6.4101982753e-73	1.5119546686e-156	7.3394552802e-42	1.7233890848e-03	9.9445088362e-05	5.1966276352e-71	5.4785588100e-137	5.9351843542e-26	6.4072532706e-173	1.0000000000e+00	6.4072532706e-173	6.4072532706e-173	6.4072532706e-173	6.4072532706e-173	6.4072532706e-173	6.4072532706e-173	2.0426145870e-141	6.4072532706e-173	6.4072532706e-173	6.4072532706e-173	1.0000000000e+00	1.0000000000e+00	6.4072532706e-173	1.0000000000e+00	6.4072532706e-173	6.4072532706e-173	6.4072532706e-173	5.1140899378e-108	1.7763110491e-30	6.4072532706e-173	6.4072532706e-173	6.4072532706e-173	1.0000000000e+00	4.8095630261e-94	9.8314538386e-145	6.4072532706e-173	3.9070052773e-143	6.7016742749e-79	6.4072532706e-173	6.4072532706e-173	3.3095869039e-134	6.5735505073e-08	1.6661328080e-84	6.4072532706e-173	6.4072532706e-173	5.4080536887e-74	9.8314538386e-145	6.4072532706e-173	6.4072532706e-173
2.8814887600e-03	1.9172156160e+02	4.3227144006e+19	1.0885847577e+17	2.4186908590e+03	9.1862392242e-173	9.9999994040e-01	1.0000000000e+00	9.1862392242e-173	9.1862392242e-173	9.1862392242e-173	9.1862392242e-173	5.2152333884e-78	1.3594211680e-57	4.9368108412e-07	9.1862392242e-173	9.2471052182e-49	3.0072074234e-48	4.5922675340e-34	3.1412677635e-154	1.0000000000e+00	1.4616604206e-03	0.0000000000e+00	3.6039359206e-88	1.3529999005e-14	1.8592588615e-59	5.0852171409e-50	1.0000000000e+00	1.0000000000e+00	1.0000000000e+00	1.0000000000e+00	1.0000000000e+00	1.4059650445e-148	9.1862392242e-173	9.1862392242e-173	9.1862392242e-173	1.6314754992e-60	8.9319840800e-98	9.1862392242e-173	9.8854735295e-66	1.0000000000e+00	1.0000000000e+00	1.0000000000e+00	1.0000000000e+00	1.0000000000e+00	1.0000000000e+00	1.0000000000e+00	1.0000000000e+00	1.0000000000e+00	1.0000000000e+00	1.0000000000e+00	4.7781746613e-73	9.1862392242e-173	1.0832217268e-152	4.5501432188e-160	9.1862392242e-173	2.0097658545e-151	9.1862392242e-173	1.0000000000e+00	9.1862392242e-173	5.1974466214e-89	1.1291848550e-132	9.1862392242e-173	9.1862392242e-173	4.5831634558e-63	5.0285219878e-169	1.0000000000e+00	1.0000000000e+00	1.1033162938e-50	1.0000000000e+00	1.0000000000e+00	1.0000000000e+00	9.1862392242e-173	9.1862392242e-173	9.1862392242e-173	7.2907941224e-96	9.1862392242e-173	9.1862392242e-173	9.1862392242e-173	9.1862392242e-173	9.1862392242e-173	9.1862392242e-173	5.6405453923e-112	1.7240389635e-02	1.0000000000e+00	1.0000000000e+00	1.0000000000e+00	1.0000000000e+00	1.0000000000e+00	1.0000000000e+00	1.0000000000e+00	1.0000000000e+00	1.0000000000e+00	1.0000000000e+00	4.8989152661e-97	1.0000000000e+00	1.0000000000e+00	1.0000000000e+00	1.0000000000e+00	1.0000000000e+00	1.0000000000e+00	1.0000000000e+00	1.0000000000e+00	1.0000000000e+00	1.0000000000e+00	1.0000000000e+00	1.0000000000e+00	1.0000000000e+00	1.0000000000e+00	1.0000000000e+00	1.0000000000e+00	1.0000000000e+00	1.0000000000e+00	1.1369089466e-77	1.4517601162e-51	3.1871078713e-130	7.1530054180e-20	1.0000000000e+00	5.8552595697e-75	1.4867522633e-53	1.0000000000e+00	1.0000000000e+00	1.0000000000e+00	1.0000000000e+00	1.2086020107e-54	1.0323766634e-71	2.8996604497e-19	4.2574199129e-06	6.1135915177e-100	2.7901628741e-108	2.1345725800e-49	2.9874225411e-60	4.4401899203e-101	1.2697835022e-136	1.1909455986e-62	9.1862392242e-173	9.1862392242e-173	6.8742649814e-154	2.9332647556e-54	1.0000000000e+00	6.4810666417e-06	1.3859465672e-06	1.7751967213e-03	9.1862392242e-173	1.0000000000e+00	9.1862392242e-173	9.1862392242e-173	9.1862392242e-173	9.1862392242e-173	3.4907004048e-147	1.3291520294e-147	1.4390440494e-96	1.1151072830e-72	4.3327056165e-156	2.1349965503e-41	1.7236396946e-03	9.9459549350e-05	9.3031849258e-71	1.7854091470e-136	3.4522826516e-25	9.1862392242e-173	1.0000000000e+00	9.1862392242e-173	9.1862392242e-173	9.1862392242e-173	9.1862392242e-173	9.1862392242e-173	9.1862392242e-173	6.3496614474e-141	9.1862392242e-173	9.1862392242e-173	9.1862392242e-173	1.0000000000e+00	1.0000000000e+00	9.1862392242e-173	1.0000000000e+00	9.1862392242e-173	9.1862392242e-173	9.1862392242e-173	7.4091577384e-108	2.7868165859e-30	9.1862392242e-173	9.1862392242e-173	9.1862392242e-173	1.0000000000e+00	1.7143677490e-92	7.7264532625e-144	9.1862392242e-173	1.2067792296e-142	2.0880344250e-78	9.1862392242e-173	9.1862392242e-173	7.7585598171e-134	1.5624124447e-07	3.6447920972e-84	9.1862392242e-173	9.1862392242e-173	8.2974004369e-73	7.7264532625e-144	9.1862392242e-173	9.1862392242e-173
2.0052447800e-03	1.9141749630e+02	3.0135602042e+19	7.5875582808e+16	2.4191650833e+03	1.3179470430e-172	9.9999994040e-01	1.0000000000e+00	1.3179470430e-172	1.3179470430e-172	1.3179470430e-172	1.3179470430e-172	5.5701080532e-78	1.3413656186e-57	4.9377166383e-07	1.3179470430e-172	1.1103704702e-48	3.6001616325e-48	5.7751213721e-34	2.5604869354e-154	1.0000000000e+00	1.4619286033e-03	0.0000000000e+00	5.0291013020e-88	4.7870166215e-14	1.0796227335e-58	1.5759329709e-49	1.0000000000e+00	1.0000000000e+00	1.0000000000e+00	1.0000000000e+00	1.0000000000e+00	4.2495356524e-148	1.3179470430e-172	1.3179470430e-172	1.3179470430e-172	6.8208298925e-60	6.3246714905e-97	1.3179470430e-172	2.8988418717e-65	1.0000000000e+00	1.0000000000e+00	1.0000000000e+00	1.0000000000e+00	1.0000000000e+00	1.0000000000e+00	1.0000000000e+00	1.0000000000e+00	1.0000000000e+00	1.0000000000e+00	1.0000000000e+00	2.6393205173e-72	1.3179470430e-172	1.2125443727e-151	2.5544157944e-159	1.3179470430e-172	4.3825405946e-150	1.3179470430e-172	1.0000000000e+00	1.3179470430e-172	7.2264324851e-89	2.5856743066e-132	1.3179470430e-172	1.3179470430e-172	7.0133939228e-63	1.0079282876e-168	1.0000000000e+00	1.0000000000e+00	2.4419403137e-50	1.0000000000e+00	1.0000000000e+00	1.0000000000e+00	1.3179470430e-172	1.3179470430e-172	1.3179470430e-172	2.6754625907e-95	1.3179470430e-172	1.3179470430e-172	1.3179470430e-172	1.3179470430e-172	1.3179470430e-172	1.3179470430e-172	1.3903809782e-111	3.2518047012e-02	1.0000000000e+00	1.0000000000e+00	1.0000000000e+00	1.0000000000e+00	1.0000000000e+00	1.0000000000e+00	1.0000000000e+00	1.0000000000e+00	1.0000000000e+00	1.0000000000e+00	4.8157682691e-96	1.0000000000e+00	1.0000000000e+00	1.0000000000e+00	1.0000000000e+00	1.0000000000e+00	1.0000000000e+00	1.0000000000e+00	1.0000000000e+00	1.0000000000e+00	1.0000000000e+00	1.0000000000e+00	1.0000000000e+00	1.0000000000e+00	1.0000000000e+00	1.0000000000e+00	1.0000000000e+00	1.0000000000e+00	1.0000000000e+00	2.2801084066e-77	1.6860838884e-50	1.4283940582e-129	6.6535890066e-19	1.0000000000e+00	1.1859093840e-74	4.5216158032e-53	1.0000000000e+00	1.0000000000e+00	1.0000000000e+00	1.0000000000e+00	2.3235770170e-54	3.6133606095e-71	5.3485270695e-19	4.2582010565e-06	1.9454583389e-99	4.4529516887e-108	6.8851635617e-49	4.7381412541e-60	7.2434208559e-101	2.0583171180e-136	1.8255331864e-62	1.3179470430e-172	1.3179470430e-172	1.4554966317e-153	6.4016138559e-54	1.0000000000e+00	6.4822557760e-06	1.3862008581e-06	1.7755224312e-03	1.3179470430e-172	1.0000000000e+00	1.3179470430e-172	1.3179470430e-172	1.3179470430e-172	1.3179470430e-172	2.0578377477e-146	4.0333486056e-147	3.7554491815e-96	1.6448909318e-72	9.0735997807e-156	5.0341915129e-41	1.7239559448e-03	9.9477798006e-05	1.4003541865e-70	4.0926741293e-136	1.1885863793e-24	1.3179470430e-172	1.0000000000e+00	1.3179470430e-172	1.3179470430e-172	1.3179470430e-172	1.3179470430e-172	1.3179470430e-172	1.3179470430e-172	1.4079452215e-140	1.3179470430e-172	1.3179470430e-172	1.3179470430e-172	1.0000000000e+00	1.0000000000e+00	1.3179470430e-172	1.0000000000e+00	1.3179470430e-172	1.3179470430e-172	1.3179470430e-172	9.6118922982e-108	3.4318604711e-30	1.3179470430e-172	1.3179470430e-172	1.3179470430e-172	1.0000000000e+00	1.6981415368e-91	3.2856781812e-143	1.3179470430e-172	2.6638546235e-142	4.1625857077e-78	1.3179470430e-172	1.3179470430e-172	1.2666666569e-133	2.0752645022e-07	5.0880780271e-84	1.3179470430e-172	1.3179470430e-172	4.5474715776e-72	3.2856781812e-143	1.3179470430e-172	1.3179470430e-172
1.3954615000e-03	1.9120515016e+02	2.0997020904e+19	5.2860899633e+16	2.4194222664e+03	1.8917574369e-172	9.9999994040e-01	1.0000000000e+00	1.8917574369e-172	1.8917574369e-172	1.8917574369e-172	1.8917574369e-172	6.5023233260e-78	1.4787111702e-57	4.9382078763e-07	1.8917574369e-172	1.4070049571e-48	4.5523640084e-48	7.5586464412e-34	2.4736508238e-154	1.0000000000e+00	1.4620740461e-03	0.0000000000e+00	6.3507434933e-88	1.1596695864e-13	3.7000579581e-58	3.4794918850e-49	1.0000000000e+00	1.0000000000e+00	1.0000000000e+00	1.0000000000e+00	1.0000000000e+00	1.0278081201e-147	1.8917574369e-172	1.8917574369e-172	1.8917574369e-172	2.0704496914e-59	2.7765374059e-96	1.8917574369e-172	6.1573871099e-65	1.0000000000e+00	1.0000000000e+00	1.0000000000e+00	1.0000000000e+00	1.0000000000e+00	1.0000000000e+00	1.0000000000e+00	1.0000000000e+00	1.0000000000e+00	1.0000000000e+00	1.0000000000e+00	8.7343826449e-72	1.8917574369e-172	7.3355951698e-151	9.5314201232e-159	1.8917574369e-172	4.2291535565e-149	1.8917574369e-172	1.0000000000e+00	1.8917574369e-172	9.1023216640e-89	4.6187698551e-132	1.8917574369e-172	1.8917574369e-172	9.4472805828e-63	1.6401904597e-168	1.0000000000e+00	1.0000000000e+00	3.8207118466e-50	1.0000000000e+00	1.0000000000e+00	1.0000000000e+00	1.8917574369e-172	1.8917574369e-172	1.8917574369e-172	7.4125889176e-95	1.8917574369e-172	1.8917574369e-172	1.8917574369e-172	1.8917574369e-172	1.8917574369e-172	1.8917574369e-172	2.6151525694e-111	4.0803596499e-02	1.0000000000e+00	1.0000000000e+00	1.0000000000e+00	1.0000000000e+00	1.0000000000e+00	1.0000000000e+00	1.0000000000e+00	1.0000000000e+00	1.0000000000e+00	1.0000000000e+00	2.3861699225e-95	1.0000000000e+00	1.0000000000e+00	1.0000000000e+00	1.0000000000e+00	1.0000000000e+00	1.0000000000e+00	1.0000000000e+00	1.0000000000e+00	1.0000000000e+00	1.0000000000e+00	1.0000000000e+00	1.0000000000e+00	1.0000000000e+00	1.0000000000e+00	1.0000000000e+00	1.0000000000e+00	1.0000000000e+00	1.0000000000e+00	3.3295902082e-77	9.3891322025e-50	4.0833939735e-129	2.8450415477e-18	1.0000000000e+00	1.7437355938e-74	7.9277848010e-53	1.0000000000e+00	1.0000000000e+00	1.0000000000e+00	1.0000000000e+00	4.0863860778e-54	9.6670943301e-71	8.2111912943e-19	4.2586246917e-06	4.8691924722e-99	6.8740953138e-108	1.5633262250e-48	6.5442793906e-60	1.1354848336e-100	3.2181713417e-136	2.4619711682e-62	1.8917574369e-172	1.8917574369e-172	2.4611547975e-153	9.9181304888e-54	1.0000000000e+00	6.4829006754e-06	1.3863387670e-06	1.7756990724e-03	1.8917574369e-172	1.0000000000e+00	1.8917574369e-172	1.8917574369e-172	1.8917574369e-172	1.8917574369e-172	7.9459108880e-146	9.7823602858e-147	7.3514619622e-96	2.1594961108e-72	1.5225487430e-155	1.0232398742e-40	1.7241274558e-03	9.9487694743e-05	1.8646278060e-70	7.3159351567e-136	2.8248529162e-24	1.8917574369e-172	1.0000000000e+00	1.8917574369e-172	1.8917574369e-172	1.8917574369e-172	1.8917574369e-172	1.8917574369e-172	1.8917574369e-172	2.4589708300e-140	1.8917574369e-172	1.8917574369e-172	1.8917574369e-172	1.0000000000e+00	1.0000000000e+00	1.8917574369e-172	1.0000000000e+00	1.8917574369e-172	1.8917574369e-172	1.8917574369e-172	1.1533574033e-107	3.5616241781e-30	1.8917574369e-172	1.8917574369e-172	1.8917574369e-172	1.0000000000e+00	6.8065429584e-91	9.0537256779e-143	1.8917574369e-172	4.6377862266e-142	6.0530551599e-78	1.8917574369e-172	1.8917574369e-172	1.6015176205e-133	1.8272717697e-07	5.1713968909e-84	1.8917574369e-172	1.8917574369e-172	1.2042907135e-71	9.0537256779e-143	1.8917574369e-172	1.8917574369e-172
9.7110977400e-04	1.9105701423e+02	1.4622843290e+19	3.6814729661e+16	2.4193489053e+03	2.7163040697e-172	9.9999994040e-01	1.0000000000e+00	2.7163040697e-172	2.7163040697e-172	2.7163040697e-172	2.7163040697e-172	8.0798129744e-78	1.7637982877e-57	4.9380677549e-07	2.7163040697e-172	1.8515105491e-48	5.9817685967e-48	1.0174152115e-33	2.6929394221e-154	1.0000000000e+00	1.4620325598e-03	0.0000000000e+00	7.4756692627e-88	2.1523440705e-13	8.7516853559e-58	6.0524670316e-49	1.0000000000e+00	1.0000000000e+00	1.0000000000e+00	1.0000000000e+00	1.0000000000e+00	2.1252247691e-147	2.7163040697e-172	2.7163040697e-172	2.7163040697e-172	5.0177827271e-59	8.7085474181e-96	2.7163040697e-172	1.0424781528e-64	1.0000000000e+00	1.0000000000e+00	1.0000000000e+00	1.0000000000e+00	1.0000000000e+00	1.0000000000e+00	1.0000000000e+00	1.0000000000e+00	1.0000000000e+00	1.0000000000e+00	1.0000000000e+00	2.0160173191e-71	2.7163040697e-172	2.8788535110e-150	2.6684327393e-158	2.7163040697e-172	2.3002417498e-148	2.7163040697e-172	1.0000000000e+00	2.7163040697e-172	1.0695588927e-88	6.9282466004e-132	2.7163040697e-172	2.7163040697e-172	1.1634116670e-62	2.3051170424e-168	1.0000000000e+00	1.0000000000e+00	4.6840196094e-50	1.0000000000e+00	1.0000000000e+00	1.0000000000e+00	2.7163040697e-172	2.7163040697e-172	2.7163040697e-172	1.6853885394e-94	2.7163040697e-172	2.7163040697e-172	2.7163040697e-172	2.7163040697e-172	2.7163040697e-172	2.7163040697e-172	4.0668455723e-111	3.8440302532e-02	1.0000000000e+00	1.0000000000e+00	1.0000000000e+00	1.0000000000e+00	1.0000000000e+00	1.0000000000e+00	1.0000000000e+00	1.0000000000e+00	1.0000000000e+00	1.0000000000e+00	7.3026939341e-95	1.0000000000e+00	1.0000000000e+00	1.0000000000e+00	1.0000000000e+00	1.0000000000e+00	1.0000000000e+00	1.0000000000e+00	1.0000000000e+00	1.0000000000e+00	1.0000000000e+00	1.0000000000e+00	1.0000000000e+00	1.0000000000e+00	1.0000000000e+00	1.0000000000e+00	1.0000000000e+00	1.0000000000e+00	1.0000000000e+00	3.8896946705e-77	3.1178144071e-49	8.5085326688e-129	7.0425913218e-18	1.0000000000e+00	2.0469055653e-74	9.4359064666e-53	1.0000000000e+00	1.0000000000e+00	1.0000000000e+00	1.0000000000e+00	6.7558528401e-54	2.1428089963e-70	1.1078593350e-18	4.2585038535e-06	1.0301784248e-98	1.0375003829e-107	2.7728239002e-48	8.2006264513e-60	1.7322736925e-100	4.9053883791e-136	3.0343751969e-62	2.7163040697e-172	2.7163040697e-172	3.5529094913e-153	1.2075934262e-53	1.0000000000e+00	6.4827167235e-06	1.3862994297e-06	1.7756486870e-03	2.7163040697e-172	1.0000000000e+00	2.7163040697e-172	2.7163040697e-172	2.7163040697e-172	2.7163040697e-172	2.2784133825e-145	2.0266573077e-146	1.1756007983e-95	2.6120219703e-72	2.1861742147e-155	1.8734516005e-40	1.7240785338e-03	9.9484871785e-05	2.2775316254e-70	1.0978455300e-135	5.1728182642e-24	2.7163040697e-172	1.0000000000e+00	2.7163040697e-172	2.7163040697e-172	2.7163040697e-172	2.7163040697e-172	2.7163040697e-172	2.7163040697e-172	3.6308761807e-140	2.7163040697e-172	2.7163040697e-172	2.7163040697e-172	1.0000000000e+00	1.0000000000e+00	2.7163040697e-172	1.0000000000e+00	2.7163040697e-172	2.7163040697e-172	2.7163040697e-172	1.3100491706e-107	3.2772520068e-30	2.7163040697e-172	2.7163040697e-172	2.7163040697e-172	1.0000000000e+00	1.4439115208e-90	1.8386441633e-142	2.7163040697e-172	6.8330243388e-142	7.0505745062e-78	2.7163040697e-172	2.7163040697e-172	1.6917145110e-133	1.2049285725e-07	4.2046492458e-84	2.7163040697e-172	2.7163040697e-172	1.9122467338e-71	1.8386441633e-142	2.7163040697e-172	2.7163040697e-172
6.7580093800e-04	1.9095374906e+02	1.0180494437e+19	2.5633439141e+16	2.4190751589e+03	3.9011542482e-172	9.9999994040e-01	1.0000000000e+00	3.9011542482e-172	3.9011542482e-172	3.9011542482e-172	3.9011542482e-172	1.0489559316e-77	2.2244061173e-57	4.9375448842e-07	3.9011542482e-172	2.5018492812e-48	8.0745676184e-48	1.3966585018e-33	3.1877580441e-154	1.0000000000e+00	1.4618777515e-03	0.0000000000e+00	8.3769761446e-88	3.3142292543e-13	1.5961268084e-57	8.9073106060e-49	1.0000000000e+00	1.0000000000e+00	1.0000000000e+00	1.0000000000e+00	1.0000000000e+00	3.9370514548e-147	3.9011542482e-172	3.9011542482e-172	3.9011542482e-172	1.0385064884e-58	2.1578293154e-95	3.9011542482e-172	1.5055053140e-64	1.0000000000e+00	1.0000000000e+00	1.0000000000e+00	1.0000000000e+00	1.0000000000e+00	1.0000000000e+00	1.0000000000e+00	1.0000000000e+00	1.0000000000e+00	1.0000000000e+00	1.0000000000e+00	3.6145673181e-71	3.9011542482e-172	8.3413680978e-150	6.1078087247e-158	3.9011542482e-172	8.3699866546e-148	3.9011542482e-172	1.0000000000e+00	3.9011542482e-172	1.1970226047e-88	9.1947823358e-132	3.9011542482e-172	3.9011542482e-172	1.3454032271e-62	2.9231991873e-168	1.0000000000e+00	1.0000000000e+00	4.8397975936e-50	1.0000000000e+00	1.0000000000e+00	1.0000000000e+00	3.9011542482e-172	3.9011542482e-172	3.9011542482e-172	3.3361880205e-94	3.9011542482e-172	3.9011542482e-172	3.9011542482e-172	3.9011542482e-172	3.9011542482e-172	3.9011542482e-172	5.5348937988e-111	2.9621317171e-02	1.0000000000e+00	1.0000000000e+00	1.0000000000e+00	1.0000000000e+00	1.0000000000e+00	1.0000000000e+00	1.0000000000e+00	1.0000000000e+00	1.0000000000e+00	1.0000000000e+00	1.5942842120e-94	1.0000000000e+00	1.0000000000e+00	1.0000000000e+00	1.0000000000e+00	1.0000000000e+00	1.0000000000e+00	1.0000000000e+00	1.0000000000e+00	1.0000000000e+00	1.0000000000e+00	1.0000000000e+00	1.0000000000e+00	1.0000000000e+00	1.0000000000e+00	1.0000000000e+00	1.0000000000e+00	1.0000000000e+00	1.0000000000e+00	3.8859823731e-77	7.2056417172e-49	1.4203813316e-128	1.1883754480e-17	1.0000000000e+00	2.0518408062e-74	8.5601208732e-53	1.0000000000e+00	1.0000000000e+00	1.0000000000e+00	1.0000000000e+00	1.0700557977e-53	4.1648515379e-70	1.3653491377e-18	4.2580529388e-06	1.9382382616e-98	1.5420422091e-107	4.1362069507e-48	9.5985302940e-60	2.5940553407e-100	7.3451848638e-136	3.5110694785e-62	3.9011542482e-172	3.9011542482e-172	4.5907019163e-153	1.2417860910e-53	1.0000000000e+00	6.4820302965e-06	1.3861526404e-06	1.7754606712e-03	3.9011542482e-172	1.0000000000e+00	3.9011542482e-172	3.9011542482e-172	3.9011542482e-172	3.9011542482e-172	5.3029062488e-145	3.7595473199e-146	1.6314556704e-95	2.9829769436e-72	2.8141823133e-155	3.1878414802e-40	1.7238959786e-03	9.9474337760e-05	2.6185749946e-70	1.4572824473e-135	7.8900603798e-24	3.9011542482e-172	1.0000000000e+00	3.9011542482e-172	3.9011542482e-172	3.9011542482e-172	3.9011542482e-172	3.9011542482e-172	3.9011542482e-172	4.7660200807e-140	3.9011542482e-172	3.9011542482e-172	3.9011542482e-172	1.0000000000e+00	1.0000000000e+00	3.9011542482e-172	1.0000000000e+00	3.9011542482e-172	3.9011542482e-172	3.9011542482e-172	1.4318721685e-107	2.7716410557e-30	3.9011542482e-172	3.9011542482e-172	3.9011542482e-172	1.0000000000e+00	1.9607675126e-90	3.0147811787e-142	3.9011542482e-172	8.9555069187e-142	7.0294266429e-78	3.9011542482e-172	3.9011542482e-172	1.5753918115e-133	6.4876534716e-08	2.9234632482e-84	3.9011542482e-172	3.9011542482e-172	2.1213791004e-71	3.0147811787e-142	3.9011542482e-172	3.9011542482e-172
4.7029380200e-04	1.9088180051e+02	7.0864622335e+18	1.7845183137e+16	2.4187713096e+03	5.6037530817e-172	9.9999994040e-01	1.0000000000e+00	5.6037530817e-172	5.6037530817e-172	5.6037530817e-172	5.6037530817e-172	1.4042296243e-77	2.9175759619e-57	4.9369645138e-07	5.6037530817e-172	3.4439886617e-48	1.1107320847e-47	1.9438947259e-33	4.0013216090e-154	1.0000000000e+00	1.4617059190e-03	0.0000000000e+00	9.0690861902e-88	4.4783700841e-13	2.4269745771e-57	1.1662077998e-48	1.0000000000e+00	1.0000000000e+00	1.0000000000e+00	1.0000000000e+00	1.0000000000e+00	6.7538717523e-147	5.6037530817e-172	5.6037530817e-172	5.6037530817e-172	1.9246704985e-58	4.5339924226e-95	5.6037530817e-172	1.9453333484e-64	1.0000000000e+00	1.0000000000e+00	1.0000000000e+00	1.0000000000e+00	1.0000000000e+00	1.0000000000e+00	1.0000000000e+00	1.0000000000e+00	1.0000000000e+00	1.0000000000e+00	1.0000000000e+00	5.4310536929e-71	5.6037530817e-172	1.9547227897e-149	1.2143116187e-157	5.6037530817e-172	2.2991452159e-147	5.6037530817e-172	1.0000000000e+00	5.6037530817e-172	1.2947989379e-88	1.1201118608e-131	5.6037530817e-172	5.6037530817e-172	1.4889156602e-62	3.4498744951e-168	1.0000000000e+00	1.0000000000e+00	4.4369798610e-50	1.0000000000e+00	1.0000000000e+00	1.0000000000e+00	5.6037530817e-172	5.6037530817e-172	5.6037530817e-172	5.9938473021e-94	5.6037530817e-172	5.6037530817e-172	5.6037530817e-172	5.6037530817e-172	5.6037530817e-172	5.6037530817e-172	6.8620520161e-111	1.9832481544e-02	1.0000000000e+00	1.0000000000e+00	1.0000000000e+00	1.0000000000e+00	1.0000000000e+00	1.0000000000e+00	1.0000000000e+00	1.0000000000e+00	1.0000000000e+00	1.0000000000e+00	2.7481059696e-94	1.0000000000e+00	1.0000000000e+00	1.0000000000e+00	1.0000000000e+00	1.0000000000e+00	1.0000000000e+00	1.0000000000e+00	1.0000000000e+00	1.0000000000e+00	1.0000000000e+00	1.0000000000e+00	1.0000000000e+00	1.0000000000e+00	1.0000000000e+00	1.0000000000e+00	1.0000000000e+00	1.0000000000e+00	1.0000000000e+00	3.4798718355e-77	1.2923890585e-48	2.0305137512e-128	1.5337820124e-17	1.0000000000e+00	1.8417243153e-74	6.4221668241e-53	1.0000000000e+00	1.0000000000e+00	1.0000000000e+00	1.0000000000e+00	1.6452331699e-53	7.3860131452e-70	1.5794932964e-18	4.2575524374e-06	3.3602397270e-98	2.2680750778e-107	5.4664282013e-48	1.0711658545e-59	3.8353967958e-100	1.0862289329e-135	3.8871577484e-62	5.6037530817e-172	5.6037530817e-172	5.4890014834e-153	1.1346315202e-53	1.0000000000e+00	6.4812683837e-06	1.3859897088e-06	1.7752519795e-03	5.6037530817e-172	1.0000000000e+00	5.6037530817e-172	5.6037530817e-172	5.6037530817e-172	5.6037530817e-172	1.0666356584e-144	6.4554725552e-146	2.0503237250e-95	3.2724247881e-72	3.3560740322e-155	5.1536859620e-40	1.7236933478e-03	9.9462645317e-05	2.8860730849e-70	1.7754300495e-135	1.0590764273e-23	5.6037530817e-172	1.0000000000e+00	5.6037530817e-172	5.6037530817e-172	5.6037530817e-172	5.6037530817e-172	5.6037530817e-172	5.6037530817e-172	5.7616485300e-140	5.6037530817e-172	5.6037530817e-172	5.6037530817e-172	1.0000000000e+00	1.0000000000e+00	5.6037530817e-172	1.0000000000e+00	5.6037530817e-172	5.6037530817e-172	5.6037530817e-172	1.5234720546e-107	2.2097272952e-30	5.6037530817e-172	5.6037530817e-172	5.6037530817e-172	1.0000000000e+00	1.9489486644e-90	4.2562055992e-142	5.6037530817e-172	1.0814731491e-141	6.2858164311e-78	5.6037530817e-172	5.6037530817e-172	1.3432734629e-133	3.0313556377e-08	1.8219340437e-84	5.6037530817e-172	5.6037530817e-172	1.8312822866e-71	4.2562055992e-142	5.6037530817e-172	5.6037530817e-172
3.2728019100e-04	1.9083168950e+02	4.9323210603e+18	1.2421827718e+16	2.4185293336e+03	8.0503451075e-172	9.9999994040e-01	1.0000000000e+00	8.0503451075e-172	8.0503451075e-172	8.0503451075e-172	8.0503451075e-172	1.9206094919e-77	3.9336384221e-57	4.9365023245e-07	8.0503451075e-172	4.8029626325e-48	1.5482475317e-47	2.7318252449e-33	5.2325853028e-154	1.0000000000e+00	1.4615690768e-03	0.0000000000e+00	9.5849758871e-88	5.5237584836e-13	3.2501602539e-57	1.4071392357e-48	1.0000000000e+00	1.0000000000e+00	1.0000000000e+00	1.0000000000e+00	1.0000000000e+00	1.0980412756e-146	8.0503451075e-172	8.0503451075e-172	8.0503451075e-172	3.3022883379e-58	8.4905047907e-95	8.0503451075e-172	2.3257895990e-64	1.0000000000e+00	1.0000000000e+00	1.0000000000e+00	1.0000000000e+00	1.0000000000e+00	1.0000000000e+00	1.0000000000e+00	1.0000000000e+00	1.0000000000e+00	1.0000000000e+00	1.0000000000e+00	7.2130757971e-71	8.0503451075e-172	3.9496750644e-149	2.1879803598e-157	8.0503451075e-172	5.1895096489e-147	8.0503451075e-172	1.0000000000e+00	8.0503451075e-172	1.3676267867e-88	1.2852928259e-131	8.0503451075e-172	8.0503451075e-172	1.5978914055e-62	3.8720747503e-168	1.0000000000e+00	1.0000000000e+00	3.7416835501e-50	1.0000000000e+00	1.0000000000e+00	1.0000000000e+00	8.0503451075e-172	8.0503451075e-172	8.0503451075e-172	1.0063783854e-93	8.0503451075e-172	8.0503451075e-172	8.0503451075e-172	8.0503451075e-172	8.0503451075e-172	8.0503451075e-172	7.9709232897e-111	1.2036938814e-02	1.0000000000e+00	1.0000000000e+00	1.0000000000e+00	1.0000000000e+00	1.0000000000e+00	1.0000000000e+00	1.0000000000e+00	1.0000000000e+00	1.0000000000e+00	1.0000000000e+00	4.0163792034e-94	1.0000000000e+00	1.0000000000e+00	1.0000000000e+00	1.0000000000e+00	1.0000000000e+00	1.0000000000e+00	1.0000000000e+00	1.0000000000e+00	1.0000000000e+00	1.0000000000e+00	1.0000000000e+00	1.0000000000e+00	1.0000000000e+00	1.0000000000e+00	1.0000000000e+00	1.0000000000e+00	1.0000000000e+00	1.0000000000e+00	2.8869261870e-77	1.9418627682e-48	2.6047737445e-128	1.6416170423e-17	1.0000000000e+00	1.5304068341e-74	4.2195784162e-53	1.0000000000e+00	1.0000000000e+00	1.0000000000e+00	1.0000000000e+00	2.4779744865e-53	1.2288015250e-69	1.7482768525e-18	4.2571538534e-06	5.5027420916e-98	3.3121060633e-107	6.6389255284e-48	1.1562764850e-59	5.6213306671e-100	1.5924326277e-135	4.1728365020e-62	8.0503451075e-172	8.0503451075e-172	6.2170584817e-153	9.5460207961e-54	1.0000000000e+00	6.4806616196e-06	1.3858599551e-06	1.7750857838e-03	8.0503451075e-172	1.0000000000e+00	8.0503451075e-172	8.0503451075e-172	8.0503451075e-172	8.0503451075e-172	1.9375547275e-144	1.0502197214e-145	2.4043110408e-95	3.4905994606e-72	3.7943043669e-155	8.0394342752e-40	1.7235319789e-03	9.9453333812e-05	3.0884609327e-70	2.0373562896e-135	1.3002370642e-23	8.0503451075e-172	1.0000000000e+00	8.0503451075e-172	8.0503451075e-172	8.0503451075e-172	8.0503451075e-172	8.0503451075e-172	8.0503451075e-172	6.5760837995e-140	8.0503451075e-172	8.0503451075e-172	8.0503451075e-172	1.0000000000e+00	1.0000000000e+00	8.0503451075e-172	1.0000000000e+00	8.0503451075e-172	8.0503451075e-172	8.0503451075e-172	1.5907537052e-107	1.6906105827e-30	8.0503451075e-172	8.0503451075e-172	8.0503451075e-172	1.0000000000e+00	1.5578783241e-90	5.4125183556e-142	8.0503451075e-172	1.2334228998e-141	5.2095663756e-78	8.0503451075e-172	8.0503451075e-172	1.0769650717e-133	1.2828645153e-08	1.0518912526e-84	8.0503451075e-172	8.0503451075e-172	1.3268150518e-71	5.4125183556e-142	8.0503451075e-172	8.0503451075e-172
2.2775618800e-04	1.9079679679e+02	3.4328331789e+18	8.6460030228e+15	2.4183674607e+03	1.1566038057e-171	9.9999994040e-01	1.0000000000e+00	1.1566038057e-171	1.1566038057e-171	1.1566038057e-171	1.1566038057e-171	2.6665410255e-77	5.4068306072e-57	4.9361931369e-07	1.1566038057e-171	6.7593109961e-48	2.1781252954e-47	3.8651623523e-33	7.0412499009e-154	1.0000000000e+00	1.4614775345e-03	0.0000000000e+00	9.9615980252e-88	6.3930313668e-13	3.9834878721e-57	1.6038141201e-48	1.0000000000e+00	1.0000000000e+00	1.0000000000e+00	1.0000000000e+00	1.0000000000e+00	1.7195639369e-146	1.1566038057e-171	1.1566038057e-171	1.1566038057e-171	5.3692109578e-58	1.4672238215e-94	1.1566038057e-171	2.6339744335e-64	1.0000000000e+00	1.0000000000e+00	1.0000000000e+00	1.0000000000e+00	1.0000000000e+00	1.0000000000e+00	1.0000000000e+00	1.0000000000e+00	1.0000000000e+00	1.0000000000e+00	1.0000000000e+00	8.7896019549e-71	1.1566038057e-171	7.1966271480e-149	3.6808261406e-157	1.1566038057e-171	1.0213861196e-146	1.1566038057e-171	1.0000000000e+00	1.1566038057e-171	1.4207671653e-88	1.4145507041e-131	1.1566038057e-171	1.1566038057e-171	1.6784852510e-62	4.1963572350e-168	1.0000000000e+00	1.0000000000e+00	2.9767045024e-50	1.0000000000e+00	1.0000000000e+00	1.0000000000e+00	1.1566038057e-171	1.1566038057e-171	1.1566038057e-171	1.6117827217e-93	1.1566038057e-171	1.1566038057e-171	1.1566038057e-171	1.1566038057e-171	1.1566038057e-171	1.1566038057e-171	8.8476280367e-111	6.8220044900e-03	1.0000000000e+00	1.0000000000e+00	1.0000000000e+00	1.0000000000e+00	1.0000000000e+00	1.0000000000e+00	1.0000000000e+00	1.0000000000e+00	1.0000000000e+00	1.0000000000e+00	5.2316448258e-94	1.0000000000e+00	1.0000000000e+00	1.0000000000e+00	1.0000000000e+00	1.0000000000e+00	1.0000000000e+00	1.0000000000e+00	1.0000000000e+00	1.0000000000e+00	1.0000000000e+00	1.0000000000e+00	1.0000000000e+00	1.0000000000e+00	1.0000000000e+00	1.0000000000e+00	1.0000000000e+00	1.0000000000e+00	1.0000000000e+00	2.2706665857e-77	2.5786846363e-48	3.0982686084e-128	1.5419150336e-17	1.0000000000e+00	1.2050888647e-74	2.5273328637e-53	1.0000000000e+00	1.0000000000e+00	1.0000000000e+00	1.0000000000e+00	3.6791752178e-53	1.9553787142e-69	1.8764063604e-18	4.2568872154e-06	8.6605938027e-98	4.8129080989e-107	7.6013283880e-48	1.2195342657e-59	8.1892581729e-100	2.3204080941e-135	4.3841626051e-62	1.1566038057e-171	1.1566038057e-171	6.7805689693e-153	7.5820393158e-54	1.0000000000e+00	6.4802557168e-06	1.3857731546e-06	1.7749746050e-03	1.1566038057e-171	1.0000000000e+00	1.1566038057e-171	1.1566038057e-171	1.1566038057e-171	1.1566038057e-171	3.2780165689e-144	1.6454294125e-145	2.6864235178e-95	3.6511230607e-72	4.1329709259e-155	1.2232526887e-39	1.7234240291e-03	9.9447104759e-05	3.2377851886e-70	2.2423344169e-135	1.4999923876e-23	1.1566038057e-171	1.0000000000e+00	1.1566038057e-171	1.1566038057e-171	1.1566038057e-171	1.1566038057e-171	1.1566038057e-171	1.1566038057e-171	7.2105358961e-140	1.1566038057e-171	1.1566038057e-171	1.1566038057e-171	1.0000000000e+00	1.0000000000e+00	1.1566038057e-171	1.0000000000e+00	1.1566038057e-171	1.1566038057e-171	1.1566038057e-171	1.6393714948e-107	1.2567906509e-30	1.1566038057e-171	1.1566038057e-171	1.1566038057e-171	1.0000000000e+00	1.0696481334e-90	6.3989707479e-142	1.1566038057e-171	1.3517185874e-141	4.0946608614e-78	1.1566038057e-171	1.1566038057e-171	8.2715099292e-134	5.0666674497e-09	5.7577074556e-85	1.1566038057e-171	1.1566038057e-171	8.5072167007e-72	6.3989707479e-142	1.1566038057e-171	1.1566038057e-171
1.5849685500e-04	1.9077250497e+02	2.3891384004e+18	6.0175698996e+15	2.4182701232e+03	1.6618003890e-171	9.9999994040e-01	1.0000000000e+00	1.6618003890e-171	1.6618003890e-171	1.6618003890e-171	1.6618003890e-171	3.7410707807e-77	7.5325648637e-57	4.9360072161e-07	1.6618003890e-171	9.5729926913e-48	3.0840624869e-47	5.4945206601e-33	9.6659206914e-154	1.0000000000e+00	1.4614224882e-03	0.0000000000e+00	1.0232585416e-87	7.0779739655e-13	4.5898308023e-57	1.7567965402e-48	1.0000000000e+00	1.0000000000e+00	1.0000000000e+00	1.0000000000e+00	1.0000000000e+00	2.6234849440e-146	1.6618003890e-171	1.6618003890e-171	1.6618003890e-171	8.4085120830e-58	2.3973805728e-94	1.6618003890e-171	2.8724065194e-64	1.0000000000e+00	1.0000000000e+00	1.0000000000e+00	1.0000000000e+00	1.0000000000e+00	1.0000000000e+00	1.0000000000e+00	1.0000000000e+00	1.0000000000e+00	1.0000000000e+00	1.0000000000e+00	1.0086823256e-70	1.6618003890e-171	1.2200853086e-148	5.9028970623e-157	1.6618003890e-171	1.8271652032e-146	1.6618003890e-171	1.0000000000e+00	1.6618003890e-171	1.4589891508e-88	1.5121688137e-131	1.6618003890e-171	1.6618003890e-171	1.7370000233e-62	4.4380978070e-168	1.0000000000e+00	1.0000000000e+00	2.2738394285e-50	1.0000000000e+00	1.0000000000e+00	1.0000000000e+00	1.6618003890e-171	1.6618003890e-171	1.6618003890e-171	2.4977763713e-93	1.6618003890e-171	1.6618003890e-171	1.6618003890e-171	1.6618003890e-171	1.6618003890e-171	1.6618003890e-171	9.5145127216e-111	3.6861556355e-03	1.0000000000e+00	1.0000000000e+00	1.0000000000e+00	1.0000000000e+00	1.0000000000e+00	1.0000000000e+00	1.0000000000e+00	1.0000000000e+00	1.0000000000e+00	1.0000000000e+00	6.2890878175e-94	1.0000000000e+00	1.0000000000e+00	1.0000000000e+00	1.0000000000e+00	1.0000000000e+00	1.0000000000e+00	1.0000000000e+00	1.0000000000e+00	1.0000000000e+00	1.0000000000e+00	1.0000000000e+00	1.0000000000e+00	1.0000000000e+00	1.0000000000e+00	1.0000000000e+00	1.0000000000e+00	1.0000000000e+00	1.0000000000e+00	1.7207967044e-77	3.1418164488e-48	3.4961680246e-128	1.3222359566e-17	1.0000000000e+00	9.1398618521e-75	1.4191750489e-53	1.0000000000e+00	1.0000000000e+00	1.0000000000e+00	1.0000000000e+00	5.4085861179e-53	3.0166347123e-69	1.9711543589e-18	4.2567268806e-06	1.3258986226e-97	6.9699445211e-107	8.3528516367e-48	1.2656277294e-59	1.1880475753e-99	3.3668966473e-135	4.5376203199e-62	1.6618003890e-171	1.6618003890e-171	7.2028999334e-153	5.7852100514e-54	1.0000000000e+00	6.4800116392e-06	1.3857209597e-06	1.7749077509e-03	1.6618003890e-171	1.0000000000e+00	1.6618003890e-171	1.6618003890e-171	1.6618003890e-171	1.6618003890e-171	5.2776538051e-144	2.5111831194e-145	2.9022163763e-95	3.7672525336e-72	4.3865176176e-155	1.8292275685e-39	1.7233591167e-03	9.9443359103e-05	3.3460388089e-70	2.3971573487e-135	1.6569709351e-23	1.6618003890e-171	1.0000000000e+00	1.6618003890e-171	1.6618003890e-171	1.6618003890e-171	1.6618003890e-171	1.6618003890e-171	1.6618003890e-171	7.6881837503e-140	1.6618003890e-171	1.6618003890e-171	1.6618003890e-171	1.0000000000e+00	1.0000000000e+00	1.6618003890e-171	1.0000000000e+00	1.6618003890e-171	1.6618003890e-171	1.6618003890e-171	1.6741040115e-107	9.1575322788e-31	1.6618003890e-171	1.6618003890e-171	1.6618003890e-171	1.0000000000e+00	6.6057306309e-91	7.1902834691e-142	1.6618003890e-171	1.4407384920e-141	3.1015892720e-78	1.6618003890e-171	1.6618003890e-171	6.1654391224e-134	1.9069926229e-09	3.0365721613e-85	1.6618003890e-171	1.6618003890e-171	5.0091401590e-72	7.1902834691e-142	1.6618003890e-171	1.6618003890e-171
1.1029888300e-04	1.9075559542e+02	1.6627258411e+18	4.1880330990e+15	2.4182155059e+03	2.3877557230e-171	9.9999994040e-01	1.0000000000e+00	2.3877557230e-171	2.3877557230e-171	2.3877557230e-171	2.3877557230e-171	5.2869518818e-77	1.0593154567e-56	4.9359028935e-07	2.3877557230e-171	1.3617900198e-47	4.3864430007e-47	7.8364236965e-33	1.3454580903e-153	1.0000000000e+00	1.4613916010e-03	0.0000000000e+00	1.0425601768e-87	7.5977451982e-13	5.0656968512e-57	1.8718468956e-48	1.0000000000e+00	1.0000000000e+00	1.0000000000e+00	1.0000000000e+00	1.0000000000e+00	3.9304121621e-146	2.3877557230e-171	2.3877557230e-171	2.3877557230e-171	1.2828622637e-57	3.7673077601e-94	2.3877557230e-171	3.0510466645e-64	1.0000000000e+00	1.0000000000e+00	1.0000000000e+00	1.0000000000e+00	1.0000000000e+00	1.0000000000e+00	1.0000000000e+00	1.0000000000e+00	1.0000000000e+00	1.0000000000e+00	1.0000000000e+00	1.1101455050e-70	2.3877557230e-171	1.9671553835e-148	9.1559895374e-157	2.3877557230e-171	3.0582113394e-146	2.3877557230e-171	1.0000000000e+00	2.3877557230e-171	1.4862067942e-88	1.5840863286e-131	2.3877557230e-171	2.3877557230e-171	1.7789413644e-62	4.6145861518e-168	1.0000000000e+00	1.0000000000e+00	1.6884570843e-50	1.0000000000e+00	1.0000000000e+00	1.0000000000e+00	2.3877557230e-171	2.3877557230e-171	2.3877557230e-171	3.7830178817e-93	2.3877557230e-171	2.3877557230e-171	2.3877557230e-171	2.3877557230e-171	2.3877557230e-171	2.3877557230e-171	1.0008293019e-110	1.9265876933e-03	1.0000000000e+00	1.0000000000e+00	1.0000000000e+00	1.0000000000e+00	1.0000000000e+00	1.0000000000e+00	1.0000000000e+00	1.0000000000e+00	1.0000000000e+00	1.0000000000e+00	7.1491185389e-94	1.0000000000e+00	1.0000000000e+00	1.0000000000e+00	1.0000000000e+00	1.0000000000e+00	1.0000000000e+00	1.0000000000e+00	1.0000000000e+00	1.0000000000e+00	1.0000000000e+00	1.0000000000e+00	1.0000000000e+00	1.0000000000e+00	1.0000000000e+00	1.0000000000e+00	1.0000000000e+00	1.0000000000e+00	1.0000000000e+00	1.2707473592e-77	3.6050143411e-48	3.8030043729e-128	1.0641626508e-17	1.0000000000e+00	6.7531911579e-75	7.6188026089e-54	1.0000000000e+00	1.0000000000e+00	1.0000000000e+00	1.0000000000e+00	7.8960867106e-53	4.5545271962e-69	2.0399440150e-18	4.2566369145e-06	1.9911912095e-97	1.0069869641e-106	8.9195957982e-48	1.2987518142e-59	1.7185522917e-99	4.8709608358e-135	4.6476261380e-62	2.3877557230e-171	2.3877557230e-171	7.5123854962e-153	4.2924725909e-54	1.0000000000e+00	6.4798746839e-06	1.3856916725e-06	1.7748702381e-03	2.3877557230e-171	1.0000000000e+00	2.3877557230e-171	2.3877557230e-171	2.3877557230e-171	2.3877557230e-171	8.2086446173e-144	3.7630032818e-145	3.0626170540e-95	3.8502819760e-72	4.5721787488e-155	2.7025020675e-39	1.7233226934e-03	9.9441257364e-05	3.4235580100e-70	2.5112349621e-135	1.7758780086e-23	2.3877557230e-171	1.0000000000e+00	2.3877557230e-171	2.3877557230e-171	2.3877557230e-171	2.3877557230e-171	2.3877557230e-171	2.3877557230e-171	8.0393078706e-140	2.3877557230e-171	2.3877557230e-171	2.3877557230e-171	1.0000000000e+00	1.0000000000e+00	2.3877557230e-171	1.0000000000e+00	2.3877557230e-171	2.3877557230e-171	2.3877557230e-171	1.6987201513e-107	6.5800561348e-31	2.3877557230e-171	2.3877557230e-171	2.3877557230e-171	1.0000000000e+00	3.7890578019e-91	7.7983241543e-142	2.3877557230e-171	1.5061579466e-141	2.2896432906e-78	2.3877557230e-171	2.3877557230e-171	4.5007279280e-134	6.9406983413e-10	1.5605181559e-85	2.3877557230e-171	2.3877557230e-171	2.7794458351e-72	7.7983241543e-142	2.3877557230e-171	2.3877557230e-171
7.6757634000e-05	1.9074382567e+02	1.1571582402e+18	2.9146564207e+15	2.4181862441e+03	3.4309361230e-171	9.9999994040e-01	1.0000000000e+00	3.4309361230e-171	3.4309361230e-171	3.4309361230e-171	3.4309361230e-171	7.5095895126e-77	1.4995223582e-56	4.9358470014e-07	3.4309361230e-171	1.9431533842e-47	6.2583311526e-47	1.1202075170e-32	1.8910309742e-153	1.0000000000e+00	1.4613750528e-03	0.0000000000e+00	1.0562114766e-87	7.9819527668e-13	5.4258008655e-57	1.9563580987e-48	1.0000000000e+00	1.0000000000e+00	1.0000000000e+00	1.0000000000e+00	1.0000000000e+00	5.8142650836e-146	3.4309361230e-171	3.4309361230e-171	3.4309361230e-171	1.9219286650e-57	5.7613219338e-94	3.4309361230e-171	3.1819249400e-64	1.0000000000e+00	1.0000000000e+00	1.0000000000e+00	1.0000000000e+00	1.0000000000e+00	1.0000000000e+00	1.0000000000e+00	1.0000000000e+00	1.0000000000e+00	1.0000000000e+00	1.0000000000e+00	1.1867447827e-70	3.4309361230e-171	3.0626316733e-148	1.3875872369e-156	3.4309361230e-171	4.8868595028e-146	3.4309361230e-171	1.0000000000e+00	3.4309361230e-171	1.5054534541e-88	1.6361611526e-131	3.4309361230e-171	3.4309361230e-171	1.8087351021e-62	4.7415748448e-168	1.0000000000e+00	1.0000000000e+00	1.2292995523e-50	1.0000000000e+00	1.0000000000e+00	1.0000000000e+00	3.4309361230e-171	3.4309361230e-171	3.4309361230e-171	5.6387734057e-93	3.4309361230e-171	3.4309361230e-171	3.4309361230e-171	3.4309361230e-171	3.4309361230e-171	3.4309361230e-171	1.0367087191e-110	9.8387973079e-04	1.0000000000e+00	1.0000000000e+00	1.0000000000e+00	1.0000000000e+00	1.0000000000e+00	1.0000000000e+00	1.0000000000e+00	1.0000000000e+00	1.0000000000e+00	1.0000000000e+00	7.8163385496e-94	1.0000000000e+00	1.0000000000e+00	1.0000000000e+00	1.0000000000e+00	1.0000000000e+00	1.0000000000e+00	1.0000000000e+00	1.0000000000e+00	1.0000000000e+00	1.0000000000e+00	1.0000000000e+00	1.0000000000e+00	1.0000000000e+00	1.0000000000e+00	1.0000000000e+00	1.0000000000e+00	1.0000000000e+00	1.0000000000e+00	9.2162820221e-78	3.9672096556e-48	4.0323683376e-128	8.1944369075e-18	1.0000000000e+00	4.8997338712e-75	3.9640585407e-54	1.0000000000e+00	1.0000000000e+00	1.0000000000e+00	1.0000000000e+00	1.1472259108e-52	6.7739001683e-69	2.0892510805e-18	4.2565887142e-06	2.9504947945e-97	1.4524621599e-106	9.3367141923e-48	1.3223259740e-59	2.4809370678e-99	7.0324651328e-135	4.7257769064e-62	3.4309361230e-171	3.4309361230e-171	7.7356496368e-153	3.1234694419e-54	1.0000000000e+00	6.4798013087e-06	1.3856759815e-06	1.7748501403e-03	3.4309361230e-171	1.0000000000e+00	3.4309361230e-171	3.4309361230e-171	3.4309361230e-171	3.4309361230e-171	1.2463935868e-143	5.5674797245e-145	3.1794843693e-95	3.9091605860e-72	4.7060457381e-155	3.9591754093e-39	1.7233031792e-03	9.9440131334e-05	3.4785922964e-70	2.5938482989e-135	1.8636629742e-23	3.4309361230e-171	1.0000000000e+00	3.4309361230e-171	3.4309361230e-171	3.4309361230e-171	3.4309361230e-171	3.4309361230e-171	3.4309361230e-171	8.2931657993e-140	3.4309361230e-171	3.4309361230e-171	3.4309361230e-171	1.0000000000e+00	1.0000000000e+00	3.4309361230e-171	1.0000000000e+00	3.4309361230e-171	3.4309361230e-171	3.4309361230e-171	1.7160699549e-107	4.6822754714e-31	3.4309361230e-171	3.4309361230e-171	3.4309361230e-171	1.0000000000e+00	2.0644552080e-91	8.2517127643e-142	3.4309361230e-171	1.5534452198e-141	1.6602085815e-78	3.4309361230e-171	3.4309361230e-171	3.2381053786e-134	2.4677874729e-10	7.8762479112e-86	3.4309361230e-171	3.4309361230e-171	1.4797803862e-72	8.2517127643e-142	3.4309361230e-171	3.4309361230e-171
5.3416083800e-05	1.9073563391e+02	8.0530276829e+17	2.0284134632e+15	2.4181710509e+03	4.9299613622e-171	9.9999994040e-01	1.0000000000e+00	4.9299613622e-171	4.9299613622e-171	4.9299613622e-171	4.9299613622e-171	1.0704325342e-76	2.1323692756e-56	4.9358179815e-07	4.9299613622e-171	2.7786423761e-47	8.9484680122e-47	1.6038713275e-32	2.6757902930e-153	1.0000000000e+00	1.4613664608e-03	0.0000000000e+00	1.0658191669e-87	8.2608006199e-13	5.6914642847e-57	2.0174263028e-48	1.0000000000e+00	1.0000000000e+00	1.0000000000e+00	1.0000000000e+00	1.0000000000e+00	8.5255009457e-146	4.9299613622e-171	4.9299613622e-171	4.9299613622e-171	2.8430932114e-57	8.6455886674e-94	4.9299613622e-171	3.2763257277e-64	1.0000000000e+00	1.0000000000e+00	1.0000000000e+00	1.0000000000e+00	1.0000000000e+00	1.0000000000e+00	1.0000000000e+00	1.0000000000e+00	1.0000000000e+00	1.0000000000e+00	1.0000000000e+00	1.2431621039e-70	4.9299613622e-171	4.6534200103e-148	2.0691546568e-156	4.9299613622e-171	7.5609667120e-146	4.9299613622e-171	1.0000000000e+00	4.9299613622e-171	1.5189974906e-88	1.6734162737e-131	4.9299613622e-171	4.9299613622e-171	1.8297677994e-62	4.8320255042e-168	1.0000000000e+00	1.0000000000e+00	8.8280184115e-51	1.0000000000e+00	1.0000000000e+00	1.0000000000e+00	4.9299613622e-171	4.9299613622e-171	4.9299613622e-171	8.3118838885e-93	4.9299613622e-171	4.9299613622e-171	4.9299613622e-171	4.9299613622e-171	4.9299613622e-171	4.9299613622e-171	1.0624399984e-110	4.9441204919e-04	1.0000000000e+00	1.0000000000e+00	1.0000000000e+00	1.0000000000e+00	1.0000000000e+00	1.0000000000e+00	1.0000000000e+00	1.0000000000e+00	1.0000000000e+00	1.0000000000e+00	8.3171939547e-94	1.0000000000e+00	1.0000000000e+00	1.0000000000e+00	1.0000000000e+00	1.0000000000e+00	1.0000000000e+00	1.0000000000e+00	1.0000000000e+00	1.0000000000e+00	1.0000000000e+00	1.0000000000e+00	1.0000000000e+00	1.0000000000e+00	1.0000000000e+00	1.0000000000e+00	1.0000000000e+00	1.0000000000e+00	1.0000000000e+00	6.6008218836e-78	4.2405933113e-48	4.2001393899e-128	6.1188447510e-18	1.0000000000e+00	3.5101924743e-75	2.0180195277e-54	1.0000000000e+00	1.0000000000e+00	1.0000000000e+00	1.0000000000e+00	1.6612331846e-52	9.9699155053e-69	2.1242784957e-18	4.2565636879e-06	4.3313607346e-97	2.0926164338e-106	9.6385395680e-48	1.3389901432e-59	3.5765105194e-99	1.0138635104e-134	4.7809500278e-62	4.9299613622e-171	4.9299613622e-171	7.8949630911e-153	2.2422143448e-54	1.0000000000e+00	6.4797632112e-06	1.3856678345e-06	1.7748397052e-03	4.9299613622e-171	1.0000000000e+00	4.9299613622e-171	4.9299613622e-171	4.9299613622e-171	4.9299613622e-171	1.8610786496e-143	8.1645185145e-145	3.2634550810e-95	3.9506751246e-72	4.8015338924e-155	5.7662654922e-39	1.7232930472e-03	9.9439546684e-05	3.5174286504e-70	2.6529576025e-135	1.9273205611e-23	4.9299613622e-171	1.0000000000e+00	4.9299613622e-171	4.9299613622e-171	4.9299613622e-171	4.9299613622e-171	4.9299613622e-171	4.9299613622e-171	8.4745865669e-140	4.9299613622e-171	4.9299613622e-171	4.9299613622e-171	1.0000000000e+00	1.0000000000e+00	4.9299613622e-171	1.0000000000e+00	4.9299613622e-171	4.9299613622e-171	4.9299613622e-171	1.7282511930e-107	3.3093542602e-31	4.9299613622e-171	4.9299613622e-171	4.9299613622e-171	1.0000000000e+00	1.0852425039e-91	8.5827748070e-142	4.9299613622e-171	1.5872342677e-141	1.1888692987e-78	4.9299613622e-171	4.9299613622e-171	2.3062432119e-134	8.6326689208e-11	3.9256770220e-86	4.9299613622e-171	4.9299613622e-171	7.6547915303e-73	8.5827748070e-142	4.9299613622e-171	4.9299613622e-171
3.7172563300e-05	1.9072993269e+02	5.6042987484e+17	1.4116269176e+15	2.4181633300e+03	7.0840247345e-171	9.9999994040e-01	1.0000000000e+00	7.0840247345e-171	7.0840247345e-171	7.0840247345e-171	7.0840247345e-171	1.5295679165e-76	3.0419485606e-56	4.9358032341e-07	7.0840247345e-171	3.9792786074e-47	1.2814324828e-46	2.2989042023e-32	3.8040083539e-153	1.0000000000e+00	1.4613620945e-03	0.0000000000e+00	1.0725578546e-87	8.4606141310e-13	5.8840115921e-57	2.0610526524e-48	1.0000000000e+00	1.0000000000e+00	1.0000000000e+00	1.0000000000e+00	1.0000000000e+00	1.2424456588e-145	7.0840247345e-171	7.0840247345e-171	7.0840247345e-171	4.1688233022e-57	1.2803987067e-93	7.0840247345e-171	3.3436787585e-64	1.0000000000e+00	1.0000000000e+00	1.0000000000e+00	1.0000000000e+00	1.0000000000e+00	1.0000000000e+00	1.0000000000e+00	1.0000000000e+00	1.0000000000e+00	1.0000000000e+00	1.0000000000e+00	1.2840052560e-70	7.0840247345e-171	6.9516027080e-148	3.0509611323e-156	7.0840247345e-171	1.1438463545e-145	7.0840247345e-171	1.0000000000e+00	7.0840247345e-171	1.5284962758e-88	1.6998461530e-131	7.0840247345e-171	7.0840247345e-171	1.8445511807e-62	4.8959974906e-168	1.0000000000e+00	1.0000000000e+00	6.2793962081e-51	1.0000000000e+00	1.0000000000e+00	1.0000000000e+00	7.0840247345e-171	7.0840247345e-171	7.0840247345e-171	1.2157679067e-92	7.0840247345e-171	7.0840247345e-171	7.0840247345e-171	7.0840247345e-171	7.0840247345e-171	7.0840247345e-171	1.0807255165e-110	2.4567354608e-04	1.0000000000e+00	1.0000000000e+00	1.0000000000e+00	1.0000000000e+00	1.0000000000e+00	1.0000000000e+00	1.0000000000e+00	1.0000000000e+00	1.0000000000e+00	1.0000000000e+00	8.6846220376e-94	1.0000000000e+00	1.0000000000e+00	1.0000000000e+00	1.0000000000e+00	1.0000000000e+00	1.0000000000e+00	1.0000000000e+00	1.0000000000e+00	1.0000000000e+00	1.0000000000e+00	1.0000000000e+00	1.0000000000e+00	1.0000000000e+00	1.0000000000e+00	1.0000000000e+00	1.0000000000e+00	1.0000000000e+00	1.0000000000e+00	4.6864396079e-78	4.4419175070e-48	4.3210143853e-128	4.4721671900e-18	1.0000000000e+00	2.4926241928e-75	1.0118568289e-54	1.0000000000e+00	1.0000000000e+00	1.0000000000e+00	1.0000000000e+00	2.3999337203e-52	1.4567388904e-68	2.1490067051e-18	4.2565509700e-06	6.3173194106e-97	3.0125151086e-106	9.8543674692e-48	1.3507140366e-59	5.1508552685e-99	1.4602224732e-134	4.8197314106e-62	7.0840247345e-171	7.0840247345e-171	8.0077811031e-153	1.5944705168e-54	1.0000000000e+00	6.4797438507e-06	1.3856636944e-06	1.7748344023e-03	7.0840247345e-171	1.0000000000e+00	7.0840247345e-171	7.0840247345e-171	7.0840247345e-171	7.0840247345e-171	2.7466919733e-143	1.1899280073e-144	3.3232059119e-95	3.9798300470e-72	4.8691368703e-155	8.3639159235e-39	1.7232878983e-03	9.9439249575e-05	3.5447190978e-70	2.6948950994e-135	1.9729087341e-23	7.0840247345e-171	1.0000000000e+00	7.0840247345e-171	7.0840247345e-171	7.0840247345e-171	7.0840247345e-171	7.0840247345e-171	7.0840247345e-171	8.6031965078e-140	7.0840247345e-171	7.0840247345e-171	7.0840247345e-171	1.0000000000e+00	1.0000000000e+00	7.0840247345e-171	1.0000000000e+00	7.0840247345e-171	7.0840247345e-171	7.0840247345e-171	1.7367805853e-107	2.3279947922e-31	7.0840247345e-171	7.0840247345e-171	7.0840247345e-171	1.0000000000e+00	5.5644245765e-92	8.8210090575e-142	7.0840247345e-171	1.6111849846e-141	8.4397550907e-79	7.0840247345e-171	7.0840247345e-171	1.6310230043e-134	2.9858103831e-11	1.9395981281e-86	7.0840247345e-171	7.0840247345e-171	3.8811905808e-73	8.8210090575e-142	7.0840247345e-171	7.0840247345e-171
2.5868602900e-05	1.9072596491e+02	3.9001390965e+17	9.8237981490e+14	2.4181594640e+03	1.0179362247e-170	9.9999994040e-01	1.0000000000e+00	1.0179362247e-170	1.0179362247e-170	1.0179362247e-170	1.0179362247e-170	2.1893757087e-76	4.3491259878e-56	4.9357958497e-07	1.0179362247e-170	5.7046049658e-47	1.8369604179e-46	3.2976635219e-32	5.4256009027e-153	1.0000000000e+00	1.4613599082e-03	0.0000000000e+00	1.0772730301e-87	8.6025274843e-13	6.0218537264e-57	2.0919716523e-48	1.0000000000e+00	1.0000000000e+00	1.0000000000e+00	1.0000000000e+00	1.0000000000e+00	1.8029264359e-145	1.0179362247e-170	1.0179362247e-170	1.0179362247e-170	6.0753153461e-57	1.8789403254e-93	1.0179362247e-170	3.3913711599e-64	1.0000000000e+00	1.0000000000e+00	1.0000000000e+00	1.0000000000e+00	1.0000000000e+00	1.0000000000e+00	1.0000000000e+00	1.0000000000e+00	1.0000000000e+00	1.0000000000e+00	1.0000000000e+00	1.3132209563e-70	1.0179362247e-170	1.0262922151e-147	4.4635173954e-156	1.0179362247e-170	1.7035943064e-145	1.0179362247e-170	1.0000000000e+00	1.0179362247e-170	1.5351423514e-88	1.7184870061e-131	1.0179362247e-170	1.0179362247e-170	1.8549106727e-62	4.9410204138e-168	1.0000000000e+00	1.0000000000e+00	4.4369358905e-51	1.0000000000e+00	1.0000000000e+00	1.0000000000e+00	1.0179362247e-170	1.0179362247e-170	1.0179362247e-170	1.7687256848e-92	1.0179362247e-170	1.0179362247e-170	1.0179362247e-170	1.0179362247e-170	1.0179362247e-170	1.0179362247e-170	1.0936374359e-110	1.2112461451e-04	1.0000000000e+00	1.0000000000e+00	1.0000000000e+00	1.0000000000e+00	1.0000000000e+00	1.0000000000e+00	1.0000000000e+00	1.0000000000e+00	1.0000000000e+00	1.0000000000e+00	8.9498852426e-94	1.0000000000e+00	1.0000000000e+00	1.0000000000e+00	1.0000000000e+00	1.0000000000e+00	1.0000000000e+00	1.0000000000e+00	1.0000000000e+00	1.0000000000e+00	1.0000000000e+00	1.0000000000e+00	1.0000000000e+00	1.0000000000e+00	1.0000000000e+00	1.0000000000e+00	1.0000000000e+00	1.0000000000e+00	1.0000000000e+00	3.3070806686e-78	4.5876510620e-48	4.4071890755e-128	3.2202659507e-18	1.0000000000e+00	1.7591985167e-75	5.0202388929e-55	1.0000000000e+00	1.0000000000e+00	1.0000000000e+00	1.0000000000e+00	3.4614879857e-52	2.1177303525e-68	2.1663881968e-18	4.2565446019e-06	9.1722881687e-97	4.3343962974e-106	1.0007432866e-47	1.3589350500e-59	7.4131736612e-99	2.1016364521e-134	4.8469083008e-62	1.0179362247e-170	1.0179362247e-170	8.0872512005e-153	1.1264230277e-54	1.0000000000e+00	6.4797341565e-06	1.3856616213e-06	1.7748317470e-03	1.0179362247e-170	1.0000000000e+00	1.0179362247e-170	1.0179362247e-170	1.0179362247e-170	1.0179362247e-170	4.0209619212e-143	1.7268077463e-144	3.3654362459e-95	4.0002484139e-72	4.9167486900e-155	1.2097314727e-38	1.7232853201e-03	9.9439100806e-05	3.5638398687e-70	2.7244753245e-135	2.0052736368e-23	1.0179362247e-170	1.0000000000e+00	1.0179362247e-170	1.0179362247e-170	1.0179362247e-170	1.0179362247e-170	1.0179362247e-170	1.0179362247e-170	8.6938576503e-140	1.0179362247e-170	1.0179362247e-170	1.0179362247e-170	1.0000000000e+00	1.0000000000e+00	1.0179362247e-170	1.0000000000e+00	1.0179362247e-170	1.0179362247e-170	1.0179362247e-170	1.7427417716e-107	1.6322829896e-31	1.0179362247e-170	1.0179362247e-170	1.0179362247e-170	1.0000000000e+00	2.8039902303e-92	8.9907091524e-142	1.0179362247e-170	1.6280673715e-141	5.9552131519e-79	1.0179362247e-170	1.0179362247e-170	1.1478512453e-134	1.0246002057e-11	9.5250042260e-87	1.0179362247e-170	1.0179362247e-170	1.9406061587e-73	8.9907091524e-142	1.0179362247e-170	1.0179362247e-170
1.8002111200e-05	1.9072320358e+02	2.7141666646e+17	6.8365372427e+14	2.4181575479e+03	1.4627288121e-170	9.9999994040e-01	1.0000000000e+00	1.4627288121e-170	1.4627288121e-170	1.4627288121e-170	1.4627288121e-170	3.1375323391e-76	6.2276013803e-56	4.9357921898e-07	1.4627288121e-170	8.1838861042e-47	2.6352502157e-46	4.7328663499e-32	7.7560463424e-153	1.0000000000e+00	1.4613588246e-03	0.0000000000e+00	1.0805668449e-87	8.7026963335e-13	6.1196879710e-57	2.1137634494e-48	1.0000000000e+00	1.0000000000e+00	1.0000000000e+00	1.0000000000e+00	1.0000000000e+00	2.6084716829e-145	1.4627288121e-170	1.4627288121e-170	1.4627288121e-170	8.8159226479e-57	2.7397344267e-93	1.4627288121e-170	3.4249641840e-64	1.0000000000e+00	1.0000000000e+00	1.0000000000e+00	1.0000000000e+00	1.0000000000e+00	1.0000000000e+00	1.0000000000e+00	1.0000000000e+00	1.0000000000e+00	1.0000000000e+00	1.0000000000e+00	1.3339454171e-70	1.4627288121e-170	1.5027570534e-147	6.4945494382e-156	1.4627288121e-170	2.5097889722e-145	1.4627288121e-170	1.0000000000e+00	1.4627288121e-170	1.5397848199e-88	1.7315808537e-131	1.4627288121e-170	1.4627288121e-170	1.8621548110e-62	4.9725988079e-168	1.0000000000e+00	1.0000000000e+00	3.1205940488e-51	1.0000000000e+00	1.0000000000e+00	1.0000000000e+00	1.4627288121e-170	1.4627288121e-170	1.4627288121e-170	2.5635427663e-92	1.4627288121e-170	1.4627288121e-170	1.4627288121e-170	1.4627288121e-170	1.4627288121e-170	1.4627288121e-170	1.1027145830e-110	5.9394074140e-05	1.0000000000e+00	1.0000000000e+00	1.0000000000e+00	1.0000000000e+00	1.0000000000e+00	1.0000000000e+00	1.0000000000e+00	1.0000000000e+00	1.0000000000e+00	1.0000000000e+00	9.1392655383e-94	1.0000000000e+00	1.0000000000e+00	1.0000000000e+00	1.0000000000e+00	1.0000000000e+00	1.0000000000e+00	1.0000000000e+00	1.0000000000e+00	1.0000000000e+00	1.0000000000e+00	1.0000000000e+00	1.0000000000e+00	1.0000000000e+00	1.0000000000e+00	1.0000000000e+00	1.0000000000e+00	1.0000000000e+00	1.0000000000e+00	2.3238427324e-78	4.6918886798e-48	4.4681756714e-128	2.2948728746e-18	1.0000000000e+00	1.2362774969e-75	2.4724981683e-55	1.0000000000e+00	1.0000000000e+00	1.0000000000e+00	1.0000000000e+00	4.9869575443e-52	3.0678027382e-68	2.1785686209e-18	4.2565414456e-06	1.3275649971e-96	6.2339141566e-106	1.0115364664e-47	1.3646864903e-59	1.0664087000e-98	3.0233377408e-134	4.8659127918e-62	1.4627288121e-170	1.4627288121e-170	8.1430244095e-153	7.9213608654e-55	1.0000000000e+00	6.4797293517e-06	1.3856605938e-06	1.7748304309e-03	1.4627288121e-170	1.0000000000e+00	1.4627288121e-170	1.4627288121e-170	1.4627288121e-170	1.4627288121e-170	5.8532387506e-143	2.4984341345e-144	3.3951432933e-95	4.0145206293e-72	4.9501592320e-155	1.7462566358e-38	1.7232840423e-03	9.9439027071e-05	3.5772091223e-70	2.7452542881e-135	2.0281118348e-23	1.4627288121e-170	1.0000000000e+00	1.4627288121e-170	1.4627288121e-170	1.4627288121e-170	1.4627288121e-170	1.4627288121e-170	1.4627288121e-170	8.7575176710e-140	1.4627288121e-170	1.4627288121e-170	1.4627288121e-170	1.0000000000e+00	1.0000000000e+00	1.4627288121e-170	1.0000000000e+00	1.4627288121e-170	1.4627288121e-170	1.4627288121e-170	1.7469026064e-107	1.1418704580e-31	1.4627288121e-170	1.4627288121e-170	1.4627288121e-170	1.0000000000e+00	1.3960034109e-92	9.1107370903e-142	1.4627288121e-170	1.6399211728e-141	4.1844211222e-79	1.4627288121e-170	1.4627288121e-170	8.0506127155e-135	3.4967352832e-12	4.6577740535e-87	1.4627288121e-170	1.4627288121e-170	9.6093141134e-74	9.1107370903e-142	1.4627288121e-170	1.4627288121e-170
1.2527773800e-05	1.9072128190e+02	1.8774116977e+17	4.7576339332e+14	2.3941730846e+03	2.1018851262e-170	9.9999994040e-01	1.0000000000e+00	2.1018851262e-170	2.1018851262e-170	2.1018851262e-170	2.1018851262e-170	4.4741018221e-76	8.8755533753e-56	4.9073507137e-07	2.1018851262e-170	1.1678890809e-46	3.7605863742e-46	6.7560716329e-32	1.1041031674e-152	1.0000000000e+00	1.4529380482e-03	0.0000000000e+00	1.0828650923e-87	8.7730956174e-13	6.1887114585e-57	2.1290631110e-48	1.0000000000e+00	1.0000000000e+00	1.0000000000e+00	1.0000000000e+00	1.0000000000e+00	3.7661244679e-145	2.1018851262e-170	2.1018851262e-170	2.1018851262e-170	1.2754829403e-56	3.9771724063e-93	2.1018851262e-170	3.4485391747e-64	1.0000000000e+00	1.0000000000e+00	1.0000000000e+00	1.0000000000e+00	1.0000000000e+00	1.0000000000e+00	1.0000000000e+00	1.0000000000e+00	1.0000000000e+00	1.0000000000e+00	1.0000000000e+00	1.3485611563e-70	2.1018851262e-170	2.1878770597e-147	9.4139556209e-156	2.1018851262e-170	3.6695928522e-145	2.1018851262e-170	1.0000000000e+00	2.1018851262e-170	1.5430239940e-88	1.7407522508e-131	2.1018851262e-170	2.1018851262e-170	1.8672130045e-62	4.9946945811e-168	1.0000000000e+00	1.0000000000e+00	2.1877194077e-51	1.0000000000e+00	1.0000000000e+00	1.0000000000e+00	2.1018851262e-170	2.1018851262e-170	2.1018851262e-170	3.7058373375e-92	2.1018851262e-170	2.1018851262e-170	2.1018851262e-170	2.1018851262e-170	2.1018851262e-170	2.1018851262e-170	1.1090761799e-110	2.9014088884e-05	1.0000000000e+00	1.0000000000e+00	1.0000000000e+00	1.0000000000e+00	1.0000000000e+00	1.0000000000e+00	1.0000000000e+00	1.0000000000e+00	1.0000000000e+00	1.0000000000e+00	9.2734231811e-94	1.0000000000e+00	1.0000000000e+00	1.0000000000e+00	1.0000000000e+00	1.0000000000e+00	1.0000000000e+00	1.0000000000e+00	1.0000000000e+00	1.0000000000e+00	1.0000000000e+00	1.0000000000e+00	1.0000000000e+00	1.0000000000e+00	1.0000000000e+00	1.0000000000e+00	1.0000000000e+00	1.0000000000e+00	1.0000000000e+00	1.6281264966e-78	4.7658265795e-48	4.5111161825e-128	1.6236362401e-18	1.0000000000e+00	8.6621287428e-76	1.2115035923e-55	1.0000000000e+00	1.0000000000e+00	1.0000000000e+00	1.0000000000e+00	7.1376846038e-52	4.4076610514e-68	2.1744843830e-18	4.2320140107e-06	1.9062200015e-96	8.9118333502e-106	1.0132445974e-47	1.3608173543e-59	1.5247220383e-98	4.3478037610e-134	4.8791827836e-62	2.1018851262e-170	2.1018851262e-170	8.1820661910e-153	5.5528415081e-55	1.0000000000e+00	6.4423912588e-06	1.3776760128e-06	1.7646033396e-03	2.1018851262e-170	1.0000000000e+00	2.1018851262e-170	2.1018851262e-170	2.1018851262e-170	2.1018851262e-170	8.4870098811e-143	3.6073430196e-144	3.4159723050e-95	4.0244833115e-72	4.9735449398e-155	2.5027574255e-38	1.7133539764e-03	9.8866030356e-05	3.5658780732e-70	2.7439072969e-135	2.0323812381e-23	2.1018851262e-170	1.0000000000e+00	2.1018851262e-170	2.1018851262e-170	2.1018851262e-170	2.1018851262e-170	2.1018851262e-170	2.1018851262e-170	8.8020962764e-140	2.1018851262e-170	2.1018851262e-170	2.1018851262e-170	1.0000000000e+00	1.0000000000e+00	2.1018851262e-170	1.0000000000e+00	2.1018851262e-170	2.1018851262e-170	2.1018851262e-170	1.7498041695e-107	7.9753128418e-32	2.1018851262e-170	2.1018851262e-170	2.1018851262e-170	5.2031922459e-01	6.8919959873e-93	9.1952140071e-142	2.1018851262e-170	1.6482216329e-141	2.9315694300e-79	2.1018851262e-170	2.1018851262e-170	5.6330114389e-135	1.1888083519e-12	2.2709672342e-87	2.1018851262e-170	2.1018851262e-170	4.7261987691e-74	9.1952140071e-142	2.1018851262e-170	2.1018851262e-170
8.7181506500e-06	1.9071994456e+02	1.3020939189e+17	3.3108883409e+14	2.3808332177e+03	3.0203374353e-170	9.9999994040e-01	1.0000000000e+00	3.0203374353e-170	3.0203374353e-170	3.0203374353e-170	3.0203374353e-170	6.4000159769e-76	1.2691164601e-55	4.8915319559e-07	3.0203374353e-170	1.6714851858e-46	5.3820870544e-46	9.6712864693e-32	1.5774805694e-152	1.0000000000e+00	1.4482545282e-03	0.0000000000e+00	1.0844674053e-87	8.8224246818e-13	6.2372061623e-57	2.1397759722e-48	1.0000000000e+00	1.0000000000e+00	1.0000000000e+00	1.0000000000e+00	1.0000000000e+00	5.4297162621e-145	3.0203374353e-170	3.0203374353e-170	3.0203374353e-170	1.8415448767e-56	5.7556911924e-93	3.0203374353e-170	3.4650415126e-64	1.0000000000e+00	1.0000000000e+00	1.0000000000e+00	1.0000000000e+00	1.0000000000e+00	1.0000000000e+00	1.0000000000e+00	1.0000000000e+00	1.0000000000e+00	1.0000000000e+00	1.0000000000e+00	1.3588271485e-70	3.0203374353e-170	3.1726967083e-147	1.3609677866e-155	3.0203374353e-170	5.3371399542e-145	3.0203374353e-170	1.0000000000e+00	3.0203374353e-170	1.5452822664e-88	1.7471635909e-131	3.0203374353e-170	3.0203374353e-170	1.8707412803e-62	5.0101296994e-168	1.0000000000e+00	1.0000000000e+00	1.5302830772e-51	1.0000000000e+00	1.0000000000e+00	1.0000000000e+00	3.0203374353e-170	3.0203374353e-170	3.0203374353e-170	5.3474004089e-92	3.0203374353e-170	3.0203374353e-170	3.0203374353e-170	3.0203374353e-170	3.0203374353e-170	3.0203374353e-170	1.1135250780e-110	1.4136112341e-05	1.0000000000e+00	1.0000000000e+00	1.0000000000e+00	1.0000000000e+00	1.0000000000e+00	1.0000000000e+00	1.0000000000e+00	1.0000000000e+00	1.0000000000e+00	1.0000000000e+00	9.3679485142e-94	1.0000000000e+00	1.0000000000e+00	1.0000000000e+00	1.0000000000e+00	1.0000000000e+00	1.0000000000e+00	1.0000000000e+00	1.0000000000e+00	1.0000000000e+00	1.0000000000e+00	1.0000000000e+00	1.0000000000e+00	1.0000000000e+00	1.0000000000e+00	1.0000000000e+00	1.0000000000e+00	1.0000000000e+00	1.0000000000e+00	1.1383566708e-78	4.8179689965e-48	4.5412432456e-128	1.1429724433e-18	1.0000000000e+00	6.0566686901e-76	5.9151588690e-56	1.0000000000e+00	1.0000000000e+00	1.0000000000e+00	1.0000000000e+00	1.0236436929e-51	6.3380295428e-68	2.1733695266e-18	4.2183721887e-06	2.7399061799e-96	1.2770261872e-105	1.0152398994e-47	1.3592087074e-59	2.1850717814e-98	6.2510320130e-134	4.8884391750e-62	3.0203374353e-170	3.0203374353e-170	8.2093471120e-153	3.8839031072e-55	1.0000000000e+00	6.4216243250e-06	1.3732350987e-06	1.7589151721e-03	3.0203374353e-170	1.0000000000e+00	3.0203374353e-170	3.0203374353e-170	3.0203374353e-170	3.0203374353e-170	1.2272261509e-142	5.2008886812e-144	3.4305432893e-95	4.0314312695e-72	4.9898850196e-155	3.5926934495e-38	1.7078310103e-03	9.8547337463e-05	3.5608365252e-70	2.7451465431e-135	2.0369726182e-23	3.0203374353e-170	1.0000000000e+00	3.0203374353e-170	3.0203374353e-170	3.0203374353e-170	3.0203374353e-170	3.0203374353e-170	3.0203374353e-170	8.8332538950e-140	3.0203374353e-170	3.0203374353e-170	3.0203374353e-170	1.0000000000e+00	1.0000000000e+00	3.0203374353e-170	1.0000000000e+00	3.0203374353e-170	3.0203374353e-170	3.0203374353e-170	1.7518263100e-107	5.5641402387e-32	3.0203374353e-170	3.0203374353e-170	3.0203374353e-170	2.5352535533e-01	3.3826907423e-93	9.2544661912e-142	3.0203374353e-170	1.6540229872e-141	2.0496458902e-79	3.0203374353e-170	3.0203374353e-170	3.9349060129e-135	4.0309387280e-13	1.1049737185e-87	3.0203374353e-170	3.0203374353e-170	2.3136020724e-74	9.2544661912e-142	3.0203374353e-170	3.0203374353e-170
6.0670117200e-06	1.9071901388e+02	9.0463880070e+16	2.3040776877e+14	2.3743219203e+03	4.3401314346e-170	9.9999994040e-01	1.0000000000e+00	4.3401314346e-170	4.3401314346e-170	4.3401314346e-170	4.3401314346e-170	9.1737384493e-76	1.8186496175e-55	4.8838106917e-07	4.3401314346e-170	2.3967620836e-46	7.7173658122e-46	1.3869749782e-31	2.2592633298e-152	1.0000000000e+00	1.4459684641e-03	0.0000000000e+00	1.0855838971e-87	8.8569176972e-13	6.2711790082e-57	2.1472631357e-48	1.0000000000e+00	1.0000000000e+00	1.0000000000e+00	1.0000000000e+00	1.0000000000e+00	7.8203085322e-145	4.3401314346e-170	4.3401314346e-170	4.3401314346e-170	2.6549976592e-56	8.3116256634e-93	4.3401314346e-170	3.4765725143e-64	1.0000000000e+00	1.0000000000e+00	1.0000000000e+00	1.0000000000e+00	1.0000000000e+00	1.0000000000e+00	1.0000000000e+00	1.0000000000e+00	1.0000000000e+00	1.0000000000e+00	1.0000000000e+00	1.3660176127e-70	4.3401314346e-170	4.5880829075e-147	1.9639254621e-155	4.3401314346e-170	7.7340255611e-145	4.3401314346e-170	1.0000000000e+00	4.3401314346e-170	1.5468558093e-88	1.7516393454e-131	4.3401314346e-170	4.3401314346e-170	1.8732006364e-62	5.0208995548e-168	1.0000000000e+00	1.0000000000e+00	1.0687446200e-51	1.0000000000e+00	1.0000000000e+00	1.0000000000e+00	4.3401314346e-170	4.3401314346e-170	4.3401314346e-170	7.7063664084e-92	4.3401314346e-170	4.3401314346e-170	4.3401314346e-170	4.3401314346e-170	4.3401314346e-170	4.3401314346e-170	1.1166317135e-110	6.8747091345e-06	1.0000000000e+00	1.0000000000e+00	1.0000000000e+00	1.0000000000e+00	1.0000000000e+00	1.0000000000e+00	1.0000000000e+00	1.0000000000e+00	1.0000000000e+00	1.0000000000e+00	9.4342992507e-94	1.0000000000e+00	1.0000000000e+00	1.0000000000e+00	1.0000000000e+00	1.0000000000e+00	1.0000000000e+00	1.0000000000e+00	1.0000000000e+00	1.0000000000e+00	1.0000000000e+00	1.0000000000e+00	1.0000000000e+00	1.0000000000e+00	1.0000000000e+00	1.0000000000e+00	1.0000000000e+00	1.0000000000e+00	1.0000000000e+00	7.9478257340e-79	4.8545925969e-48	4.5623281357e-128	8.0179522152e-19	1.0000000000e+00	4.2287985724e-76	2.8809217560e-56	1.0000000000e+00	1.0000000000e+00	1.0000000000e+00	1.0000000000e+00	1.4699106459e-51	9.1180066070e-68	2.1740440187e-18	4.2117135046e-06	3.9405215115e-96	1.8327038171e-105	1.0173093131e-47	1.3589967335e-59	3.1360834931e-98	8.9859271063e-134	4.8948913087e-62	4.3401314346e-170	4.3401314346e-170	8.2283863021e-153	2.7123874744e-55	1.0000000000e+00	6.4114878159e-06	1.3710674524e-06	1.7561387313e-03	4.3401314346e-170	1.0000000000e+00	4.3401314346e-170	4.3401314346e-170	4.3401314346e-170	4.3401314346e-170	1.7711987954e-142	7.4908247162e-144	3.4407202931e-95	4.0362736187e-72	5.0012881921e-155	5.1623516906e-38	1.7051352056e-03	9.8391780874e-05	3.5597063860e-70	2.7478420157e-135	2.0415356385e-23	4.3401314346e-170	1.0000000000e+00	4.3401314346e-170	4.3401314346e-170	4.3401314346e-170	4.3401314346e-170	4.3401314346e-170	4.3401314346e-170	8.8550023858e-140	4.3401314346e-170	4.3401314346e-170	4.3401314346e-170	1.0000000000e+00	1.0000000000e+00	4.3401314346e-170	1.0000000000e+00	4.3401314346e-170	4.3401314346e-170	4.3401314346e-170	1.7532349511e-107	3.8789480533e-32	4.3401314346e-170	4.3401314346e-170	4.3401314346e-170	1.2330109971e-01	1.6535258040e-93	9.2959265543e-142	4.3401314346e-170	1.6580723520e-141	1.4310037431e-79	4.3401314346e-170	4.3401314346e-170	2.7455440748e-135	1.3642591998e-13	5.3687437021e-88	4.3401314346e-170	4.3401314346e-170	1.1288690706e-74	9.2959265543e-142	4.3401314346e-170	4.3401314346e-170
4.2220687300e-06	1.9071836621e+02	6.2903712178e+16	1.6034265041e+14	2.3711513053e+03	6.2366438216e-170	9.9999994040e-01	1.0000000000e+00	6.2366438216e-170	6.2366438216e-170	6.2366438216e-170	6.2366438216e-170	1.3163892555e-75	2.6091861703e-55	4.8800508947e-07	6.2366438216e-170	3.4401091921e-46	1.1076781470e-45	1.9909440915e-31	3.2400565176e-152	1.0000000000e+00	1.4448552866e-03	0.0000000000e+00	1.0863615601e-87	8.8810014968e-13	6.2949303998e-57	2.1524890286e-48	1.0000000000e+00	1.0000000000e+00	1.0000000000e+00	1.0000000000e+00	1.0000000000e+00	1.1255567630e-144	6.2366438216e-170	6.2366438216e-170	6.2366438216e-170	3.8239344481e-56	1.1984613812e-92	6.2366438216e-170	3.4846197625e-64	1.0000000000e+00	1.0000000000e+00	1.0000000000e+00	1.0000000000e+00	1.0000000000e+00	1.0000000000e+00	1.0000000000e+00	1.0000000000e+00	1.0000000000e+00	1.0000000000e+00	1.0000000000e+00	1.3710440150e-70	6.2366438216e-170	6.6221156871e-147	2.8303908135e-155	6.2366438216e-170	1.1178755985e-144	6.2366438216e-170	1.0000000000e+00	6.2366438216e-170	1.5479518089e-88	1.7547608599e-131	6.2366438216e-170	6.2366438216e-170	1.8749140499e-62	5.0284081310e-168	1.0000000000e+00	1.0000000000e+00	7.4559718676e-52	1.0000000000e+00	1.0000000000e+00	1.0000000000e+00	6.2366438216e-170	6.2366438216e-170	6.2366438216e-170	1.1096199185e-91	6.2366438216e-170	6.2366438216e-170	6.2366438216e-170	6.2366438216e-170	6.2366438216e-170	6.2366438216e-170	1.1187987849e-110	3.3390598183e-06	1.0000000000e+00	1.0000000000e+00	1.0000000000e+00	1.0000000000e+00	1.0000000000e+00	1.0000000000e+00	1.0000000000e+00	1.0000000000e+00	1.0000000000e+00	1.0000000000e+00	9.4807509275e-94	1.0000000000e+00	1.0000000000e+00	1.0000000000e+00	1.0000000000e+00	1.0000000000e+00	1.0000000000e+00	1.0000000000e+00	1.0000000000e+00	1.0000000000e+00	1.0000000000e+00	1.0000000000e+00	1.0000000000e+00	1.0000000000e+00	1.0000000000e+00	1.0000000000e+00	1.0000000000e+00	1.0000000000e+00	1.0000000000e+00	5.5435333470e-79	4.8802437119e-48	4.5770591963e-128	5.6109163736e-19	1.0000000000e+00	2.9496094440e-76	1.4007067285e-56	1.0000000000e+00	1.0000000000e+00	1.0000000000e+00	1.0000000000e+00	2.1118813145e-51	1.3117094869e-67	2.1752295511e-18	4.2084711210e-06	5.6676449774e-96	2.6320681430e-105	1.0190873929e-47	1.3592966758e-59	4.5041509782e-98	1.2915907000e-133	4.8993864783e-62	6.2366438216e-170	6.2366438216e-170	8.2416620348e-153	1.8922083312e-55	1.0000000000e+00	6.4065519382e-06	1.3700119374e-06	1.7547867696e-03	6.2366438216e-170	1.0000000000e+00	6.2366438216e-170	6.2366438216e-170	6.2366438216e-170	6.2366438216e-170	2.5529031091e-142	1.0781442089e-143	3.4478204463e-95	4.0396469202e-72	5.0092392195e-155	7.4203555734e-38	1.7038225089e-03	9.8316034056e-05	3.5600919884e-70	2.7506248218e-135	2.0453904288e-23	6.2366438216e-170	1.0000000000e+00	6.2366438216e-170	6.2366438216e-170	6.2366438216e-170	6.2366438216e-170	6.2366438216e-170	6.2366438216e-170	8.8701691052e-140	6.2366438216e-170	6.2366438216e-170	6.2366438216e-170	1.0000000000e+00	1.0000000000e+00	6.2366438216e-170	1.0000000000e+00	6.2366438216e-170	6.2366438216e-170	6.2366438216e-170	1.7542159157e-107	2.7026954145e-32	6.2366438216e-170	6.2366438216e-170	6.2366438216e-170	5.9889623315e-02	8.0598842244e-94	9.3248890548e-142	6.2366438216e-170	1.6608962195e-141	9.9809872082e-80	6.2366438216e-170	6.2366438216e-170	1.9141445405e-135	4.6113521111e-14	2.6059234818e-88	6.2366438216e-170	6.2366438216e-170	5.4955226463e-75	9.3248890548e-142	6.2366438216e-170	6.2366438216e-170
2.9381621800e-06	1.9071791549e+02	4.3757962684e+16	1.1158364649e+14	2.3696099722e+03	8.9618867230e-170	9.9999994040e-01	1.0000000000e+00	8.9618867230e-170	8.9618867230e-170	8.9618867230e-170	8.9618867230e-170	1.8900719781e-75	3.7457781658e-55	4.8782231422e-07	8.9618867230e-170	4.9401748959e-46	1.5906760243e-45	2.8592964199e-31	4.6501938912e-152	1.0000000000e+00	1.4443141370e-03	0.0000000000e+00	1.0869030754e-87	8.8978003837e-13	6.3115123877e-57	2.1561333039e-48	1.0000000000e+00	1.0000000000e+00	1.0000000000e+00	1.0000000000e+00	1.0000000000e+00	1.6191977297e-144	8.9618867230e-170	8.9618867230e-170	8.9618867230e-170	5.5036858110e-56	1.7262729682e-92	8.9618867230e-170	3.4902309443e-64	1.0000000000e+00	1.0000000000e+00	1.0000000000e+00	1.0000000000e+00	1.0000000000e+00	1.0000000000e+00	1.0000000000e+00	1.0000000000e+00	1.0000000000e+00	1.0000000000e+00	1.0000000000e+00	1.3745528686e-70	8.9618867230e-170	9.5450816846e-147	4.0755014574e-155	8.9618867230e-170	1.6129075536e-144	8.9618867230e-170	1.0000000000e+00	8.9618867230e-170	1.5487149885e-88	1.7569364474e-131	8.9618867230e-170	8.9618867230e-170	1.8761073631e-62	5.0336400791e-168	1.0000000000e+00	1.0000000000e+00	5.1976401882e-52	1.0000000000e+00	1.0000000000e+00	1.0000000000e+00	8.9618867230e-170	8.9618867230e-170	8.9618867230e-170	1.5967346193e-91	8.9618867230e-170	8.9618867230e-170	8.9618867230e-170	8.9618867230e-170	8.9618867230e-170	8.9618867230e-170	1.1203093614e-110	1.6203476525e-06	1.0000000000e+00	1.0000000000e+00	1.0000000000e+00	1.0000000000e+00	1.0000000000e+00	1.0000000000e+00	1.0000000000e+00	1.0000000000e+00	1.0000000000e+00	1.0000000000e+00	9.5132121959e-94	1.0000000000e+00	1.0000000000e+00	1.0000000000e+00	1.0000000000e+00	1.0000000000e+00	1.0000000000e+00	1.0000000000e+00	1.0000000000e+00	1.0000000000e+00	1.0000000000e+00	1.0000000000e+00	1.0000000000e+00	1.0000000000e+00	1.0000000000e+00	1.0000000000e+00	1.0000000000e+00	1.0000000000e+00	1.0000000000e+00	3.8638886080e-79	4.8981746195e-48	4.5873388058e-128	3.9198394626e-19	1.0000000000e+00	2.0559324544e-76	6.8020765327e-57	1.0000000000e+00	1.0000000000e+00	1.0000000000e+00	1.0000000000e+00	3.0348674507e-51	1.8866746935e-67	2.1764060944e-18	4.2068948990e-06	8.1507991324e-96	3.7813462727e-105	1.0204912593e-47	1.3597248218e-59	6.4710761629e-98	1.8563194807e-133	4.9025171654e-62	8.9618867230e-170	8.9618867230e-170	8.2509134399e-153	1.3190516016e-55	1.0000000000e+00	6.4041524569e-06	1.3694988193e-06	1.7541295396e-03	8.9618867230e-170	1.0000000000e+00	8.9618867230e-170	8.9618867230e-170	8.9618867230e-170	8.9618867230e-170	3.6762135021e-142	1.5510004275e-143	3.4527701861e-95	4.0419961113e-72	5.0147799085e-155	1.0666774608e-37	1.7031843669e-03	9.8279211207e-05	3.5609348672e-70	2.7530072384e-135	2.0484078081e-23	8.9618867230e-170	1.0000000000e+00	8.9618867230e-170	8.9618867230e-170	8.9618867230e-170	8.9618867230e-170	8.9618867230e-170	8.9618867230e-170	8.8807391635e-140	8.9618867230e-170	8.9618867230e-170	8.9618867230e-170	1.0000000000e+00	1.0000000000e+00	8.9618867230e-170	1.0000000000e+00	8.9618867230e-170	8.9618867230e-170	8.9618867230e-170	1.7548989066e-107	1.8824275362e-32	8.9618867230e-170	8.9618867230e-170	8.9618867230e-170	2.9063362464e-02	3.9209386963e-94	9.3450976949e-142	8.9618867230e-170	1.6628642258e-141	6.9567682476e-80	8.9618867230e-170	8.9618867230e-170	1.3337641304e-135	1.5572934275e-14	1.2640090788e-88	8.9618867230e-170	8.9618867230e-170	2.6710734367e-75	9.3450976949e-142	8.9618867230e-170	8.9618867230e-170
2.0446841400e-06	1.9071760183e+02	3.0445658663e+16	7.7651835915e+13	2.3688615498e+03	1.2877995584e-169	9.9999994040e-01	1.0000000000e+00	1.2877995584e-169	1.2877995584e-169	1.2877995584e-169	1.2877995584e-169	2.7146551469e-75	5.3794600790e-55	4.8773356437e-07	1.2877995584e-169	7.0962939157e-46	2.2849128971e-45	4.1074221581e-31	6.6770591819e-152	1.0000000000e+00	1.4440513719e-03	0.0000000000e+00	1.0872800815e-87	8.9095096707e-13	6.3230777534e-57	2.1586730374e-48	1.0000000000e+00	1.0000000000e+00	1.0000000000e+00	1.0000000000e+00	1.0000000000e+00	2.3285497034e-144	1.2877995584e-169	1.2877995584e-169	1.2877995584e-169	7.9174603158e-56	2.4847339535e-92	1.2877995584e-169	3.4941411615e-64	1.0000000000e+00	1.0000000000e+00	1.0000000000e+00	1.0000000000e+00	1.0000000000e+00	1.0000000000e+00	1.0000000000e+00	1.0000000000e+00	1.0000000000e+00	1.0000000000e+00	1.0000000000e+00	1.3770000181e-70	1.2877995584e-169	1.3745390414e-146	5.8647100895e-155	1.2877995584e-169	2.3242793035e-144	1.2877995584e-169	1.0000000000e+00	1.2877995584e-169	1.5492463160e-88	1.7584520554e-131	1.2877995584e-169	1.2877995584e-169	1.8769382517e-62	5.0372842642e-168	1.0000000000e+00	1.0000000000e+00	3.6214262344e-52	1.0000000000e+00	1.0000000000e+00	1.0000000000e+00	1.2877995584e-169	1.2877995584e-169	1.2877995584e-169	2.2967094726e-91	1.2877995584e-169	1.2877995584e-169	1.2877995584e-169	1.2877995584e-169	1.2877995584e-169	1.2877995584e-169	1.1213617924e-110	7.8582107845e-07	1.0000000000e+00	1.0000000000e+00	1.0000000000e+00	1.0000000000e+00	1.0000000000e+00	1.0000000000e+00	1.0000000000e+00	1.0000000000e+00	1.0000000000e+00	1.0000000000e+00	9.5358679317e-94	1.0000000000e+00	1.0000000000e+00	1.0000000000e+00	1.0000000000e+00	1.0000000000e+00	1.0000000000e+00	1.0000000000e+00	1.0000000000e+00	1.0000000000e+00	1.0000000000e+00	1.0000000000e+00	1.0000000000e+00	1.0000000000e+00	1.0000000000e+00	1.0000000000e+00	1.0000000000e+00	1.0000000000e+00	1.0000000000e+00	2.6918662574e-79	4.9106918076e-48	4.5945061254e-128	2.7352099871e-19	1.0000000000e+00	1.4323269805e-76	3.3004482010e-57	1.0000000000e+00	1.0000000000e+00	1.0000000000e+00	1.0000000000e+00	4.3615198734e-51	2.7131010045e-67	2.1773966928e-18	4.2061295357e-06	1.1719959550e-95	5.4332594199e-105	1.0215498062e-47	1.3601299526e-59	9.2982329299e-98	2.6678212839e-133	4.9046970271e-62	1.2877995584e-169	1.2877995584e-169	8.2573577271e-153	9.1902827553e-56	1.0000000000e+00	6.4029873450e-06	1.3692496654e-06	1.7538104096e-03	1.2877995584e-169	1.0000000000e+00	1.2877995584e-169	1.2877995584e-169	1.2877995584e-169	1.2877995584e-169	5.2903976215e-142	2.2304851608e-143	3.4562189599e-95	4.0436317467e-72	5.0186393540e-155	1.5333009701e-37	1.7028745054e-03	9.8261331203e-05	3.5618020178e-70	2.7548833325e-135	2.0506717377e-23	1.2877995584e-169	1.0000000000e+00	1.2877995584e-169	1.2877995584e-169	1.2877995584e-169	1.2877995584e-169	1.2877995584e-169	1.2877995584e-169	8.8881024211e-140	1.2877995584e-169	1.2877995584e-169	1.2877995584e-169	1.0000000000e+00	1.0000000000e+00	1.2877995584e-169	1.0000000000e+00	1.2877995584e-169	1.2877995584e-169	1.2877995584e-169	1.7553743647e-107	1.3107706351e-32	1.2877995584e-169	1.2877995584e-169	1.2877995584e-169	1.4095110217e-02	1.9048254646e-94	9.3591869593e-142	1.2877995584e-169	1.6642351600e-141	4.8465612453e-80	1.2877995584e-169	1.2877995584e-169	9.2899830294e-136	5.2558352059e-15	6.1281534630e-89	1.2877995584e-169	1.2877995584e-169	1.2968311705e-75	9.3591869593e-142	1.2877995584e-169	1.2877995584e-169
1.4229075800e-06	1.9071738355e+02	2.1185372756e+16	5.4038425898e+13	2.3684984322e+03	1.8505350283e-169	9.9999994040e-01	1.0000000000e+00	1.8505350283e-169	1.8505350283e-169	1.8505350283e-169	1.8505350283e-169	3.8997114392e-75	7.7273195701e-55	4.8769050495e-07	1.8505350283e-169	1.0194976903e-45	3.2826407491e-45	5.9011755058e-31	9.5899869896e-152	1.0000000000e+00	1.4439238843e-03	0.0000000000e+00	1.0875425227e-87	8.9176674275e-13	6.3311387652e-57	2.1604422405e-48	1.0000000000e+00	1.0000000000e+00	1.0000000000e+00	1.0000000000e+00	1.0000000000e+00	3.3478727166e-144	1.8505350283e-169	1.8505350283e-169	1.8505350283e-169	1.1386004911e-55	3.5746300922e-92	1.8505350283e-169	3.4968649240e-64	1.0000000000e+00	1.0000000000e+00	1.0000000000e+00	1.0000000000e+00	1.0000000000e+00	1.0000000000e+00	1.0000000000e+00	1.0000000000e+00	1.0000000000e+00	1.0000000000e+00	1.0000000000e+00	1.3787055959e-70	1.8505350283e-169	1.9781187093e-146	8.4357701770e-155	1.8505350283e-169	3.3465193520e-144	1.8505350283e-169	1.0000000000e+00	1.8505350283e-169	1.5496161822e-88	1.7595075608e-131	1.8505350283e-169	1.8505350283e-169	1.8775166964e-62	5.0398218630e-168	1.0000000000e+00	1.0000000000e+00	2.5222843707e-52	1.0000000000e+00	1.0000000000e+00	1.0000000000e+00	1.8505350283e-169	1.8505350283e-169	1.8505350283e-169	3.3025584655e-91	1.8505350283e-169	1.8505350283e-169	1.8505350283e-169	1.8505350283e-169	1.8505350283e-169	1.8505350283e-169	1.1220947780e-110	3.8093622311e-07	1.0000000000e+00	1.0000000000e+00	1.0000000000e+00	1.0000000000e+00	1.0000000000e+00	1.0000000000e+00	1.0000000000e+00	1.0000000000e+00	1.0000000000e+00	1.0000000000e+00	9.5516662227e-94	1.0000000000e+00	1.0000000000e+00	1.0000000000e+00	1.0000000000e+00	1.0000000000e+00	1.0000000000e+00	1.0000000000e+00	1.0000000000e+00	1.0000000000e+00	1.0000000000e+00	1.0000000000e+00	1.0000000000e+00	1.0000000000e+00	1.0000000000e+00	1.0000000000e+00	1.0000000000e+00	1.0000000000e+00	1.0000000000e+00	1.8747220200e-79	4.9194215741e-48	4.5995005757e-128	1.9070263791e-19	1.0000000000e+00	9.9753621432e-77	1.6004856800e-57	1.0000000000e+00	1.0000000000e+00	1.0000000000e+00	1.0000000000e+00	6.2681279523e-51	3.9008066150e-67	2.1781698209e-18	4.2057581988e-06	1.6849407575e-95	7.8073183425e-105	1.0223262986e-47	1.3604641075e-59	1.3361301676e-97	3.8339299915e-133	4.9062145969e-62	1.8505350283e-169	1.8505350283e-169	8.2618453712e-153	6.4008678958e-56	1.0000000000e+00	6.4024220591e-06	1.3691287816e-06	1.7536555750e-03	1.8505350283e-169	1.0000000000e+00	1.8505350283e-169	1.8505350283e-169	1.8505350283e-169	1.8505350283e-169	7.6099513460e-142	3.2068896258e-143	3.4586210449e-95	4.0447704000e-72	5.0213269516e-155	2.2039124120e-37	1.7027241676e-03	9.8252656229e-05	3.5625421590e-70	2.7562953383e-135	2.0523273826e-23	1.8505350283e-169	1.0000000000e+00	1.8505350283e-169	1.8505350283e-169	1.8505350283e-169	1.8505350283e-169	1.8505350283e-169	1.8505350283e-169	8.8932302227e-140	1.8505350283e-169	1.8505350283e-169	1.8505350283e-169	1.0000000000e+00	1.0000000000e+00	1.8505350283e-169	1.0000000000e+00	1.8505350283e-169	1.8505350283e-169	1.8505350283e-169	1.7557053190e-107	9.1255005311e-33	1.8505350283e-169	1.8505350283e-169	1.8505350283e-169	6.8328525419e-03	9.2449696513e-95	9.3690044186e-142	1.8505350283e-169	1.6651898802e-141	3.3753220779e-80	1.8505350283e-169	1.8505350283e-169	6.4689472057e-136	1.7730644763e-15	2.9700486591e-89	1.8505350283e-169	1.8505350283e-169	6.2914039167e-76	9.3690044186e-142	1.8505350283e-169	1.8505350283e-169
9.9020966000e-07	1.9071723165e+02	1.4742373655e+16	3.7605684801e+13	2.3683223544e+03	2.6591724238e-169	9.9999994040e-01	1.0000000000e+00	2.6591724238e-169	2.6591724238e-169	2.6591724238e-169	2.6591724238e-169	5.6027136258e-75	1.1101345110e-54	4.8766962519e-07	2.6591724238e-169	1.4647983420e-45	4.7164397708e-45	8.4789142210e-31	1.3776053168e-151	1.0000000000e+00	1.4438620648e-03	0.0000000000e+00	1.0877251920e-87	8.9233487894e-13	6.3367544585e-57	2.1616742783e-48	1.0000000000e+00	1.0000000000e+00	1.0000000000e+00	1.0000000000e+00	1.0000000000e+00	4.8126162778e-144	2.6591724238e-169	2.6591724238e-169	2.6591724238e-169	1.6370226097e-55	5.1407887348e-92	2.6591724238e-169	3.4987616336e-64	1.0000000000e+00	1.0000000000e+00	1.0000000000e+00	1.0000000000e+00	1.0000000000e+00	1.0000000000e+00	1.0000000000e+00	1.0000000000e+00	1.0000000000e+00	1.0000000000e+00	1.0000000000e+00	1.3798937480e-70	2.6591724238e-169	2.8454519076e-146	1.2130328815e-154	2.6591724238e-169	4.8154647446e-144	2.6591724238e-169	1.0000000000e+00	2.6591724238e-169	1.5498736230e-88	1.7602424571e-131	2.6591724238e-169	2.6591724238e-169	1.8779193393e-62	5.0415885235e-168	1.0000000000e+00	1.0000000000e+00	1.7562962733e-52	1.0000000000e+00	1.0000000000e+00	1.0000000000e+00	2.6591724238e-169	2.6591724238e-169	2.6591724238e-169	4.7479406444e-91	2.6591724238e-169	2.6591724238e-169	2.6591724238e-169	2.6591724238e-169	2.6591724238e-169	2.6591724238e-169	1.1226051429e-110	1.8460812709e-07	1.0000000000e+00	1.0000000000e+00	1.0000000000e+00	1.0000000000e+00	1.0000000000e+00	1.0000000000e+00	1.0000000000e+00	1.0000000000e+00	1.0000000000e+00	1.0000000000e+00	9.5626756406e-94	1.0000000000e+00	1.0000000000e+00	1.0000000000e+00	1.0000000000e+00	1.0000000000e+00	1.0000000000e+00	1.0000000000e+00	1.0000000000e+00	1.0000000000e+00	1.0000000000e+00	1.0000000000e+00	1.0000000000e+00	1.0000000000e+00	1.0000000000e+00	1.0000000000e+00	1.0000000000e+00	1.0000000000e+00	1.0000000000e+00	1.3053261436e-79	4.9255057441e-48	4.6029793996e-128	1.3288461833e-19	1.0000000000e+00	6.9456513901e-77	7.7580917712e-58	1.0000000000e+00	1.0000000000e+00	1.0000000000e+00	1.0000000000e+00	9.0080459351e-51	5.6076165460e-67	2.1787485795e-18	4.2055781353e-06	2.4220755850e-95	1.1218993113e-104	1.0228860566e-47	1.3607220368e-59	1.9200191758e-97	5.5096003018e-133	4.9072709455e-62	2.6591724238e-169	2.6591724238e-169	8.2649697463e-153	4.4569680714e-56	1.0000000000e+00	6.4021479487e-06	1.3690701643e-06	1.7535804948e-03	2.6591724238e-169	1.0000000000e+00	2.6591724238e-169	2.6591724238e-169	2.6591724238e-169	2.6591724238e-169	1.0943101147e-141	4.6099602357e-143	3.4602936325e-95	4.0455629740e-72	5.0231980906e-155	3.1676241220e-37	1.7026512679e-03	9.8248449684e-05	3.5631236749e-70	2.7573297308e-135	2.0535185758e-23	2.6591724238e-169	1.0000000000e+00	2.6591724238e-169	2.6591724238e-169	2.6591724238e-169	2.6591724238e-169	2.6591724238e-169	2.6591724238e-169	8.8968003876e-140	2.6591724238e-169	2.6591724238e-169	2.6591724238e-169	1.0000000000e+00	1.0000000000e+00	2.6591724238e-169	1.0000000000e+00	2.6591724238e-169	2.6591724238e-169	2.6591724238e-169	1.7559356658e-107	6.3523159759e-33	2.6591724238e-169	2.6591724238e-169	2.6591724238e-169	3.3113421321e-03	4.4840153070e-95	9.3758424307e-142	2.6591724238e-169	1.6658545899e-141	2.3501525998e-80	2.6591724238e-169	2.6591724238e-169	4.5037132061e-136	5.9796550678e-16	1.4391174253e-89	2.6591724238e-169	2.6591724238e-169	3.0505602527e-76	9.3758424307e-142	2.6591724238e-169	2.6591724238e-169
6.8909266000e-07	1.9071712594e+02	1.0259085863e+16	2.6170029218e+13	2.3682370066e+03	3.8211650116e-169	9.9999994040e-01	1.0000000000e+00	3.8211650116e-169	3.8211650116e-169	3.8211650116e-169	3.8211650116e-169	8.0499599591e-75	1.5949883766e-54	4.8765950442e-07	3.8211650116e-169	2.1047037718e-45	6.7768359919e-45	1.2183173301e-30	1.9791510226e-151	1.0000000000e+00	1.4438320998e-03	0.0000000000e+00	1.0878523332e-87	8.9273046946e-13	6.3406654671e-57	2.1625320918e-48	1.0000000000e+00	1.0000000000e+00	1.0000000000e+00	1.0000000000e+00	1.0000000000e+00	6.9174183344e-144	3.8211650116e-169	3.8211650116e-169	3.8211650116e-169	2.3532436871e-55	7.3913241253e-92	3.8211650116e-169	3.5000821976e-64	1.0000000000e+00	1.0000000000e+00	1.0000000000e+00	1.0000000000e+00	1.0000000000e+00	1.0000000000e+00	1.0000000000e+00	1.0000000000e+00	1.0000000000e+00	1.0000000000e+00	1.0000000000e+00	1.3807212102e-70	3.8211650116e-169	4.0917915997e-146	1.7439326186e-154	3.8211650116e-169	6.9263119241e-144	3.8211650116e-169	1.0000000000e+00	3.8211650116e-169	1.5500528062e-88	1.7607540668e-131	3.8211650116e-169	3.8211650116e-169	1.8781995972e-62	5.0428183420e-168	1.0000000000e+00	1.0000000000e+00	1.2227129082e-52	1.0000000000e+00	1.0000000000e+00	1.0000000000e+00	3.8211650116e-169	3.8211650116e-169	3.8211650116e-169	6.8249211922e-91	3.8211650116e-169	3.8211650116e-169	3.8211650116e-169	3.8211650116e-169	3.8211650116e-169	3.8211650116e-169	1.1229604526e-110	8.9445575203e-08	1.0000000000e+00	1.0000000000e+00	1.0000000000e+00	1.0000000000e+00	1.0000000000e+00	1.0000000000e+00	1.0000000000e+00	1.0000000000e+00	1.0000000000e+00	1.0000000000e+00	9.5703447945e-94	1.0000000000e+00	1.0000000000e+00	1.0000000000e+00	1.0000000000e+00	1.0000000000e+00	1.0000000000e+00	1.0000000000e+00	1.0000000000e+00	1.0000000000e+00	1.0000000000e+00	1.0000000000e+00	1.0000000000e+00	1.0000000000e+00	1.0000000000e+00	1.0000000000e+00	1.0000000000e+00	1.0000000000e+00	1.0000000000e+00	9.0872136523e-80	4.9297442753e-48	4.6054019330e-128	9.2559317899e-20	1.0000000000e+00	4.8353307244e-77	3.7595488607e-58	1.0000000000e+00	1.0000000000e+00	1.0000000000e+00	1.0000000000e+00	1.2945359656e-50	8.0603352646e-67	2.1791711432e-18	4.2054908556e-06	3.4813524441e-95	1.6121633892e-104	1.0232850363e-47	1.3609138687e-59	2.7590786569e-97	7.9174984653e-133	4.9080062131e-62	3.8211650116e-169	3.8211650116e-169	8.2671447564e-153	3.1028737277e-56	1.0000000000e+00	6.4020150828e-06	1.3690417516e-06	1.7535441021e-03	3.8211650116e-169	1.0000000000e+00	3.8211650116e-169	3.8211650116e-169	3.8211650116e-169	3.8211650116e-169	1.5732762501e-141	6.6261397174e-143	3.4614580959e-95	4.0461146332e-72	5.0245006639e-155	4.5524960795e-37	1.7026159322e-03	9.8246410702e-05	3.5635606402e-70	2.7580747516e-135	2.0543665333e-23	3.8211650116e-169	1.0000000000e+00	3.8211650116e-169	3.8211650116e-169	3.8211650116e-169	3.8211650116e-169	3.8211650116e-169	3.8211650116e-169	8.8992857801e-140	3.8211650116e-169	3.8211650116e-169	3.8211650116e-169	1.0000000000e+00	1.0000000000e+00	3.8211650116e-169	1.0000000000e+00	3.8211650116e-169	3.8211650116e-169	3.8211650116e-169	1.7560959864e-107	4.4214986865e-33	3.8211650116e-169	3.8211650116e-169	3.8211650116e-169	1.6044068557e-03	2.1738410538e-95	9.3806040801e-142	3.8211650116e-169	1.6663173307e-141	1.6360887243e-80	3.8211650116e-169	3.8211650116e-169	3.1350977670e-136	2.0162131724e-16	6.9720169036e-90	3.8211650116e-169	3.8211650116e-169	1.4785981057e-76	9.3806040801e-142	3.8211650116e-169	3.8211650116e-169
4.7954358800e-07	1.9071705237e+02	7.1392849192e+15	1.8211882492e+13	2.3681956482e+03	5.4909205593e-169	9.9999994040e-01	1.0000000000e+00	5.4909205593e-169	5.4909205593e-169	5.4909205593e-169	5.4909205593e-169	1.1566645154e-74	2.2917218461e-54	4.8765460005e-07	5.4909205593e-169	3.0242458294e-45	9.7376187772e-45	1.7506181748e-30	2.8435703298e-151	1.0000000000e+00	1.4438175792e-03	0.0000000000e+00	1.0879408273e-87	8.9300588865e-13	6.3433888022e-57	2.1631292976e-48	1.0000000000e+00	1.0000000000e+00	1.0000000000e+00	1.0000000000e+00	1.0000000000e+00	9.9419690747e-144	5.4909205593e-169	5.4909205593e-169	5.4909205593e-169	3.3824365898e-55	1.0625291928e-91	5.4909205593e-169	3.5010015531e-64	1.0000000000e+00	1.0000000000e+00	1.0000000000e+00	1.0000000000e+00	1.0000000000e+00	1.0000000000e+00	1.0000000000e+00	1.0000000000e+00	1.0000000000e+00	1.0000000000e+00	1.0000000000e+00	1.3812973847e-70	5.4909205593e-169	5.8827539521e-146	2.5068232434e-154	5.4909205593e-169	9.9595546903e-144	5.4909205593e-169	1.0000000000e+00	5.4909205593e-169	1.5501775230e-88	1.7611102151e-131	5.4909205593e-169	5.4909205593e-169	1.8783946705e-62	5.0436744252e-168	1.0000000000e+00	1.0000000000e+00	8.5113338591e-53	1.0000000000e+00	1.0000000000e+00	1.0000000000e+00	5.4909205593e-169	5.4909205593e-169	5.4909205593e-169	9.8094933522e-91	5.4909205593e-169	5.4909205593e-169	5.4909205593e-169	5.4909205593e-169	5.4909205593e-169	5.4909205593e-169	1.1232078007e-110	4.3331521018e-08	1.0000000000e+00	1.0000000000e+00	1.0000000000e+00	1.0000000000e+00	1.0000000000e+00	1.0000000000e+00	1.0000000000e+00	1.0000000000e+00	1.0000000000e+00	1.0000000000e+00	9.5756858583e-94	1.0000000000e+00	1.0000000000e+00	1.0000000000e+00	1.0000000000e+00	1.0000000000e+00	1.0000000000e+00	1.0000000000e+00	1.0000000000e+00	1.0000000000e+00	1.0000000000e+00	1.0000000000e+00	1.0000000000e+00	1.0000000000e+00	1.0000000000e+00	1.0000000000e+00	1.0000000000e+00	1.0000000000e+00	1.0000000000e+00	6.3254790033e-80	4.9326962814e-48	4.6070886748e-128	6.4453349499e-20	1.0000000000e+00	3.3658124089e-77	1.8215095614e-58	1.0000000000e+00	1.0000000000e+00	1.0000000000e+00	1.0000000000e+00	1.8603267016e-50	1.1584884948e-66	2.1794748402e-18	4.2054485611e-06	5.0035301563e-95	2.3166713025e-104	1.0235672925e-47	1.3610533627e-59	3.9648044523e-97	1.1377590556e-132	4.9085179959e-62	5.4909205593e-169	5.4909205593e-169	8.2686588171e-153	2.1599104383e-56	1.0000000000e+00	6.4019506979e-06	1.3690279831e-06	1.7535264668e-03	5.4909205593e-169	1.0000000000e+00	5.4909205593e-169	5.4909205593e-169	5.4909205593e-169	5.4909205593e-169	2.2615395166e-141	9.5233419199e-143	3.4622687486e-95	4.0464986111e-72	5.0254074038e-155	6.5425527947e-37	1.7025988091e-03	9.8245422640e-05	3.5638804162e-70	2.7586054770e-135	2.0549658999e-23	5.4909205593e-169	1.0000000000e+00	5.4909205593e-169	5.4909205593e-169	5.4909205593e-169	5.4909205593e-169	5.4909205593e-169	5.4909205593e-169	8.9010159268e-140	5.4909205593e-169	5.4909205593e-169	5.4909205593e-169	1.0000000000e+00	1.0000000000e+00	5.4909205593e-169	1.0000000000e+00	5.4909205593e-169	5.4909205593e-169	5.4909205593e-169	1.7562075720e-107	3.0773753691e-33	5.4909205593e-169	5.4909205593e-169	5.4909205593e-169	7.7725094426e-04	1.0535343422e-95	9.3839194310e-142	5.4909205593e-169	1.6666394563e-141	1.1388562119e-80	5.4909205593e-169	5.4909205593e-169	2.1821869589e-136	6.7972499608e-17	3.3773152214e-90	5.4909205593e-169	5.4909205593e-169	7.1648698693e-77	9.3839194310e-142	5.4909205593e-169	5.4909205593e-169
3.3371717100e-07	1.9071700118e+02	4.9682458201e+15	1.2673758314e+13	2.3681756104e+03	7.8903193137e-169	9.9999994040e-01	1.0000000000e+00	7.8903193137e-169	7.8903193137e-169	7.8903193137e-169	7.8903193137e-169	1.6620073133e-74	3.2929182178e-54	4.8765222390e-07	7.8903193137e-169	4.3456150225e-45	1.3992222609e-44	2.5155271070e-30	4.0857289829e-151	1.0000000000e+00	1.4438105441e-03	0.0000000000e+00	1.0880024058e-87	8.9319757555e-13	6.3452843898e-57	2.1635449310e-48	1.0000000000e+00	1.0000000000e+00	1.0000000000e+00	1.0000000000e+00	1.0000000000e+00	1.4288176096e-143	7.8903193137e-169	7.8903193137e-169	7.8903193137e-169	4.8613622172e-55	1.5272426990e-91	7.8903193137e-169	3.5016413835e-64	1.0000000000e+00	1.0000000000e+00	1.0000000000e+00	1.0000000000e+00	1.0000000000e+00	1.0000000000e+00	1.0000000000e+00	1.0000000000e+00	1.0000000000e+00	1.0000000000e+00	1.0000000000e+00	1.3816984289e-70	7.8903193137e-169	8.4563247894e-146	3.6030789192e-154	7.8903193137e-169	1.4318254661e-143	7.8903193137e-169	1.0000000000e+00	7.8903193137e-169	1.5502643069e-88	1.7613580657e-131	7.8903193137e-169	7.8903193137e-169	1.8785304146e-62	5.0442701739e-168	1.0000000000e+00	1.0000000000e+00	5.9242508724e-53	1.0000000000e+00	1.0000000000e+00	1.0000000000e+00	7.8903193137e-169	7.8903193137e-169	7.8903193137e-169	1.4098252202e-90	7.8903193137e-169	7.8903193137e-169	7.8903193137e-169	7.8903193137e-169	7.8903193137e-169	7.8903193137e-169	1.1233799378e-110	2.0989648170e-08	1.0000000000e+00	1.0000000000e+00	1.0000000000e+00	1.0000000000e+00	1.0000000000e+00	1.0000000000e+00	1.0000000000e+00	1.0000000000e+00	1.0000000000e+00	1.0000000000e+00	9.5794039310e-94	1.0000000000e+00	1.0000000000e+00	1.0000000000e+00	1.0000000000e+00	1.0000000000e+00	1.0000000000e+00	1.0000000000e+00	1.0000000000e+00	1.0000000000e+00	1.0000000000e+00	1.0000000000e+00	1.0000000000e+00	1.0000000000e+00	1.0000000000e+00	1.0000000000e+00	1.0000000000e+00	1.0000000000e+00	1.0000000000e+00	4.4027290852e-80	4.9347513312e-48	4.6082626749e-128	4.4873218417e-20	1.0000000000e+00	2.3427134860e-77	8.8240492240e-59	1.0000000000e+00	1.0000000000e+00	1.0000000000e+00	1.0000000000e+00	2.6733601150e-50	1.6649613907e-66	2.1796908096e-18	4.2054280696e-06	7.1908783736e-95	3.3290393792e-104	1.0237659080e-47	1.3611533237e-59	5.6974156543e-97	1.6349660025e-132	4.9088741260e-62	7.8903193137e-169	7.8903193137e-169	8.2697124647e-153	1.5033860739e-56	1.0000000000e+00	6.4019195038e-06	1.3690213124e-06	1.7535179226e-03	7.8903193137e-169	1.0000000000e+00	7.8903193137e-169	7.8903193137e-169	7.8903193137e-169	7.8903193137e-169	3.2505574657e-141	1.3686552142e-142	3.4628329130e-95	4.0467658046e-72	5.0260384103e-155	9.4022365983e-37	1.7025905130e-03	9.8244943930e-05	3.5641105074e-70	2.7589806793e-135	2.0553874105e-23	7.8903193137e-169	1.0000000000e+00	7.8903193137e-169	7.8903193137e-169	7.8903193137e-169	7.8903193137e-169	7.8903193137e-169	7.8903193137e-169	8.9022199619e-140	7.8903193137e-169	7.8903193137e-169	7.8903193137e-169	1.0000000000e+00	1.0000000000e+00	7.8903193137e-169	1.0000000000e+00	7.8903193137e-169	7.8903193137e-169	7.8903193137e-169	1.7562852174e-107	2.1417710319e-33	7.8903193137e-169	7.8903193137e-169	7.8903193137e-169	3.7649884658e-04	5.1047240512e-96	9.3862269446e-142	7.8903193137e-169	1.6668636281e-141	7.9267834994e-81	7.8903193137e-169	7.8903193137e-169	1.5188165586e-136	2.2913203113e-17	1.6358769075e-90	7.8903193137e-169	7.8903193137e-169	3.4712685969e-77	9.3862269446e-142	7.8903193137e-169	7.8903193137e-169
2.3223572000e-07	1.9071696646e+02	3.4574232262e+15	8.8197437192e+12	2.3681659034e+03	1.1338197932e-168	9.9999994040e-01	1.0000000000e+00	1.1338197932e-168	1.1338197932e-168	1.1338197932e-168	1.1338197932e-168	2.3881774058e-74	4.7316237811e-54	4.8765107282e-07	1.1338197932e-168	6.2444007209e-45	2.0106018201e-44	3.6146881026e-30	5.8706972937e-151	1.0000000000e+00	1.4438071361e-03	0.0000000000e+00	1.0880441739e-87	8.9332761210e-13	6.3465704093e-57	2.1638268830e-48	1.0000000000e+00	1.0000000000e+00	1.0000000000e+00	1.0000000000e+00	1.0000000000e+00	2.0533525957e-143	1.1338197932e-168	1.1338197932e-168	1.1338197932e-168	6.9865207049e-55	2.1950144824e-91	1.1338197932e-168	3.5020754200e-64	1.0000000000e+00	1.0000000000e+00	1.0000000000e+00	1.0000000000e+00	1.0000000000e+00	1.0000000000e+00	1.0000000000e+00	1.0000000000e+00	1.0000000000e+00	1.0000000000e+00	1.0000000000e+00	1.3819705066e-70	1.1338197932e-168	1.2154410544e-145	5.1783510893e-154	1.1338197932e-168	2.0581436960e-143	1.1338197932e-168	1.0000000000e+00	1.1338197932e-168	1.5503231715e-88	1.7615261922e-131	1.1338197932e-168	1.1338197932e-168	1.8786224896e-62	5.0446742852e-168	1.0000000000e+00	1.0000000000e+00	4.1232702096e-53	1.0000000000e+00	1.0000000000e+00	1.0000000000e+00	1.1338197932e-168	1.1338197932e-168	1.1338197932e-168	2.0261039348e-90	1.1338197932e-168	1.1338197932e-168	1.1338197932e-168	1.1338197932e-168	1.1338197932e-168	1.1338197932e-168	1.1234967062e-110	1.0166562070e-08	1.0000000000e+00	1.0000000000e+00	1.0000000000e+00	1.0000000000e+00	1.0000000000e+00	1.0000000000e+00	1.0000000000e+00	1.0000000000e+00	1.0000000000e+00	1.0000000000e+00	9.5819265643e-94	1.0000000000e+00	1.0000000000e+00	1.0000000000e+00	1.0000000000e+00	1.0000000000e+00	1.0000000000e+00	1.0000000000e+00	1.0000000000e+00	1.0000000000e+00	1.0000000000e+00	1.0000000000e+00	1.0000000000e+00	1.0000000000e+00	1.0000000000e+00	1.0000000000e+00	1.0000000000e+00	1.0000000000e+00	1.0000000000e+00	3.0642584070e-80	4.9361456719e-48	4.6090591198e-128	3.1236862833e-20	1.0000000000e+00	1.6305085998e-77	4.2742584860e-59	1.0000000000e+00	1.0000000000e+00	1.0000000000e+00	1.0000000000e+00	3.8416703776e-50	2.3927469898e-66	2.1798393634e-18	4.2054181429e-06	1.0334031789e-94	4.7837916198e-104	1.0239016094e-47	1.3612224128e-59	8.1871420113e-97	2.3494396331e-132	4.9091156888e-62	1.1338197932e-168	1.1338197932e-168	8.2704271857e-153	1.0463528845e-56	1.0000000000e+00	6.4019043924e-06	1.3690180809e-06	1.7535137835e-03	1.1338197932e-168	1.0000000000e+00	1.1338197932e-168	1.1338197932e-168	1.1338197932e-168	1.1338197932e-168	4.6717329696e-141	1.9668941670e-142	3.4632156142e-95	4.0469470406e-72	5.0264664404e-155	1.3511527680e-36	1.7025864941e-03	9.8244712028e-05	3.5642699432e-70	2.7592377980e-135	2.0556752939e-23	1.1338197932e-168	1.0000000000e+00	1.1338197932e-168	1.1338197932e-168	1.1338197932e-168	1.1338197932e-168	1.1338197932e-168	1.1338197932e-168	8.9030367008e-140	1.1338197932e-168	1.1338197932e-168	1.1338197932e-168	1.0000000000e+00	1.0000000000e+00	1.1338197932e-168	1.0000000000e+00	1.1338197932e-168	1.1338197932e-168	1.1338197932e-168	1.7563378830e-107	1.4905689219e-33	1.1338197932e-168	1.1338197932e-168	1.1338197932e-168	1.8236160206e-04	2.4730005405e-96	9.3877923566e-142	1.1338197932e-168	1.6670156916e-141	5.5169636199e-81	1.1338197932e-168	1.1338197932e-168	1.0570571132e-136	7.7233518618e-18	7.9232712048e-91	1.1338197932e-168	1.1338197932e-168	1.6815529500e-77	9.3877923566e-142	1.1338197932e-168	1.1338197932e-168
1.6161418800e-07	1.9071694320e+02	2.4060383354e+15	6.1377116896e+12	2.3681612015e+03	1.6292717067e-168	9.9999994040e-01	1.0000000000e+00	1.6292717067e-168	1.6292717067e-168	1.6292717067e-168	1.6292717067e-168	3.4316712143e-74	6.7990204726e-54	4.8765051526e-07	1.6292717067e-168	8.9729196361e-45	2.8891426382e-44	5.1941608174e-30	8.4356725890e-151	1.0000000000e+00	1.4438054852e-03	0.0000000000e+00	1.0880721565e-87	8.9341473822e-13	6.3474320994e-57	2.1640157920e-48	1.0000000000e+00	1.0000000000e+00	1.0000000000e+00	1.0000000000e+00	1.0000000000e+00	2.9507878708e-143	1.6292717067e-168	1.6292717067e-168	1.6292717067e-168	1.0040290593e-54	3.1545715606e-91	1.6292717067e-168	3.5023662246e-64	1.0000000000e+00	1.0000000000e+00	1.0000000000e+00	1.0000000000e+00	1.0000000000e+00	1.0000000000e+00	1.0000000000e+00	1.0000000000e+00	1.0000000000e+00	1.0000000000e+00	1.0000000000e+00	1.3821528098e-70	1.6292717067e-168	1.7468364533e-145	7.4419492574e-154	1.6292717067e-168	2.9581240993e-143	1.6292717067e-168	1.0000000000e+00	1.6292717067e-168	1.5503626080e-88	1.7616388343e-131	1.6292717067e-168	1.6292717067e-168	1.8786841761e-62	5.0449450300e-168	1.0000000000e+00	1.0000000000e+00	2.8696639612e-53	1.0000000000e+00	1.0000000000e+00	1.0000000000e+00	1.6292717067e-168	1.6292717067e-168	1.6292717067e-168	2.9116735495e-90	1.6292717067e-168	1.6292717067e-168	1.6292717067e-168	1.6292717067e-168	1.6292717067e-168	1.6292717067e-168	1.1235749397e-110	4.9240292062e-09	1.0000000000e+00	1.0000000000e+00	1.0000000000e+00	1.0000000000e+00	1.0000000000e+00	1.0000000000e+00	1.0000000000e+00	1.0000000000e+00	1.0000000000e+00	1.0000000000e+00	9.5836169264e-94	1.0000000000e+00	1.0000000000e+00	1.0000000000e+00	1.0000000000e+00	1.0000000000e+00	1.0000000000e+00	1.0000000000e+00	1.0000000000e+00	1.0000000000e+00	1.0000000000e+00	1.0000000000e+00	1.0000000000e+00	1.0000000000e+00	1.0000000000e+00	1.0000000000e+00	1.0000000000e+00	1.0000000000e+00	1.0000000000e+00	2.1326094529e-80	4.9370800045e-48	4.6095927600e-128	2.1742264920e-20	1.0000000000e+00	1.1347739756e-77	2.0702524138e-59	1.0000000000e+00	1.0000000000e+00	1.0000000000e+00	1.0000000000e+00	5.5205023585e-50	3.4385501441e-66	2.1799398446e-18	4.2054133346e-06	1.4850640560e-94	6.8742372262e-104	1.0239929786e-47	1.3612692958e-59	1.1764820915e-96	3.3761199239e-132	4.9092775258e-62	1.6292717067e-168	1.6292717067e-168	8.2709060341e-153	7.2822729490e-57	1.0000000000e+00	6.4018970726e-06	1.3690165156e-06	1.7535117785e-03	1.6292717067e-168	1.0000000000e+00	1.6292717067e-168	1.6292717067e-168	1.6292717067e-168	1.6292717067e-168	6.7138999001e-141	2.8265429142e-142	3.4634720213e-95	4.0470684609e-72	5.0267532115e-155	1.9416461580e-36	1.7025845474e-03	9.8244599698e-05	3.5643783192e-70	2.7594112718e-135	2.0558690790e-23	1.6292717067e-168	1.0000000000e+00	1.6292717067e-168	1.6292717067e-168	1.6292717067e-168	1.6292717067e-168	1.6292717067e-168	1.6292717067e-168	8.9035839015e-140	1.6292717067e-168	1.6292717067e-168	1.6292717067e-168	1.0000000000e+00	1.0000000000e+00	1.6292717067e-168	1.0000000000e+00	1.6292717067e-168	1.6292717067e-168	1.6292717067e-168	1.7563731662e-107	1.0373412740e-33	1.6292717067e-168	1.6292717067e-168	1.6292717067e-168	8.8324346472e-05	1.1979158419e-96	9.3888412208e-142	1.6292717067e-168	1.6671175714e-141	3.8395989360e-81	1.6292717067e-168	1.6292717067e-168	7.3566060587e-137	2.6031739361e-18	3.8374341640e-91	1.6292717067e-168	1.6292717067e-168	8.1450321974e-78	9.3888412208e-142	1.6292717067e-168	1.6292717067e-168
1.1246825300e-07	1.9071692792e+02	1.6743752268e+15	4.2712695896e+12	2.3681589241e+03	2.3412242637e-168	9.9999994040e-01	1.0000000000e+00	2.3412242637e-168	2.3412242637e-168	2.3412242637e-168	2.3412242637e-168	4.9311524505e-74	9.7698337337e-54	4.8765024520e-07	2.3412242637e-168	1.2893746130e-44	4.1515880620e-44	7.4638301237e-30	1.2121504351e-150	1.0000000000e+00	1.4438046857e-03	0.0000000000e+00	1.0880905393e-87	8.9347197790e-13	6.3479982263e-57	2.1641398994e-48	1.0000000000e+00	1.0000000000e+00	1.0000000000e+00	1.0000000000e+00	1.0000000000e+00	4.2403714113e-143	2.3412242637e-168	2.3412242637e-168	2.3412242637e-168	1.4428438554e-54	4.5334104103e-91	2.3412242637e-168	3.5025572737e-64	1.0000000000e+00	1.0000000000e+00	1.0000000000e+00	1.0000000000e+00	1.0000000000e+00	1.0000000000e+00	1.0000000000e+00	1.0000000000e+00	1.0000000000e+00	1.0000000000e+00	1.0000000000e+00	1.3822725819e-70	2.3412242637e-168	2.5104234589e-145	1.0694641887e-153	2.3412242637e-168	4.2513397278e-143	2.3412242637e-168	1.0000000000e+00	2.3412242637e-168	1.5503885152e-88	1.7617128353e-131	2.3412242637e-168	2.3412242637e-168	1.8787247003e-62	5.0451228961e-168	1.0000000000e+00	1.0000000000e+00	1.9971329867e-53	1.0000000000e+00	1.0000000000e+00	1.0000000000e+00	2.3412242637e-168	2.3412242637e-168	2.3412242637e-168	4.1842041075e-90	2.3412242637e-168	2.3412242637e-168	2.3412242637e-168	2.3412242637e-168	2.3412242637e-168	2.3412242637e-168	1.1236263360e-110	2.3847973875e-09	1.0000000000e+00	1.0000000000e+00	1.0000000000e+00	1.0000000000e+00	1.0000000000e+00	1.0000000000e+00	1.0000000000e+00	1.0000000000e+00	1.0000000000e+00	1.0000000000e+00	9.5847275245e-94	1.0000000000e+00	1.0000000000e+00	1.0000000000e+00	1.0000000000e+00	1.0000000000e+00	1.0000000000e+00	1.0000000000e+00	1.0000000000e+00	1.0000000000e+00	1.0000000000e+00	1.0000000000e+00	1.0000000000e+00	1.0000000000e+00	1.0000000000e+00	1.0000000000e+00	1.0000000000e+00	1.0000000000e+00	1.0000000000e+00	1.4841749625e-80	4.9376938842e-48	4.6099433536e-128	1.5132557715e-20	1.0000000000e+00	7.8973858105e-78	1.0026853884e-59	1.0000000000e+00	1.0000000000e+00	1.0000000000e+00	1.0000000000e+00	7.9329389319e-50	4.9413323595e-66	2.1800062856e-18	4.2054110056e-06	2.1340854024e-94	9.8781570805e-104	1.0240532075e-47	1.3613003638e-59	1.6905857986e-96	4.8514331790e-132	4.9093838430e-62	2.3412242637e-168	2.3412242637e-168	8.2712206152e-153	5.0680697712e-57	1.0000000000e+00	6.4018935273e-06	1.3690157575e-06	1.7535108075e-03	2.3412242637e-168	1.0000000000e+00	2.3412242637e-168	2.3412242637e-168	2.3412242637e-168	2.3412242637e-168	9.6484040073e-141	4.0618284687e-142	3.4636404711e-95	4.0471482264e-72	5.0269416066e-155	2.7901675527e-36	1.7025836045e-03	9.8244545290e-05	3.5644502189e-70	2.7595257810e-135	2.0559967962e-23	2.3412242637e-168	1.0000000000e+00	2.3412242637e-168	2.3412242637e-168	2.3412242637e-168	2.3412242637e-168	2.3412242637e-168	2.3412242637e-168	8.9039433879e-140	2.3412242637e-168	2.3412242637e-168	2.3412242637e-168	1.0000000000e+00	1.0000000000e+00	2.3412242637e-168	1.0000000000e+00	2.3412242637e-168	2.3412242637e-168	2.3412242637e-168	1.7563963449e-107	7.2191271314e-34	2.3412242637e-168	2.3412242637e-168	2.3412242637e-168	4.2777130435e-05	5.8022133742e-97	9.3895303064e-142	2.3412242637e-168	1.6671845018e-141	2.6721418053e-81	2.3412242637e-168	2.3412242637e-168	5.1197262644e-137	8.7737403930e-19	1.8585111798e-91	2.3412242637e-168	2.3412242637e-168	3.9450013878e-78	9.3895303064e-142	2.3412242637e-168	2.3412242637e-168
