P               	T               	n_<tot>         	n_g             	m               	C               	H               	He              	N               	O               	S               	P               	Si              	Ti              	V               	Cl              	K               	Na              	Mg              	F               	Ca              	Fe              	e-              	CH              	HCN             	HNCO            	HCO             	CH2             	CH2_1           	H2CO            	CH3             	CH4             	CN              	NCO             	CN2_cnn         	CN2_ncn         	CO              	CO2             	C2              	C2H             	C2H2            	C2H3            	C2H4            	C2H5            	C2H6            	C2H4O           	CH2OH           	CH3O            	CH3OH           	CH3CO           	H2CCO           	HCCO            	C2N             	C2N2            	CCO             	C3              	C3O2            	C4              	C4H2            	C4N2            	NH              	HNO             	HNO2            	HNO3            	OH              	HO2             	H2              	NH2             	N2H2            	H2O             	NH3             	N2H4            	NO              	NO2             	NO3             	N2              	N2O             	N2O3            	N2O4            	N2O5            	O2              	O3              	N2H             	N2H3            	CH3NH2          	CH3NH           	CH2NH           	CH2NH2          	H2CN            	C3H2            	C3H4            	C3H5            	C3H7            	C3H8            	C4H             	C4H2            	C4H3            	C4H4            	C4H5            	C4H6            	C4H8            	C4H9            	C4H10           	CH2CN           	CH3CN           	CH3NO           	C3H3            	C3H6            	C2H3O           	CH3CHO          	C2H4OH          	CH2CO           	CH2CHO          	H2O2            	HC3N            	HC2N            	C2H2CN          	C2H3CN          	H2NN            	CH3O2           	CH3OOH          	C6H6            	C6H5            	CH3C2H          	TiO             	TiO2            	VO              	TiH             	TiC2            	TiN             	VC2             	VN              	TiC             	Cl2             	HCl             	HOCl            	CCl             	CHCl            	CH2Cl           	CH3Cl           	KH              	HF              	MgH             	S2              	H2S             	SO              	SO2             	S2O             	SO3             	COS             	CS              	HCS             	SH              	HS2             	SiO             	SiH             	NaH             	FeO             	FeO2            	Fe(OH)2         	O_1             	CH2_1           	N_2D            	CS2             	NS              	S3              	S4              	S8              	HSO             	HSO2            	HSO3            	H2SO4           	CH3S            	CH3SH           	P               	PH3             	P2O             	P2O2            	P2O3            	PH              	PH2             	PO              	PO2             	PO3             	H2POH           	H3PO4           	HOPO            	HOPO2           	HPO             	HPOH            	P2              	P4              	P2H2            	P2H4            	P2H3            	P4O6            	P2H             	H3PO3           	HPO2            	P2O4            	P2O5            
1.3563515000e+02	9.7537289820e+02	2.0056295016e+21	1.0072049347e+21	2.1715567976e+00	5.0805073863e-37	9.8114045689e-11	1.7938674118e-02	9.8252810375e-27	7.3009450548e-26	1.6437032139e-20	3.3726990131e-15	1.3029801280e-17	3.4141065294e-16	1.0369881702e-11	7.8407271489e-17	1.0092267576e-06	1.5490120722e-05	2.7757365068e-04	1.6285010754e-24	1.6277598709e-05	6.2546287690e-14	0.0000000000e+00	7.8398473809e-32	8.4239548061e-13	9.4913486503e-16	2.3628643297e-18	1.1417812997e-22	4.8637413718e-25	3.6007399312e-13	3.3650020310e-12	1.9181784165e-03	1.1278201062e-26	6.4322232390e-27	3.4969649737e-42	2.0557348464e-35	4.8034224292e-09	2.5251562654e-11	3.8452248411e-45	9.3498059440e-33	7.8606869250e-18	1.2135228988e-22	9.5751744842e-13	2.4864622957e-17	5.3265092825e-10	3.2194695814e-24	4.6802900213e-19	4.5953306120e-21	3.3665420255e-12	2.2864972633e-22	1.1398775039e-18	1.8541513047e-28	2.7097344955e-42	1.8195729188e-28	6.9772216755e-33	5.2456856230e-48	2.4886088888e-32	1.0990681833e-61	2.2759486159e-35	5.4014038766e-46	1.3730605947e-21	2.8049479571e-24	4.7053054121e-31	1.1165037122e-45	7.5934812275e-16	1.6544226314e-30	9.7593196083e-01	1.9426634670e-14	2.2624244563e-21	3.2182405280e-03	1.4841041934e-04	5.4508719653e-19	1.1145746085e-21	2.1263063591e-35	6.4757304484e-55	2.7008106003e-06	2.0296094467e-27	4.5285000071e-59	8.4263103143e-74	1.9295777603e-89	1.3555581150e-28	1.1825255997e-52	1.4020519873e-20	1.5264887366e-23	4.9716002365e-13	3.5699164956e-21	1.3014075581e-14	4.2832091821e-19	7.0960037402e-20	1.0102655717e-34	5.8118048112e-23	3.4599124246e-23	2.4327177344e-23	6.1497978176e-16	2.5031767773e-50	5.7623315303e-36	2.2731557294e-41	1.4607778396e-30	9.4546942048e-34	1.8671111649e-25	6.4952748699e-24	3.1430667280e-30	6.9307654367e-22	2.5156201854e-23	7.8644571495e-17	1.3495759317e-16	3.7326077227e-28	9.1965648993e-18	9.0755909380e-33	5.7891510517e-17	4.5962466116e-25	1.1398775039e-18	3.3356672418e-24	8.9693813621e-25	2.7779637732e-31	2.2763703926e-40	9.9863523236e-37	5.9256534219e-26	3.8349925179e-26	3.3014831281e-38	1.1359016231e-31	9.6570185617e-34	9.6234594128e-44	2.1949531585e-22	4.3134447288e-09	6.6140461295e-07	7.7184837127e-08	4.5710042084e-18	3.7039180861e-35	3.4038308199e-21	6.0322182758e-31	2.6096582360e-16	3.3871364999e-29	5.6406153480e-07	8.2938506273e-07	2.0492231862e-23	1.1226159817e-34	2.6774594501e-29	5.5431762422e-22	2.6128985945e-14	4.1952648896e-09	2.1671568136e-07	7.7338580536e-09	1.8450097394e-16	2.8740226103e-05	4.4981738172e-19	7.6873215669e-20	8.5340430436e-23	2.5229775036e-32	6.5966961952e-15	2.6910032078e-20	1.1383778896e-21	6.6214317713e-12	3.3166565135e-16	2.6951959016e-04	3.5412202284e-14	6.2025742027e-08	2.5872316598e-20	1.7501687029e-27	2.2855479523e-04	3.0624047688e-36	4.8637413718e-25	4.2641265851e-35	1.8095386053e-19	1.3610265511e-21	4.2426712520e-24	6.0648893159e-32	2.1350680765e-59	3.8810465420e-19	9.7099565679e-24	1.1162183522e-34	5.0270677672e-35	9.5025195814e-18	3.7714984740e-12	1.3344284186e-17	2.2250765913e-06	4.1266189653e-27	1.4498805739e-32	2.9617022142e-17	9.0139589651e-14	2.3869268957e-10	2.3314410894e-14	2.6563534066e-17	1.0209985697e-24	2.9676675783e-10	2.5051443796e-12	5.7496616177e-09	2.0412409466e-13	1.1818295978e-14	1.6571982676e-13	5.3154057032e-12	9.6389247790e-18	2.1916388611e-14	1.1020426148e-13	2.8669874690e-16	1.1115048666e-32	9.2996875750e-17	1.7213672218e-13	5.7496616177e-09	4.1552354294e-22	3.7253621132e-27
8.3372533700e+01	9.7263766120e+02	1.2362831709e+21	6.2085215821e+20	2.1715412866e+00	1.0159257428e-36	1.1586672504e-10	1.7938545987e-02	1.6147766187e-26	9.9857237764e-26	2.3732220519e-20	6.3406530336e-15	1.1726827806e-17	3.0938704624e-16	9.9288256712e-12	8.4836245602e-17	1.0101634510e-06	1.5503907189e-05	2.7757350622e-04	1.8349073369e-24	1.6277482441e-05	5.7782111343e-14	0.0000000000e+00	1.2826313143e-31	1.9299225118e-12	2.1779020879e-15	4.3052053364e-18	1.5753594544e-22	6.6240553496e-25	5.4291209083e-13	3.9664158393e-12	1.9181577458e-03	2.9630592437e-26	1.7240234445e-26	1.0219821387e-41	6.2919125039e-35	1.1759707516e-08	6.2574985029e-11	1.1656840885e-44	2.4387643685e-32	1.8091818015e-17	2.1412869513e-22	1.4452030354e-12	2.8784386499e-17	5.1933253027e-10	4.6258548746e-24	5.3606341729e-19	5.2025611097e-21	3.2294146360e-12	4.1204344225e-22	2.6530683049e-18	5.0816707706e-28	1.0297914721e-41	9.3868698706e-28	2.3180821215e-32	2.5053317968e-47	1.3813730634e-31	7.7337476757e-61	1.2054937756e-34	6.4181684965e-45	1.8440864242e-21	3.7813913846e-24	6.1920743099e-31	1.3740997290e-45	8.7761137961e-16	1.7717748186e-30	9.7593569302e-01	2.1714952778e-14	2.9930305013e-21	3.2181963351e-03	1.4133117141e-04	4.6209355552e-19	1.9210957644e-21	3.4315234768e-35	9.4599090760e-55	6.2398847160e-06	4.1812602242e-27	7.8341987802e-59	1.3722864731e-73	2.8811742773e-89	1.8571598575e-28	1.4148953394e-52	2.3297485206e-20	1.5769536627e-23	4.5625356538e-13	3.8944500041e-21	1.8673289741e-14	4.7191780886e-19	1.2308110905e-19	3.3473892598e-34	1.3175433042e-22	6.2115742234e-23	2.7522559727e-23	5.8652184364e-16	1.5080774513e-49	3.0411903912e-35	9.1587183736e-41	5.0504591776e-30	2.5360955068e-33	4.2330372665e-25	9.4699870153e-24	3.4833745060e-30	6.4643052300e-22	6.8302704611e-23	1.7883503358e-16	1.9568425060e-16	1.0184253743e-27	1.3638139873e-17	1.5406488682e-32	8.6512765646e-17	5.1283724568e-25	2.6530683049e-18	5.9643491068e-24	7.9328603982e-25	1.4583618472e-30	6.9619186166e-40	4.0160787899e-36	2.0474670272e-25	4.9194249528e-26	3.4360503519e-38	9.7716212746e-32	5.5005835931e-33	6.3920818139e-43	4.9869982384e-22	4.1578303766e-09	6.6155547226e-07	7.7184726758e-08	3.1963038125e-18	7.6175545154e-35	3.6700481488e-21	1.3124436135e-30	2.9730826056e-16	4.4887065144e-29	6.3446880331e-07	7.5896784407e-07	1.7118351673e-23	1.7215982543e-34	3.3737064812e-29	5.8375645742e-22	2.3177329436e-14	3.2513328615e-09	2.1671413340e-07	5.8956062280e-09	2.8199528070e-16	2.8740019563e-05	6.6452476389e-19	1.1573755495e-19	1.2761321485e-22	3.6061099372e-32	1.6171743082e-14	6.2163384910e-20	2.0609470340e-21	7.9703234617e-12	4.0123067329e-16	2.6951766505e-04	2.5728890653e-14	4.8128189843e-08	2.3250002060e-20	1.5332677981e-27	2.2855316272e-04	3.9227251256e-36	6.6240553496e-25	6.4513756086e-35	4.3790965733e-19	2.3830814251e-21	6.3893022066e-24	9.0722157281e-32	3.0967068558e-59	4.5413717454e-19	1.1225752584e-23	1.2332884967e-34	4.5524543107e-35	1.1200513620e-17	3.6673821415e-12	2.4756525292e-17	2.2179854625e-06	9.6609669388e-27	3.3090838256e-32	7.6451775620e-17	1.3521898489e-13	2.9050749071e-10	4.4756945653e-14	5.1143095914e-17	1.9088111184e-24	2.9306687085e-10	2.6127519194e-12	9.2549684954e-09	3.2813249631e-13	1.7985460056e-14	2.0088972748e-13	1.3343113291e-11	4.0133202613e-17	3.4060929668e-14	1.0858270747e-13	3.4936203346e-16	4.9222029468e-32	1.7811162893e-16	1.7350303717e-13	9.2549684954e-09	1.0724285438e-21	9.4119570752e-27
5.1247625600e+01	9.6945192099e+02	7.6240836930e+20	3.8288094212e+20	2.1715120007e+00	1.9359633279e-36	1.3503398906e-10	1.7938304064e-02	2.4439409223e-26	1.3256647389e-25	3.3569640475e-20	1.1703834663e-14	1.0364839565e-17	2.7566078531e-16	9.4358612938e-12	8.9942128998e-17	1.0108872592e-06	1.5514560658e-05	2.7757118570e-04	2.0238978245e-24	1.6277262920e-05	5.2656732739e-14	0.0000000000e+00	2.0144477021e-31	4.1342665289e-12	4.6741155208e-15	7.6707937531e-18	2.1128974284e-22	8.7500251494e-25	8.0795802922e-13	4.6123271348e-12	1.9181151654e-03	7.1472110335e-26	4.2570928053e-26	2.5673867946e-41	1.6685584205e-34	2.8406585591e-08	1.5331860324e-10	3.3269800493e-44	6.0853707369e-32	4.0651199539e-17	3.6745081448e-22	2.1533217639e-12	3.2771171317e-17	5.0414152044e-10	6.5061628686e-24	6.0273231516e-19	5.7705785667e-21	3.0757683864e-12	7.2474416983e-22	6.0400742329e-18	1.3437207231e-27	3.5212771455e-41	4.2213953326e-27	7.3659926543e-32	1.1203064099e-46	7.3670616311e-31	5.0091941406e-60	6.0855702142e-34	6.4912338118e-44	2.2970700702e-21	4.7310573857e-24	7.5311994148e-31	1.5451063809e-45	9.9725260134e-16	1.8412928333e-30	9.7594275702e-01	2.2744594964e-14	3.5109932030e-21	3.2181135537e-03	1.2792905810e-04	3.4985015581e-19	3.0743075719e-21	5.0838770138e-35	1.2470963112e-54	1.2939903127e-05	7.5808903027e-27	1.1574931065e-58	1.8889913852e-73	3.5824103627e-89	2.4703349757e-28	1.6058596012e-52	3.4236501744e-20	1.4435352907e-23	3.9546965621e-13	3.9643675543e-21	2.5133884092e-14	4.8600799996e-19	1.9842499324e-19	1.0602752165e-33	2.9084227561e-22	1.0877455192e-22	3.0502167278e-23	5.5483663938e-16	8.4906466347e-49	1.5288160881e-34	3.4987917528e-40	1.6814849084e-29	6.5391126168e-33	9.3448872426e-25	1.3549244365e-23	3.7683715921e-30	5.9573929435e-22	1.7123083329e-22	3.7976226321e-16	2.6664108564e-16	2.6788824429e-27	1.9905186193e-17	2.5266407496e-32	1.2740904919e-16	5.5919918832e-25	6.0400742329e-18	1.0395124956e-23	6.8695679499e-25	6.9836414440e-30	1.9243882981e-39	1.4673807022e-35	6.5294084853e-25	5.5660200766e-26	3.4532555688e-38	8.1913359845e-32	3.0236227068e-32	4.0347593687e-42	1.1037133724e-21	3.9825557870e-09	6.6172176892e-07	7.7184178636e-08	2.1955664572e-18	1.5001692819e-34	3.6850686510e-21	2.7609584993e-30	3.1842653049e-16	5.7424537778e-29	7.0397169548e-07	6.8944616258e-07	1.3974593570e-23	2.5263665721e-34	4.1006854395e-29	5.9956586123e-22	2.0299568711e-14	2.5138575343e-09	2.1671121075e-07	4.4726296137e-09	4.2640688253e-16	2.8739630535e-05	9.6557860703e-19	1.7194382427e-19	1.8807950927e-22	5.0407974817e-32	3.9125974784e-14	1.4028091034e-19	3.6447010705e-21	9.4989805254e-12	4.8099002908e-16	2.6951403028e-04	1.8450580118e-14	3.7264982076e-08	2.0512240334e-20	1.3129830586e-27	2.2855008041e-04	4.8225224394e-36	8.7500251494e-25	8.8616766874e-35	1.0435549901e-18	3.8845808434e-21	9.4951280817e-24	1.3376296317e-31	4.4038272319e-59	5.2358771575e-19	1.2760736661e-23	1.3294155327e-34	4.0529863110e-35	1.3023988688e-17	3.5489823332e-12	4.4991605225e-17	2.2066709722e-06	2.2084777698e-26	7.3423331284e-32	1.9596215858e-16	1.9976020791e-13	3.5025112572e-10	8.4662428565e-14	9.7072977840e-17	3.5004149893e-24	2.8839259735e-10	2.7409638260e-12	1.4849576737e-08	5.2566822155e-13	2.7021447537e-14	2.4107201084e-13	3.3100380470e-11	1.6522862870e-16	5.2376572395e-14	1.0642082275e-13	4.2123174564e-16	2.1783130696e-31	3.3553727610e-16	1.7487649612e-13	1.4849576737e-08	2.7483221030e-21	2.3524911059e-26
3.1501011300e+01	9.6932874376e+02	4.6868838893e+20	2.3538006706e+20	2.1714650363e+00	5.0586116540e-36	1.7163259895e-10	1.7937916104e-02	4.1848039868e-26	2.1395987410e-25	5.4315689588e-20	2.3978132004e-14	1.0315690110e-17	2.7445485381e-16	9.4175830205e-12	1.0045050336e-16	1.0114083851e-06	1.5522273170e-05	2.7756615296e-04	2.5668680525e-24	1.6276910883e-05	5.2472209630e-14	0.0000000000e+00	4.1348490067e-31	9.0653462750e-12	1.0249234674e-14	1.5821391084e-17	3.4115363507e-22	1.4119661883e-24	1.3097470109e-12	5.8615821583e-12	1.9180269208e-03	1.9892726812e-25	1.1858794151e-25	7.5541597082e-41	4.9198110680e-34	7.4907231428e-08	4.0449576728e-10	1.4096485369e-43	2.0300723693e-31	1.0689546165e-16	7.5678220777e-22	3.4908272443e-12	4.1610777259e-17	5.0351009682e-10	1.0523193965e-23	7.6493971775e-19	7.3196956417e-21	3.0696410862e-12	1.4939884002e-21	1.5890016735e-17	4.4924737697e-27	1.5858350018e-40	2.0280670868e-26	3.1338366545e-31	7.7105094190e-46	5.1045680805e-30	5.5831206683e-59	4.2079099849e-33	8.2006768731e-43	3.0896170275e-21	6.3641116168e-24	1.0119110289e-30	2.0696125441e-45	1.2662243515e-15	2.3296913518e-30	9.7595409525e-01	2.4050044528e-14	3.9357610587e-21	3.2179605606e-03	1.0645726062e-04	2.4152288665e-19	5.2752893923e-21	8.6970033428e-35	2.1236491963e-54	2.3674136177e-05	1.3796687860e-26	2.0896536729e-58	3.4006999770e-73	6.4235421576e-89	3.9871487973e-28	2.5758176621e-52	4.8916699691e-20	1.2684547498e-23	3.2852202145e-13	4.1870330086e-21	3.3905556363e-14	5.1353705371e-19	3.4058093643e-19	4.5103484142e-33	7.6422333291e-22	2.2418991955e-22	3.8687126480e-23	5.5355513780e-16	7.4493166346e-48	1.0569382523e-33	1.8941502187e-39	7.1663822890e-29	2.1839703042e-32	2.4553503688e-24	2.1928163096e-23	4.7748327739e-30	5.9372777788e-22	4.7727098455e-22	8.3238808505e-16	3.5984890561e-16	8.9545224228e-27	3.2241352818e-17	5.1942932741e-32	2.0644213258e-16	7.0880700287e-25	1.5890016735e-17	2.1420913228e-23	6.8306077909e-25	4.0258932518e-29	6.8028965368e-39	6.6251089807e-35	2.3209162746e-24	6.2306709464e-26	4.3633042824e-38	8.1341605485e-32	2.0973874726e-31	3.5552572294e-41	2.9004319242e-21	3.9760496998e-09	6.6171387748e-07	7.7182527390e-08	1.7127882034e-18	3.9250050160e-34	3.8905180641e-21	7.2418038445e-30	3.3700289058e-16	9.2556864439e-29	7.8760974181e-07	6.0577798256e-07	1.2227201337e-23	4.5612396102e-34	5.8169661024e-29	6.6875467870e-22	1.7809854870e-14	1.9708142686e-09	2.1670652382e-07	3.5021003720e-09	6.9169208857e-16	2.8739006323e-05	1.5638455040e-18	2.7870295901e-19	3.0477052697e-22	8.1508512769e-32	1.0317689437e-13	3.6894997137e-19	7.5153826874e-21	1.2083604164e-11	6.1198398918e-16	2.6950820137e-04	1.4416203440e-14	2.9216123601e-08	2.0413503539e-20	1.3050770414e-27	2.2854513744e-04	7.7602963993e-36	1.4119661883e-24	1.5117031914e-34	2.7503528386e-18	6.6705979811e-21	1.5391573278e-23	2.1675601570e-31	7.1252611674e-59	6.6515866402e-19	1.6201237716e-23	1.6842763682e-34	4.0337386616e-35	1.6550994897e-17	3.5441916234e-12	9.2120582422e-17	2.1882356951e-06	5.7170044434e-26	1.8983765461e-31	5.0947918466e-16	3.2112287758e-13	4.4212562106e-10	1.7360628507e-13	1.9906984666e-16	7.1683875116e-24	2.8584515991e-10	2.7230339002e-12	2.3945164343e-08	8.4754780553e-13	4.3463995498e-14	3.0423489885e-13	8.5962891580e-11	6.8725691532e-16	8.3639720290e-14	1.0460881996e-13	5.2738267447e-16	9.0828377739e-31	6.8235314727e-16	1.7347299307e-13	2.3945164343e-08	7.1448570363e-21	6.1095315818e-26
1.9363115900e+01	9.7925649852e+02	2.8516537817e+20	1.4321716074e+20	2.1714011615e+00	3.7005015329e-35	2.8947547477e-10	1.7937388452e-02	1.2336555770e-25	6.5302733548e-25	1.3622860390e-19	6.9339019243e-14	1.5119604145e-17	3.9243928457e-16	1.1027304682e-11	1.3394334790e-16	1.0117320536e-06	1.5527164234e-05	2.7755845017e-04	5.1331680901e-24	1.6276432089e-05	6.9964240577e-14	0.0000000000e+00	2.0317032520e-30	2.4690501397e-11	2.7750197286e-14	5.2594296952e-17	1.0087244730e-21	4.3764075198e-24	2.8062160561e-12	9.9516645705e-12	1.9177813919e-03	1.0164640125e-24	5.6346390837e-25	4.9317675848e-40	2.7163380900e-33	2.6293340893e-07	1.3584729627e-09	2.1664910201e-42	1.7458231879e-30	4.6944230563e-16	2.8260850383e-21	7.4515334417e-12	7.5410862216e-17	5.5175140151e-10	2.6848598260e-23	1.4409913322e-18	1.4382078360e-20	3.5681939637e-12	5.1678127410e-21	6.6989419334e-17	3.2279265773e-26	2.0184163070e-39	1.6016022036e-25	3.4539545944e-30	2.1655462310e-44	8.3068949413e-29	3.6539930543e-57	8.1179936343e-32	2.8361591301e-41	6.1441779818e-21	1.2482011298e-23	2.1658103078e-30	5.6469406021e-45	2.3089656848e-15	5.6000668223e-30	9.7596952430e-01	3.0192045503e-14	5.0414471552e-21	3.2176145949e-03	7.7513511141e-05	1.6352218716e-19	1.3082615456e-20	2.7378391242e-34	9.5935434305e-54	3.8143740973e-05	3.3686089555e-26	9.6106830106e-58	1.9468360724e-72	5.0374809230e-88	1.2092890902e-27	1.2766285151e-51	8.4495874310e-20	1.2925116140e-23	2.7349733678e-13	5.7405471172e-21	5.3036778709e-14	6.7918427875e-19	8.2553003405e-19	5.0200396928e-32	3.5447336972e-21	7.8614968596e-22	7.6191369943e-23	6.5699460815e-16	2.7772680333e-46	2.0657629901e-32	3.1969050261e-38	6.8342455860e-28	1.6962472823e-31	1.1383874711e-23	5.3048605123e-23	1.0131688204e-29	7.6388585255e-22	2.1638786904e-21	2.3288406608e-15	5.4179822372e-16	6.5392822294e-26	7.3351061259e-17	2.2314989457e-31	4.5676732010e-16	1.4679543271e-24	6.6989419334e-17	7.6225792335e-23	1.0660482757e-24	4.8925541613e-28	6.1751776883e-38	6.8662868811e-34	1.3529749536e-23	8.9253144908e-26	1.1631869926e-37	1.4035454303e-31	3.1073897640e-30	9.2997878942e-40	1.3345754122e-20	4.5435133190e-09	6.6112683213e-07	7.7178646969e-08	2.0357946150e-18	2.5933018506e-33	5.5680782499e-21	3.9002379734e-29	3.9489687563e-16	3.1685719432e-28	9.1227772038e-07	4.8106901871e-07	1.3513584532e-23	1.6311600541e-33	1.3759162867e-28	9.8351587666e-22	1.5832025667e-14	1.6173366930e-09	2.1670014929e-07	3.0400330018e-09	1.4109664457e-15	2.8738153382e-05	3.6084962175e-18	6.0028836500e-19	6.7292510925e-22	2.1194745589e-31	3.6036935738e-13	1.5989639520e-18	2.5571368359e-20	1.9014071386e-11	9.4560961751e-16	2.6950027364e-04	1.4898927695e-14	2.3867603982e-08	3.0083548307e-20	2.1088723914e-27	2.2853841464e-04	3.0044966769e-35	4.3764075198e-24	6.0169913951e-34	1.0068419814e-17	1.5626871367e-20	3.3126244727e-23	4.7800205339e-31	1.7568507878e-58	1.1595535457e-18	2.9501347223e-23	3.6143207863e-34	5.7756297623e-35	2.8100807550e-17	3.9220274726e-12	2.7952502626e-16	2.1566388868e-06	2.2402844860e-25	8.1568947847e-31	1.4003072360e-15	6.8304521318e-13	6.5119562994e-10	4.6527600015e-13	5.2781429500e-16	2.1140593930e-23	2.9138690060e-10	2.2757786596e-12	3.9427155243e-08	1.4020315482e-12	8.7735475236e-14	4.5455735574e-13	2.6159671761e-10	3.0100318349e-15	1.5243845937e-13	1.0476562610e-13	7.5336259140e-16	3.1774424598e-30	1.7969984997e-15	1.6413126849e-13	3.9427155243e-08	1.9646147420e-20	1.8147130857e-25
1.1902165700e+01	1.0029217944e+03	1.7114454775e+20	8.5955802646e+19	2.1713318191e+00	1.0192080622e-33	7.0299538683e-10	1.7936815640e-02	7.3771083761e-25	4.5287101019e-24	6.0099452203e-19	3.1136316182e-13	3.6482148347e-17	8.9377646751e-16	1.5864088935e-11	2.1696622214e-16	1.0119090640e-06	1.5529973392e-05	2.7754961274e-04	1.8457846047e-23	1.6275912311e-05	1.3543968268e-13	0.0000000000e+00	3.0717729819e-29	8.9568153575e-11	9.9321009754e-14	3.2323677606e-16	6.4990401683e-21	3.1429394118e-23	8.6092621748e-12	2.4525513624e-11	1.9166440424e-03	1.1440483703e-23	5.3660684276e-24	9.1232453957e-39	3.4154433519e-32	1.3337849653e-06	6.2265105801e-09	1.7496417137e-40	5.0823270792e-29	3.9901254283e-15	2.2701880126e-20	2.2662068522e-11	2.1600358452e-16	6.8101937301e-10	1.2319152923e-22	4.5134219111e-18	4.9653430752e-20	5.0460325960e-12	3.4813717145e-20	5.1832245989e-16	6.2122028462e-25	9.8648071256e-38	2.4354332894e-24	1.2982782704e-28	3.7183519514e-42	4.0606073475e-27	2.3366308509e-54	5.8708820446e-30	3.6430846009e-39	2.0368932718e-20	4.0085855482e-23	8.5091069092e-30	3.8832608402e-44	6.7106891582e-15	3.0764415362e-29	9.7598630262e-01	4.7625142016e-14	7.7835583569e-21	3.2163247375e-03	4.7864346879e-05	1.0959195189e-19	5.2531402628e-20	1.9050376669e-33	1.5348520064e-52	5.2965834843e-05	1.2193362268e-25	1.4971340350e-56	5.0247172064e-71	2.6851825345e-86	8.2657896417e-27	2.7061596322e-50	1.8915696178e-19	1.6176325779e-23	2.2998549610e-13	1.1094147616e-20	1.0111698429e-13	1.2081223767e-18	3.1437084998e-18	1.9275047349e-30	3.4173155968e-20	5.4647519895e-21	2.6435675329e-22	9.7478849821e-16	6.6716153211e-44	1.5393949498e-30	2.3330076594e-36	1.8383559095e-26	3.9055971086e-30	1.0962527092e-22	2.1531359330e-22	4.1751640093e-29	1.3651754441e-21	1.8493766715e-20	8.9872831823e-15	9.4623374419e-16	1.3063141100e-24	2.5837804500e-16	2.4764564324e-30	1.5091858575e-15	5.7201924386e-24	5.1832245989e-16	5.4812814222e-22	2.9733824383e-24	1.5652400579e-26	1.9025495904e-36	2.0898708117e-32	1.5020737403e-22	1.7827337418e-25	8.1113388115e-37	4.9338482509e-31	1.2232229605e-28	9.8766602975e-38	1.2629815808e-19	6.1741248459e-09	6.5947496231e-07	7.7171345042e-08	3.8478748309e-18	5.6448999803e-32	1.1876682639e-20	5.3053893210e-28	5.3151474916e-16	2.8583513277e-27	1.0691192612e-06	3.2418298409e-07	1.9504941108e-23	1.3596047880e-32	6.0784442026e-28	1.9959631970e-21	1.3833525104e-14	1.4079655695e-09	2.1669322910e-07	3.0137054092e-09	3.8673342402e-15	2.8737212825e-05	1.3138161634e-17	1.8652743644e-18	2.2140564960e-21	1.0168402374e-30	1.8080468323e-12	1.3183638173e-17	1.6581784983e-19	3.9349435241e-11	1.8769789717e-15	2.6949166730e-04	2.2072246356e-14	2.0561833058e-08	7.3340944691e-20	6.3584328601e-27	2.2853111634e-04	3.6040660852e-34	3.1429394118e-23	7.1905291685e-33	5.6294961339e-17	5.5033001278e-20	1.0276005756e-22	1.5690327418e-30	7.4776271313e-58	3.0389879287e-18	8.5501493038e-23	1.5298208914e-33	1.3226344583e-34	6.9286189253e-17	4.9526258136e-12	1.4023311365e-15	2.1005657563e-06	1.4856442061e-24	6.6926676426e-30	4.1059415681e-15	2.0756049955e-12	1.1652698567e-09	1.7536664836e-12	1.9411392138e-15	9.9402635757e-23	3.0683057703e-10	1.5179606815e-12	6.6453990906e-08	2.3894474086e-12	2.3636469835e-13	8.4095450639e-13	9.6880741992e-10	1.3877583810e-14	3.2688235588e-13	1.0668905277e-13	1.2651553116e-15	8.7531885469e-30	6.5509052632e-15	1.4564074066e-13	6.6453990906e-08	5.7687732792e-20	6.3685682877e-25
7.3160513000e+00	1.0358177211e+03	1.0185491911e+20	5.1157543503e+19	2.1712541147e+00	5.8469848000e-32	2.0912831153e-09	1.7936173872e-02	6.3437991219e-24	4.9491921140e-23	3.6291947443e-18	1.7596000082e-12	1.1624671273e-16	2.6382359367e-15	2.5627438766e-11	3.7305687722e-16	1.0120140535e-06	1.5531732969e-05	2.7753947772e-04	9.1975390618e-23	1.6275329856e-05	3.2191868286e-13	0.0000000000e+00	8.6454403132e-28	3.6893301153e-10	4.0149754800e-13	2.7836972965e-15	6.4345488314e-20	3.5884636553e-22	3.2113221442e-11	7.4123236323e-11	1.9096113002e-03	1.9327060633e-22	7.2741446640e-23	2.8300023231e-37	6.3784962249e-31	8.2694380930e-06	3.3764857444e-08	3.5320909818e-38	2.8979125159e-27	4.8703899977e-14	2.7758364717e-19	8.3466254371e-11	7.9360880788e-16	8.9335693320e-10	7.7842250151e-22	1.8674395710e-17	2.3364576890e-19	7.9238934688e-12	3.3761121813e-19	5.5854489579e-15	2.0540375953e-23	9.8344066945e-36	4.9999870932e-23	9.6068390924e-27	1.7311057362e-39	3.6238488330e-25	5.2468294705e-51	8.7641467994e-28	9.0599817546e-37	8.7045430939e-20	1.6410903884e-22	4.5375553733e-29	4.3191858972e-43	2.5230811958e-14	2.6674552589e-28	9.7600517899e-01	8.2752235530e-14	1.2560559536e-20	3.2090412003e-03	2.6169042626e-05	6.8814651700e-20	2.6725187404e-19	1.9943365533e-32	4.7969777919e-51	6.3810595174e-05	5.1714848462e-25	4.3150736039e-55	2.8109335233e-69	3.8922218399e-84	8.8503092110e-26	1.2814145865e-48	4.6074154755e-19	2.1380546691e-23	1.8829708669e-13	2.5118754808e-20	2.0831608506e-13	2.4528340439e-18	1.4895242336e-17	1.4611717866e-28	4.9106990783e-19	5.5165968083e-20	1.2470263239e-21	1.6253944598e-15	4.4675745203e-41	2.3903534215e-28	3.8030510009e-34	8.7127818648e-25	1.6292852649e-28	1.5689959735e-21	1.1541109021e-21	2.4646240300e-28	2.9014124492e-21	2.1716948560e-19	4.0057659660e-14	1.7358277095e-15	4.5312022720e-23	1.1517866487e-15	4.6272194902e-29	6.1922495215e-15	3.1470473959e-23	5.5854489579e-15	5.7910714262e-21	1.1418930794e-23	8.2645149659e-25	1.1166599734e-34	1.1148628315e-30	2.2978687703e-21	4.0345031336e-25	9.6024801284e-36	2.5627475199e-30	8.1745560485e-27	2.2533191259e-35	1.7710410038e-18	9.2339748617e-09	6.5639128944e-07	7.7158819229e-08	9.4176794713e-18	2.3730508491e-30	3.0738212873e-20	1.2033199160e-26	7.5098035881e-16	4.4053731757e-26	1.2033357086e-06	1.8991667787e-07	3.1055629312e-23	1.7224454553e-31	3.6107206711e-27	4.6016667816e-21	1.1373032265e-14	1.2667132216e-09	2.1668547445e-07	3.2161455008e-09	1.2495299705e-14	2.8736117917e-05	6.1563378936e-17	7.0902376777e-18	9.0855197822e-21	6.8361506026e-30	1.1058219899e-11	1.5499014083e-16	1.5343604387e-18	9.4824941049e-11	4.2835438558e-15	2.6948202318e-04	3.9980734692e-14	1.8245760520e-08	2.3569189496e-19	2.6993119899e-26	2.2852293787e-04	8.0925243842e-33	3.5884636553e-22	1.5379293846e-31	3.9756441030e-16	2.3598627752e-19	3.9082784088e-22	6.4333587386e-30	4.3366512252e-57	9.9784224115e-18	3.2009575066e-22	9.4155040573e-33	3.9198747905e-34	2.0969345333e-16	6.7124882828e-12	9.1670183789e-15	2.0031925560e-06	1.2794128128e-23	7.6245009166e-29	1.2092576401e-14	7.5762650918e-12	2.2889555266e-09	7.8623393551e-12	8.4185283599e-15	5.9518839474e-22	3.2388324097e-10	8.7746540886e-13	1.1160507965e-07	4.0694244914e-12	7.3576543427e-13	1.7246481435e-12	3.8856439546e-09	6.2131601490e-14	7.4524494696e-13	1.0658934899e-13	2.2560715246e-15	1.9866191138e-29	2.7780650262e-14	1.2257112809e-13	1.1160507965e-07	1.7012999684e-19	2.3731393287e-24
4.4970476600e+00	1.0702079237e+03	6.0590834668e+19	3.0435161112e+19	2.1710491663e+00	3.0968087146e-30	6.1195455552e-09	1.7934480528e-02	5.0211386208e-23	5.1535172315e-22	2.1349783157e-17	9.4189783398e-12	3.6556088011e-16	7.7546174784e-15	4.1439435398e-11	6.0305307424e-16	1.0120485167e-06	1.5532359743e-05	2.7751308536e-04	4.4611435790e-22	1.6273793593e-05	7.6311568701e-13	0.0000000000e+00	2.2669990716e-26	1.4011429861e-09	1.4819949066e-12	2.2644866022e-14	6.0314501868e-19	3.8672723692e-21	1.1450984335e-10	2.1616527382e-10	1.8685627073e-03	2.9391542727e-21	8.8321278481e-22	7.4346557376e-36	1.0192809325e-29	4.8994789303e-05	1.7377182680e-07	6.3649140136e-36	1.5062877825e-25	5.5638164642e-13	3.1591818693e-18	2.9177792030e-10	2.7536308894e-15	1.1245827282e-09	4.5734845094e-21	7.3344834488e-17	1.0417757438e-18	1.1984021703e-11	3.0330767791e-18	5.5903648938e-14	6.1972620442e-22	8.4534403567e-34	8.6995726591e-22	6.4300229737e-25	7.0143916584e-37	2.8570831783e-23	9.8632579376e-48	1.1466780688e-25	1.7883305580e-34	3.4537908520e-19	6.1802764736e-22	2.1928325226e-28	4.2487976187e-42	9.1852244248e-14	2.1795771194e-27	9.7605494687e-01	1.3525148661e-13	1.8178893694e-20	3.1674732231e-03	1.3706709400e-05	3.9111432602e-20	1.2515150451e-18	1.8752283306e-31	1.3047714653e-49	7.0033986669e-05	1.9294480638e-24	1.0318678270e-53	1.2753702083e-67	4.4434073379e-82	8.9383975647e-25	5.5003298836e-47	1.0028560881e-18	2.5317535203e-23	1.4398999843e-13	5.2293430269e-20	3.9723576290e-13	4.5888917323e-18	6.4553938405e-17	9.9099581330e-27	6.4682196800e-18	5.1175297306e-19	5.4330218121e-21	2.5441296365e-15	2.5550912411e-38	3.2505394391e-26	5.3950248059e-32	3.6661999173e-23	6.0228330211e-27	2.0221186704e-20	5.6298869860e-21	1.3150855395e-27	5.6625252147e-21	2.2734833548e-18	1.6148470793e-13	2.9257298892e-15	1.4223672826e-21	4.7709178561e-15	7.9021291316e-28	2.3824277595e-14	1.6060993539e-22	5.5903648938e-14	5.6577669795e-20	4.1808425581e-23	3.7637323426e-23	5.6853595231e-33	5.0996649072e-29	3.0759803491e-20	8.1304062314e-25	1.0463525607e-34	1.2397163938e-29	4.7002114775e-25	4.3355721520e-33	2.2771971119e-17	1.3800131941e-08	6.5176229742e-07	7.7135721364e-08	2.2954078363e-17	9.2680170921e-29	7.5643934773e-20	2.5488265102e-25	1.0128775268e-15	6.4796329435e-25	1.2868071690e-06	1.0631370785e-07	4.5831631719e-23	1.9537490325e-30	1.9416021512e-26	9.7352847511e-21	8.7172485598e-15	1.1366042570e-09	2.1666502104e-07	3.4106543896e-09	3.9831366019e-14	2.8733218773e-05	2.7957336710e-16	2.5970239364e-17	3.6241888957e-20	4.3360586849e-29	6.4704105452e-11	1.7368152145e-15	1.3529817294e-17	2.2560643693e-10	9.6651680382e-15	2.6945658616e-04	7.1923984626e-14	1.6151190588e-08	7.4297616965e-19	1.1067784999e-25	2.2850136666e-04	1.7061958136e-31	3.8672723692e-21	2.9767819660e-30	2.7062619054e-15	9.4447046902e-19	1.4621709827e-21	2.5930886206e-29	2.4691501797e-56	3.1823694397e-17	1.1492589400e-21	5.4495155713e-32	1.0937165568e-33	6.1283215105e-16	8.8813945268e-12	5.6588532424e-14	1.8481140840e-06	9.9395952533e-23	7.7229789390e-28	3.2240649881e-14	2.6287239983e-11	4.3060789170e-09	3.3197416389e-11	3.4066754709e-14	3.2731432349e-21	3.2679859199e-10	4.7674596043e-13	1.7745518102e-07	6.4976018142e-12	2.1623537638e-12	3.3518891471e-12	1.4429485936e-08	2.4257182542e-13	1.5763869946e-12	9.9566782020e-14	3.7291335431e-15	3.7688699096e-29	1.0842986712e-13	9.7135812413e-14	1.7745518102e-07	4.4993577731e-19	7.8194421724e-24
2.7642558600e+00	1.0972337776e+03	3.6314816440e+19	1.8247162819e+19	2.1703352864e+00	7.0266344210e-29	1.4460139339e-08	1.7928583824e-02	2.4506777098e-22	3.1850236354e-21	9.0128105298e-17	3.7354359743e-11	8.9260370200e-16	1.8730033701e-14	6.1785212303e-11	8.4513062644e-16	1.0118670350e-06	1.5529542977e-05	2.7742190065e-04	1.5330653369e-21	1.6268442601e-05	1.5709698803e-12	0.0000000000e+00	2.8668733058e-25	3.9193613387e-09	3.8888833156e-12	1.1513154306e-13	3.3390804985e-18	2.3742433678e-20	2.9653160465e-10	4.7263482557e-10	1.7068117976e-03	2.4497567434e-20	5.9708306265e-21	8.6261366614e-35	8.1785477895e-29	2.0964284793e-04	6.4196062595e-07	3.7692783735e-34	3.3315889797e-24	3.7557449109e-12	1.9966252742e-17	7.2152686066e-10	6.3594461435e-15	1.1497440304e-09	1.5933181946e-20	1.9163510244e-16	2.9922679065e-18	1.4485301614e-11	1.5418065218e-17	3.2777087322e-13	8.7723295687e-21	2.6818898233e-32	7.8264469076e-21	1.7533921164e-23	7.9725863459e-35	8.8601827072e-22	3.6859891233e-45	5.2365097556e-24	1.0806681962e-32	9.4815952841e-19	1.5637990505e-21	6.3988422869e-28	2.0136170126e-41	2.4437834887e-13	1.0121502965e-26	9.7622787392e-01	1.8056202116e-13	2.0572119643e-20	3.0045583540e-03	7.3868663587e-06	1.9513412475e-20	3.9636507480e-18	9.5454628300e-31	1.4000971152e-48	7.3167366057e-05	4.7895580694e-24	9.3336682891e-53	1.7786497856e-66	1.1773473942e-80	5.1728392128e-24	8.9255604311e-46	1.6352896446e-18	2.3182646814e-23	9.5427266384e-14	7.7577063810e-20	5.8779776953e-13	6.2884561820e-18	1.8702051589e-16	2.6391185412e-25	4.5057877525e-17	2.5819185464e-18	1.3796944217e-20	2.8394448172e-15	3.7102401315e-36	1.5275412205e-24	2.4564310496e-30	6.3633303181e-22	8.9209395685e-26	1.2866976234e-19	1.5375097082e-20	3.6053104952e-27	6.9137044899e-21	1.3341307241e-17	4.3837650536e-13	3.7860304983e-15	2.0094999263e-20	1.2425396832e-14	6.4682345624e-27	6.0614641126e-14	4.7329617063e-22	3.2777087322e-13	3.0604456501e-19	1.0051866028e-22	7.3686596999e-22	1.1488153905e-31	9.4033028501e-28	2.1405775511e-19	1.1759384596e-24	5.5870349231e-34	3.4034245109e-29	1.0057058060e-23	2.4199347305e-31	1.5580470353e-16	1.9332861162e-08	6.4601071337e-07	7.7089998725e-08	4.5350857716e-17	1.6899698263e-27	1.4857935653e-19	2.8383589322e-24	1.2236864282e-15	5.4349822521e-24	1.3289773228e-06	6.3685483743e-08	5.3994591646e-23	1.2225108950e-29	6.5610167112e-26	1.5458527613e-20	6.1207752824e-15	9.8494016268e-10	2.1659377934e-07	3.3450594018e-09	1.0668623416e-13	2.8723328518e-05	9.3307694111e-16	7.0810239625e-17	1.0984819831e-19	1.7030017785e-28	2.7436380313e-10	1.2443349268e-14	7.6200508071e-17	4.5687308728e-10	1.8815249717e-14	2.6936798600e-04	1.0897202995e-13	1.3855444114e-08	1.8100717992e-18	3.1403894289e-25	2.2842623223e-04	1.7796105960e-30	2.3742433678e-20	2.8236086618e-29	1.3397589716e-14	2.7781034035e-18	4.4096341577e-21	8.2667610352e-29	1.0195753162e-55	7.6744325836e-17	2.8994372228e-21	1.8779900017e-31	1.9757077065e-33	1.3422741402e-15	1.0145502218e-11	2.4944333260e-13	1.6473969403e-06	5.0125986728e-22	4.5472644443e-27	6.7596661229e-14	7.0961822065e-11	6.9318575460e-09	1.0576001787e-10	1.0076682828e-13	1.1653374008e-20	2.9830344277e-10	2.4201373787e-13	2.4656225108e-07	8.6802571413e-12	4.9449379474e-12	5.2978556122e-12	4.3936077146e-08	7.7826612710e-13	2.7896457620e-12	8.4805318764e-14	5.1582271222e-15	5.4931669333e-29	3.2176383136e-13	6.8067607762e-14	2.4656225108e-07	8.9884452014e-19	1.7627960066e-23
1.6991393100e+00	1.1054803418e+03	2.2142630452e+19	1.1132539386e+19	2.1690686434e+00	2.9872367893e-28	2.2133013473e-08	1.7918120313e-02	4.6624980220e-22	7.0449266500e-21	1.9419286478e-16	8.5041157646e-11	1.2671486881e-15	2.8814440670e-14	7.5813427082e-11	9.3624069281e-16	1.0114656264e-06	1.5523173793e-05	2.7726053549e-04	2.6191276293e-21	1.6258948108e-05	2.3120511926e-12	0.0000000000e+00	8.6400130332e-25	6.3942669227e-09	5.7064225365e-12	2.4297115937e-13	6.6427109437e-18	4.8697364691e-20	4.3199314332e-10	6.0207947150e-10	1.4156152351e-03	6.5487130144e-20	1.3753073698e-20	2.1495362559e-34	1.8276320436e-28	4.9901835320e-04	1.3411762252e-06	2.5522038306e-33	1.4209367649e-23	9.5051989258e-12	4.1752992001e-17	9.6353571906e-10	7.0122712419e-15	8.3965237917e-10	2.1581292641e-20	2.3584310223e-16	3.7873762429e-18	1.1961129322e-11	2.7712802740e-17	7.2932213628e-13	3.0056846504e-20	1.2766533109e-31	2.1704089135e-20	8.6568279358e-23	7.8514714367e-34	4.9953728586e-21	6.1905979275e-44	3.3556062402e-23	7.5720246264e-32	1.2822278847e-18	1.8921905323e-21	7.4022605920e-28	2.4640536346e-41	3.5503074515e-13	1.5887919873e-26	9.7653437085e-01	1.6626606624e-13	1.5250918197e-20	2.7117306909e-03	4.3838013317e-06	8.0625520461e-21	6.0824956690e-18	1.5446646075e-30	2.5886298389e-48	7.4622801976e-05	5.7819349537e-24	1.3869753153e-52	2.7533071912e-66	2.0191682324e-80	1.0285000808e-23	2.2058446410e-45	1.6027318147e-18	1.3601872629e-23	5.1274351605e-14	6.2768000840e-20	5.6401953772e-13	4.9701394498e-18	2.5974924990e-16	1.2019144866e-24	9.8030413180e-17	4.3029021098e-18	1.3326158169e-20	1.8125410844e-15	3.9712120638e-35	9.8717996863e-24	1.3250575927e-29	2.1751163144e-21	2.4518150369e-25	2.3212727121e-19	1.5338331513e-20	3.0338762619e-27	3.8600974132e-21	2.7385630359e-17	6.0375609984e-13	3.2005962598e-15	6.3943943437e-20	1.4350659309e-14	1.3382702145e-26	7.4819432959e-14	5.1406704718e-22	7.2932213628e-13	5.6027919380e-19	1.0945007681e-22	3.0745537353e-21	4.0329239263e-31	3.2474962284e-27	4.6707030853e-19	9.3726557372e-25	7.7842792890e-34	3.2824977965e-29	3.7370836453e-23	1.4166746573e-30	3.3717720836e-16	2.3208019170e-08	6.4174724135e-07	7.7030943670e-08	5.5403269461e-17	6.7990029964e-27	1.8178051130e-19	9.0789688039e-24	1.1926992684e-15	1.4487663089e-23	1.3456084724e-06	4.6241558591e-08	4.3880407662e-23	2.5277134147e-29	9.5286207281e-26	1.5132369654e-20	3.9669097135e-15	7.9523406718e-10	2.1646737215e-07	2.8009275913e-09	2.0080934162e-13	2.8705978378e-05	1.7190794040e-15	1.1264353179e-16	1.9656139668e-19	2.7658996068e-28	6.5089906167e-10	3.7603256027e-14	1.8070142454e-16	6.6759062551e-10	2.7154828035e-14	2.6921077904e-04	1.1320038960e-13	1.1153281730e-08	2.5661089381e-18	4.2686781423e-25	2.2829291872e-04	4.5944000298e-30	4.8697364691e-20	6.5382306019e-29	3.6274870894e-14	4.5475289275e-18	8.5898027330e-21	1.6358879510e-28	2.1726887473e-55	1.0822636908e-16	3.7979890195e-21	2.4724841557e-31	1.6600698496e-33	1.7096376622e-15	8.9825673345e-12	5.8589057257e-13	1.4433709981e-06	1.2075493752e-21	1.0512105374e-26	1.0558171424e-13	1.2149074826e-10	8.5830028703e-09	2.0685006497e-10	1.7672578114e-13	1.9788726723e-20	2.4124105656e-10	1.2673654905e-13	2.9146324785e-07	9.2969915503e-12	7.3886152365e-12	5.9802931867e-12	9.9492985260e-08	2.0704558570e-12	3.8205127653e-12	6.6439320926e-14	5.5337371854e-15	6.8664213767e-29	6.0926856819e-13	4.2772690827e-14	2.9146324785e-07	1.2686572067e-18	2.3635768012e-23
1.0444309600e+00	1.0818413734e+03	1.3903844691e+19	6.9924992371e+18	2.1684069438e+00	1.0305866545e-28	1.6624686927e-08	1.7912655193e-02	1.9217393489e-22	3.2825466567e-21	1.3915185561e-16	7.9252408065e-11	6.5274054466e-16	1.6605199962e-14	5.9648624166e-11	7.1999588678e-16	1.0113800468e-06	1.5521495914e-05	2.7717695285e-04	1.4248726005e-21	1.6253988706e-05	1.5317396404e-12	0.0000000000e+00	3.1335314590e-25	5.5150926606e-09	4.6860212793e-12	1.7369720971e-13	3.1161913260e-18	2.0903559641e-20	3.5074206666e-10	3.9910172423e-10	1.2634173085e-03	3.4759729362e-20	7.8741803631e-21	5.5892613991e-35	6.5231799476e-29	6.5018849787e-04	1.7864983078e-06	7.8766008033e-34	6.5004835195e-24	7.6670107136e-12	2.2677411594e-17	7.4539672806e-10	3.6603335148e-15	5.6147930986e-10	1.1208768227e-20	1.2090531968e-16	1.7896809426e-18	7.5641847370e-12	1.6352899307e-17	5.9838858928e-13	1.8181100423e-20	4.3830117696e-32	1.4315964252e-20	4.6841178490e-23	2.8225295222e-34	4.4489575560e-21	1.6322594086e-44	2.1781801780e-23	4.0440830403e-32	5.5124126862e-19	7.8631878276e-22	2.4525569077e-28	4.8508061283e-42	2.1709514828e-13	5.4268310057e-27	9.7669466307e-01	8.4477419914e-14	5.8125419119e-21	2.5584638641e-03	3.0887391896e-06	2.5136015229e-21	3.2760296939e-18	4.9881004673e-31	3.9700499259e-49	7.5247341933e-05	2.4985541565e-24	1.6033926571e-53	1.9775062015e-67	7.5316492900e-82	4.5700834567e-24	3.6436002605e-46	7.0156974307e-19	3.9565087515e-24	2.4964212126e-14	2.4042194701e-20	3.4030104936e-13	2.0379661322e-18	1.3832057686e-16	6.0817810037e-25	6.3524405612e-17	2.3403245169e-18	5.2915615992e-21	9.2775955332e-16	1.5002666503e-35	6.2522635892e-24	5.4869459678e-30	1.3120030156e-21	1.0781540465e-25	1.3419779091e-19	7.4219096950e-21	9.3096724347e-28	1.5095928047e-21	1.6215810293e-17	4.4102145325e-13	1.9526275130e-15	3.5481054528e-20	8.7638730246e-15	5.2455122830e-27	5.0903628175e-14	1.9615122091e-22	5.9838858928e-13	3.1343243370e-19	4.1865912858e-23	2.0726965437e-21	1.2977575502e-31	1.4667396951e-27	3.0994030067e-19	2.8936352461e-25	1.9464805114e-34	9.2470072371e-30	3.1687895778e-23	8.2866798486e-31	2.2189764016e-16	1.9244122604e-08	6.4550832150e-07	7.7023589366e-08	2.4135323027e-17	2.8700686423e-27	8.1430737004e-20	5.2810763026e-24	7.3185971398e-16	5.8450935190e-24	1.3444715039e-06	4.6953977828e-08	2.2464312600e-23	1.0965446301e-29	4.4639651774e-26	8.6292071753e-21	2.9008185355e-15	5.7204772996e-10	2.1640134397e-07	1.8110393191e-09	2.1248449815e-13	2.8697116932e-05	1.3584784851e-15	9.5433526923e-17	1.6856135252e-19	1.5434935070e-28	8.5377411061e-10	3.4883858987e-14	1.3115200803e-16	5.7202646429e-10	2.4046170813e-14	2.6912866280e-04	5.5900254727e-14	8.0927868504e-09	1.3259250531e-18	1.7438285011e-25	2.2822328422e-04	1.3657326969e-30	2.0903559641e-20	1.5225625659e-29	4.6174150151e-14	2.8929383897e-18	8.2006862072e-21	1.4874271063e-28	1.5743484708e-55	7.1933778407e-17	2.1885719505e-21	9.8223882148e-32	6.5840668804e-34	1.1303487325e-15	6.6096599959e-12	4.9863327999e-13	1.2486224959e-06	1.0162196254e-21	6.9780999329e-27	1.5330564276e-13	1.0024639672e-10	7.0247259049e-09	2.0970108546e-10	1.7209015541e-13	1.4808555821e-20	1.8428231091e-10	1.1727759370e-13	3.4552553663e-07	1.0272660348e-11	6.3357600010e-12	4.4807841464e-12	1.4328047991e-07	4.3222094059e-12	3.5494586378e-12	4.6817856745e-14	4.0426214609e-15	1.5113170469e-28	5.7073853230e-13	3.3300298423e-14	3.4552553663e-07	1.7303151215e-18	2.6184654624e-23
6.4199328200e-01	1.0205614603e+03	9.0629074100e+18	4.5562505335e+18	2.1691935107e+00	1.4105170624e-30	4.7999842481e-09	1.7919149824e-02	1.0180577560e-23	2.0183176993e-22	2.2712840177e-17	2.2223947897e-11	8.0319469592e-17	2.2100478502e-15	2.4130080942e-11	3.3683557099e-16	1.0119665633e-06	1.5530111098e-05	2.7727845414e-04	1.6662725078e-22	1.6259883133e-05	2.9837378011e-13	0.0000000000e+00	7.6522292317e-27	2.3582246354e-09	2.2068674917e-12	3.6038579453e-14	2.4316499988e-19	1.2708234552e-21	1.6144660728e-10	1.2758240614e-10	1.4454520862e-03	2.4484484247e-21	8.6852610432e-22	8.1742592129e-37	2.3217438906e-30	4.6890466045e-04	1.7349979406e-06	5.1568277103e-36	1.9963634344e-25	1.7964038746e-12	2.7132977756e-18	3.7384660336e-10	9.4375829036e-16	4.5051484527e-10	2.3241934035e-21	2.3749287846e-17	2.8019188180e-19	4.1562064154e-12	3.1268285912e-18	1.8591174487e-13	1.5465402221e-21	5.9564676442e-34	1.8716941689e-21	1.8887114860e-24	1.8545160549e-36	5.9900631997e-22	2.9460513486e-47	1.1905241542e-24	1.2545438932e-33	5.0954747256e-20	8.3523737120e-23	1.7453866996e-29	1.0131383451e-43	4.4380908986e-14	2.7334895582e-28	9.7650524044e-01	1.9361611748e-14	9.1422128594e-22	2.7405127039e-03	2.7504788952e-06	5.4164410376e-22	4.6452241259e-19	2.1270700287e-32	2.6494887254e-51	7.5445901156e-05	2.9372984198e-25	7.4382818030e-56	3.0532753709e-70	2.3356136551e-85	3.1061753907e-25	1.9471741697e-48	1.0481892925e-19	4.5202213974e-25	1.2433401339e-14	3.9339258177e-21	1.2843145363e-13	4.0371740876e-19	2.3689775323e-17	2.5176463819e-26	1.2698366655e-17	4.4435715380e-19	9.9933976901e-22	5.5489381378e-16	1.1546761470e-37	3.1892917596e-25	1.3162725515e-31	1.4043223426e-22	7.3810945481e-27	3.0697874500e-20	2.4846248283e-21	1.3466034132e-28	6.6969998532e-22	2.4521943136e-18	1.8654445696e-13	9.6192857215e-16	2.9566959788e-21	3.5713235321e-15	3.1783913801e-28	2.2510754898e-14	2.6543662894e-23	1.8591174487e-13	5.1581198832e-20	4.4979468649e-24	1.9043501548e-22	2.2834254227e-33	6.7816259131e-29	6.5502709199e-20	2.5171502803e-26	6.4479027507e-36	6.6432393796e-31	9.1348196932e-24	5.4255561338e-32	4.6310945393e-17	8.9908459400e-09	6.5600268172e-07	7.7087062265e-08	2.2783742411e-18	6.8308285994e-29	8.2227045801e-21	3.9187746531e-25	2.2609715335e-16	1.8660068131e-25	1.3176386720e-06	7.4291403600e-08	6.5668722684e-24	6.7209513347e-31	5.2764384992e-27	2.7454475528e-21	2.8791119159e-15	3.5251057522e-10	2.1647982083e-07	8.2723567296e-10	1.0383214091e-13	2.8708083494e-05	3.6875687473e-16	3.9831537984e-17	5.7723062076e-20	2.5247847924e-29	6.2991239817e-10	7.6885414230e-15	2.2513477814e-17	2.3922635919e-10	1.1060715584e-14	2.6922626100e-04	9.4771445430e-15	5.1093303768e-09	1.6233680787e-19	1.3962023674e-26	2.2830604948e-04	2.3768968134e-32	1.2708234552e-21	1.6290194699e-31	2.4837818750e-14	5.1926203705e-19	3.0102927535e-21	4.7804781647e-29	2.7327245123e-56	1.8640411677e-17	4.8022561739e-22	9.6011266946e-33	1.2607919132e-34	3.6011570447e-16	4.4091542121e-12	1.0834829199e-13	1.0618655582e-06	2.2231781249e-22	9.9417984110e-28	2.4902290592e-13	3.0972949514e-11	3.2915187384e-09	9.4089467803e-11	8.7203280237e-14	4.5373731298e-21	1.3975487171e-10	3.0871118726e-13	4.7241747573e-07	1.4592065101e-11	2.7575318930e-12	2.0732188012e-12	1.1218034139e-07	6.5200297154e-12	1.9574559752e-12	2.8676404451e-14	1.7579555470e-15	1.0907488262e-27	2.0736432336e-13	4.2623950726e-14	4.7241747573e-07	2.9849446895e-18	3.1906429743e-23
3.9462194400e-01	9.2633887385e+02	6.1417681036e+18	3.0855146942e+18	2.1707216077e+00	2.8796546687e-34	4.2724236059e-10	1.7931773667e-02	4.2927504403e-26	9.2267826191e-25	5.9778499935e-19	1.4167376993e-12	1.8630243845e-18	5.7605753601e-17	4.7560388403e-12	8.0296445211e-17	1.0128526860e-06	1.5543447670e-05	2.7747437642e-04	2.9281092817e-24	1.6271338083e-05	1.5090931631e-14	0.0000000000e+00	5.3444418601e-30	3.4071305037e-10	3.8073648722e-13	1.1765063701e-15	1.6565585413e-21	5.5246364148e-24	2.6723995547e-11	1.3253852947e-11	1.7985251356e-03	1.1415865062e-23	9.1382981556e-24	2.7593079386e-40	3.8700700860e-33	1.1816831469e-04	7.5183501713e-07	1.8620226588e-40	1.4060314735e-28	5.8979127444e-14	3.2205470508e-20	7.0634823161e-11	6.5441943273e-17	2.9109509810e-10	9.0587864687e-23	1.0339125979e-18	8.1662675868e-21	1.3892283472e-12	8.6902527556e-20	1.0167081496e-14	6.8146464011e-24	9.7000795635e-38	2.1528733658e-23	1.8308960321e-27	4.4742400105e-41	3.3392277469e-24	4.6853914337e-53	1.2800220496e-27	4.8675662000e-37	7.0547626762e-22	1.4890882796e-24	1.5280956511e-31	9.9015440237e-47	2.1188025308e-15	1.0586187245e-30	9.7613598576e-01	1.6567101554e-15	4.8274937537e-23	3.0948235451e-03	3.2608711999e-06	7.4072049823e-23	1.1477152839e-20	6.1098261846e-35	2.7496926068e-55	7.5245835492e-05	6.2965345437e-27	4.8660782676e-60	2.7992524849e-75	1.2044314897e-91	1.7014400033e-27	1.1172592800e-52	4.1540077980e-21	1.6292138458e-26	5.1126625117e-15	1.8073086056e-22	2.1774609660e-14	2.6136233693e-20	8.0183795899e-19	2.4473620468e-29	3.0788920717e-19	1.1946064416e-20	3.9013895596e-23	2.0836431139e-16	3.0208580803e-42	3.0293299343e-28	3.9027613441e-35	7.4006974902e-25	2.1219832940e-29	9.2915203956e-22	2.2022731022e-22	3.2119141139e-30	1.4495131112e-22	4.4429560156e-20	2.5939547883e-14	2.6490670071e-16	1.2296392070e-23	4.5711612615e-16	1.1202276559e-30	3.4104484246e-15	5.8246361461e-25	1.0167081496e-14	1.0943696072e-21	8.2371424750e-26	7.7663999748e-25	7.1866273797e-37	9.7248311245e-32	1.7433987664e-21	4.5793362849e-28	1.1582670132e-38	5.8117828405e-33	1.8794244792e-25	6.4251358079e-35	1.2120060849e-18	2.2396517221e-09	6.6322236039e-07	7.7160760681e-08	3.6395767014e-20	3.6020021651e-32	1.5892747517e-22	1.6324538188e-27	3.3085291563e-17	2.4770828795e-28	1.2022688632e-06	1.9064181536e-07	8.1517212742e-25	2.7666732566e-33	8.6075272967e-29	3.1987750710e-22	3.1356500752e-15	1.7955808346e-10	2.1663232903e-07	2.4584427256e-10	1.9592065879e-14	2.8728972543e-05	2.4243678019e-17	5.6977317345e-18	5.7802719747e-21	6.7722290547e-31	1.6659150170e-10	2.3050193501e-16	5.2208482058e-19	4.1272010611e-11	2.2715781275e-15	2.6941592863e-04	4.7344570683e-16	2.7171894366e-09	3.5701679423e-21	1.4407836305e-28	2.2846688943e-04	1.1265287745e-35	5.5246364148e-24	3.9306900802e-35	3.7224591027e-15	1.9579064918e-20	3.4106060407e-22	4.2992080150e-30	8.5192042009e-58	1.3674656901e-18	2.6247918738e-23	1.2386229022e-34	6.6941495409e-36	3.7432425073e-17	2.0887121115e-12	4.3661630671e-15	8.8516576954e-07	8.3162864444e-24	1.7451981331e-29	3.4861484661e-13	2.8426542133e-12	7.7334359770e-10	1.3968544249e-11	1.6188256537e-14	3.4487367864e-22	9.5331534644e-11	2.0101918358e-12	6.3369785137e-07	2.1137803824e-11	4.7037006901e-13	4.7974078919e-13	4.1382002048e-08	6.6315533932e-12	5.6850634437e-13	1.4896003479e-14	4.0126287937e-16	1.9535849136e-26	2.3397519289e-14	7.5382471283e-14	6.3369785137e-07	4.6975397844e-18	2.7167767532e-23
2.4256714700e-01	8.1012744172e+02	4.3177778618e+18	2.1686772005e+18	2.1712193965e+00	2.3987736951e-40	8.8095221836e-12	1.7935887035e-02	7.6877235372e-30	1.4290605932e-28	1.6203974069e-21	1.6048634578e-14	6.2083604177e-21	2.5992768865e-19	4.4317116555e-13	6.0090989289e-18	1.0131924127e-06	1.5548563870e-05	2.7753821333e-04	4.8533854557e-27	1.6275069614e-05	1.7845087081e-16	0.0000000000e+00	3.4165899863e-35	9.8504711767e-12	1.2608666007e-14	2.5605760362e-18	4.1517024220e-25	6.8754894754e-28	8.2573183588e-13	2.6098323005e-13	1.9124288176e-03	1.3868962175e-27	3.4513026530e-27	6.5564916123e-46	1.0991819997e-37	5.3875923270e-06	6.9684902704e-08	6.1424436961e-48	5.3707471277e-34	1.0071457292e-16	1.2816059708e-23	2.3677967644e-12	5.2699508147e-19	8.5827979347e-11	2.2880060346e-25	4.5926255316e-21	1.9680950980e-23	1.6628944616e-13	1.1386862529e-22	3.3307541803e-17	3.9127494110e-28	3.8199121719e-44	7.2290347696e-27	9.1076942854e-33	4.5910600201e-49	1.2479223490e-28	4.1796717315e-63	3.7644623564e-33	2.9411764407e-43	9.0820461325e-25	2.4618028105e-27	7.3432041047e-35	1.3851317033e-51	1.4221011564e-17	1.2453904323e-34	9.7601549761e-01	4.1060630482e-17	6.4620588514e-25	3.2094125469e-03	5.4629367381e-06	5.6839816216e-24	2.7644289449e-23	4.5321256179e-39	1.0318266378e-61	7.4162598560e-05	1.3971178832e-29	1.0183128349e-66	2.4368851560e-83	1.0430789236e-101	3.0140088608e-31	1.4548379006e-59	3.1130963496e-23	1.3750814373e-28	1.2740331649e-15	1.3098385063e-24	1.0464000871e-15	3.2281017422e-22	2.7672909206e-21	1.0308587323e-34	2.5180697147e-22	1.3168120898e-23	9.9331701014e-26	2.0413559479e-17	2.4038484919e-50	7.3491250630e-34	1.7607177012e-41	3.3251454607e-29	4.2775508741e-34	8.1881177168e-25	1.3559476593e-24	2.9430014567e-33	4.6661348197e-24	3.4409760468e-23	5.4098273068e-16	2.3654881796e-17	5.7137397913e-28	6.4391263283e-18	5.9145832146e-35	7.0688965162e-17	6.8759668407e-28	3.3307541803e-17	9.4186180656e-25	1.2381093796e-28	3.0628906177e-29	9.0344460105e-43	8.5358244139e-37	1.6299214029e-24	1.1669034115e-30	3.1828906850e-43	2.1353189608e-36	3.1949023309e-29	1.1335099878e-40	1.1136396834e-21	2.9210456753e-10	6.6532251905e-07	7.7182770068e-08	1.1367220378e-22	1.3188828564e-37	5.2328217352e-25	1.3142502185e-31	2.1921672262e-18	6.3505502830e-33	7.4591791446e-07	6.4731220357e-07	2.1744817959e-26	2.2015535748e-37	6.7167821762e-32	5.9736470666e-24	2.1483085547e-15	7.2151654243e-11	2.1668200966e-07	4.2640010676e-11	1.1352828009e-15	2.8735759878e-05	2.3603809471e-19	1.6168199032e-19	1.0907737893e-22	1.2506426101e-33	8.3140979604e-12	4.4593243451e-19	7.7242131017e-22	2.3617109514e-12	1.7159105490e-16	2.6947771421e-04	5.9193430645e-18	1.1662151589e-09	1.0001360553e-23	1.0880417763e-31	2.2851928412e-04	5.1548371973e-41	6.8754894754e-28	8.4699815563e-41	8.9083781267e-17	1.0538006950e-22	9.0232972405e-24	8.0770624500e-32	3.3983731306e-60	1.8022729010e-20	1.9071701534e-25	8.3747072282e-38	4.1361602449e-38	7.4758009787e-19	4.9926435334e-13	2.4213447780e-17	8.0901556815e-07	3.7501925846e-26	2.1554986304e-32	3.4056246926e-13	6.4410276090e-14	8.6045512626e-11	5.0882033271e-13	7.2715660468e-16	3.4105139038e-24	5.5678106856e-11	2.6284944256e-11	7.0620835262e-07	2.3282815050e-11	2.4298408694e-14	4.5684087774e-14	7.5628912496e-09	6.7036732007e-12	9.4224944758e-14	8.0552670617e-15	5.1385139460e-17	7.8991245907e-25	7.7693987431e-16	1.4816375174e-13	7.0620835262e-07	4.8358332279e-18	9.4866088756e-24
1.4910174600e-01	6.8502610899e+02	3.1388149601e+18	1.5764924007e+18	2.1712616457e+00	2.1018423861e-49	2.8277412288e-14	1.7936235957e-02	2.4125062640e-35	3.2144399878e-34	2.4399287871e-25	1.9441188340e-17	1.5931341471e-24	1.0519923974e-22	1.4652067535e-14	4.1958135560e-20	1.0132628491e-06	1.5549652189e-05	2.7754365276e-04	3.9780587701e-31	1.6275386304e-05	2.5971088496e-19	0.0000000000e+00	6.3974719578e-43	4.2493855712e-14	6.4472135819e-17	2.2462517497e-22	1.7923906906e-30	1.0672948593e-33	3.8020447124e-15	7.1499086305e-16	1.9178866617e-03	1.8564196741e-33	2.3781871833e-32	3.2151799927e-54	1.9945833443e-44	3.5650221898e-08	1.2732682993e-09	3.7265454941e-59	3.6603426740e-42	5.5045779396e-21	9.1806468262e-29	1.1950169577e-14	3.6938965129e-22	1.2582063933e-11	2.6287651434e-29	1.4066663551e-24	2.5197446911e-27	6.7350914161e-15	4.5604150594e-27	4.5545359443e-21	1.3441341889e-34	9.5186342359e-54	3.6644074821e-32	8.5225598284e-41	3.8301727800e-61	1.5623572674e-35	2.7202354048e-78	1.1677797478e-41	8.9853620527e-53	5.5260371582e-29	2.0808569121e-31	1.0162982945e-39	1.0999621660e-58	8.4634610668e-21	1.9933001942e-40	9.7600543473e-01	2.0369816841e-19	1.4352423365e-27	3.2149056715e-03	1.3780037727e-05	1.9913551248e-25	3.6571062130e-27	3.6927796633e-45	3.7995229266e-71	7.0005549226e-05	1.8229551049e-33	1.7692649056e-76	4.1113976600e-95	2.0885837940e-116	7.9248459675e-37	1.0334245185e-69	2.6825718756e-26	1.7374456402e-31	1.9042705263e-16	1.0248276470e-27	1.1507456596e-17	5.5012270416e-25	5.9630960496e-25	6.8332796513e-43	4.4416178586e-27	4.0144334198e-28	1.2436579675e-29	5.7483792568e-19	1.2154254234e-62	1.7227761386e-42	3.9133589445e-51	6.6024300891e-36	2.9718503344e-41	1.5065009066e-29	5.2817836124e-28	7.9880826725e-38	2.4900255860e-26	6.5522625280e-28	1.3625884606e-18	6.2884751291e-19	1.4112308385e-34	8.7302115701e-21	2.1968205780e-41	1.7287116663e-19	2.9081349186e-32	4.5545359443e-21	2.0445250009e-29	8.9927430939e-33	5.3179301810e-36	1.3640354881e-51	1.8093217957e-44	3.4031285312e-29	2.3094800123e-34	5.8243263575e-50	1.8952646333e-41	3.2245116575e-35	1.3379123607e-49	2.3184789140e-26	1.5309435711e-11	6.6561226610e-07	7.7184700465e-08	2.2135693963e-26	1.0171583133e-45	1.5363086828e-28	8.9737270408e-38	4.7773888154e-20	1.0510430954e-39	1.1877929334e-07	1.2744779367e-06	3.5913796429e-29	5.4594697639e-44	5.2346867120e-37	5.1369394677e-27	3.8532040539e-16	2.1431959924e-11	2.1668622598e-07	3.7059690370e-12	1.4883065395e-17	2.8736330057e-05	2.2098700888e-22	7.0045262882e-22	2.7291545933e-25	1.0011015581e-37	6.4718955143e-14	3.1093560548e-23	4.0360408410e-26	3.3260397879e-14	3.6787731264e-18	2.6948295786e-04	1.1515155484e-20	3.8047245904e-10	1.7209783034e-27	2.7248270961e-36	2.2852373078e-04	6.8775336796e-49	1.0672948593e-33	4.4457492497e-49	2.4921988532e-19	4.7056294035e-26	3.8599516385e-26	2.1709016425e-34	1.1432999466e-63	2.9088557949e-23	1.2646350477e-28	1.7263416226e-42	2.3890806235e-41	2.1433804787e-21	5.8248018682e-14	1.0335739308e-20	7.9536633609e-07	1.1500395236e-29	1.0104922424e-36	2.6072012828e-13	2.3537873772e-16	3.5273796971e-12	3.2516073802e-15	6.1546817056e-18	3.1770385066e-27	2.7979729018e-11	1.1732799493e-09	7.1957406317e-07	2.3000323861e-11	2.8690448068e-16	1.4732637756e-15	5.2714181773e-10	5.9686761535e-12	7.1129464394e-15	4.2810758564e-15	2.8727939351e-18	1.4421285075e-22	5.0440138093e-18	4.2433536065e-13	7.1957406317e-07	3.9525687811e-18	1.5991594672e-24
9.1650212600e-02	5.6354061332e+02	2.3453884593e+18	1.1779436989e+18	2.1713437303e+00	3.5833740697e-62	8.7288844248e-18	1.7936914048e-02	4.1573967466e-43	3.6685375403e-42	9.7136558890e-31	1.1957888141e-21	1.5143922327e-29	1.7999295034e-27	1.2432982227e-16	1.6337464124e-23	1.0133182496e-06	1.5550533052e-05	2.7755414889e-04	7.3707973564e-37	1.6276001596e-05	2.2380498097e-23	0.0000000000e+00	8.4159413245e-54	1.6781236123e-17	3.3357460517e-20	4.0103902324e-28	5.0594346894e-38	7.1776224991e-42	1.8322810135e-18	1.7759593785e-19	1.9179960877e-03	8.4560391556e-42	1.1249979249e-39	5.9026717883e-66	5.6564355901e-54	2.4510773928e-11	3.7820942235e-12	5.4792883073e-75	1.0571123928e-53	4.8762328795e-27	5.0339660707e-36	6.6826621984e-18	1.4200396554e-26	9.0394093529e-13	7.7972586850e-35	1.7063994093e-29	9.2419767912e-33	7.8771539063e-17	2.9036803904e-33	1.4882793136e-26	9.5896633794e-44	2.4815726380e-67	9.7192296391e-40	3.9781708936e-52	3.0635975270e-78	2.3596374026e-45	9.1366298456e-100	1.0080447219e-53	2.5104706818e-66	6.4028546387e-35	3.8795953363e-37	1.6068924326e-46	1.3608759630e-68	2.4902824375e-25	1.5506061773e-48	9.7598645238e-01	1.1777904550e-22	2.6202834520e-31	3.2143572810e-03	5.1269780842e-05	2.0465355048e-27	1.1838351692e-32	1.0178283523e-53	2.3879315770e-84	5.1263584732e-05	5.7598886711e-39	3.8652871460e-90	1.4798394662e-111	6.4371156690e-137	1.1424418064e-44	6.5664587540e-84	1.2150905695e-30	1.5819292708e-35	1.4410252593e-17	4.6946948145e-32	1.9288443789e-20	7.5267560598e-29	3.8463648216e-30	1.8106821133e-54	8.4612926209e-34	1.7997134802e-34	4.6081916896e-35	4.4051763593e-21	4.9010055568e-80	1.0057210219e-54	9.0686481616e-65	2.1552362136e-45	2.4706166902e-51	3.1468201126e-36	9.3736865992e-33	3.7765785500e-44	2.0063038750e-29	1.3084702592e-34	2.6356496217e-22	3.7738637626e-21	6.5471822109e-44	8.2346619525e-25	2.0132493968e-50	3.6451089562e-23	2.3538743522e-38	1.4882793136e-26	5.5374654492e-36	1.5669233975e-38	1.2576760304e-45	4.8288157590e-64	2.3882001321e-55	7.2493040871e-36	1.4397793313e-39	2.3128684876e-59	1.8550918893e-48	9.5919833039e-44	2.9842055683e-62	5.5396939947e-33	2.3860301652e-13	6.6565250102e-07	7.7187632966e-08	2.1455438422e-31	3.7882685695e-57	1.7898796886e-33	1.8200114631e-46	2.1815145008e-22	3.0265252514e-49	3.8873512750e-09	1.3894225513e-06	2.0517066553e-33	1.1479663258e-53	1.5122110878e-44	1.1064623202e-31	1.5301022662e-17	4.3387399016e-12	2.1669441782e-07	1.3361982601e-13	3.0864522164e-20	2.8737416589e-05	1.1561448956e-26	3.2231017696e-25	5.8369380595e-29	1.8439060942e-43	5.8631200484e-17	3.7147400506e-29	3.4909654099e-32	8.0718137561e-17	1.6492753012e-20	2.6949314569e-04	2.0004479412e-24	8.7479168456e-11	7.6505577564e-33	8.6143223274e-43	2.2853237014e-04	6.1033581419e-60	7.1776224991e-42	1.0801351299e-60	5.4171885298e-23	8.3244340397e-31	1.7441124870e-29	5.4176607582e-38	2.0613121203e-68	3.5260415940e-27	4.6298278446e-33	5.2258620898e-49	8.9417858915e-46	5.8832601655e-25	3.0129955259e-15	1.4730873608e-25	7.1130525991e-07	8.9897109197e-35	6.2439265244e-43	1.2874639702e-13	7.2431385032e-20	3.4224787682e-14	2.0775055173e-18	6.0459097101e-21	1.5354472599e-31	1.0300458495e-11	2.7005528252e-07	6.2774362423e-07	2.0217817158e-11	4.6869001361e-19	1.0795023339e-17	7.8592909436e-12	2.4048090482e-12	1.4202665870e-16	1.5777372311e-15	3.9157522565e-20	1.4165496018e-19	2.9921383725e-21	2.0030182047e-12	6.2774362423e-07	2.2613233207e-18	1.0805826486e-25
5.6335768800e-02	4.5560478235e+02	1.7748450276e+18	8.9559617122e+17	2.1402908347e+00	1.1165746708e-173	1.7038365786e-22	1.7869987130e-02	7.3791030431e-54	8.2719805804e-53	5.3752843574e-38	1.0545873031e-29	2.8781865304e-36	7.0733661530e-34	2.0894494241e-19	3.9115726121e-28	1.0095410871e-06	1.5492584310e-05	2.7651852831e-04	1.5543532073e-44	1.6215271954e-05	6.2470862808e-29	0.0000000000e+00	9.1377622264e-163	8.3585720877e-117	2.4767275965e-119	3.1828479407e-130	1.6307966305e-142	3.3720385042e-147	2.6629767694e-117	1.1116247033e-118	7.9883838327e-98	9.9417281420e-148	3.2023539965e-144	1.1165746708e-173	7.9949949887e-162	5.2403058379e-110	6.0029896203e-110	1.1165746708e-173	1.1165746708e-173	1.1165746708e-173	1.1165746708e-173	1.1165746708e-173	1.1165746708e-173	1.1165746708e-173	1.1165746708e-173	1.9806071507e-130	2.2174591399e-134	8.9406480191e-114	1.1165746708e-173	1.1165746708e-173	1.1165746708e-173	1.1165746708e-173	1.1165746708e-173	1.1165746708e-173	1.1165746708e-173	1.1165746708e-173	1.1165746708e-173	1.1165746708e-173	1.1165746708e-173	3.2909583647e-43	3.8114208544e-45	6.2794705631e-56	3.9786574786e-82	2.1184550048e-31	2.2430937123e-59	9.7603677312e-01	2.5336482867e-27	5.5548785820e-37	3.1970470148e-03	1.4027100449e-04	1.0833192882e-30	2.3259398367e-40	1.6499353228e-65	2.6230020925e-102	6.4760463622e-06	5.2525315335e-47	5.0127333440e-109	3.9298946637e-134	6.6328834382e-165	3.5816167110e-55	7.0545897609e-103	3.8606398730e-37	1.4236216185e-41	9.6530229255e-114	1.5098155322e-132	7.1062718716e-119	1.0590125490e-128	8.1425878214e-132	1.1165746708e-173	1.1165746708e-173	1.1165746708e-173	1.1165746708e-173	1.1165746708e-173	1.1165746708e-173	1.1165746708e-173	1.1165746708e-173	1.1165746708e-173	1.1165746708e-173	1.1165746708e-173	1.1165746708e-173	1.1165746708e-173	1.1165746708e-173	1.1165746708e-173	1.1165746708e-173	8.0416287473e-119	1.1165746708e-173	1.1165746708e-173	1.1165746708e-173	1.1165746708e-173	1.1165746708e-173	1.1165746708e-173	1.1165746708e-173	3.3261638686e-46	1.1165746708e-173	1.1165746708e-173	1.1165746708e-173	1.1165746708e-173	3.3554037326e-47	2.8236150317e-166	3.8016045680e-152	1.1165746708e-173	1.1165746708e-173	1.1165746708e-173	8.6667347204e-16	6.6316902968e-07	7.6899627628e-08	3.6313153886e-38	1.1165746708e-173	2.2683766282e-40	1.1165746708e-173	7.4316941538e-26	2.1294621670e-156	3.7494683436e-11	1.3880736365e-06	4.0691270055e-39	4.6399032244e-161	4.7738415370e-149	2.4479633219e-132	8.0041527079e-114	5.5306280649e-13	2.1588587928e-07	1.6767774625e-15	7.4854287319e-24	2.8630190439e-05	2.0575022019e-32	1.0907131955e-29	7.1484067020e-34	4.1479860062e-51	1.9237022842e-115	1.6362414715e-131	1.0562726844e-134	2.4852801783e-20	1.1894017912e-23	2.6848760250e-04	1.9443143934e-29	1.3148597051e-11	4.1372869847e-40	1.4464086116e-51	2.2767966137e-04	9.6427219636e-75	3.3720385042e-147	1.4787605723e-76	2.6557524179e-122	1.5862284625e-37	5.8351240705e-34	8.8044851417e-43	1.4187078213e-74	2.0321433246e-32	5.7224832155e-39	1.1301360037e-57	1.4071365890e-51	4.3740282470e-124	2.5424690518e-111	1.8241549817e-34	2.6398423975e-09	2.1514611967e-46	5.6015429107e-56	9.3201059883e-19	5.7175148753e-27	2.8484622890e-19	4.2675683280e-25	2.3059805685e-27	1.1410523862e-39	1.2440578658e-14	2.2214070005e-06	2.2562481848e-09	7.7815814457e-14	3.5592071254e-25	6.5784168843e-23	4.4009232298e-19	2.0849671055e-22	1.3391559789e-23	8.4234329614e-21	2.2137123761e-27	6.3784531876e-25	2.4150274410e-30	8.6255225942e-14	2.2562481848e-09	2.1257154268e-23	6.3826039637e-32
3.4628603200e-02	3.6717138012e+02	1.3537430109e+18	6.8309708011e+17	2.1403183764e+00	1.4639207649e-173	1.9888370520e-28	1.7870217085e-02	6.6134124656e-68	3.3126902027e-66	3.8771587320e-47	3.6940453786e-41	9.8477766025e-45	5.6103482635e-42	6.6350768730e-23	5.9785787610e-34	1.0095545873e-06	1.5492795545e-05	2.7652208661e-04	3.4245837015e-54	1.6215480615e-05	4.7716616840e-36	0.0000000000e+00	1.9317900985e-159	7.8947890991e-102	4.0639794685e-104	2.9508972141e-118	1.4842534571e-133	2.6941332894e-139	3.1207300480e-101	4.5666214745e-103	3.7157057025e-76	4.1854002620e-141	7.9540495812e-136	1.4639207649e-173	4.2840360929e-158	9.7798114682e-94	1.4756154018e-92	1.4639207649e-173	1.4639207649e-173	1.4639207649e-173	1.4639207649e-173	3.9609566545e-173	1.4639207649e-173	1.5674096681e-161	1.4639207649e-173	5.7094305657e-117	8.9536436808e-122	2.5996197979e-95	1.4639207649e-173	1.4639207649e-173	1.4639207649e-173	1.4639207649e-173	1.4639207649e-173	1.4639207649e-173	1.4639207649e-173	1.4639207649e-173	1.4639207649e-173	1.4639207649e-173	1.4639207649e-173	3.7672443921e-54	1.0036564661e-55	3.1196113514e-68	1.3594035019e-99	4.9386537542e-39	5.4134103699e-73	9.7603005250e-01	1.0504287599e-33	3.8258021110e-45	3.1970685711e-03	1.5313649517e-04	8.3336073590e-36	1.4469119197e-50	7.8859889566e-81	2.3761997464e-125	4.4286876533e-08	4.0142010064e-58	1.0336028495e-133	1.9955549988e-163	1.4639207649e-173	2.2372418283e-68	1.0685372587e-126	2.4507276401e-46	3.4894346877e-50	8.2028740194e-95	4.7119800534e-119	8.2675903024e-103	2.1548771027e-114	8.0115320367e-120	1.4639207649e-173	1.4639207649e-173	1.4639207649e-173	1.4639207649e-173	1.4639207649e-173	1.4639207649e-173	1.4639207649e-173	1.4639207649e-173	1.4639207649e-173	1.4639207649e-173	1.4639207649e-173	1.4639207649e-173	1.4639207649e-173	1.4639207649e-173	1.4639207649e-173	1.4639207649e-173	9.0596382334e-102	1.4639207649e-173	1.4639207649e-173	1.4639207649e-173	1.4639207649e-173	1.4639207649e-173	1.4639207649e-173	1.4639207649e-173	7.9656582129e-56	1.4639207649e-173	1.4639207649e-173	1.4639207649e-173	1.4639207649e-173	7.9779892795e-58	2.5529732064e-160	4.0813413770e-142	1.4639207649e-173	1.4639207649e-173	1.4639207649e-173	6.9429486987e-19	6.6317756435e-07	7.6900617189e-08	1.0545909910e-46	1.4639207649e-173	1.6418236924e-49	1.4639207649e-173	9.9863228589e-31	9.0397884702e-151	1.1736149050e-13	1.3881288763e-06	2.8822420527e-46	9.5662822628e-156	4.4669508154e-140	1.5673948503e-118	1.5959707539e-94	4.3859038306e-14	2.1588865735e-07	7.1035030753e-18	2.1455496917e-28	2.8630558858e-05	1.2185988259e-39	2.7636536853e-35	5.1074142734e-40	1.1381117449e-60	6.6041752422e-99	7.0704000021e-120	2.9278798540e-123	9.5462555773e-25	1.3851890191e-27	2.6849105746e-04	9.6248539115e-36	1.2750129917e-12	2.2752393617e-49	1.0897238234e-62	2.2768259120e-04	2.2962054171e-93	2.6941332894e-139	5.3287850982e-97	8.4203395272e-107	1.7233088308e-46	1.4926006803e-39	9.9195916209e-49	4.6332000156e-82	5.3912381238e-39	2.3724081952e-46	1.7118324713e-68	9.7047480350e-59	2.3317748259e-108	9.4655272602e-92	5.3399523366e-47	1.1479992164e-13	1.2898026372e-63	6.1497109247e-75	9.4386071022e-28	3.1928840532e-37	5.6638074105e-27	8.0989298681e-35	1.0076164760e-36	3.9047860843e-51	1.4245653768e-19	2.2285878720e-06	1.0323685933e-13	4.1588544491e-18	3.5681234438e-34	9.4913578985e-31	7.8296007782e-31	2.9983839161e-40	4.9174414120e-35	5.3664581292e-30	4.1215085722e-39	1.3079331065e-36	2.1663952512e-44	1.0930624705e-16	1.0323685933e-13	3.2218297727e-32	3.3225749911e-42
2.1285591400e-02	2.9979767630e+02	1.0191252752e+18	5.1424933141e+17	2.1403185655e+00	1.9445820129e-173	2.6804740401e-35	1.7870218663e-02	3.3721227192e-84	1.0381618084e-81	1.0156441104e-57	1.5775327550e-54	1.5191004930e-54	2.1726218958e-51	5.8465994524e-27	1.1101872099e-40	1.0095547179e-06	1.5492798102e-05	2.7652211104e-04	2.2733106348e-65	1.6215482047e-05	2.1491432121e-44	0.0000000000e+00	1.3316214907e-155	1.5874517248e-84	1.6023012250e-86	2.0822708935e-104	3.3960086985e-123	3.6518570596e-130	1.1967090646e-82	5.1995793799e-85	4.0955593060e-51	1.7920326066e-133	4.0110473407e-126	1.9445820129e-173	8.0116569000e-154	6.6783088511e-75	2.0624530637e-72	1.9445820129e-173	1.9445820129e-173	2.2331927065e-152	2.2395099769e-167	2.5936980504e-129	1.2160482778e-143	1.5098222569e-113	2.0248643531e-157	2.1596073740e-101	3.5062981048e-107	5.7633404189e-74	3.6830715653e-159	5.3652609229e-149	1.9445820129e-173	1.9445820129e-173	1.9445820129e-173	1.9445820129e-173	1.9445820129e-173	1.9445820129e-173	1.9445820129e-173	1.9445820129e-173	1.9445820129e-173	7.6119801481e-67	5.3454206601e-68	1.7790107855e-82	8.4539053541e-120	7.3311077631e-48	9.5611700223e-89	9.7603000622e-01	3.9721125409e-41	1.1526571883e-54	3.1970688527e-03	1.5322483862e-04	8.5841018083e-42	2.1174333557e-62	1.4202532746e-98	5.1602343194e-152	1.2191806391e-10	4.9827277418e-71	2.8770480257e-162	1.9445820129e-173	1.9445820129e-173	1.1956640596e-83	3.0597596126e-154	4.8259330058e-57	3.2145746769e-60	5.8037333133e-73	1.7356203535e-103	2.8573160573e-84	7.0786130882e-98	5.5217608916e-106	1.9445820129e-173	1.9445820129e-173	1.9445820129e-173	1.9445820129e-173	1.9445820129e-173	1.9445820129e-173	1.9445820129e-173	1.9445820129e-173	1.9445820129e-173	1.9445820129e-173	1.9445820129e-173	1.9445820129e-173	1.9445820129e-173	1.9445820129e-173	1.8487167779e-165	2.3375652537e-138	4.5253083066e-82	1.9445820129e-173	1.9445820129e-173	1.9445820129e-173	1.5564897899e-136	1.7401029815e-163	5.3652609229e-149	1.0027893219e-163	5.9965492460e-67	1.9445820129e-173	1.9445820129e-173	1.9445820129e-173	1.9445820129e-173	3.4059802262e-70	2.0050571501e-153	1.7007001519e-130	1.9445820129e-173	1.9445820129e-173	1.9445820129e-173	1.7142221705e-22	6.6317762293e-07	7.6900623981e-08	2.0911288985e-56	1.9445820129e-173	4.5678506778e-60	1.9445820129e-173	2.1527016487e-36	3.1705995765e-144	1.5969911917e-16	1.3881291162e-06	1.5651933487e-54	1.3551187471e-149	1.0876275362e-129	1.4896000644e-102	3.3168931580e-72	2.3810065513e-15	2.1588867642e-07	1.2827657207e-20	1.2342827421e-33	2.8630561387e-05	5.4200359129e-48	9.8605978596e-42	4.2847736472e-47	1.0916460992e-71	9.6293088040e-80	2.0763739479e-106	5.1443569910e-110	7.5586465672e-30	4.0542866355e-32	2.6849108117e-04	4.7214970910e-43	8.6905711142e-14	3.4269094860e-60	1.2131058086e-75	2.2768261132e-04	6.3786679461e-115	3.6518570596e-130	1.1478132779e-120	7.8970171969e-89	6.9596143989e-57	5.5888009322e-46	1.5472473604e-55	1.7761496877e-90	1.3521317960e-46	7.4015377334e-55	5.8750783755e-81	6.2088293252e-67	3.6898702653e-90	4.1453210972e-69	1.2694306607e-61	7.7320807455e-19	9.4930691996e-84	4.9346819921e-97	2.6677991702e-38	3.3292604472e-49	5.2631345992e-36	3.5955265166e-46	1.2198480572e-47	1.8707441489e-64	2.1602507352e-25	2.2285883902e-06	8.2334710738e-19	4.1702115926e-23	1.0764221694e-44	6.3584992777e-40	1.1952636645e-44	2.7585877766e-61	1.7491916097e-48	7.6083931466e-41	6.3069439487e-53	2.3504346081e-50	7.3368952402e-61	4.5902538361e-20	8.2334710738e-19	1.5289480838e-42	3.4941389185e-54
1.3083877500e-02	2.5153102843e+02	7.4661430818e+17	3.7675686958e+17	2.1393394197e+00	2.6542316298e-173	1.7810621330e-42	1.7869707048e-02	3.3787481271e-101	6.6944030847e-98	2.6542316298e-173	1.5192538985e-68	8.2246550924e-65	2.9815348294e-61	3.3589969365e-31	1.0350012775e-47	1.0095258172e-06	1.5492354633e-05	2.7651419435e-04	4.7595076243e-77	1.6215017806e-05	3.4177530763e-53	0.0000000000e+00	1.3736416621e-151	2.0775282770e-66	4.3263819574e-68	6.3347236797e-90	2.2522063258e-112	1.2537324973e-120	3.1056372410e-63	3.7223342194e-66	5.5608169127e-25	1.8421645287e-125	6.2086480254e-116	2.6542316298e-173	2.7295660570e-149	3.4184691006e-55	2.5188561417e-51	2.6542316298e-173	2.6542316298e-173	2.9271293856e-112	9.0996628895e-130	1.4799859905e-83	3.2980687423e-100	1.8491801223e-63	3.1053591754e-116	4.0322911019e-85	6.1030451791e-92	1.0837579741e-51	2.8175000542e-119	1.1252215949e-107	1.5741373758e-150	2.6542316298e-173	1.3621719985e-142	2.6542316298e-173	2.6542316298e-173	2.6542316298e-173	2.6542316298e-173	2.6542316298e-173	2.6542316298e-173	4.3489332862e-80	8.4149522146e-81	2.5224596302e-97	7.0744205225e-141	4.4479806729e-57	3.3329489144e-105	9.7603069235e-01	7.1733570768e-49	1.3657344993e-64	3.1969773218e-03	1.5322069511e-04	4.8291229239e-48	9.9254505945e-75	4.4482322270e-117	2.6542316298e-173	2.9693857433e-13	1.8797725704e-84	2.6542316298e-173	2.6542316298e-173	2.6542316298e-173	1.3636982651e-99	2.6542316298e-173	3.4627829855e-68	1.0827693629e-70	3.7161044120e-50	3.1083364730e-87	6.6669010549e-65	1.2631205138e-80	1.6464208635e-91	2.6542316298e-173	6.3153157379e-145	8.0086223305e-143	7.4620748642e-137	1.2725539724e-99	2.6542316298e-173	2.6542316298e-173	2.6542316298e-173	2.6542316298e-173	2.6542316298e-173	2.4484137446e-168	5.2634704188e-151	3.7914680608e-173	8.4046715082e-136	9.5451363757e-128	1.2753837610e-94	1.7626487473e-61	3.2342790668e-173	5.7382071317e-117	1.9129425302e-156	1.5168225233e-91	2.6872419622e-123	1.1252215949e-107	1.3246855394e-124	1.4241785024e-78	2.6542316298e-173	2.6542316298e-173	2.6542316298e-173	2.5540970484e-150	4.2485740037e-83	3.1166788477e-146	2.2841004172e-118	2.6542316298e-173	2.6542316298e-173	2.0080679655e-143	2.7993591000e-26	6.6315863648e-07	7.6898422355e-08	6.6115489722e-67	2.6542316298e-173	4.9768129417e-71	1.2134744310e-149	2.7210889871e-42	2.4413175135e-137	1.7291916961e-19	1.3880893749e-06	3.6131891281e-63	3.7121265455e-143	7.7900198124e-119	7.2940371462e-86	6.5111973451e-49	1.1237181916e-16	2.1588249563e-07	1.7120018832e-23	2.6542316298e-173	8.3294686834e-110	3.1052947591e-161	5.6621520992e-153	2.6542316298e-173	2.6542316298e-173	3.2711797519e-164	2.6542316298e-173	2.6542316298e-173	1.0624368874e-139	2.6542316298e-173	2.6848339441e-04	1.0395853724e-50	5.1860560102e-15	1.4105507797e-71	3.0735891664e-89	2.2767609288e-04	1.9174792705e-137	1.2537324973e-120	2.3589410127e-145	2.6542316298e-173	3.0655693696e-172	2.6542316298e-173	2.6542316298e-173	2.6542316298e-173	4.6000054406e-159	2.9780701534e-168	2.6542316298e-173	2.6542316298e-173	2.6542316298e-173	5.2596894970e-150	5.8885996829e-77	2.5309911613e-24	7.0696370441e-105	3.5499833095e-120	2.2836912938e-49	8.8127988642e-62	1.6452267387e-45	4.5185722000e-58	4.4715424784e-59	2.2324249034e-78	1.5315838724e-31	2.2285245868e-06	3.6064342504e-24	2.3920392330e-28	9.7032721831e-56	1.4403776364e-49	3.4655455950e-59	1.9020982214e-83	1.1748509151e-62	2.5905852119e-52	1.6436916248e-67	8.6514112921e-65	3.5263417859e-78	1.3110086180e-23	3.6064342504e-24	2.3167726223e-53	1.0575073595e-66
8.0424286800e-03	2.1858490230e+02	1.8510208399e+18	2.6649148283e+17	1.8446933265e+01	3.7524651421e-173	3.4297661301e-49	5.3611550202e-02	1.8071773541e-116	1.5214231701e-112	3.7524651421e-173	5.6378692429e-83	2.3799293610e-74	6.7348255287e-71	4.2994700143e-35	1.0301929749e-53	3.6154198724e-06	5.5482847360e-05	9.9028167106e-04	2.1141172184e-87	5.8070924592e-05	7.1661134427e-62	0.0000000000e+00	7.8380731391e-148	7.7045598417e-49	9.6092817430e-50	6.8947861604e-76	2.8431304938e-102	9.8732387633e-112	1.2893008100e-44	1.4477926556e-48	1.0000000000e+00	2.5325782045e-117	2.8450824347e-105	3.7524651421e-173	8.5808130037e-144	3.1073195803e-36	1.3481319315e-30	3.7524651421e-173	2.3943374627e-150	9.6884904926e-75	1.2388432052e-94	7.8824729240e-41	1.1055992653e-59	9.7430392466e-17	2.6062798631e-77	1.8166744967e-69	2.9659261091e-77	1.8590317064e-30	1.5892579227e-81	1.5150430161e-68	2.4582967329e-118	3.7524651421e-173	9.5299510762e-109	1.0900295879e-145	3.7524651421e-173	4.8805516870e-122	3.7524651421e-173	3.0439862501e-148	3.7524651421e-173	7.2138824085e-92	1.0843008770e-91	1.2089965100e-109	1.5084258828e-158	3.2196579630e-65	1.2067293013e-119	9.2851548607e-01	1.5653392829e-55	1.0822887440e-72	9.1646995054e-03	5.4873004591e-04	9.2756121043e-53	3.8143724479e-85	8.5480317597e-133	3.7524651421e-173	1.9160037578e-14	2.7906512268e-95	3.7524651421e-173	3.7524651421e-173	3.7524651421e-173	1.6019548145e-113	3.7524651421e-173	2.1542598005e-77	2.4759457637e-79	2.5226127069e-28	1.6687889144e-71	3.1331528790e-46	5.8594308918e-64	2.2019726726e-77	1.7990667290e-148	3.5688963337e-84	2.3577098042e-81	1.1011619642e-73	3.5862518318e-30	3.7524651421e-173	9.2669509469e-151	3.7524651421e-173	4.0019512250e-117	4.6813693519e-128	5.1816538808e-83	5.6488457334e-62	4.7024062652e-87	1.3213120204e-43	7.3198950980e-92	3.9073835786e-53	3.5065318434e-41	2.4756277518e-117	3.8069005954e-51	3.5705429993e-124	4.7485191162e-49	2.5736952403e-85	1.5150430161e-68	1.4301597612e-87	1.6229114546e-88	9.4716552969e-126	2.0664793786e-172	8.2815676743e-147	6.1874812439e-90	5.4981069776e-94	1.3326657220e-138	3.8584627093e-106	9.7115645519e-101	5.7293893826e-156	1.7693214690e-82	9.3225826846e-30	2.3749733507e-06	2.7539670564e-07	4.5686531227e-77	1.4175509509e-152	4.8210907615e-81	8.6509808888e-117	4.0302266537e-47	2.9573129792e-131	1.1375484727e-21	4.9711714398e-06	3.2194104657e-70	1.4910015780e-136	3.9901272866e-108	1.0138601981e-69	1.2562940119e-26	2.1868497149e-17	7.7314106430e-07	1.1795353500e-25	3.7524651421e-173	2.2820759807e-99	2.0793077176e-158	8.6224408728e-148	3.7524651421e-173	3.7524651421e-173	1.8781762651e-134	3.7524651421e-173	3.7524651421e-173	3.3207516570e-134	3.7524651421e-173	9.6152092694e-04	7.8546816270e-58	1.2551720939e-15	3.3760538827e-82	1.9333410063e-101	8.1537753328e-04	5.1290314271e-158	9.8732387633e-112	8.2980393351e-168	3.7524651421e-173	2.9255582009e-171	3.7524651421e-173	3.7524651421e-173	3.7524651421e-173	1.5265168554e-155	4.1371282606e-165	3.7524651421e-173	3.7524651421e-173	1.7235684806e-147	1.6589031672e-117	1.2666366953e-92	7.3865502097e-31	8.0925127644e-127	1.6797641552e-143	6.5061222986e-61	6.8134629619e-75	8.9356691244e-56	4.8751495085e-70	3.9943334005e-70	2.9157888158e-91	3.2514536916e-38	7.9810262793e-06	1.4763626179e-29	3.8530192893e-33	6.1563518528e-67	1.7515575401e-59	1.9006192437e-75	1.6496971637e-109	1.2407574619e-78	8.2510680314e-66	6.5345412950e-84	1.0807636261e-80	4.5532125178e-97	7.3809440612e-27	1.4763626179e-29	3.4355530629e-64	1.2651640964e-78
4.9435390200e-03	1.9687980141e+02	7.0976625588e+19	1.8186665571e+17	2.3588917480e+03	5.4985340556e-173	9.9999994040e-01	1.0000000000e+00	5.4985340556e-173	5.4985340556e-173	5.4985340556e-173	5.4985340556e-173	1.0475716284e-74	6.6905720313e-54	1.2700934794e-05	5.4985340556e-173	2.6903788129e-46	9.1933682956e-46	6.2342696663e-32	5.4438967288e-149	1.0000000000e+00	3.7604142206e-02	0.0000000000e+00	1.4786114502e-90	1.2019325305e-23	4.6657636494e-72	4.0171128985e-58	1.0000000000e+00	1.0000000000e+00	1.0000000000e+00	1.0000000000e+00	1.0000000000e+00	3.8686963440e-154	5.4985340556e-173	5.4985340556e-173	5.4985340556e-173	2.1298785104e-68	1.9598174764e-109	5.4985340556e-173	1.9435549903e-73	1.0000000000e+00	1.0000000000e+00	1.0000000000e+00	1.0000000000e+00	1.0000000000e+00	1.0000000000e+00	1.0000000000e+00	1.0000000000e+00	1.0000000000e+00	1.0000000000e+00	1.0000000000e+00	2.7343933389e-85	5.4985340556e-173	1.2465984600e-167	4.5982368885e-170	5.4985340556e-173	3.8673957440e-171	5.4985340556e-173	1.0000000000e+00	5.4985340556e-173	2.2642294804e-91	1.3120419790e-138	5.4985340556e-173	5.4985340556e-173	4.1083894326e-66	5.4985340556e-173	1.0000000000e+00	1.0000000000e+00	9.7433151130e-59	1.0000000000e+00	1.0000000000e+00	1.0000000000e+00	5.4985340556e-173	5.4985340556e-173	5.4985340556e-173	8.1783519145e-103	5.4985340556e-173	5.4985340556e-173	5.4985340556e-173	5.4985340556e-173	5.4985340556e-173	5.4985340556e-173	1.9439488232e-118	9.2324710016e-12	1.0000000000e+00	1.0000000000e+00	1.0000000000e+00	1.0000000000e+00	5.1100124163e-01	1.0000000000e+00	1.0000000000e+00	1.0000000000e+00	1.0000000000e+00	1.0000000000e+00	2.0833292885e-113	1.0000000000e+00	1.0000000000e+00	1.0000000000e+00	1.0000000000e+00	1.0000000000e+00	1.0000000000e+00	1.0000000000e+00	1.0000000000e+00	1.0000000000e+00	1.0000000000e+00	1.0000000000e+00	1.0000000000e+00	1.0000000000e+00	1.0000000000e+00	1.0000000000e+00	1.0000000000e+00	1.0000000000e+00	1.0000000000e+00	5.1023458050e-85	3.9451467785e-69	5.7328647802e-141	3.2808680878e-38	1.0000000000e+00	2.2338273457e-82	3.0116657714e-66	1.0000000000e+00	1.0000000000e+00	1.0000000000e+00	1.0000000000e+00	9.9160661317e-56	4.3266426082e-77	3.0786818997e-22	1.0953065540e-04	1.2345230901e-104	4.9451179289e-108	2.2531809116e-56	3.8290242165e-62	5.4844926148e-101	1.0151071910e-137	1.0382036638e-65	5.4985340556e-173	5.4985340556e-173	2.9082392265e-159	3.2659029318e-62	1.0000000000e+00	1.6673842174e-04	3.5656251664e-05	4.5670491600e-02	5.4985340556e-173	1.0000000000e+00	5.4985340556e-173	5.4985340556e-173	5.4985340556e-173	5.4985340556e-173	1.5740815725e-157	3.4255358314e-153	1.9355991618e-103	1.8316802905e-75	2.1967880654e-161	9.1049724327e-44	4.4344083807e-02	2.5587961368e-03	2.8235552039e-72	5.2611259071e-141	1.2416943642e-32	5.4985340556e-173	1.0000000000e+00	5.4985340556e-173	5.4985340556e-173	5.4985340556e-173	5.4985340556e-173	5.4985340556e-173	5.4985340556e-173	1.2543366601e-146	5.4985340556e-173	5.4985340556e-173	5.4985340556e-173	1.0000000000e+00	1.0000000000e+00	5.4985340556e-173	1.0000000000e+00	5.4985340556e-173	5.4985340556e-173	5.4985340556e-173	1.0120570945e-109	3.8976531578e-34	5.4985340556e-173	5.4985340556e-173	5.4985340556e-173	1.2105514496e-07	1.2088698370e-113	3.3028814548e-154	5.4985340556e-173	2.5671263202e-148	1.0343825397e-85	5.4985340556e-173	5.4985340556e-173	1.0362419284e-139	1.1797996760e-16	2.7921530254e-91	5.4985340556e-173	5.4985340556e-173	1.0159818406e-89	3.3028814548e-154	5.4985340556e-173	5.4985340556e-173
3.0387062200e-03	1.8292764774e+02	5.0200671557e+19	1.2031662525e+17	2.5989994897e+03	8.3114033321e-173	9.9999994040e-01	1.0000000000e+00	8.3114033321e-173	8.3114033321e-173	8.3114033321e-173	8.3114033321e-173	1.7014209680e-80	9.2389095381e-62	1.3532494250e-05	8.3114033321e-173	1.0447200366e-49	3.1025711615e-49	2.1012793611e-34	2.8745366815e-160	1.0000000000e+00	4.0068606110e-02	0.0000000000e+00	8.6309092869e-84	1.0000000000e+00	2.4390912557e-36	3.7301105533e-35	1.0000000000e+00	1.0000000000e+00	1.0000000000e+00	1.0000000000e+00	1.0000000000e+00	7.9014491445e-139	1.2572372611e-161	8.3114033321e-173	8.3114033321e-173	1.6826603617e-46	7.7440972788e-77	8.3114033321e-173	1.3627574021e-51	1.0000000000e+00	1.0000000000e+00	1.0000000000e+00	1.0000000000e+00	1.0000000000e+00	1.0000000000e+00	1.0000000000e+00	1.0000000000e+00	1.0000000000e+00	1.0000000000e+00	1.0000000000e+00	1.3822077055e-50	8.3114033321e-173	9.8237801261e-126	3.5141308534e-142	1.9667901210e-160	1.0578501425e-115	8.3114033321e-173	1.0000000000e+00	1.3510676651e-142	1.1150157476e-84	8.7292537789e-122	8.3114033321e-173	8.3114033321e-173	1.7883457591e-57	6.9139935681e-160	1.0000000000e+00	1.0000000000e+00	1.8654429590e-35	1.0000000000e+00	1.0000000000e+00	1.0000000000e+00	8.3114033321e-173	8.3114033321e-173	8.3114033321e-173	1.4535210220e-83	8.3114033321e-173	8.3114033321e-173	8.3114033321e-173	8.3114033321e-173	8.3114033321e-173	8.3114033321e-173	4.0569969773e-100	1.0000000000e+00	1.0000000000e+00	1.0000000000e+00	1.0000000000e+00	1.0000000000e+00	1.0000000000e+00	1.0000000000e+00	1.0000000000e+00	1.0000000000e+00	1.0000000000e+00	1.0000000000e+00	5.3379453681e-67	1.0000000000e+00	1.0000000000e+00	1.0000000000e+00	1.0000000000e+00	1.0000000000e+00	1.0000000000e+00	1.0000000000e+00	1.0000000000e+00	1.0000000000e+00	1.0000000000e+00	1.0000000000e+00	1.0000000000e+00	1.0000000000e+00	1.0000000000e+00	1.0000000000e+00	1.0000000000e+00	1.0000000000e+00	1.0000000000e+00	9.7373680213e-64	2.4585017139e-19	1.6509782406e-110	1.0000000000e+00	1.0000000000e+00	6.7546474911e-61	2.3110237292e-29	1.0000000000e+00	1.0000000000e+00	1.0000000000e+00	1.0000000000e+00	4.7944230997e-50	3.0650281173e-59	8.7854076277e-10	1.1670945608e-04	1.0239774478e-88	3.9788782337e-106	1.4397610057e-32	9.3917567476e-53	1.2319401252e-98	4.6290223355e-135	4.8914517657e-57	3.7924029223e-171	8.3114033321e-173	4.9646798338e-144	3.2446630261e-39	1.0000000000e+00	1.7766670380e-04	3.7993214982e-05	4.8663802976e-02	8.3114033321e-173	1.0000000000e+00	8.3114033321e-173	8.3114033321e-173	8.3114033321e-173	8.3114033321e-173	1.1817086649e-128	8.4234113805e-138	5.8177544460e-84	1.4333707072e-67	2.2457247033e-146	1.7834919632e-33	4.7250460456e-02	2.7265034092e-03	6.0067049240e-64	3.8867481246e-124	1.6703338931e-07	8.3114033321e-173	1.0000000000e+00	8.3114033321e-173	8.3114033321e-173	8.3114033321e-173	8.3114033321e-173	8.3114033321e-173	8.3114033321e-173	1.8539261521e-130	8.3114033321e-173	8.3114033321e-173	8.3114033321e-173	1.0000000000e+00	1.0000000000e+00	8.3114033321e-173	1.0000000000e+00	8.3114033321e-173	8.3114033321e-173	8.3114033321e-173	1.9515318112e-104	9.2957752304e-23	8.3114033321e-173	8.3114033321e-173	8.3114033321e-173	1.0000000000e+00	8.8050032476e-53	8.1561431529e-125	4.0924550498e-166	3.0742907204e-132	1.4910178609e-64	8.3114033321e-173	8.3114033321e-173	1.3133721459e-122	1.0000000000e+00	3.3031632771e-70	8.3114033321e-173	8.3114033321e-173	7.0955291022e-41	8.1561431529e-125	8.3114033321e-173	8.3114033321e-173
1.8678391100e-03	1.7410467217e+02	3.2818150171e+19	7.7704347135e+16	2.6515946697e+03	1.2869292863e-172	9.9999994040e-01	1.0000000000e+00	1.2869292863e-172	1.2869292863e-172	1.2869292863e-172	1.2869292863e-172	1.3763544150e-84	1.4241768588e-69	2.7488830154e-10	1.2869292863e-172	4.2411859948e-52	1.1393742056e-51	4.0009085296e-36	2.7673286642e-168	1.0000000000e+00	1.0919867260e-14	0.0000000000e+00	5.9410003641e-79	1.0000000000e+00	8.4231197159e-11	9.8521110206e-19	1.0000000000e+00	1.0000000000e+00	1.0000000000e+00	1.0000000000e+00	1.0000000000e+00	8.0686679351e-128	1.2824902153e-142	1.2869292863e-172	1.2869292863e-172	8.8194743291e-31	1.8086210669e-53	1.3936749717e-172	5.6875710049e-36	1.0000000000e+00	1.0000000000e+00	1.0000000000e+00	1.0000000000e+00	1.0000000000e+00	1.0000000000e+00	1.0000000000e+00	1.0000000000e+00	1.0000000000e+00	1.0000000000e+00	1.0000000000e+00	8.9917265244e-26	5.4614939529e-168	1.0284099300e-95	3.5197848625e-122	2.3016224606e-141	5.3133241526e-76	1.0714066368e-166	1.0000000000e+00	4.3234628528e-95	6.7968750608e-80	9.3040135324e-110	2.8788674774e-162	1.2869292863e-172	2.6868429744e-51	8.5863523793e-150	1.0000000000e+00	1.0000000000e+00	7.1458677053e-19	1.0000000000e+00	1.0000000000e+00	1.0000000000e+00	1.3875500856e-163	1.2869292863e-172	1.2869292863e-172	9.7442372242e-70	1.2869292863e-172	1.2869292863e-172	1.2869292863e-172	1.2869292863e-172	1.2869292863e-172	1.2869292863e-172	5.0863076608e-87	1.0000000000e+00	1.0000000000e+00	1.0000000000e+00	1.0000000000e+00	1.0000000000e+00	1.0000000000e+00	1.0000000000e+00	1.0000000000e+00	1.0000000000e+00	1.0000000000e+00	1.0000000000e+00	8.1401625593e-34	1.0000000000e+00	1.0000000000e+00	1.0000000000e+00	1.0000000000e+00	1.0000000000e+00	1.0000000000e+00	1.0000000000e+00	1.0000000000e+00	1.0000000000e+00	1.0000000000e+00	1.0000000000e+00	1.0000000000e+00	1.0000000000e+00	1.0000000000e+00	1.0000000000e+00	1.0000000000e+00	1.0000000000e+00	1.0000000000e+00	1.3825323361e-48	1.0000000000e+00	9.9260523137e-89	1.0000000000e+00	1.0000000000e+00	1.3324555663e-45	4.0726170718e-03	1.0000000000e+00	1.0000000000e+00	1.0000000000e+00	1.0000000000e+00	3.5691675258e-48	1.1400588633e-48	1.3692143437e-05	1.1808103715e-04	1.6125420800e-79	5.9845339368e-107	2.9761304368e-20	9.4373761381e-51	3.8837822482e-99	4.2673725099e-133	7.7779627811e-51	1.2507646576e-161	1.2869292863e-172	3.8582590310e-133	7.7874824890e-23	1.0000000000e+00	1.7975466046e-04	3.8439715001e-05	4.9235704487e-02	1.2869292863e-172	1.0000000000e+00	1.2869292863e-172	1.2869292863e-172	1.2869292863e-172	1.2869292863e-172	6.0343481462e-108	9.8228565224e-127	4.9134498546e-70	6.3220590437e-62	1.2105258226e-135	4.5428625842e-26	4.7805752538e-02	2.7585455468e-03	1.4062870717e-70	1.1639301450e-124	4.0539665326e-02	1.2869292863e-172	1.0000000000e+00	1.2869292863e-172	5.2504638289e-165	1.2869292863e-172	1.2869292863e-172	1.2869292863e-172	1.2869292863e-172	6.7395410672e-119	5.8321302129e-161	1.2869292863e-172	3.7568728598e-171	1.0000000000e+00	1.0000000000e+00	1.2869292863e-172	1.0000000000e+00	1.2869292863e-172	1.2869292863e-172	1.2869292863e-172	1.1714635327e-100	1.0972493102e-14	1.2869292863e-172	1.2869292863e-172	1.2869292863e-172	1.0000000000e+00	2.1649049287e-09	8.4304361648e-104	5.4387557193e-138	9.6063129287e-121	1.7303323292e-49	1.2869292863e-172	1.2869292863e-172	1.9178738573e-110	1.0000000000e+00	2.8698129835e-55	1.2869292863e-172	1.2869292863e-172	4.4527390867e-06	8.4304361648e-104	1.2869292863e-172	1.2869292863e-172
1.1481277400e-03	1.6858399038e+02	2.2066331432e+19	4.9327619534e+16	2.9218350810e+03	2.0272618250e-172	9.9999994040e-01	1.0000000000e+00	2.0272618250e-172	2.0272618250e-172	2.0272618250e-172	2.0272618250e-172	2.8240711564e-87	3.4936242918e-76	2.7084488569e-16	2.0272618250e-172	1.2419038193e-53	3.1168688314e-53	3.3457540029e-37	2.0272618250e-172	1.0000000000e+00	7.5239386841e-27	0.0000000000e+00	1.1434464205e-75	1.0000000000e+00	1.0000000000e+00	1.3872443097e-07	1.0000000000e+00	1.0000000000e+00	1.0000000000e+00	1.0000000000e+00	1.0000000000e+00	2.8158333784e-120	1.2064574827e-129	2.0272618250e-172	2.0272618250e-172	4.8551941485e-20	1.5506353102e-37	1.7719017654e-166	2.2904156749e-25	1.0000000000e+00	1.0000000000e+00	1.0000000000e+00	1.0000000000e+00	1.0000000000e+00	1.0000000000e+00	1.0000000000e+00	1.0000000000e+00	1.0000000000e+00	1.0000000000e+00	1.0000000000e+00	6.3018444476e-09	7.5687045952e-156	2.8967810738e-75	1.5646146803e-108	2.3803908766e-128	5.5893652535e-49	1.4268314415e-148	1.0000000000e+00	9.0567551000e-63	1.2046124561e-76	1.3610803924e-101	6.5298189397e-150	2.0272618250e-172	4.1944203669e-47	6.1100103239e-143	1.0000000000e+00	1.0000000000e+00	1.1044465852e-07	1.0000000000e+00	1.0000000000e+00	1.0000000000e+00	3.1961195479e-157	2.0272618250e-172	2.0272618250e-172	2.7818947610e-60	2.0272618250e-172	2.0272618250e-172	2.0272618250e-172	2.0272618250e-172	2.0272618250e-172	2.0272618250e-172	3.9683724843e-78	1.0000000000e+00	1.0000000000e+00	1.0000000000e+00	1.0000000000e+00	1.0000000000e+00	1.0000000000e+00	1.0000000000e+00	1.0000000000e+00	1.0000000000e+00	1.0000000000e+00	1.0000000000e+00	2.7479576153e-11	1.0000000000e+00	1.0000000000e+00	1.0000000000e+00	1.0000000000e+00	1.0000000000e+00	1.0000000000e+00	1.0000000000e+00	1.0000000000e+00	1.0000000000e+00	1.0000000000e+00	1.0000000000e+00	1.0000000000e+00	1.0000000000e+00	1.0000000000e+00	1.0000000000e+00	1.0000000000e+00	1.0000000000e+00	1.0000000000e+00	2.2813600243e-38	1.0000000000e+00	6.0625355538e-74	1.0000000000e+00	1.0000000000e+00	2.7486390363e-35	1.0000000000e+00	1.0000000000e+00	1.0000000000e+00	1.0000000000e+00	1.0000000000e+00	3.2849310291e-48	8.4403817266e-43	1.4506168040e-05	1.2509867343e-04	1.4061443837e-74	8.2190242181e-109	1.0383632440e-14	3.2610343079e-52	8.8408093216e-101	1.0794855309e-131	1.2619679838e-46	3.6195148174e-155	2.0272618250e-172	9.5419735773e-126	8.7681092736e-12	1.0000000000e+00	1.9043760208e-04	6.7155920939e-04	5.2161815833e-02	2.0272618250e-172	1.0000000000e+00	2.0272618250e-172	2.0272618250e-172	2.0272618250e-172	2.0272618250e-172	8.0898252307e-94	3.7513535645e-119	1.3998520012e-60	4.2969013639e-58	2.3362529278e-128	5.9631501022e-21	5.0646880894e-02	2.9224877832e-03	1.0342104161e-78	1.1982112889e-128	4.2948965184e-02	2.0272618250e-172	1.0000000000e+00	2.0272618250e-172	9.4901320378e-153	2.0272618250e-172	2.0272618250e-172	2.0272618250e-172	2.0272618250e-172	4.7499956765e-111	1.3709549026e-148	2.0272618250e-172	3.7948699072e-147	1.0000000000e+00	1.0000000000e+00	2.0272618250e-172	1.0000000000e+00	2.0272618250e-172	2.0272618250e-172	2.0272618250e-172	4.3015174454e-98	2.8273967105e-09	2.0272618250e-172	2.0272618250e-172	2.0272618250e-172	1.0000000000e+00	1.0000000000e+00	1.5552634739e-89	6.7241732087e-119	6.1072333708e-113	2.4889201629e-39	2.0272618250e-172	2.0272618250e-172	2.9625092051e-102	1.0000000000e+00	2.8887397011e-45	2.0272618250e-172	2.0272618250e-172	1.0000000000e+00	1.5552634739e-89	2.0272618250e-172	2.0272618250e-172
7.0573386900e-04	1.6515273856e+02	1.4403044856e+19	3.0950769976e+16	3.0911948912e+03	3.2309373911e-172	9.9999994040e-01	1.0000000000e+00	3.2309373911e-172	3.2309373911e-172	3.2309373911e-172	3.2309373911e-172	5.7735910644e-89	3.6579054272e-81	3.1332933604e-20	3.2309373911e-172	1.4488010283e-54	3.4776457256e-54	7.7630639153e-38	3.2309373911e-172	1.0000000000e+00	8.0604101357e-35	0.0000000000e+00	1.6220331480e-73	1.0000000000e+00	1.0000000000e+00	1.0000000000e+00	1.0000000000e+00	1.0000000000e+00	1.0000000000e+00	1.0000000000e+00	1.0000000000e+00	2.9157935922e-115	4.5146723725e-121	3.2309373911e-172	7.3856181582e-167	6.2610186900e-13	5.0433944991e-27	2.0948556197e-162	2.0333078179e-18	1.0000000000e+00	1.0000000000e+00	1.0000000000e+00	1.0000000000e+00	1.0000000000e+00	1.0000000000e+00	1.0000000000e+00	1.0000000000e+00	1.0000000000e+00	1.0000000000e+00	1.0000000000e+00	1.0000000000e+00	8.0796689848e-148	8.5836652431e-62	1.6209469459e-99	9.4844199770e-120	3.3500185711e-31	1.2664370270e-136	1.0000000000e+00	1.6103204630e-41	1.6189309942e-74	3.0438983417e-96	8.1254626156e-142	3.2309373911e-172	2.3449798060e-44	1.8847001084e-138	1.0000000000e+00	1.0000000000e+00	1.0000000000e+00	1.0000000000e+00	1.0000000000e+00	1.0000000000e+00	5.5759851143e-153	3.2309373911e-172	3.2309373911e-172	5.1616375949e-54	3.2309373911e-172	3.2309373911e-172	3.2309373911e-172	3.2309373911e-172	3.2309373911e-172	3.2309373911e-172	2.6581140572e-72	1.0000000000e+00	1.0000000000e+00	1.0000000000e+00	1.0000000000e+00	1.0000000000e+00	1.0000000000e+00	1.0000000000e+00	1.0000000000e+00	1.0000000000e+00	1.0000000000e+00	1.0000000000e+00	1.0000000000e+00	1.0000000000e+00	1.0000000000e+00	1.0000000000e+00	1.0000000000e+00	1.0000000000e+00	1.0000000000e+00	1.0000000000e+00	1.0000000000e+00	1.0000000000e+00	1.0000000000e+00	1.0000000000e+00	1.0000000000e+00	1.0000000000e+00	1.0000000000e+00	1.0000000000e+00	1.0000000000e+00	1.0000000000e+00	1.0000000000e+00	9.5290580629e-32	1.0000000000e+00	2.9520590710e-64	1.0000000000e+00	1.0000000000e+00	1.3289091456e-28	1.0000000000e+00	1.0000000000e+00	1.0000000000e+00	1.0000000000e+00	1.0000000000e+00	6.9784453257e-49	1.3265783495e-39	1.5010337401e-05	1.2944692535e-04	5.4601172046e-72	1.1139941333e-110	4.4415332685e-11	3.5848643685e-53	1.6706430919e-102	1.0614787876e-130	7.2360645727e-44	6.1929904825e-151	3.2309373911e-172	6.6592988937e-121	1.2891581364e-04	1.0000000000e+00	1.9705694222e-04	1.0000000000e+00	5.3974886358e-02	3.2309373911e-172	1.0000000000e+00	3.2309373911e-172	3.2309373911e-172	3.2309373911e-172	3.2309373911e-172	1.7260985346e-84	4.1208386606e-114	2.1907831478e-54	1.3935063999e-55	1.3861873224e-123	1.5862128992e-17	5.2407294424e-02	3.0240693010e-03	4.8270019236e-84	2.9111929158e-131	4.4441810115e-02	3.2309373911e-172	1.0000000000e+00	3.2309373911e-172	1.2054623120e-144	3.2309373911e-172	3.2309373911e-172	3.2309373911e-172	3.2309373911e-172	6.5834029259e-106	1.7469021398e-140	3.2309373911e-172	1.7094265745e-131	1.0000000000e+00	1.0000000000e+00	3.2309373911e-172	1.0000000000e+00	3.2309373911e-172	3.2309373911e-172	3.2309373911e-172	2.0606597324e-96	8.3809480525e-06	3.2309373911e-172	3.2309373911e-172	3.2309373911e-172	1.0000000000e+00	1.0000000000e+00	3.4539582736e-80	2.1681255237e-106	7.9105540939e-108	9.5001396002e-33	3.2309373911e-172	3.2309373911e-172	5.7978425805e-97	1.0000000000e+00	7.3659219747e-39	3.2309373911e-172	3.2309373911e-172	1.0000000000e+00	3.4539582736e-80	3.2309373911e-172	3.2309373911e-172
4.3380215800e-04	1.6302909108e+02	9.0458232229e+18	1.9272714050e+16	3.1407572939e+03	5.1886828053e-172	9.9999994040e-01	1.0000000000e+00	5.1886828053e-172	5.1886828053e-172	5.1886828053e-172	5.1886828053e-172	5.6275421296e-90	1.3054739597e-84	9.3378030180e-23	5.1886828053e-172	4.3044625247e-55	1.0041806108e-54	3.5815057964e-38	5.1886828053e-172	1.0000000000e+00	6.3006771610e-40	0.0000000000e+00	3.8654149560e-72	1.0000000000e+00	1.0000000000e+00	1.0000000000e+00	1.0000000000e+00	1.0000000000e+00	1.0000000000e+00	1.0000000000e+00	1.0000000000e+00	5.6310683960e-112	1.6498574447e-115	5.1886828053e-172	6.8422966266e-162	2.6511888547e-08	3.2100501855e-20	1.0089446707e-159	5.6886444610e-14	1.0000000000e+00	1.0000000000e+00	1.0000000000e+00	1.0000000000e+00	1.0000000000e+00	1.0000000000e+00	1.0000000000e+00	1.0000000000e+00	1.0000000000e+00	1.0000000000e+00	1.0000000000e+00	1.0000000000e+00	1.3233365173e-142	4.2820660831e-53	1.1370096309e-93	3.6089802894e-114	9.5214239921e-20	6.6913103283e-129	1.0000000000e+00	7.6362607872e-28	3.7269258586e-73	8.0718831575e-93	1.2312571317e-136	5.1886828053e-172	1.3442149201e-42	1.4065006936e-135	1.0000000000e+00	1.0000000000e+00	1.0000000000e+00	1.0000000000e+00	1.0000000000e+00	1.0000000000e+00	3.4446097842e-150	5.1886828053e-172	5.1886828053e-172	6.3202911128e-50	5.1886828053e-172	5.1886828053e-172	5.1886828053e-172	5.1886828053e-172	5.1886828053e-172	5.1886828053e-172	1.4225114152e-68	1.0000000000e+00	1.0000000000e+00	1.0000000000e+00	1.0000000000e+00	1.0000000000e+00	1.0000000000e+00	1.0000000000e+00	1.0000000000e+00	1.0000000000e+00	1.0000000000e+00	1.0000000000e+00	1.0000000000e+00	1.0000000000e+00	1.0000000000e+00	1.0000000000e+00	1.0000000000e+00	1.0000000000e+00	1.0000000000e+00	1.0000000000e+00	1.0000000000e+00	1.0000000000e+00	1.0000000000e+00	1.0000000000e+00	1.0000000000e+00	1.0000000000e+00	1.0000000000e+00	1.0000000000e+00	1.0000000000e+00	1.0000000000e+00	1.0000000000e+00	1.3801931159e-27	1.0000000000e+00	4.6765658075e-58	1.0000000000e+00	1.0000000000e+00	2.1136905032e-24	1.0000000000e+00	1.0000000000e+00	1.0000000000e+00	1.0000000000e+00	1.0000000000e+00	1.4218320674e-49	8.0906893361e-38	1.5117579393e-05	1.3045103801e-04	1.3627758485e-70	3.9048715726e-112	9.2371271924e-09	8.6001416446e-54	7.2477688574e-104	5.4642187501e-130	4.2156802222e-42	3.1697275426e-148	5.1886828053e-172	8.3811931856e-118	1.0000000000e+00	1.0000000000e+00	1.9858550205e-04	1.0000000000e+00	5.4393566580e-02	5.1886828053e-172	1.0000000000e+00	5.1886828053e-172	5.1886828053e-172	5.1886828053e-172	5.1886828053e-172	1.9219012431e-78	8.2648264491e-111	2.0181825861e-50	5.6378149414e-54	1.5726101460e-120	2.8992236020e-15	5.2813814916e-02	3.0475268398e-03	1.8436190775e-87	6.0892870301e-133	4.4786542785e-02	5.1886828053e-172	1.0000000000e+00	5.1886828053e-172	2.2066010801e-139	5.1886828053e-172	5.1886828053e-172	5.1886828053e-172	5.1886828053e-172	1.2853330265e-102	2.6878926532e-135	5.1886828053e-172	1.4945473385e-121	1.0000000000e+00	1.0000000000e+00	5.1886828053e-172	1.0000000000e+00	5.1886828053e-172	5.1886828053e-172	5.1886828053e-172	2.4512468823e-95	1.1721297341e-03	5.1886828053e-172	5.1886828053e-172	5.1886828053e-172	1.0000000000e+00	1.0000000000e+00	3.3097218672e-74	2.1932737127e-98	1.4788961085e-104	1.2988224803e-28	5.1886828053e-172	5.1886828053e-172	1.1842085518e-93	1.0000000000e+00	6.5242369648e-35	5.1886828053e-172	5.1886828053e-172	1.0000000000e+00	3.3097218672e-74	5.1886828053e-172	5.1886828053e-172
2.6665053300e-04	1.6171818017e+02	5.6061296842e+18	1.1942627528e+16	3.1414475206e+03	8.3733667294e-172	9.9999994040e-01	1.0000000000e+00	8.3733667294e-172	8.3733667294e-172	8.3733667294e-172	8.3733667294e-172	1.5452983680e-90	7.5491534532e-87	2.3380174387e-24	8.3733667294e-172	2.3863794509e-55	5.4679796652e-55	2.6204308618e-38	8.3733667294e-172	1.0000000000e+00	3.7834696900e-43	0.0000000000e+00	2.8531692362e-71	1.0000000000e+00	1.0000000000e+00	1.0000000000e+00	1.0000000000e+00	1.0000000000e+00	1.0000000000e+00	1.0000000000e+00	1.0000000000e+00	7.9454639112e-110	6.3437436283e-112	8.3733667294e-172	1.1076230159e-158	2.6200153267e-05	7.4764936678e-16	5.9320050979e-158	3.6161030852e-11	1.0000000000e+00	1.0000000000e+00	1.0000000000e+00	1.0000000000e+00	1.0000000000e+00	1.0000000000e+00	1.0000000000e+00	1.0000000000e+00	1.0000000000e+00	1.0000000000e+00	1.0000000000e+00	1.0000000000e+00	3.0681952172e-139	1.5594532325e-47	6.5952348949e-90	1.4236223586e-110	1.8930150731e-12	5.9178229566e-124	1.0000000000e+00	3.8221608169e-19	2.6916478045e-72	1.1617608564e-90	2.2700647638e-133	8.3733667294e-172	1.7254505279e-41	9.1021354325e-134	1.0000000000e+00	1.0000000000e+00	1.0000000000e+00	1.0000000000e+00	1.0000000000e+00	1.0000000000e+00	2.3692310603e-148	8.3733667294e-172	8.3733667294e-172	2.8570797706e-47	8.3733667294e-172	8.3733667294e-172	8.3733667294e-172	8.3733667294e-172	8.3733667294e-172	8.3733667294e-172	3.1874497976e-66	1.0000000000e+00	1.0000000000e+00	1.0000000000e+00	1.0000000000e+00	1.0000000000e+00	1.0000000000e+00	1.0000000000e+00	1.0000000000e+00	1.0000000000e+00	1.0000000000e+00	1.0000000000e+00	1.0000000000e+00	1.0000000000e+00	1.0000000000e+00	1.0000000000e+00	1.0000000000e+00	1.0000000000e+00	1.0000000000e+00	1.0000000000e+00	1.0000000000e+00	1.0000000000e+00	1.0000000000e+00	1.0000000000e+00	1.0000000000e+00	1.0000000000e+00	1.0000000000e+00	1.0000000000e+00	1.0000000000e+00	1.0000000000e+00	1.0000000000e+00	4.8384838234e-25	1.0000000000e+00	3.7863259414e-54	1.0000000000e+00	1.0000000000e+00	7.8603534986e-22	1.0000000000e+00	1.0000000000e+00	1.0000000000e+00	1.0000000000e+00	1.0000000000e+00	4.4944140495e-50	9.3057701301e-37	1.4866757090e-05	1.3046501349e-04	8.9289993662e-70	4.0718016588e-113	2.6167999516e-07	3.4238153938e-54	8.6466528299e-105	1.8379207995e-129	5.4668635742e-41	1.6173094418e-146	8.3733667294e-172	7.5407279696e-116	1.0000000000e+00	1.0000000000e+00	1.9860677690e-04	1.0000000000e+00	5.4399393869e-02	8.3733667294e-172	1.0000000000e+00	8.6007599104e-171	8.3733667294e-172	8.3733667294e-172	8.3733667294e-172	1.4915779809e-74	1.1942889283e-108	6.3686526112e-48	5.8098258375e-53	1.3253341012e-118	9.2100725302e-14	5.2819472963e-02	3.0478533273e-03	1.2848762659e-89	5.2929126736e-134	4.4791340855e-02	8.3733667294e-172	1.0000000000e+00	8.3733667294e-172	5.4874152828e-136	8.3733667294e-172	8.3733667294e-172	8.3733667294e-172	8.3733667294e-172	1.5252094704e-100	5.0039033104e-132	8.3733667294e-172	2.3088433956e-115	1.0000000000e+00	1.0000000000e+00	8.3733667294e-172	1.0000000000e+00	8.3733667294e-172	8.3733667294e-172	8.3733667294e-172	1.1675707187e-94	2.2049773077e-02	8.3733667294e-172	8.3733667294e-172	8.3733667294e-172	1.0000000000e+00	1.0000000000e+00	1.9516618930e-70	2.4395128557e-93	1.7075365884e-102	4.3904293390e-26	8.3733667294e-172	8.3733667294e-172	1.2075231919e-91	1.0000000000e+00	1.4009152320e-32	8.3733667294e-172	8.3733667294e-172	1.0000000000e+00	1.9516618930e-70	8.3733667294e-172	8.3733667294e-172
1.6390537900e-04	1.6091027888e+02	3.4653777219e+18	7.3777799155e+15	3.1445735365e+03	1.3554212940e-171	9.9999994040e-01	1.0000000000e+00	1.3554212940e-171	1.3554212940e-171	1.3554212940e-171	1.3554212940e-171	8.2816436495e-91	3.1835203591e-88	2.1039091408e-25	1.3554212940e-171	1.9831798680e-55	4.4934113239e-55	2.5895763531e-38	1.3554212940e-171	1.0000000000e+00	3.6860202998e-45	0.0000000000e+00	9.9399949148e-71	1.0000000000e+00	1.0000000000e+00	1.0000000000e+00	1.0000000000e+00	1.0000000000e+00	1.0000000000e+00	1.0000000000e+00	1.0000000000e+00	2.0974141059e-108	1.3186981242e-109	1.3554212940e-171	1.3415358966e-156	2.3318254410e-03	4.7857841472e-13	9.0651810957e-157	2.0350546665e-09	1.0000000000e+00	1.0000000000e+00	1.0000000000e+00	1.0000000000e+00	1.0000000000e+00	1.0000000000e+00	1.0000000000e+00	1.0000000000e+00	1.0000000000e+00	1.0000000000e+00	1.0000000000e+00	1.0000000000e+00	4.6507527372e-137	5.5572725813e-44	1.7723452699e-87	3.0071145834e-108	8.1978317386e-08	8.7146943198e-121	1.0000000000e+00	1.2406229373e-13	9.2505571651e-72	2.5860993025e-89	2.4837572797e-131	1.3554212940e-171	8.4919251253e-41	1.2300224292e-132	1.0000000000e+00	1.0000000000e+00	1.0000000000e+00	1.0000000000e+00	1.0000000000e+00	1.0000000000e+00	3.9931808673e-147	1.3554212940e-171	1.3554212940e-171	1.5603520078e-45	1.3554212940e-171	1.3554212940e-171	1.3554212940e-171	1.3554212940e-171	1.3554212940e-171	1.3554212940e-171	9.3543998554e-65	1.0000000000e+00	1.0000000000e+00	1.0000000000e+00	1.0000000000e+00	1.0000000000e+00	1.0000000000e+00	1.0000000000e+00	1.0000000000e+00	1.0000000000e+00	1.0000000000e+00	1.0000000000e+00	1.0000000000e+00	1.0000000000e+00	1.0000000000e+00	1.0000000000e+00	1.0000000000e+00	1.0000000000e+00	1.0000000000e+00	1.0000000000e+00	1.0000000000e+00	1.0000000000e+00	1.0000000000e+00	1.0000000000e+00	1.0000000000e+00	1.0000000000e+00	1.0000000000e+00	1.0000000000e+00	1.0000000000e+00	1.0000000000e+00	1.0000000000e+00	1.5639991624e-23	1.0000000000e+00	1.0436251192e-51	1.0000000000e+00	1.0000000000e+00	2.6361752552e-20	1.0000000000e+00	1.0000000000e+00	1.0000000000e+00	1.0000000000e+00	1.0000000000e+00	2.3051089326e-50	4.5021156612e-36	1.3235968747e-05	1.3052779792e-04	3.0405863630e-69	1.0450705089e-113	1.8997486833e-06	1.7331908571e-54	2.4140575606e-105	4.7062495594e-129	2.7077763695e-40	1.8841222814e-145	1.3554212940e-171	1.2518255185e-114	1.0000000000e+00	1.0000000000e+00	1.9870235359e-04	1.0000000000e+00	5.4425572804e-02	1.3554212940e-171	1.0000000000e+00	1.1171467285e-169	1.3554212940e-171	1.3554212940e-171	1.3554212940e-171	4.8072703544e-72	3.1998900668e-107	2.3145642023e-46	2.4929645135e-52	2.1121588127e-117	9.5868474338e-13	5.2844891583e-02	3.0493200634e-03	5.7850847908e-91	1.1519824652e-134	4.4812896051e-02	1.3554212940e-171	1.0000000000e+00	1.3554212940e-171	8.6896941743e-134	1.3554212940e-171	1.3554212940e-171	1.3554212940e-171	1.3554212940e-171	3.0096522320e-99	5.5082625131e-130	1.3554212940e-171	1.4069839664e-111	1.0000000000e+00	1.0000000000e+00	1.3554212940e-171	1.0000000000e+00	1.3554212940e-171	1.3554212940e-171	1.3554212940e-171	3.0942470684e-94	1.1474757220e-01	1.3554212940e-171	1.3554212940e-171	1.3554212940e-171	1.0000000000e+00	1.0000000000e+00	4.4131402566e-68	3.4523821236e-90	3.3123399744e-101	1.3872606121e-24	1.3554212940e-171	1.3554212940e-171	1.8053137744e-90	1.0000000000e+00	2.7770288649e-31	1.3554212940e-171	1.3554212940e-171	1.0000000000e+00	4.4131402566e-68	1.3554212940e-171	1.3554212940e-171
1.0074974500e-04	1.6041287679e+02	2.1391655032e+18	4.5490530884e+15	3.1507689236e+03	2.1982596830e-171	9.9999994040e-01	1.0000000000e+00	2.1982596830e-171	2.1982596830e-171	2.1982596830e-171	2.1982596830e-171	6.7671993801e-91	5.0964971343e-89	3.7995955026e-26	2.1982596830e-171	2.1276692042e-55	4.7873324410e-55	3.0936211835e-38	2.1982596830e-171	1.0000000000e+00	2.0816959361e-46	0.0000000000e+00	2.1568965973e-70	1.0000000000e+00	1.0000000000e+00	1.0000000000e+00	1.0000000000e+00	1.0000000000e+00	1.0000000000e+00	1.0000000000e+00	1.0000000000e+00	1.9239539862e-107	4.3543718138e-108	2.1982596830e-171	3.1679553469e-155	4.5479712077e-02	3.1761810593e-11	5.9230495035e-156	2.4829645696e-08	1.0000000000e+00	1.0000000000e+00	1.0000000000e+00	1.0000000000e+00	1.0000000000e+00	1.0000000000e+00	1.0000000000e+00	1.0000000000e+00	1.0000000000e+00	1.0000000000e+00	1.0000000000e+00	1.0000000000e+00	1.2623398304e-135	1.0705814854e-41	6.8636245275e-86	1.0028915125e-106	7.4417571849e-05	9.7005007134e-119	1.0000000000e+00	3.9317275984e-10	1.9904148382e-71	1.7742765600e-88	4.5783278232e-130	2.1982596830e-171	2.2833848544e-40	6.1908400969e-132	1.0000000000e+00	1.0000000000e+00	1.0000000000e+00	1.0000000000e+00	1.0000000000e+00	1.0000000000e+00	2.7726001876e-146	2.1982596830e-171	2.1982596830e-171	2.2475244398e-44	2.1982596830e-171	2.1982596830e-171	2.1982596830e-171	2.1982596830e-171	2.1982596830e-171	2.1982596830e-171	7.6190905026e-64	1.0000000000e+00	1.0000000000e+00	1.0000000000e+00	1.0000000000e+00	1.0000000000e+00	1.0000000000e+00	1.0000000000e+00	1.0000000000e+00	1.0000000000e+00	1.0000000000e+00	1.0000000000e+00	1.0000000000e+00	1.0000000000e+00	1.0000000000e+00	1.0000000000e+00	1.0000000000e+00	1.0000000000e+00	1.0000000000e+00	1.0000000000e+00	1.0000000000e+00	1.0000000000e+00	1.0000000000e+00	1.0000000000e+00	1.0000000000e+00	1.0000000000e+00	1.0000000000e+00	1.0000000000e+00	1.0000000000e+00	1.0000000000e+00	1.0000000000e+00	1.1245570312e-22	1.0000000000e+00	3.4134912934e-50	1.0000000000e+00	1.0000000000e+00	1.9393381610e-19	1.0000000000e+00	1.0000000000e+00	1.0000000000e+00	1.0000000000e+00	1.0000000000e+00	1.7397807193e-50	1.3682300250e-35	9.9142324915e-06	1.3064322742e-04	7.4314466056e-69	5.1329415124e-114	5.2348698916e-06	9.1445774194e-55	1.2492868302e-105	1.0146342624e-128	7.3098055213e-40	8.6485290235e-145	2.1982596830e-171	7.1589143767e-114	1.0000000000e+00	1.0000000000e+00	1.9887807182e-04	1.0000000000e+00	5.4473702915e-02	2.1982596830e-171	1.0000000000e+00	6.5986427292e-169	2.1982596830e-171	2.1982596830e-171	2.1982596830e-171	2.0839583794e-70	2.9624808902e-106	2.1527138462e-45	6.1564356382e-52	1.1776816688e-116	4.9384485092e-12	5.2891623844e-02	3.0520166653e-03	8.4485250020e-92	4.4735121169e-135	4.4852525390e-02	2.1982596830e-171	1.0000000000e+00	2.1982596830e-171	2.4235182603e-132	2.1982596830e-171	2.1982596830e-171	2.1982596830e-171	2.1982596830e-171	1.9160434157e-98	1.0191794290e-128	2.1982596830e-171	2.6139591715e-109	1.0000000000e+00	1.0000000000e+00	2.1982596830e-171	1.0000000000e+00	2.1982596830e-171	2.1982596830e-171	2.1982596830e-171	5.6658910959e-94	2.6556990846e-01	2.6703196398e-171	2.1982596830e-171	2.1982596830e-171	1.0000000000e+00	1.0000000000e+00	1.2765193278e-66	3.1170802998e-88	2.0864890805e-100	9.8349465127e-24	2.1982596830e-171	2.1982596830e-171	8.0435910542e-90	1.0000000000e+00	1.2255493256e-30	2.1982596830e-171	2.1982596830e-171	1.0000000000e+00	1.2765193278e-66	2.1982596830e-171	2.1982596830e-171
6.1929090500e-05	1.6010682972e+02	1.3200596339e+18	2.8015676940e+15	3.1630036712e+03	3.5694300806e-171	9.9999994040e-01	1.0000000000e+00	3.5694300806e-171	3.5694300806e-171	3.5694300806e-171	3.5694300806e-171	7.1975631843e-91	1.9385799890e-89	1.1057348387e-26	3.5694300806e-171	2.6779531993e-55	5.9995985598e-55	4.1614265596e-38	3.5694300806e-171	1.0000000000e+00	3.5232929642e-47	0.0000000000e+00	3.4823915440e-70	1.0000000000e+00	1.0000000000e+00	1.0000000000e+00	1.0000000000e+00	1.0000000000e+00	1.0000000000e+00	1.0000000000e+00	1.0000000000e+00	9.1210965141e-107	4.5578554535e-107	3.5694300806e-171	2.6951120080e-154	3.4376152856e-01	5.1193424146e-10	2.2765938016e-155	1.1661951466e-07	1.0000000000e+00	1.0000000000e+00	1.0000000000e+00	1.0000000000e+00	1.0000000000e+00	1.0000000000e+00	1.0000000000e+00	1.0000000000e+00	1.0000000000e+00	1.0000000000e+00	1.0000000000e+00	1.0000000000e+00	1.1705030814e-134	3.3351828017e-40	7.9286416673e-85	1.0562466793e-105	6.0461175063e-03	2.1527159996e-117	1.0000000000e+00	6.9206225810e-08	3.1968631934e-71	5.8373357489e-88	2.7753607232e-129	3.5694300806e-171	4.2093663587e-40	1.6816902589e-131	1.0000000000e+00	1.0000000000e+00	1.0000000000e+00	1.0000000000e+00	1.0000000000e+00	1.0000000000e+00	1.1064999355e-145	3.5694300806e-171	3.5694300806e-171	1.4084498722e-43	1.1004085160e-170	3.5694300806e-171	3.5694300806e-171	3.5694300806e-171	3.5694300806e-171	3.5694300806e-171	2.7872330921e-63	1.0000000000e+00	1.0000000000e+00	1.0000000000e+00	1.0000000000e+00	1.0000000000e+00	1.0000000000e+00	1.0000000000e+00	1.0000000000e+00	1.0000000000e+00	1.0000000000e+00	1.0000000000e+00	1.0000000000e+00	1.0000000000e+00	1.0000000000e+00	1.0000000000e+00	1.0000000000e+00	1.0000000000e+00	1.0000000000e+00	1.0000000000e+00	1.0000000000e+00	1.0000000000e+00	1.0000000000e+00	1.0000000000e+00	1.0000000000e+00	1.0000000000e+00	1.0000000000e+00	1.0000000000e+00	1.0000000000e+00	1.0000000000e+00	1.0000000000e+00	3.1630823613e-22	1.0000000000e+00	2.9500157457e-49	1.0000000000e+00	1.0000000000e+00	5.5325562219e-19	1.0000000000e+00	1.0000000000e+00	1.0000000000e+00	1.0000000000e+00	1.0000000000e+00	1.7264116696e-50	3.2128358899e-35	6.9534348673e-06	1.3082123642e-04	1.5251080001e-68	3.9052567282e-114	8.2163090486e-06	5.1641399808e-55	9.8171192664e-106	1.9646349762e-128	1.3508501245e-39	2.2192290968e-144	3.5694300806e-171	2.1044757140e-113	1.0000000000e+00	1.0000000000e+00	1.9914905476e-04	1.0000000000e+00	5.4547926517e-02	3.5694300806e-171	1.0000000000e+00	2.3828318615e-168	1.5209608133e-170	3.5694300806e-171	3.5694300806e-171	2.5812067033e-69	1.4124972372e-105	8.5485725242e-45	1.0767446463e-51	3.4081768205e-116	1.6399616672e-11	5.2963691745e-02	3.0561752154e-03	2.5731221294e-92	2.4944346004e-135	4.4913639564e-02	3.5694300806e-171	1.0000000000e+00	3.5694300806e-171	2.2852396512e-131	3.5694300806e-171	3.5694300806e-171	3.5694300806e-171	3.5694300806e-171	6.0187948077e-98	6.1926621182e-128	3.5694300806e-171	5.4920797635e-108	1.0000000000e+00	1.0000000000e+00	3.5694300806e-171	1.0000000000e+00	3.5694300806e-171	3.5694300806e-171	3.5694300806e-171	8.2361273990e-94	3.7057572804e-01	9.5500951996e-171	3.5694300806e-171	3.5694300806e-171	1.0000000000e+00	1.0000000000e+00	1.0224564465e-65	5.0472885423e-87	6.5113417904e-100	2.7422644014e-23	3.5694300806e-171	3.5694300806e-171	1.6828694453e-89	1.0000000000e+00	2.1169195569e-30	3.5694300806e-171	3.5694300806e-171	1.0000000000e+00	1.0224564465e-65	3.5694300806e-171	3.5694300806e-171
3.8066719400e-05	1.5991859341e+02	8.1556871123e+17	1.7241012492e+15	3.1887008157e+03	5.8001234002e-171	9.9999994040e-01	1.0000000000e+00	5.8001234002e-171	5.8001234002e-171	5.8001234002e-171	5.8001234002e-171	9.0261305014e-91	1.2791063159e-89	4.7781166166e-27	5.8001234002e-171	3.7259091687e-55	8.3252565069e-55	6.0323563510e-38	5.8001234002e-171	1.0000000000e+00	1.1798442767e-47	0.0000000000e+00	4.6798745447e-70	1.0000000000e+00	1.0000000000e+00	1.0000000000e+00	1.0000000000e+00	1.0000000000e+00	1.0000000000e+00	1.0000000000e+00	1.0000000000e+00	2.8706185027e-106	2.3383566577e-106	5.8001234002e-171	1.2166848949e-153	1.0000000000e+00	3.4278940127e-09	6.2950891733e-155	3.0286071246e-07	1.0000000000e+00	1.0000000000e+00	1.0000000000e+00	1.0000000000e+00	1.0000000000e+00	1.0000000000e+00	1.0000000000e+00	1.0000000000e+00	1.0000000000e+00	1.0000000000e+00	1.0000000000e+00	1.0000000000e+00	5.5724687065e-134	3.3535225787e-39	4.3227708277e-84	5.4396097775e-105	1.0982402397e-01	1.7558446269e-116	1.0000000000e+00	2.0254269549e-06	4.2823438038e-71	1.2170254870e-87	8.4363771678e-129	5.8001234002e-171	6.1390824766e-40	3.1153138766e-131	1.0000000000e+00	1.0000000000e+00	1.0000000000e+00	1.0000000000e+00	1.0000000000e+00	1.0000000000e+00	3.1314003681e-145	5.8001234002e-171	5.8001234002e-171	5.2654517798e-43	4.7557079800e-170	5.8001234002e-171	5.8001234002e-171	5.8001234002e-171	5.8001234002e-171	5.8001234002e-171	6.2042031000e-63	1.0000000000e+00	1.0000000000e+00	1.0000000000e+00	1.0000000000e+00	1.0000000000e+00	1.0000000000e+00	1.0000000000e+00	1.0000000000e+00	1.0000000000e+00	1.0000000000e+00	1.0000000000e+00	1.0000000000e+00	1.0000000000e+00	1.0000000000e+00	1.0000000000e+00	1.0000000000e+00	1.0000000000e+00	1.0000000000e+00	1.0000000000e+00	1.0000000000e+00	1.0000000000e+00	1.0000000000e+00	1.0000000000e+00	1.0000000000e+00	1.0000000000e+00	1.0000000000e+00	1.0000000000e+00	1.0000000000e+00	1.0000000000e+00	1.0000000000e+00	4.9687280419e-22	1.0000000000e+00	1.1160432827e-48	1.0000000000e+00	1.0000000000e+00	8.7669948758e-19	1.0000000000e+00	1.0000000000e+00	1.0000000000e+00	1.0000000000e+00	1.0000000000e+00	2.0582161294e-50	6.5166690138e-35	5.1700909083e-06	1.3118438602e-04	2.8467491591e-68	3.9520683264e-114	1.0041763040e-05	3.3592200060e-55	1.0134963034e-105	3.5586810644e-128	1.9731051002e-39	3.9691436436e-144	5.8001234002e-171	4.0931898343e-113	1.0000000000e+00	1.0000000000e+00	1.9970187709e-04	1.0000000000e+00	5.4699347333e-02	5.8001234002e-171	1.0000000000e+00	6.3399937918e-168	6.5662643711e-170	5.8001234002e-171	5.8001234002e-171	1.4691690641e-68	4.4611403317e-105	2.0016721524e-44	1.5201963857e-51	6.5651331166e-116	4.1515838402e-11	5.3110714821e-02	3.0646589208e-03	1.2380867353e-92	1.7430212198e-135	4.5038316344e-02	5.8001234002e-171	1.0000000000e+00	5.8001234002e-171	1.0992681877e-130	5.8001234002e-171	5.8001234002e-171	5.8001234002e-171	5.8001234002e-171	1.2195523037e-97	1.8851246011e-127	5.8001234002e-171	2.9830757574e-107	1.0000000000e+00	1.0000000000e+00	5.8001234002e-171	1.0000000000e+00	5.8001234002e-171	5.8001234002e-171	5.8001234002e-171	1.0374096425e-93	3.7773896091e-01	2.5258965401e-170	5.8001234002e-171	5.8001234002e-171	1.0000000000e+00	1.0000000000e+00	3.6909316837e-65	2.8128584511e-86	1.3140231149e-99	4.2845438344e-23	5.8001234002e-171	5.8001234002e-171	2.2023607582e-89	1.0000000000e+00	2.0428501273e-30	5.8001234002e-171	5.8001234002e-171	1.0000000000e+00	3.6909316837e-65	5.8001234002e-171	5.8001234002e-171
2.3398940800e-05	1.5980284455e+02	5.0509517220e+17	1.0605422384e+15	3.2330196663e+03	9.4291388288e-171	9.9999994040e-01	1.0000000000e+00	9.4291388288e-171	9.4291388288e-171	9.4291388288e-171	9.4291388288e-171	1.2570164540e-90	1.1957309049e-89	2.7844141198e-27	9.4291388288e-171	5.5317804718e-55	1.2340121663e-54	9.1853451976e-38	9.4291388288e-171	1.0000000000e+00	6.0427777447e-48	0.0000000000e+00	5.6145155561e-70	1.0000000000e+00	1.0000000000e+00	1.0000000000e+00	1.0000000000e+00	1.0000000000e+00	1.0000000000e+00	1.0000000000e+00	1.0000000000e+00	7.0126345490e-106	7.7190199092e-106	9.4291388288e-171	3.7119912097e-153	1.0000000000e+00	1.3333265716e-08	1.4199611062e-154	5.4524441560e-07	1.0000000000e+00	1.0000000000e+00	1.0000000000e+00	1.0000000000e+00	1.0000000000e+00	1.0000000000e+00	1.0000000000e+00	1.0000000000e+00	1.0000000000e+00	1.0000000000e+00	1.0000000000e+00	1.0000000000e+00	1.7566772954e-133	1.6756806897e-38	1.4814491659e-83	1.7998545408e-104	7.8998896909e-01	7.7123234320e-116	1.0000000000e+00	1.9546197523e-05	5.1274051736e-71	1.9137346179e-87	1.6734861027e-128	9.4291388288e-171	7.7458843171e-40	4.5547103731e-131	1.0000000000e+00	1.0000000000e+00	1.0000000000e+00	1.0000000000e+00	1.0000000000e+00	1.0000000000e+00	7.1650218780e-145	9.4291388288e-171	9.4291388288e-171	1.4302213950e-42	1.4124568897e-169	9.4291388288e-171	9.4291388288e-171	9.4291388288e-171	9.4291388288e-171	9.4291388288e-171	1.0157386134e-62	1.0000000000e+00	1.0000000000e+00	1.0000000000e+00	1.0000000000e+00	1.0000000000e+00	1.0000000000e+00	1.0000000000e+00	1.0000000000e+00	1.0000000000e+00	1.0000000000e+00	1.0000000000e+00	1.0000000000e+00	1.0000000000e+00	1.0000000000e+00	1.0000000000e+00	1.0000000000e+00	1.0000000000e+00	1.0000000000e+00	1.0000000000e+00	1.0000000000e+00	1.0000000000e+00	1.0000000000e+00	1.0000000000e+00	1.0000000000e+00	1.0000000000e+00	1.0000000000e+00	1.0000000000e+00	1.0000000000e+00	1.0000000000e+00	1.0000000000e+00	5.4442540740e-22	1.0000000000e+00	2.5333058851e-48	1.0000000000e+00	1.0000000000e+00	9.6578175805e-19	1.0000000000e+00	1.0000000000e+00	1.0000000000e+00	1.0000000000e+00	1.0000000000e+00	2.7701517765e-50	1.2168130979e-34	4.2090207292e-06	1.3205386602e-04	5.0502835372e-68	4.8082949420e-114	1.1103656215e-05	2.5185641162e-55	1.2483226697e-105	6.1856321492e-128	2.4918512289e-39	5.6787633389e-144	9.4291388288e-171	6.1667820086e-113	1.0000000000e+00	1.0000000000e+00	2.0102548574e-04	1.0000000000e+00	5.5061890393e-02	9.4291388288e-171	1.0000000000e+00	1.3965669548e-167	1.9489220338e-169	9.4291388288e-171	9.4291388288e-171	5.1702046372e-68	1.0921797542e-104	3.3809167943e-44	1.8800991040e-51	9.8322961987e-116	8.9124533541e-11	5.3462728497e-02	3.0849712439e-03	7.9276251513e-93	1.4045087780e-135	4.5336826833e-02	9.4291388288e-171	1.0000000000e+00	9.4291388288e-171	3.4875329578e-130	9.4291388288e-171	9.4291388288e-171	9.4291388288e-171	9.4291388288e-171	1.8842854958e-97	3.7427609278e-127	9.4291388288e-171	7.0193560053e-107	1.0000000000e+00	1.0000000000e+00	9.4291388288e-171	1.0000000000e+00	9.4291388288e-171	9.4291388288e-171	9.4291388288e-171	1.1959094123e-93	3.1708291845e-01	5.5436318819e-170	9.4291388288e-171	9.4291388288e-171	1.0000000000e+00	1.0000000000e+00	8.1394569054e-65	8.1058610977e-86	2.0251906309e-99	4.6790360566e-23	9.4291388288e-171	9.4291388288e-171	2.1563951257e-89	1.0000000000e+00	1.3753819302e-30	9.4291388288e-171	9.4291388288e-171	1.0000000000e+00	8.1394569054e-65	9.4291388288e-171	9.4291388288e-171
1.4382916100e-05	1.5973167938e+02	3.1113853152e+17	6.5218704277e+14	3.2446536669e+03	1.5333024645e-170	9.9999994040e-01	1.0000000000e+00	1.5333024645e-170	1.5333024645e-170	1.5333024645e-170	1.5333024645e-170	1.8540220640e-90	1.3783451078e-89	1.9735743001e-27	1.5333024645e-170	8.4868559486e-55	1.8913146089e-54	1.4313092520e-37	1.5333024645e-170	1.0000000000e+00	3.9934372700e-48	0.0000000000e+00	6.2804132663e-70	1.0000000000e+00	1.0000000000e+00	1.0000000000e+00	1.0000000000e+00	1.0000000000e+00	1.0000000000e+00	1.0000000000e+00	1.0000000000e+00	1.4652397185e-105	1.9411948578e-105	1.5333024645e-170	8.8930035316e-153	1.0000000000e+00	3.7094170920e-08	2.8247952844e-154	7.8301311870e-07	1.0000000000e+00	1.0000000000e+00	1.0000000000e+00	1.0000000000e+00	1.0000000000e+00	1.0000000000e+00	1.0000000000e+00	1.0000000000e+00	1.0000000000e+00	1.0000000000e+00	1.0000000000e+00	1.0000000000e+00	4.2942157103e-133	5.4390098145e-38	3.8125074721e-83	4.5328494981e-104	1.0000000000e+00	2.3123257650e-115	1.0000000000e+00	9.5136538557e-05	5.7285273567e-71	2.5286357752e-87	2.5510858781e-128	1.5333024645e-170	8.9375985515e-40	5.7543983450e-131	1.0000000000e+00	1.0000000000e+00	1.0000000000e+00	1.0000000000e+00	1.0000000000e+00	1.0000000000e+00	1.4379608369e-144	1.5333024645e-170	1.5333024645e-170	3.1899498193e-42	3.3283884869e-169	1.5333024645e-170	1.5333024645e-170	1.5333024645e-170	1.5333024645e-170	1.5333024645e-170	1.3758375020e-62	1.0000000000e+00	1.0000000000e+00	1.0000000000e+00	1.0000000000e+00	1.0000000000e+00	1.0000000000e+00	1.0000000000e+00	1.0000000000e+00	1.0000000000e+00	1.0000000000e+00	1.0000000000e+00	1.0000000000e+00	1.0000000000e+00	1.0000000000e+00	1.0000000000e+00	1.0000000000e+00	1.0000000000e+00	1.0000000000e+00	1.0000000000e+00	1.0000000000e+00	1.0000000000e+00	1.0000000000e+00	1.0000000000e+00	1.0000000000e+00	1.0000000000e+00	1.0000000000e+00	1.0000000000e+00	1.0000000000e+00	1.0000000000e+00	1.0000000000e+00	4.7765702197e-22	1.0000000000e+00	4.1958977208e-48	1.0000000000e+00	1.0000000000e+00	8.5014721127e-19	1.0000000000e+00	1.0000000000e+00	1.0000000000e+00	1.0000000000e+00	1.0000000000e+00	3.9963149983e-50	2.1473425571e-34	3.6650593052e-06	1.3228081228e-04	8.6359350596e-68	6.5186674525e-114	1.1673933830e-05	2.0846643901e-55	1.7052209658e-105	1.0481606511e-127	2.8768740432e-39	7.0795495319e-144	1.5333024645e-170	7.9363918143e-113	1.0000000000e+00	1.0000000000e+00	2.0137096584e-04	1.0000000000e+00	5.5156519129e-02	1.5333024645e-170	1.0000000000e+00	2.7379853571e-167	4.5906958590e-169	1.5333024645e-170	1.5333024645e-170	1.3524377847e-67	2.2850818026e-104	4.6682871079e-44	2.1428102438e-51	1.2607475862e-115	1.7157689517e-10	5.3554608848e-02	3.0902730402e-03	6.0110272410e-93	1.2268162909e-135	4.5414742185e-02	1.5333024645e-170	1.0000000000e+00	1.5333024645e-170	8.5588495914e-130	1.5333024645e-170	1.5333024645e-170	1.5333024645e-170	1.5333024645e-170	2.4629247000e-97	5.7086399928e-127	1.5333024645e-170	9.8582112633e-107	1.0000000000e+00	1.0000000000e+00	1.5333024645e-170	1.0000000000e+00	1.5333024645e-170	1.5333024645e-170	1.5333024645e-170	1.3052893094e-93	2.3611575856e-01	1.0843825621e-169	1.5333024645e-170	1.5333024645e-170	1.0000000000e+00	1.0000000000e+00	1.3243696844e-64	1.5550127507e-85	2.6430382847e-99	4.0968204935e-23	1.5333024645e-170	1.5333024645e-170	1.7653662268e-89	1.0000000000e+00	7.4157444378e-31	1.5333024645e-170	1.5333024645e-170	1.0000000000e+00	1.3243696844e-64	1.5333024645e-170	1.5333024645e-170
8.8409247700e-06	1.5968792922e+02	1.9121663314e+17	4.0099770111e+14	3.2422652606e+03	2.4937798826e-170	9.9999994040e-01	1.0000000000e+00	2.4937798826e-170	2.4937798826e-170	2.4937798826e-170	2.4937798826e-170	2.8356578706e-90	1.8107251402e-89	1.5895080794e-27	2.4937798826e-170	1.3298748293e-54	2.9618190571e-54	2.2644036717e-37	2.4937798826e-170	1.0000000000e+00	3.0907156216e-48	0.0000000000e+00	6.7287470676e-70	1.0000000000e+00	1.0000000000e+00	1.0000000000e+00	1.0000000000e+00	1.0000000000e+00	1.0000000000e+00	1.0000000000e+00	1.0000000000e+00	2.7804690636e-105	4.1284819268e-105	2.4937798826e-170	1.8357351670e-152	1.0000000000e+00	8.3948204912e-08	5.2009412224e-154	9.7828774185e-07	1.0000000000e+00	1.0000000000e+00	1.0000000000e+00	1.0000000000e+00	1.0000000000e+00	1.0000000000e+00	1.0000000000e+00	1.0000000000e+00	1.0000000000e+00	1.0000000000e+00	1.0000000000e+00	1.0000000000e+00	8.9748822303e-133	1.3533803080e-37	8.2242173883e-83	9.6489109279e-104	1.0000000000e+00	5.4795626121e-115	1.0000000000e+00	3.0373707784e-04	6.1328530065e-71	3.0014396827e-87	3.3065267137e-128	2.4937798826e-170	9.7601417467e-40	6.6445856928e-131	1.0000000000e+00	1.0000000000e+00	1.0000000000e+00	1.0000000000e+00	1.0000000000e+00	1.0000000000e+00	2.6618985783e-144	2.4937798826e-170	2.4937798826e-170	6.3013905784e-42	6.8010608345e-169	2.4937798826e-170	2.4937798826e-170	2.4937798826e-170	2.4937798826e-170	2.4937798826e-170	1.6582227186e-62	1.0000000000e+00	1.0000000000e+00	1.0000000000e+00	1.0000000000e+00	1.0000000000e+00	1.0000000000e+00	1.0000000000e+00	1.0000000000e+00	1.0000000000e+00	1.0000000000e+00	1.0000000000e+00	1.0000000000e+00	1.0000000000e+00	1.0000000000e+00	1.0000000000e+00	1.0000000000e+00	1.0000000000e+00	1.0000000000e+00	1.0000000000e+00	1.0000000000e+00	1.0000000000e+00	1.0000000000e+00	1.0000000000e+00	1.0000000000e+00	1.0000000000e+00	1.0000000000e+00	1.0000000000e+00	1.0000000000e+00	1.0000000000e+00	1.0000000000e+00	3.6545471976e-22	1.0000000000e+00	5.7232221415e-48	1.0000000000e+00	1.0000000000e+00	6.5177218565e-19	1.0000000000e+00	1.0000000000e+00	1.0000000000e+00	1.0000000000e+00	1.0000000000e+00	6.0269183045e-50	3.6659033420e-34	3.3502559916e-06	1.3223245886e-04	1.4460085031e-67	9.4621771035e-114	1.1983130186e-05	1.8470905848e-55	2.4867644699e-105	1.7484896469e-127	3.1427458198e-39	8.1079900721e-144	2.4937798826e-170	9.2689041088e-113	1.0000000000e+00	1.0000000000e+00	2.0129735746e-04	1.0000000000e+00	5.5136357426e-02	2.4937798826e-170	1.0000000000e+00	4.9960284035e-167	9.3780741622e-169	2.4937798826e-170	2.4937798826e-170	2.9468651570e-67	4.3397833951e-104	5.6932839841e-44	2.3223600864e-51	1.4691104868e-115	3.0915056329e-10	5.3535032563e-02	3.0891434335e-03	5.0627455888e-93	1.1272529069e-135	4.5398141453e-02	2.4937798826e-170	1.0000000000e+00	2.4937798826e-170	1.7931199536e-129	2.4937798826e-170	2.4937798826e-170	2.4937798826e-170	2.4937798826e-170	2.9040420531e-97	7.4016033863e-127	2.4937798826e-170	1.0074357432e-106	1.0000000000e+00	1.0000000000e+00	2.4937798826e-170	1.0000000000e+00	2.4937798826e-170	2.4937798826e-170	2.4937798826e-170	1.3774949734e-93	1.6331406413e-01	1.9759349997e-169	2.4937798826e-170	2.4937798826e-170	1.0000000000e+00	1.0000000000e+00	1.7867892462e-64	2.3216596476e-85	3.1134718019e-99	3.1305345154e-23	2.4937798826e-170	2.4937798826e-170	1.2943508175e-89	1.0000000000e+00	3.4870890083e-31	2.4937798826e-170	2.4937798826e-170	1.0000000000e+00	1.7867892462e-64	2.4937798826e-170	2.4937798826e-170
5.4343604800e-06	1.5966103442e+02	1.1751697104e+17	2.4652773271e+14	3.2404704342e+03	4.0563387697e-170	9.9999994040e-01	1.0000000000e+00	4.0563387697e-170	4.0563387697e-170	4.0563387697e-170	4.0563387697e-170	4.4411246702e-90	2.5822796691e-89	1.3897503746e-27	4.0563387697e-170	2.1140870076e-54	4.7065758402e-54	3.6209471376e-37	4.0563387697e-170	1.0000000000e+00	2.6399431096e-48	0.0000000000e+00	7.0202279612e-70	1.0000000000e+00	1.0000000000e+00	1.0000000000e+00	1.0000000000e+00	1.0000000000e+00	1.0000000000e+00	1.0000000000e+00	1.0000000000e+00	4.9726380144e-105	7.9197111834e-105	4.0563387697e-170	3.4574720242e-152	1.0000000000e+00	1.6731159469e-07	9.1303043983e-154	1.1218540936e-06	1.0000000000e+00	1.0000000000e+00	1.0000000000e+00	1.0000000000e+00	1.0000000000e+00	1.0000000000e+00	1.0000000000e+00	1.0000000000e+00	1.0000000000e+00	1.0000000000e+00	1.0000000000e+00	1.0000000000e+00	1.7032884914e-132	2.8593630129e-37	1.5914889319e-82	1.8519723923e-103	1.0000000000e+00	1.1234538588e-114	1.0000000000e+00	7.4803538125e-04	6.3955635404e-71	3.3351305911e-87	3.8783836891e-128	4.0563387697e-170	1.0303176063e-39	7.2591569283e-131	1.0000000000e+00	1.0000000000e+00	1.0000000000e+00	1.0000000000e+00	1.0000000000e+00	1.0000000000e+00	4.6885630215e-144	4.0563387697e-170	4.0563387697e-170	1.1551353220e-41	1.2729391090e-168	4.0563387697e-170	4.0563387697e-170	4.0563387697e-170	4.0563387697e-170	4.0563387697e-170	1.8599662115e-62	1.0000000000e+00	1.0000000000e+00	1.0000000000e+00	1.0000000000e+00	1.0000000000e+00	1.0000000000e+00	1.0000000000e+00	1.0000000000e+00	1.0000000000e+00	1.0000000000e+00	1.0000000000e+00	1.0000000000e+00	1.0000000000e+00	1.0000000000e+00	1.0000000000e+00	1.0000000000e+00	1.0000000000e+00	1.0000000000e+00	1.0000000000e+00	1.0000000000e+00	1.0000000000e+00	1.0000000000e+00	1.0000000000e+00	1.0000000000e+00	1.0000000000e+00	1.0000000000e+00	1.0000000000e+00	1.0000000000e+00	1.0000000000e+00	1.0000000000e+00	2.5701058936e-22	1.0000000000e+00	6.9271296032e-48	1.0000000000e+00	1.0000000000e+00	4.5894126231e-19	1.0000000000e+00	1.0000000000e+00	1.0000000000e+00	1.0000000000e+00	1.0000000000e+00	9.3564315663e-50	6.1420094545e-34	3.1664302127e-06	1.3219615985e-04	2.3939945473e-67	1.4348117208e-113	1.2162746812e-05	1.7125761729e-55	3.7816551848e-105	2.8887323512e-127	3.3183212590e-39	8.8133662295e-144	4.0563387697e-170	1.0197252090e-112	1.0000000000e+00	1.0000000000e+00	2.0124209951e-04	1.0000000000e+00	5.5121221995e-02	4.0563387697e-170	1.0000000000e+00	8.7222581818e-167	1.7550056425e-168	4.0563387697e-170	4.0563387697e-170	5.7378627719e-67	7.7652660330e-104	6.4324996180e-44	2.4401781383e-51	1.6140134695e-115	5.3552616411e-10	5.3520336484e-02	3.0882954356e-03	4.5552049075e-93	1.0700231980e-135	4.5385679251e-02	4.0563387697e-170	1.0000000000e+00	4.0563387697e-170	3.4081128242e-129	4.0563387697e-170	4.0563387697e-170	4.0563387697e-170	4.0563387697e-170	3.2137181391e-97	8.6834931613e-127	4.0563387697e-170	8.4653006818e-107	1.0000000000e+00	1.0000000000e+00	4.0563387697e-170	1.0000000000e+00	4.0563387697e-170	4.0563387697e-170	4.0563387697e-170	1.4238718141e-93	1.0794241750e-01	3.4467155798e-169	4.0563387697e-170	4.0563387697e-170	1.0000000000e+00	1.0000000000e+00	2.1481457424e-64	2.9706371471e-85	3.4434793935e-99	2.1998863015e-23	4.0563387697e-170	4.0563387697e-170	8.8673052940e-90	1.0000000000e+00	1.5072814085e-31	4.0563387697e-170	4.0563387697e-170	1.0000000000e+00	2.1481457424e-64	4.0563387697e-170	4.0563387697e-170
3.3404055100e-06	1.5964450179e+02	7.2226293723e+16	1.5155194082e+14	3.2392594622e+03	6.5983978470e-170	9.9999994040e-01	1.0000000000e+00	6.5983978470e-170	6.5983978470e-170	6.5983978470e-170	6.5983978470e-170	7.0580303913e-90	3.8739015156e-89	1.2790444098e-27	6.5983978470e-170	3.3907324380e-54	7.5469926951e-54	5.8286051629e-37	6.5983978470e-170	1.0000000000e+00	2.3960179647e-48	0.0000000000e+00	7.2056887649e-70	1.0000000000e+00	1.0000000000e+00	1.0000000000e+00	1.0000000000e+00	1.0000000000e+00	1.0000000000e+00	1.0000000000e+00	1.0000000000e+00	8.5747162111e-105	1.4258226553e-104	6.5983978470e-170	6.1548014106e-152	1.0000000000e+00	3.0838026628e-07	1.5565348852e-153	1.2204029683e-06	1.0000000000e+00	1.0000000000e+00	1.0000000000e+00	1.0000000000e+00	1.0000000000e+00	1.0000000000e+00	1.0000000000e+00	1.0000000000e+00	1.0000000000e+00	1.0000000000e+00	1.0000000000e+00	1.0000000000e+00	3.0463467892e-132	5.4627051813e-37	2.8806483989e-82	3.3353127727e-103	1.0000000000e+00	2.1070536291e-114	1.0000000000e+00	1.5703494268e-03	6.5626563966e-71	3.5584765717e-87	4.2780809526e-128	6.5983978470e-170	1.0651973190e-39	7.6649420962e-131	1.0000000000e+00	1.0000000000e+00	1.0000000000e+00	1.0000000000e+00	1.0000000000e+00	1.0000000000e+00	8.0094339860e-144	6.5983978470e-170	6.5983978470e-170	2.0223766155e-41	2.2573138471e-168	6.5983978470e-170	6.5983978470e-170	6.5983978470e-170	6.5983978470e-170	6.5983978470e-170	1.9960177962e-62	1.0000000000e+00	1.0000000000e+00	1.0000000000e+00	1.0000000000e+00	1.0000000000e+00	1.0000000000e+00	1.0000000000e+00	1.0000000000e+00	1.0000000000e+00	1.0000000000e+00	1.0000000000e+00	1.0000000000e+00	1.0000000000e+00	1.0000000000e+00	1.0000000000e+00	1.0000000000e+00	1.0000000000e+00	1.0000000000e+00	1.0000000000e+00	1.0000000000e+00	1.0000000000e+00	1.0000000000e+00	1.0000000000e+00	1.0000000000e+00	1.0000000000e+00	1.0000000000e+00	1.0000000000e+00	1.0000000000e+00	1.0000000000e+00	1.0000000000e+00	1.7161366095e-22	1.0000000000e+00	7.7899528590e-48	1.0000000000e+00	1.0000000000e+00	3.0668486388e-19	1.0000000000e+00	1.0000000000e+00	1.0000000000e+00	1.0000000000e+00	1.0000000000e+00	1.4788450342e-49	1.0173828755e-33	3.0571217291e-06	1.3217173675e-04	3.9365320768e-67	2.2352636373e-113	1.2269223246e-05	1.6340698288e-55	5.9017436665e-105	4.7443115179e-127	3.4311150443e-39	9.2772257399e-144	6.5983978470e-170	1.0813665548e-112	1.0000000000e+00	1.0000000000e+00	2.0120492024e-04	1.0000000000e+00	5.5111038408e-02	6.5983978470e-170	1.0000000000e+00	1.4819285556e-166	3.1118752626e-168	6.5983978470e-170	6.5983978470e-170	1.0425218998e-66	1.3394429463e-103	6.9339213115e-44	2.5155708731e-51	1.7101205763e-115	9.0549396837e-10	5.3510448288e-02	3.0877248763e-03	4.2686575703e-93	1.0362692354e-135	4.5377294294e-02	6.5983978470e-170	1.0000000000e+00	6.5983978470e-170	6.1010107665e-129	6.5983978470e-170	6.5983978470e-170	6.5983978470e-170	6.5983978470e-170	3.4203108797e-97	9.5796134961e-127	6.5983978470e-170	6.3063526653e-107	1.0000000000e+00	1.0000000000e+00	6.5983978470e-170	1.0000000000e+00	6.5983978470e-170	6.5983978470e-170	6.5983978470e-170	1.4531599726e-93	6.9378131956e-02	5.8529593109e-169	6.5983978470e-170	6.5983978470e-170	1.0000000000e+00	1.0000000000e+00	2.4057383128e-64	3.4567927462e-85	3.6635331944e-99	1.4682318970e-23	6.5983978470e-170	6.5983978470e-170	5.8263491397e-90	1.0000000000e+00	6.1861896537e-32	6.5983978470e-170	6.5983978470e-170	1.0000000000e+00	2.4057383128e-64	6.5983978470e-170	6.5983978470e-170
2.0532883400e-06	1.5963433913e+02	4.4392704027e+16	9.3162235070e+13	3.2385237648e+03	1.0733963169e-169	9.9999994040e-01	1.0000000000e+00	1.0733963169e-169	1.0733963169e-169	1.0733963169e-169	1.0733963169e-169	1.1318480314e-89	5.9957718701e-89	1.2152222216e-27	1.0733963169e-169	5.4682090725e-54	1.2169225404e-53	9.4206869346e-37	1.0733963169e-169	1.0000000000e+00	2.2573814076e-48	0.0000000000e+00	7.3221350784e-70	1.0000000000e+00	1.0000000000e+00	1.0000000000e+00	1.0000000000e+00	1.0000000000e+00	1.0000000000e+00	1.0000000000e+00	1.0000000000e+00	1.4458177450e-104	2.4687122575e-104	1.0733963169e-169	1.0582931096e-151	1.0000000000e+00	5.4170800043e-07	2.6061754072e-153	1.2852416387e-06	1.0000000000e+00	1.0000000000e+00	1.0000000000e+00	1.0000000000e+00	1.0000000000e+00	1.0000000000e+00	1.0000000000e+00	1.0000000000e+00	1.0000000000e+00	1.0000000000e+00	1.0000000000e+00	1.0000000000e+00	5.2531870252e-132	9.8098832180e-37	5.0041232949e-82	5.7760537590e-103	1.0000000000e+00	3.7411237816e-114	1.0000000000e+00	2.9882703207e-03	6.6675458918e-71	3.7031531493e-87	4.5440032685e-128	1.0733963169e-169	1.0872251950e-39	7.9256017552e-131	1.0000000000e+00	1.0000000000e+00	1.0000000000e+00	1.0000000000e+00	1.0000000000e+00	1.0000000000e+00	1.3427428350e-143	1.0733963169e-169	1.0733963169e-169	3.4420030499e-41	3.8721885319e-168	1.0733963169e-169	1.0733963169e-169	1.0733963169e-169	1.0733963169e-169	1.0733963169e-169	2.0845578852e-62	1.0000000000e+00	1.0000000000e+00	1.0000000000e+00	1.0000000000e+00	1.0000000000e+00	1.0000000000e+00	1.0000000000e+00	1.0000000000e+00	1.0000000000e+00	1.0000000000e+00	1.0000000000e+00	1.0000000000e+00	1.0000000000e+00	1.0000000000e+00	1.0000000000e+00	1.0000000000e+00	1.0000000000e+00	1.0000000000e+00	1.0000000000e+00	1.0000000000e+00	1.0000000000e+00	1.0000000000e+00	1.0000000000e+00	1.0000000000e+00	1.0000000000e+00	1.0000000000e+00	1.0000000000e+00	1.0000000000e+00	1.0000000000e+00	1.0000000000e+00	1.1099538604e-22	1.0000000000e+00	8.3729512906e-48	1.0000000000e+00	1.0000000000e+00	1.9844995390e-19	1.0000000000e+00	1.0000000000e+00	1.0000000000e+00	1.0000000000e+00	1.0000000000e+00	2.3634970858e-49	1.6735365785e-33	2.9913489233e-06	1.3215701840e-04	6.4462549788e-67	3.5407972489e-113	1.2333289344e-05	1.5873615649e-55	9.3588550677e-105	7.7634254726e-127	3.5023562980e-39	9.5744475999e-144	1.0733963169e-169	1.1210995972e-112	1.0000000000e+00	1.0000000000e+00	2.0118251451e-04	1.0000000000e+00	5.5104901366e-02	1.0733963169e-169	1.0000000000e+00	2.4760821104e-166	5.3377930956e-168	1.0733963169e-169	1.0733963169e-169	1.8152497153e-66	2.2589207535e-103	7.2614115364e-44	2.5630745228e-51	1.7720272481e-115	1.5084719252e-09	5.3504488881e-02	3.0873810342e-03	4.1015173301e-93	1.0160500723e-135	4.5372241181e-02	1.0733963169e-169	1.0000000000e+00	1.0733963169e-169	1.0526626299e-128	1.0733963169e-169	1.0733963169e-169	1.0733963169e-169	1.0733963169e-169	3.5538645646e-97	1.0175871643e-126	1.0733963169e-169	4.3627078922e-107	1.0000000000e+00	1.0000000000e+00	1.0733963169e-169	1.0000000000e+00	1.0733963169e-169	1.0733963169e-169	1.0733963169e-169	1.4714647658e-93	4.3831679194e-02	9.7762644033e-169	1.0733963169e-169	1.0733963169e-169	1.0000000000e+00	1.0000000000e+00	2.5792140616e-64	3.7943916497e-85	3.8057480307e-99	9.4933789401e-24	1.0733963169e-169	1.0733963169e-169	3.7311988699e-90	1.0000000000e+00	2.4593089291e-32	1.0733963169e-169	1.0733963169e-169	1.0000000000e+00	2.5792140616e-64	1.0733963169e-169	1.0733963169e-169
1.2621201200e-06	1.5962809220e+02	2.7286468634e+16	5.7267423429e+13	3.2381612351e+03	1.7461934554e-169	9.9999994040e-01	1.0000000000e+00	1.7461934554e-169	1.7461934554e-169	1.7461934554e-169	1.7461934554e-169	1.8251771708e-89	9.4598873933e-89	1.1775290677e-27	1.7461934554e-169	8.8484322961e-54	1.9689998468e-53	1.5265036981e-36	1.7461934554e-169	1.0000000000e+00	2.1761983482e-48	0.0000000000e+00	7.3946534186e-70	1.0000000000e+00	1.0000000000e+00	1.0000000000e+00	1.0000000000e+00	1.0000000000e+00	1.0000000000e+00	1.0000000000e+00	1.0000000000e+00	2.4044675951e-104	4.1730388438e-104	1.7461934554e-169	1.7812941208e-151	1.0000000000e+00	9.2385542352e-07	4.3155347455e-153	1.3268000466e-06	1.0000000000e+00	1.0000000000e+00	1.0000000000e+00	1.0000000000e+00	1.0000000000e+00	1.0000000000e+00	1.0000000000e+00	1.0000000000e+00	1.0000000000e+00	1.0000000000e+00	1.0000000000e+00	1.0000000000e+00	8.8577202273e-132	1.6958615078e-36	8.4759965796e-82	9.7649117781e-103	1.0000000000e+00	6.4224114169e-114	1.0000000000e+00	5.3532600542e-03	6.7328578793e-71	3.7949986587e-87	4.7156211836e-128	1.7461934554e-169	1.1009924990e-39	8.0902248980e-131	1.0000000000e+00	1.0000000000e+00	1.0000000000e+00	1.0000000000e+00	1.0000000000e+00	1.0000000000e+00	2.2251516764e-143	1.7461934554e-169	1.7461934554e-169	5.7571789561e-41	6.5081053316e-168	1.7461934554e-169	1.7461934554e-169	1.7461934554e-169	1.7461934554e-169	1.7461934554e-169	2.1409270126e-62	1.0000000000e+00	1.0000000000e+00	1.0000000000e+00	1.0000000000e+00	1.0000000000e+00	1.0000000000e+00	1.0000000000e+00	1.0000000000e+00	1.0000000000e+00	1.0000000000e+00	1.0000000000e+00	1.0000000000e+00	1.0000000000e+00	1.0000000000e+00	1.0000000000e+00	1.0000000000e+00	1.0000000000e+00	1.0000000000e+00	1.0000000000e+00	1.0000000000e+00	1.0000000000e+00	1.0000000000e+00	1.0000000000e+00	1.0000000000e+00	1.0000000000e+00	1.0000000000e+00	1.0000000000e+00	1.0000000000e+00	1.0000000000e+00	1.0000000000e+00	7.0395231321e-23	1.0000000000e+00	8.7528071811e-48	1.0000000000e+00	1.0000000000e+00	1.2589709375e-19	1.0000000000e+00	1.0000000000e+00	1.0000000000e+00	1.0000000000e+00	1.0000000000e+00	3.8033222482e-49	2.7411893204e-33	2.9514962067e-06	1.3214998215e-04	1.0529510083e-66	5.6667766089e-113	1.2372326153e-05	1.5592476149e-55	1.4988105400e-104	1.2675309004e-126	3.5468846417e-39	9.7618740578e-144	1.7461934554e-169	1.1462470282e-112	1.0000000000e+00	1.0000000000e+00	2.0117180324e-04	1.0000000000e+00	5.5101967495e-02	1.7461934554e-169	1.0000000000e+00	4.0948540503e-166	8.9710742183e-168	1.7461934554e-169	1.7461934554e-169	3.0790884772e-66	3.7571400701e-103	7.4703699241e-44	2.5927219222e-51	1.8111920507e-115	2.4901561311e-09	5.3501639236e-02	3.0872166571e-03	4.0020923313e-93	1.0038317677e-135	4.5369825491e-02	1.7461934554e-169	1.0000000000e+00	1.7461934554e-169	1.7755717871e-128	1.7461934554e-169	1.7461934554e-169	1.7461934554e-169	1.7461934554e-169	3.6385432603e-97	1.0560702172e-126	1.7461934554e-169	2.8837700154e-107	1.0000000000e+00	1.0000000000e+00	1.7461934554e-169	1.0000000000e+00	1.7461934554e-169	1.7461934554e-169	1.7461934554e-169	1.4828320349e-93	2.7400818930e-02	1.6164417065e-168	1.7461934554e-169	1.7461934554e-169	1.0000000000e+00	1.0000000000e+00	2.6920123079e-64	4.0180992663e-85	3.8959023119e-99	6.0197868387e-24	1.7461934554e-169	1.7461934554e-169	2.3520282271e-90	1.0000000000e+00	9.5872392004e-33	1.7461934554e-169	1.7461934554e-169	1.0000000000e+00	2.6920123079e-64	1.7461934554e-169	1.7461934554e-169
7.7580296800e-07	1.5962438951e+02	1.6772619666e+16	3.5202091252e+13	3.2381126802e+03	2.8407403209e-169	9.9999994040e-01	1.0000000000e+00	2.8407403209e-169	2.8407403209e-169	2.8407403209e-169	2.8407403209e-169	2.9538929050e-89	1.5113230841e-88	1.1557493219e-27	2.8407403209e-169	1.4349862917e-53	3.1930395404e-53	2.4776012971e-36	2.8407403209e-169	1.0000000000e+00	2.1295209089e-48	0.0000000000e+00	7.4379778673e-70	1.0000000000e+00	1.0000000000e+00	1.0000000000e+00	1.0000000000e+00	1.0000000000e+00	1.0000000000e+00	1.0000000000e+00	1.0000000000e+00	3.9630783401e-104	6.9448177986e-104	2.8407403209e-169	2.9569644565e-151	1.0000000000e+00	1.5456052984e-06	7.0947529703e-153	1.3520657438e-06	1.0000000000e+00	1.0000000000e+00	1.0000000000e+00	1.0000000000e+00	1.0000000000e+00	1.0000000000e+00	1.0000000000e+00	1.0000000000e+00	1.0000000000e+00	1.0000000000e+00	1.0000000000e+00	1.0000000000e+00	1.4719346027e-131	2.8600590590e-36	1.4122816430e-81	1.6252098286e-102	1.0000000000e+00	1.0786645015e-113	1.0000000000e+00	9.2209160519e-03	6.7718737192e-71	3.8505126001e-87	4.8203934058e-128	2.8407403209e-169	1.1092353395e-39	8.1894162952e-131	1.0000000000e+00	1.0000000000e+00	1.0000000000e+00	1.0000000000e+00	1.0000000000e+00	1.0000000000e+00	3.6598335112e-143	2.8407403209e-169	2.8407403209e-169	9.5214099572e-41	1.0794205058e-167	2.8407403209e-169	2.8407403209e-169	2.8407403209e-169	2.8407403209e-169	2.8407403209e-169	2.1750572315e-62	1.0000000000e+00	1.0000000000e+00	1.0000000000e+00	1.0000000000e+00	1.0000000000e+00	1.0000000000e+00	1.0000000000e+00	1.0000000000e+00	1.0000000000e+00	1.0000000000e+00	1.0000000000e+00	1.0000000000e+00	1.0000000000e+00	1.0000000000e+00	1.0000000000e+00	1.0000000000e+00	1.0000000000e+00	1.0000000000e+00	1.0000000000e+00	1.0000000000e+00	1.0000000000e+00	1.0000000000e+00	1.0000000000e+00	1.0000000000e+00	1.0000000000e+00	1.0000000000e+00	1.0000000000e+00	1.0000000000e+00	1.0000000000e+00	1.0000000000e+00	4.4080664268e-23	1.0000000000e+00	8.9860556422e-48	1.0000000000e+00	1.0000000000e+00	7.8848877042e-20	1.0000000000e+00	1.0000000000e+00	1.0000000000e+00	1.0000000000e+00	1.0000000000e+00	6.1477011137e-49	4.4776524846e-33	2.9281468930e-06	1.3214950116e-04	1.7171425516e-66	9.1301747119e-113	1.2395619692e-05	1.5428303786e-55	2.4158003072e-104	2.0664746985e-126	3.5735459805e-39	9.8747000898e-144	2.8407403209e-169	1.1614188569e-112	1.0000000000e+00	1.0000000000e+00	2.0117107103e-04	1.0000000000e+00	5.5101766939e-02	2.8407403209e-169	1.0000000000e+00	6.7268318433e-166	1.4878920832e-167	2.8407403209e-169	2.8407403209e-169	5.1347819960e-66	6.1930039009e-103	7.5970593450e-44	2.6104573026e-51	1.8348147213e-115	4.0864491034e-09	5.3501442909e-02	3.0872054205e-03	3.9444089656e-93	9.9668656377e-136	4.5369660357e-02	2.8407403209e-169	1.0000000000e+00	2.8407403209e-169	2.9511661876e-128	2.8407403209e-169	2.8407403209e-169	2.8407403209e-169	2.8407403209e-169	3.6896866727e-97	1.0795649041e-126	2.8407403209e-169	1.8506108840e-107	1.0000000000e+00	1.0000000000e+00	2.8407403209e-169	1.0000000000e+00	2.8407403209e-169	2.8407403209e-169	2.8407403209e-169	1.4896114894e-93	1.7012026783e-02	2.6551010269e-168	2.8407403209e-169	2.8407403209e-169	1.0000000000e+00	1.0000000000e+00	2.7611895108e-64	4.1568811320e-85	3.9503469686e-99	3.7691182014e-24	2.8407403209e-169	2.8407403209e-169	1.4675065832e-90	1.0000000000e+00	3.6901507536e-33	2.8407403209e-169	2.8407403209e-169	1.0000000000e+00	2.7611895108e-64	2.8407403209e-169	2.8407403209e-169
4.7687239800e-07	1.5962225076e+02	1.0310366168e+16	2.1638394396e+13	3.2383767046e+03	4.6214149799e-169	9.9999994040e-01	1.0000000000e+00	4.6214149799e-169	4.6214149799e-169	4.6214149799e-169	4.6214149799e-169	4.7913726927e-89	2.4331936106e-88	1.1434004316e-27	4.6214149799e-169	2.3303870492e-53	5.1852706382e-53	4.0254564783e-36	4.6214149799e-169	1.0000000000e+00	2.1031181829e-48	0.0000000000e+00	7.4631194413e-70	1.0000000000e+00	1.0000000000e+00	1.0000000000e+00	1.0000000000e+00	1.0000000000e+00	1.0000000000e+00	1.0000000000e+00	1.0000000000e+00	6.4961186108e-104	1.1447355723e-103	4.6214149799e-169	4.8669423228e-151	1.0000000000e+00	2.5554271190e-06	1.1612260450e-152	1.3668789078e-06	1.0000000000e+00	1.0000000000e+00	1.0000000000e+00	1.0000000000e+00	1.0000000000e+00	1.0000000000e+00	1.0000000000e+00	1.0000000000e+00	1.0000000000e+00	1.0000000000e+00	1.0000000000e+00	1.0000000000e+00	2.4241643761e-131	4.7506812451e-36	2.3295242222e-81	2.6789995708e-102	1.0000000000e+00	1.7874324063e-113	1.0000000000e+00	1.5504314650e-02	6.7945138314e-71	3.8829490331e-87	4.8819716129e-128	4.6214149799e-169	1.1140248379e-39	8.2472665753e-131	1.0000000000e+00	1.0000000000e+00	1.0000000000e+00	1.0000000000e+00	1.0000000000e+00	1.0000000000e+00	5.9917791543e-143	4.6214149799e-169	4.6214149799e-169	1.5637819505e-40	1.7757609548e-167	4.6214149799e-169	4.6214149799e-169	4.6214149799e-169	4.6214149799e-169	4.6214149799e-169	2.1950196371e-62	1.0000000000e+00	1.0000000000e+00	1.0000000000e+00	1.0000000000e+00	1.0000000000e+00	1.0000000000e+00	1.0000000000e+00	1.0000000000e+00	1.0000000000e+00	1.0000000000e+00	1.0000000000e+00	1.0000000000e+00	1.0000000000e+00	1.0000000000e+00	1.0000000000e+00	1.0000000000e+00	1.0000000000e+00	1.0000000000e+00	1.0000000000e+00	1.0000000000e+00	1.0000000000e+00	1.0000000000e+00	1.0000000000e+00	1.0000000000e+00	1.0000000000e+00	1.0000000000e+00	1.0000000000e+00	1.0000000000e+00	1.0000000000e+00	1.0000000000e+00	2.7387430483e-23	1.0000000000e+00	9.1236113775e-48	1.0000000000e+00	1.0000000000e+00	4.8993892603e-20	1.0000000000e+00	1.0000000000e+00	1.0000000000e+00	1.0000000000e+00	1.0000000000e+00	9.9647295987e-49	7.3019390672e-33	2.9148658837e-06	1.3215566581e-04	2.7975780747e-66	1.4771321012e-112	1.2409615541e-05	1.5334903026e-55	3.9093110728e-104	3.3659843542e-126	3.5890379030e-39	9.9404663333e-144	4.6214149799e-169	1.1702740710e-112	1.0000000000e+00	1.0000000000e+00	2.0118045547e-04	1.0000000000e+00	5.5104337384e-02	4.6214149799e-169	1.0000000000e+00	1.1005230435e-165	2.4477102724e-167	4.6214149799e-169	4.6214149799e-169	8.4738593075e-66	1.0151731183e-102	7.6712170993e-44	2.6207572245e-51	1.8486002926e-115	6.6818137368e-09	5.3503936105e-02	3.0873494357e-03	3.9116589445e-93	9.9263078301e-136	4.5371776809e-02	4.6214149799e-169	1.0000000000e+00	4.6214149799e-169	4.8609208994e-128	4.6214149799e-169	4.6214149799e-169	4.6214149799e-169	4.6214149799e-169	3.7195561539e-97	1.0933738430e-126	4.6214149799e-169	1.1661916379e-107	1.0000000000e+00	1.0000000000e+00	4.6214149799e-169	1.0000000000e+00	4.6214149799e-169	4.6214149799e-169	4.6214149799e-169	1.4935416992e-93	1.0517555028e-02	4.3435025297e-168	4.6214149799e-169	4.6214149799e-169	1.0000000000e+00	1.0000000000e+00	2.8019562456e-64	4.2392209787e-85	3.9821424824e-99	2.3416188289e-24	4.6214149799e-169	4.6214149799e-169	9.0986685066e-91	1.0000000000e+00	1.4092728142e-33	4.6214149799e-169	4.6214149799e-169	1.0000000000e+00	2.8019562456e-64	4.6214149799e-169	4.6214149799e-169
