P               	T               	n_<tot>         	n_g             	m               	C               	H               	He              	N               	O               	S               	P               	Si              	Ti              	V               	Cl              	K               	Na              	Mg              	F               	Ca              	Fe              	e-              	CH              	HCN             	HNCO            	HCO             	CH2             	CH2_1           	H2CO            	CH3             	CH4             	CN              	NCO             	CN2_cnn         	CN2_ncn         	CO              	CO2             	C2              	C2H             	C2H2            	C2H3            	C2H4            	C2H5            	C2H6            	C2H4O           	CH2OH           	CH3O            	CH3OH           	CH3CO           	H2CCO           	HCCO            	C2N             	C2N2            	CCO             	C3              	C3O2            	C4              	C4H2            	C4N2            	NH              	HNO             	HNO2            	HNO3            	OH              	HO2             	H2              	NH2             	N2H2            	H2O             	NH3             	N2H4            	NO              	NO2             	NO3             	N2              	N2O             	N2O3            	N2O4            	N2O5            	O2              	O3              	N2H             	N2H3            	CH3NH2          	CH3NH           	CH2NH           	CH2NH2          	H2CN            	C3H2            	C3H4            	C3H5            	C3H7            	C3H8            	C4H             	C4H2            	C4H3            	C4H4            	C4H5            	C4H6            	C4H8            	C4H9            	C4H10           	CH2CN           	CH3CN           	CH3NO           	C3H3            	C3H6            	C2H3O           	CH3CHO          	C2H4OH          	CH2CO           	CH2CHO          	H2O2            	HC3N            	HC2N            	C2H2CN          	C2H3CN          	H2NN            	CH3O2           	CH3OOH          	C6H6            	C6H5            	CH3C2H          	TiO             	TiO2            	VO              	TiH             	TiC2            	TiN             	VC2             	VN              	TiC             	Cl2             	HCl             	HOCl            	CCl             	CHCl            	CH2Cl           	CH3Cl           	KH              	HF              	MgH             	S2              	H2S             	SO              	SO2             	S2O             	SO3             	COS             	CS              	HCS             	SH              	HS2             	SiO             	SiH             	NaH             	FeO             	FeO2            	Fe(OH)2         	O_1             	CH2_1           	N_2D            	CS2             	NS              	S3              	S4              	S8              	HSO             	HSO2            	HSO3            	H2SO4           	CH3S            	CH3SH           	P               	PH3             	P2O             	P2O2            	P2O3            	PH              	PH2             	PO              	PO2             	PO3             	H2POH           	H3PO4           	HOPO            	HOPO2           	HPO             	HPOH            	P2              	P4              	P2H2            	P2H4            	P2H3            	P4O6            	P2H             	H3PO3           	HPO2            	P2O4            	P2O5            
1.0000000000e+02	2.5178508236e+03	5.3579331484e+20	2.8766450751e+20	2.3093840575e+00	7.0164462725e-12	2.5266381263e-03	1.3528428260e-01	2.5360482838e-10	3.0493420206e-10	3.9575628582e-09	2.3396745786e-07	3.0886124885e-07	5.8512083417e-08	1.8177415886e-08	1.1752268696e-13	2.3751305122e-07	3.6981733346e-06	6.7910122755e-05	3.3087204644e-13	4.0239015129e-06	6.4652872926e-06	0.0000000000e+00	7.5407017488e-11	1.8406868599e-06	1.5606361280e-10	1.4698978465e-08	1.0552873039e-08	7.3239168992e-10	1.4834783419e-08	1.9138100455e-06	3.7047291115e-05	3.1472387499e-10	2.9627877477e-13	1.6437783423e-18	4.1020120485e-16	4.2313865378e-04	2.0206526307e-08	6.5093158896e-15	2.4371283745e-11	1.1028325496e-07	1.6154475569e-10	6.5930744462e-09	1.6511985179e-11	5.2184093664e-11	1.2800361182e-16	1.4742934074e-11	2.4333771308e-12	5.1508061107e-11	4.1721771358e-13	1.4621368291e-10	1.0349149570e-12	3.5172203932e-16	5.1277638017e-14	7.5700726799e-12	2.3717680289e-16	1.3290236513e-16	5.1620318028e-22	5.7991251282e-15	2.2328545893e-21	2.9772945083e-09	3.1151997110e-13	1.1455068635e-18	7.5783893221e-28	1.7534994011e-07	6.7545075027e-16	8.6118374852e-01	7.2495539892e-08	2.0211532943e-13	2.5678882772e-04	6.0592210586e-06	3.3507547059e-15	8.2941261342e-11	3.0746345950e-19	3.2907372489e-30	5.4331469996e-05	3.8386729953e-16	3.7311476553e-33	4.9777024100e-43	2.0268383177e-51	3.7229753993e-14	2.7712488990e-26	3.3582912043e-11	2.2695642119e-15	1.6106191692e-12	6.5098427435e-14	3.2072322727e-10	8.6673409667e-13	2.4724101543e-10	1.4453740166e-14	4.9425370844e-13	3.0911647549e-14	5.8832761995e-17	1.8207575798e-16	4.7086188231e-19	3.2151857734e-15	3.1893351585e-18	4.9390994429e-16	2.9200449952e-18	3.2693880202e-17	5.0555844549e-20	1.7555647416e-23	6.6968215481e-22	1.3287370807e-11	1.9328275475e-11	4.1934476232e-14	1.1677363117e-12	6.9908024007e-14	7.0354373857e-18	3.9274062872e-13	1.0818905494e-16	1.4621368291e-10	3.2306816104e-14	3.6576240240e-15	2.7558779807e-14	9.1171026840e-17	1.0435041431e-17	1.1345932924e-15	2.2909072654e-15	1.7092384491e-22	4.6471205198e-21	1.9346769387e-23	6.6677530707e-25	1.1143702682e-12	1.0306702691e-07	5.4321896599e-10	9.0349779862e-10	2.4423922545e-09	1.4716446176e-15	2.8828139535e-12	1.8365695013e-16	2.1165510766e-12	1.1336246243e-12	3.4440958622e-07	5.7074011476e-11	6.1951281996e-20	4.6316392683e-20	3.7515040877e-19	5.1942716058e-18	3.4089294474e-17	1.3009798151e-08	5.3572838837e-08	7.0934460082e-07	1.4552897976e-10	2.0970237773e-05	7.2353413901e-11	2.1912970892e-14	8.3676419678e-16	7.5645446940e-23	4.5262367387e-10	6.0829542256e-09	2.2003286215e-10	1.7982310137e-06	2.7000506000e-11	6.5215376796e-05	1.1023145681e-06	1.4639285761e-07	1.0248686036e-10	1.9993869181e-16	5.0034466435e-05	2.0354209236e-14	7.3239168992e-10	1.2358472227e-10	1.6784434137e-12	2.6629732773e-11	7.0439260425e-17	4.5558845289e-24	3.0141304594e-48	5.4465880613e-12	2.0050488431e-16	5.7802073175e-24	2.2574516561e-29	5.6574472333e-12	2.5015053519e-11	1.6379954853e-08	7.9409547083e-08	9.2814201355e-20	1.3229112697e-23	7.9657477292e-21	1.0028835657e-07	1.2058366707e-07	1.6190178451e-09	1.0815678545e-13	3.4413943449e-19	8.8081726642e-12	8.3460709425e-22	1.6921261442e-11	1.0389904551e-16	6.1688141250e-11	2.3653335159e-11	3.2405617670e-10	5.2197895293e-21	2.2676314016e-13	1.2660012397e-15	1.9332668151e-15	5.1831972827e-47	1.8045105805e-12	7.4597932168e-19	1.6921261442e-11	1.5319219638e-26	1.9381204943e-30
6.5512855700e+01	2.4651668682e+03	3.5851264929e+20	1.9248482008e+20	2.3093680482e+00	4.2950654550e-12	2.4722591785e-03	1.3528334434e-01	1.9373857520e-10	2.5872018926e-10	4.2276774215e-09	2.6638256132e-07	2.4391529929e-07	5.4531074315e-08	1.8123283729e-08	1.0757468316e-13	2.4028146660e-07	3.7292092479e-06	6.8089465349e-05	2.8176011100e-13	4.0238736114e-06	6.3600822446e-06	0.0000000000e+00	4.2400595155e-11	1.3575183279e-06	1.0750997608e-10	1.0584071485e-08	5.9661674931e-09	3.9899012682e-10	1.0096864594e-08	1.1256010497e-06	2.1969079382e-05	2.1066833188e-10	1.9430183611e-13	7.2794615655e-19	2.0814113555e-16	4.3960681197e-04	2.0073898314e-08	2.9793702060e-15	1.1776259852e-11	6.0990818918e-08	6.7923229691e-11	2.8831576590e-09	5.4740181338e-12	1.7204386147e-11	4.4687603962e-17	7.4129337788e-12	1.1687778441e-12	2.5326366297e-11	1.7191319719e-13	7.7745546182e-11	5.3876790185e-13	1.5177897181e-16	2.6346827880e-14	4.0491765836e-12	9.1180142772e-17	6.7215351251e-17	1.3332617435e-22	1.7700686815e-15	6.3522990527e-22	2.0891728522e-09	2.0397896020e-13	6.5002081197e-19	3.2614459388e-28	1.5101426413e-07	4.3117492722e-16	8.6125677443e-01	4.9101043470e-08	1.0797916834e-13	2.3973652127e-04	4.2391478946e-06	1.3324477218e-15	6.8112966221e-11	1.9268786479e-19	1.4193634245e-30	5.5495126668e-05	2.5768543512e-16	1.2887709972e-33	1.3251053789e-43	3.8805316120e-52	2.9617661954e-14	1.3570157758e-26	2.1511296498e-11	9.7730836666e-16	5.9910932367e-13	2.4345629255e-14	1.6313806069e-10	3.3427728005e-13	1.3317711297e-10	5.1243657956e-15	1.5564159530e-13	8.0621517154e-15	1.0818696318e-17	3.3370657826e-17	1.2753224322e-19	9.7097018460e-16	7.2152932318e-19	1.1757235756e-16	5.4267230072e-19	6.1406171116e-18	7.0298592096e-21	1.7969417676e-24	6.8130466083e-23	5.8217029755e-12	8.3013802357e-12	2.0319707799e-14	3.8440146110e-13	1.7237787502e-14	2.4357948637e-18	1.5468466954e-13	2.9837578345e-17	7.7745546182e-11	1.3025162771e-14	2.1997552737e-15	1.1077499201e-14	3.4194223875e-17	3.1897070299e-18	3.6628125151e-16	1.1302404143e-15	5.9463401895e-23	1.5306013010e-21	2.5711631875e-24	8.4484811190e-26	3.5358027774e-13	1.0764024705e-07	5.8829718053e-10	9.5788620542e-10	1.8050342828e-09	7.4540180659e-16	2.2174593029e-12	9.9746447296e-17	1.7280650205e-12	7.2731412158e-13	3.4441113785e-07	5.3143833921e-11	4.1038100703e-20	2.6046648662e-20	1.9525090243e-19	2.6406870669e-18	1.7258804695e-17	1.0239645657e-08	5.3572516475e-08	5.2952619705e-07	1.8359285912e-10	2.0898660433e-05	7.7063536376e-11	2.2925264594e-14	9.2146252384e-16	6.2707667579e-23	4.6686014707e-10	5.7081923242e-09	1.6698663315e-10	1.8697264773e-06	2.8337651968e-11	6.5613125413e-05	7.6904991062e-07	1.1533028630e-07	8.6902149837e-11	1.4600187466e-16	5.0139295300e-05	1.4239347551e-14	3.9899012682e-10	7.2564874774e-11	1.7870114914e-12	2.4557557324e-11	8.4980079054e-17	5.3303807536e-24	3.0212846960e-48	4.8399061366e-12	1.5986187889e-16	3.7203023747e-24	1.2220788599e-29	3.2902030075e-12	1.3711398117e-11	1.7940693921e-08	6.3237220964e-08	9.2530210571e-20	1.1204262140e-23	8.9387756032e-21	9.7552900169e-08	1.0510946471e-07	1.8302732664e-09	1.1449046369e-13	3.0769128056e-19	6.3408813201e-12	5.6077178170e-22	1.7472321195e-11	9.8577135913e-17	5.8212616735e-11	1.8879999272e-11	4.2445925717e-10	7.1754402881e-21	1.9688865000e-13	7.7675200537e-16	1.3646536277e-15	5.2316686771e-47	1.7623472620e-12	4.9151551277e-19	1.7472321195e-11	1.5840433974e-26	1.7340031857e-30
4.2919342600e+01	2.4135852813e+03	2.3989405281e+20	1.2879727939e+20	2.3093935393e+00	2.5055411670e-12	2.4074060472e-03	1.3528483795e-01	1.4603433190e-10	2.2161581607e-10	4.4833033822e-09	2.9747368071e-07	1.8722768941e-07	4.9787802451e-08	1.8043769295e-08	9.8187733078e-14	2.4249035449e-07	3.7539434403e-06	6.8225426816e-05	2.3808577773e-13	4.0239180315e-06	6.0006645716e-06	0.0000000000e+00	2.2783075049e-11	9.6358055250e-07	7.2759869525e-11	7.4829849005e-09	3.2378981100e-09	2.0849004442e-10	6.7714616465e-09	6.3900137797e-07	1.2643639455e-05	1.3481162607e-10	1.2448846030e-13	3.0591926046e-19	1.0051549261e-16	4.4989113062e-04	2.0067946140e-08	1.2548847269e-15	5.2676531924e-12	3.1461306447e-08	2.6599859949e-11	1.1809399344e-09	1.6975080098e-12	5.3303848190e-12	1.4870274936e-17	3.6652028217e-12	5.5171589614e-13	1.2299219449e-11	6.7437515654e-14	3.9381126461e-11	2.6582635647e-13	6.0281278514e-17	1.2526202332e-14	2.0472715742e-12	3.1219135776e-17	3.1850259972e-17	2.9575456295e-23	4.6996818820e-16	1.5596027607e-22	1.4502418375e-09	1.3493992825e-13	3.7967520518e-19	1.4684538300e-28	1.3192086174e-07	2.8362676549e-16	8.6133184264e-01	3.3025723783e-08	5.7110956318e-14	2.2845730659e-04	2.9609090742e-06	5.2585097545e-16	5.6497736678e-11	1.2398783463e-19	6.3756818324e-31	5.6340403999e-05	1.7425097097e-16	4.6203129683e-34	3.7231304500e-44	7.9601064790e-53	2.4282315662e-14	6.9365170472e-27	1.3621759743e-11	4.1645547095e-16	2.1534642397e-13	8.7588509675e-15	7.9974140184e-11	1.2409874985e-13	6.8891916004e-11	1.6308831220e-15	4.4306829359e-14	1.9023061484e-15	1.8028226448e-18	5.5685938227e-18	2.9827198866e-20	2.5501086741e-16	1.4172740157e-19	2.4442106471e-17	8.8022140985e-20	1.0115422064e-18	8.5992735472e-22	1.6152032278e-25	6.1139958774e-24	2.3703321898e-12	3.3275610921e-12	9.6928765048e-15	1.1395728677e-13	3.8582384273e-15	7.9983864068e-19	5.8208905741e-14	7.8382360931e-18	3.9381126461e-11	4.9969064230e-15	1.3677412840e-15	3.9957342747e-15	1.1824359771e-17	8.7363428932e-19	1.0657998534e-16	5.5079812438e-16	2.0643973421e-23	5.0473000034e-22	2.8109313121e-25	8.7551688489e-27	1.0143248871e-13	1.1281915098e-07	6.5407179264e-10	1.0379350277e-09	1.3062849023e-09	3.4438720874e-16	1.6644049214e-12	5.0380149270e-17	1.4043846814e-12	4.4015657074e-13	3.4441851537e-07	4.9578308883e-11	2.7639559211e-20	1.4043483010e-20	9.7713884346e-20	1.2962935105e-18	8.4765889570e-18	8.0335233128e-09	5.3573151548e-08	3.9432223092e-07	2.3077733424e-10	2.0831662700e-05	8.3283614223e-11	2.4867294663e-14	1.0304339398e-15	5.4834422844e-23	4.7450875659e-10	5.1514333717e-09	1.2187669716e-10	1.9372214242e-06	2.9651434355e-11	6.5917121206e-05	5.2247722775e-07	9.0638534392e-08	7.1997536003e-11	1.0614793884e-16	5.0499351585e-05	1.0015675268e-14	2.0849004442e-10	4.1834309366e-11	1.8355686794e-12	2.2436091495e-11	1.0205884924e-16	6.2071236243e-24	3.0108806236e-48	4.3663987636e-12	1.3197581866e-16	2.5236848102e-24	7.1390161117e-30	1.8474070373e-12	7.2796436251e-12	1.9257901944e-08	4.9696064053e-08	9.0985724861e-20	9.5395473267e-24	1.0373264690e-20	9.3178678120e-08	9.0155252818e-08	2.0739220893e-09	1.2401061723e-13	2.8680941223e-19	4.5950362079e-12	4.0471341961e-22	1.8535636754e-11	9.8078589550e-17	5.5100803627e-11	1.5131473828e-11	5.3968007311e-10	9.3377945761e-21	1.6604105751e-13	4.6391528425e-16	9.3575573091e-16	5.6772278511e-47	1.6679038981e-12	3.4005002164e-19	1.8535636754e-11	1.7290526742e-26	1.6694525115e-30
2.8117687000e+01	2.3630829966e+03	1.6052412731e+20	8.6182064577e+19	2.3094500772e+00	1.4074191127e-12	2.3327408938e-03	1.3528814942e-01	1.0867460848e-10	1.9062088956e-10	4.7190644839e-09	3.2649303951e-07	1.4042239789e-07	4.4615684992e-08	1.7938867389e-08	8.9358921809e-14	2.4424444004e-07	3.7735909298e-06	6.8328471093e-05	1.9959452728e-13	4.0240165390e-06	5.4755813471e-06	0.0000000000e+00	1.1821399684e-11	6.6586720278e-07	4.8681824688e-11	5.2228398098e-09	1.7047257567e-09	1.0560480655e-10	4.4994042752e-09	3.5390099137e-07	7.1385681665e-06	8.3411941347e-11	7.8404567424e-14	1.2347947531e-19	4.6760374763e-17	4.5603092823e-04	2.0195260311e-08	4.9672542880e-16	2.2279714918e-12	1.5463787203e-08	9.9113672653e-12	4.6288834930e-10	5.0305363205e-13	1.5857603774e-12	4.7935150433e-18	1.7917452345e-12	2.5734948546e-13	5.9319410943e-12	2.5595589986e-14	1.9313311849e-11	1.2632134446e-13	2.2523577896e-17	5.6383498117e-15	9.9421956408e-13	9.8272454879e-18	1.4449886111e-17	5.8787756924e-24	1.1327583075e-16	3.4540679560e-23	9.9654565666e-10	8.9780772531e-14	2.2606196193e-19	6.8142577680e-29	1.1627551144e-07	1.9023000475e-16	8.6141086171e-01	2.2075384702e-08	2.9950188333e-14	2.2107611312e-04	2.0664164499e-06	2.0628445057e-16	4.7120425310e-11	8.1117929888e-20	2.9379209547e-31	5.6943753339e-05	1.1825624765e-16	1.6948183345e-34	1.0827213530e-44	1.7065521012e-53	2.0300842987e-14	3.6425467081e-27	8.5402083361e-12	1.7587804463e-16	7.5667108264e-14	3.0663813210e-15	3.8221469997e-11	4.4859030734e-14	3.4617699002e-11	4.8106344286e-16	1.1774002631e-14	4.1933114046e-16	2.8113578612e-19	8.7377760382e-19	6.2855371710e-21	6.0785800346e-17	2.5224484006e-20	4.6315263492e-18	1.3005428188e-20	1.5254511232e-19	9.6596771652e-23	1.3308378788e-26	5.0523320580e-25	9.1692005526e-13	1.2728419412e-12	4.5806941748e-15	3.1413784504e-14	8.0951927767e-16	2.5314304757e-19	2.1271147277e-14	1.9933264534e-18	1.9313311849e-11	1.8538246826e-15	8.7001005954e-16	1.3365102714e-15	3.8536589862e-18	2.2154660920e-19	2.8887614604e-17	2.6553058396e-16	7.1532039206e-24	1.6667658930e-22	2.6959282015e-26	7.9126467262e-28	2.7166697992e-14	1.1828850258e-07	7.4034876833e-10	1.1435715436e-09	9.2743054925e-10	1.4853825406e-16	1.2223191048e-12	2.4173809210e-17	1.1369645582e-12	2.5441355683e-13	3.4443019340e-07	4.6341852984e-11	1.8827864675e-20	7.3362053988e-21	4.7521752061e-20	6.2103908108e-19	4.0825087764e-18	6.2855707005e-09	5.3574501541e-08	2.9295778915e-07	2.8903214384e-10	2.0769766581e-05	9.0844338534e-11	2.7676864903e-14	1.1640106831e-15	4.9794189609e-23	4.7786425114e-10	4.5186513420e-09	8.6459138974e-11	1.9999844792e-06	3.0932027581e-11	6.6140546527e-05	3.4748824642e-07	7.1085162070e-08	5.8465605013e-11	7.6677520678e-17	5.1025831490e-05	7.0443272904e-15	1.0560480655e-10	2.3691370740e-11	1.8385742152e-12	2.0321414044e-11	1.2201209266e-16	7.1939036873e-24	2.9833215239e-48	3.9783178445e-12	1.1164395537e-16	1.7762509399e-24	4.4076672178e-30	1.0122398773e-12	3.7840733980e-12	2.0300314708e-08	3.8625204503e-08	8.8157909555e-20	8.1148958235e-24	1.2310747425e-20	8.7574889408e-08	7.6253358123e-08	2.3482128707e-09	1.3631222331e-13	2.7499162953e-19	3.3419669066e-12	3.0800582314e-22	2.0038008439e-11	1.0097428308e-16	5.2154091179e-11	1.2139621195e-11	6.6893854942e-10	1.1604180400e-20	1.3659337815e-13	2.7089297085e-16	6.2601293051e-16	6.4777866986e-47	1.5362036670e-12	2.4375929500e-19	2.0038008439e-11	1.9600202911e-26	1.6927640963e-30
1.8420699700e+01	2.3136374305e+03	1.0741512171e+20	5.7666965342e+19	2.3095293291e+00	7.6769908761e-13	2.2490637619e-03	1.3529279227e-01	7.9874654763e-11	1.6379816002e-10	4.9296299975e-09	3.5295546528e-07	1.0342282887e-07	3.9330412933e-08	1.7808421068e-08	8.1082389955e-14	2.4563212126e-07	3.7891584744e-06	6.8406619639e-05	1.6597813059e-13	4.0241546309e-06	4.8706363242e-06	0.0000000000e+00	5.9734108736e-12	4.5216155018e-07	3.2344189282e-11	3.6121536948e-09	8.7820427297e-10	5.2296586922e-11	2.9734151443e-09	1.9288647805e-07	3.9888705846e-06	5.0359745794e-11	4.8751059920e-14	4.8337036672e-20	2.1161053735e-17	4.5959269299e-04	2.0436180389e-08	1.8797354687e-16	9.0652356238e-13	7.3696189460e-09	3.5754596634e-12	1.7669238617e-10	1.4497909884e-13	4.6101142533e-13	1.5157950128e-18	8.6927664934e-13	1.1906471686e-13	2.8523537242e-12	9.5178183664e-15	9.2859155774e-12	5.8537293341e-14	8.0596376965e-18	2.4480141839e-15	4.6952063468e-13	2.9185714340e-18	6.3796841464e-18	1.0838909710e-24	2.5663998938e-17	7.1537569604e-24	6.7817505539e-10	5.9811421407e-14	1.3592662641e-19	3.2125557391e-29	1.0288581805e-07	1.2879165136e-16	8.6149498021e-01	1.4672057266e-08	1.5591354127e-14	2.1618007314e-04	1.4419146770e-06	8.0535951408e-17	3.9340303073e-11	5.3453161956e-20	1.3688490189e-31	5.7368791790e-05	8.0238683472e-17	6.2736469170e-35	3.1981811500e-45	3.7337154451e-54	1.7134189635e-14	1.9354743488e-27	5.3071872631e-12	7.3698811392e-17	2.6236275502e-14	1.0543938242e-15	1.7975908018e-11	1.5936916231e-14	1.7054885096e-11	1.3498730213e-16	2.9982398359e-15	8.8647959089e-17	4.2118009292e-20	1.3236673206e-19	1.2355721645e-21	1.3616389680e-17	4.2118165762e-21	8.2837353491e-19	1.8125756318e-21	2.1810185329e-20	1.0320096667e-23	1.0409851680e-27	3.9820086346e-26	3.4312075609e-13	4.7311379631e-13	2.1542417492e-15	8.2654109151e-15	1.6346127680e-16	7.8186682444e-20	7.6440379281e-15	4.9691984322e-19	9.2859155774e-12	6.7346928537e-16	5.6054031959e-16	4.2577400522e-16	1.2050233058e-18	5.3426099797e-20	7.4915947018e-18	1.2677123044e-16	2.4707046906e-24	5.5054187195e-23	2.3907051586e-27	6.5723116151e-29	6.9734660726e-15	1.2375330759e-07	8.4689318932e-10	1.2748922502e-09	6.4745481391e-10	6.0997206137e-17	8.8084199012e-13	1.1212283159e-17	9.1748243256e-13	1.4199362384e-13	3.4444496221e-07	4.3402708175e-11	1.2907259855e-20	3.7450323506e-21	2.2654019667e-20	2.9291767431e-19	1.9451543734e-18	4.9064869097e-09	5.3576373678e-08	2.1716412484e-07	3.6066247887e-10	2.0713528831e-05	9.9515184482e-11	3.1296073940e-14	1.3217049525e-15	4.6264733063e-23	4.7866266404e-10	3.8859229764e-09	6.0132069768e-11	2.0573020219e-06	3.2169511943e-11	6.6299932772e-05	2.2738805936e-07	5.5649555026e-08	4.6673014410e-11	5.4925482453e-17	5.1632727263e-05	4.9283143833e-15	5.2296586922e-11	1.3183321931e-11	1.8115606562e-12	1.8256936345e-11	1.4519911966e-16	8.2981301747e-24	2.9393583579e-48	3.6424973905e-12	9.5822218725e-17	1.2780003789e-24	2.8200526269e-30	5.4597911431e-13	1.9429021986e-12	2.1059557067e-08	2.9758968494e-08	8.4127946710e-20	6.8596306329e-24	1.4790532513e-20	8.1166559415e-08	6.3740645952e-08	2.6495608297e-09	1.5090186275e-13	2.6782255516e-19	2.4330685032e-12	2.4296048965e-22	2.1909303770e-11	1.0624177877e-16	4.9231065056e-11	9.7233324892e-12	8.1198435086e-10	1.3897245453e-20	1.1011154509e-13	1.5536428074e-16	4.1044294199e-16	7.6165707495e-47	1.3831596394e-12	1.7881917472e-19	2.1909303770e-11	2.2729842906e-26	1.7719451651e-30
1.2067926400e+01	2.2652264723e+03	7.1877616770e+19	3.8586670049e+19	2.3096252651e+00	4.0900856874e-13	2.1572988981e-03	1.3529841295e-01	5.7996624444e-11	1.4005870609e-10	5.1098970980e-09	3.7662363649e-07	7.5085475667e-08	3.4176926750e-08	1.7651486566e-08	7.3349506204e-14	2.4672676524e-07	3.8014710754e-06	6.8466004512e-05	1.3688791365e-13	4.0243217950e-06	4.2487538981e-06	0.0000000000e+00	2.9568301855e-12	3.0371315416e-07	2.1401182976e-11	2.4812588379e-09	4.4533400013e-10	2.5470872782e-11	1.9590087579e-09	1.0409108764e-07	2.2196521928e-06	2.9859480221e-11	3.0009695658e-14	1.8476489588e-20	9.3798511963e-18	4.6162950533e-04	2.0768750057e-08	6.8821985870e-17	3.5914396951e-13	3.4472872889e-09	1.2640801807e-12	6.6497756192e-11	4.1136443474e-14	1.3260714103e-13	4.7424460635e-19	4.1954345289e-13	5.4767501620e-14	1.3707900257e-12	3.4972929251e-15	4.4148098742e-12	2.6676961727e-14	2.7966490751e-18	1.0387477699e-15	2.1743801317e-13	8.3271697967e-19	2.7712258746e-18	1.8990199000e-25	5.6009016654e-18	1.4211636117e-24	4.5719680735e-10	3.9762243319e-14	8.1951949419e-20	1.5220622652e-29	9.1044446771e-08	8.7349920631e-17	8.6158460148e-01	9.6998567021e-09	8.0638262259e-15	2.1282551104e-04	1.0064818157e-06	3.1320343677e-17	3.2767891903e-11	3.5223994742e-20	6.3782841142e-32	5.7665797455e-05	5.4274226475e-17	2.3189642101e-35	9.4593910215e-46	8.1870179854e-55	1.4488727763e-14	1.0286681445e-27	3.2717405539e-12	3.0667623553e-17	9.0368842135e-15	3.5845079140e-16	8.3747162661e-12	5.6012929145e-15	8.2919602882e-12	3.6697231078e-17	7.4525199311e-16	1.8307467972e-17	6.1749977757e-21	1.9722100634e-20	2.3213848610e-22	2.9374082165e-18	6.7609102056e-22	1.4332106100e-19	2.4421203163e-22	3.0302095731e-21	1.0748825116e-24	7.9232281403e-29	3.0684418563e-27	1.2579672497e-13	1.7308258828e-13	1.0111554358e-15	2.1141926402e-15	3.2359129005e-17	2.3767272583e-20	2.7247895337e-15	1.2247864910e-19	4.4148098742e-12	2.4163342266e-16	3.6305645283e-16	1.3163950843e-16	3.6608501807e-19	1.2483874592e-20	1.8944105826e-18	5.9987362083e-17	8.4943249051e-25	1.8164121696e-23	2.0341269360e-28	5.2056278695e-30	1.7475087805e-15	1.2898895454e-07	9.7398451615e-10	1.4327987502e-09	4.4536064268e-10	2.4191057104e-17	6.2444682406e-13	5.0883184024e-18	7.3825213353e-13	7.7145771220e-14	3.4446195024e-07	4.0732523051e-11	8.8714109694e-21	1.8793814443e-21	1.0649592438e-20	1.3684853027e-19	9.2257764660e-19	3.8222503449e-09	5.3578628347e-08	1.6062990742e-07	4.4837876289e-10	2.0663532468e-05	1.0906509706e-10	3.5687068749e-14	1.5028882187e-15	4.3491010147e-23	4.7806144883e-10	3.2961951288e-09	4.1251081665e-11	2.1084898842e-06	3.3353983939e-11	6.6411461559e-05	1.4696448915e-07	4.3496668008e-08	3.6710673566e-11	3.8957645891e-17	5.2256966813e-05	3.4159441740e-15	2.5470872782e-11	7.2092956555e-12	1.7666755051e-12	1.6275149099e-11	1.7199916378e-16	9.5266386745e-24	2.8800470562e-48	3.3387427929e-12	8.2820651705e-17	9.2947693541e-25	1.8421946470e-30	2.9167995684e-13	9.9147326858e-13	2.1545669204e-08	2.2779572556e-08	7.9121854864e-20	5.7445067930e-24	1.7871469901e-20	7.4342997785e-08	5.2773707765e-08	2.9746399414e-09	1.6736785867e-13	2.6259871271e-19	1.7706005032e-12	1.9619297517e-22	2.4104789621e-11	1.1324022183e-16	4.6275486347e-11	7.7635869892e-12	9.6950665193e-10	1.6184289552e-20	8.7370024446e-14	8.7914040936e-17	2.6491476994e-16	9.1091896725e-47	1.2228028707e-12	1.3307192541e-19	2.4104789621e-11	2.6690849399e-26	1.8882928014e-30
7.9060432100e+00	2.2178284735e+03	4.8097693281e+19	2.5819480851e+19	2.3097336274e+00	2.1360544925e-13	2.0584780474e-03	1.3530476051e-01	4.1606081706e-11	1.1885178897e-10	5.2551750113e-09	3.9746125101e-07	5.3869181311e-08	2.9322166975e-08	1.7466144780e-08	6.6149042914e-14	2.4758844161e-07	3.8111984261e-06	6.8511294834e-05	1.1194770535e-13	4.0245106048e-06	3.6491496984e-06	0.0000000000e+00	1.4390350377e-12	2.0264633982e-07	1.4127751541e-11	1.6952027611e-09	2.2313244287e-10	1.2246787980e-11	1.2886324451e-09	5.5835113314e-08	1.2349571216e-06	1.7458057049e-11	1.8318988260e-14	6.9262195201e-21	4.0904005567e-18	4.6279097427e-04	2.1176690926e-08	2.4562127301e-17	1.3960400729e-13	1.5951614452e-09	4.4140761248e-13	2.4870056618e-11	1.1582386927e-14	3.8042414884e-14	1.4759869915e-19	2.0171832754e-13	2.5081265854e-14	6.5940533560e-13	1.2766768057e-15	2.0866867447e-12	1.2019225157e-14	9.4852118479e-19	4.3442317768e-16	9.9262464335e-14	2.3088192292e-19	1.1924378074e-18	3.2105164413e-26	1.1959780548e-18	2.7524969547e-25	3.0538885295e-10	2.6318104629e-14	4.9309549876e-20	7.1945319002e-30	8.0363576447e-08	5.9043343003e-17	8.6167954899e-01	6.3802756619e-09	4.1459887431e-15	2.1042773610e-04	7.0303508223e-07	1.2141119283e-17	2.7167962501e-11	2.3100720628e-20	2.9503811987e-32	5.7872555800e-05	3.6527603299e-17	8.4993115979e-36	2.7748487455e-46	1.7774634082e-55	1.2211931892e-14	5.4259151330e-28	2.0019700305e-12	1.2680113973e-17	3.1055340279e-15	1.2098776491e-16	3.8814921409e-12	1.9558815704e-15	3.9952467126e-12	9.7786541761e-18	1.8296079118e-16	3.7373735557e-18	8.9653947213e-22	2.9249343446e-21	4.2334315313e-23	6.1985776088e-19	1.0597307523e-22	2.4366764258e-20	3.2311342449e-23	4.1562464855e-22	1.1088886229e-25	5.9617226033e-30	2.3488689613e-28	4.5554869660e-14	6.2836946368e-14	4.7457133633e-16	5.3192177522e-16	6.3552978806e-18	7.1482528519e-21	9.6869704769e-16	3.0007996272e-20	2.0866867447e-12	8.6082122519e-17	2.3519466498e-16	3.9978358167e-17	1.0891607251e-19	2.8606795120e-21	4.7280767667e-19	2.8149333762e-17	2.9034698074e-25	5.9796127870e-24	1.7004995233e-29	4.0257109633e-31	4.3258702400e-16	1.3384601798e-07	1.1226545826e-09	1.6191817594e-09	3.0233306250e-10	9.3530364726e-18	4.3634114230e-13	2.2766909397e-18	5.9244774763e-13	4.1023811104e-14	3.4448054708e-07	3.8305974595e-11	6.0978844031e-21	9.3062646583e-22	4.9557834241e-21	6.3576774026e-20	4.3733514943e-19	2.9723290287e-09	5.3581167051e-08	1.1855934729e-07	5.5534864062e-10	2.0620361622e-05	1.1928298031e-10	4.0834156217e-14	1.7070546448e-15	4.1056216973e-23	4.7677284974e-10	2.7684239353e-09	2.8019864365e-11	2.1529030971e-06	3.4475599165e-11	6.6488714705e-05	9.4053887690e-08	3.3949712342e-08	2.8492890537e-11	2.7334195044e-17	5.2859230321e-05	2.3392024818e-15	1.2246787980e-11	3.8742885777e-12	1.7119999116e-12	1.4399410624e-11	2.0280677893e-16	1.0885438101e-23	2.8066741640e-48	3.0559790475e-12	7.1727131010e-17	6.7821952430e-25	1.2166228667e-30	1.5494599115e-13	5.0487738944e-13	2.1781280642e-08	1.7360958635e-08	7.3456608890e-20	4.7617396241e-24	2.1649978849e-20	6.7427363278e-08	4.3366426222e-08	3.3214607061e-09	1.8544658997e-13	2.5782789900e-19	1.2875192278e-12	1.6095620201e-22	2.6611613297e-11	1.2163504224e-16	4.3295385587e-11	6.1769723779e-12	1.1434078715e-09	1.8482791994e-20	6.8522146337e-14	4.9289385458e-17	1.6902600491e-16	1.1013554687e-46	1.0658375566e-12	9.9936018589e-20	2.6611613297e-11	3.1560396695e-26	2.0321930093e-30
5.1794746800e+00	2.1714222388e+03	3.2185227155e+19	1.7276577390e+19	2.3098513042e+00	1.0957795294e-13	1.9537208971e-03	1.3531165390e-01	2.9489910562e-11	9.9914637098e-11	5.3613662322e-09	4.1557453519e-07	3.8249741595e-08	2.4867890450e-08	1.7249554569e-08	5.9467380108e-14	2.4826579454e-07	3.8188797986e-06	6.8546028671e-05	9.0766113252e-14	4.0247156458e-06	3.0935599396e-06	0.0000000000e+00	6.9004247867e-13	1.3466267438e-07	9.3148146019e-12	1.1527772189e-09	1.1071137529e-10	5.8259163797e-12	8.4702983865e-10	2.9840321829e-08	6.8867989691e-07	1.0089781854e-11	1.1099943071e-14	2.5529073709e-21	1.7595473458e-18	4.6345777019e-04	2.1649967357e-08	8.5828054136e-18	5.3486704547e-14	7.3363237054e-10	1.5295565120e-13	9.2879797663e-12	3.2516193717e-15	1.0938087478e-14	4.5844521647e-20	9.6696009832e-14	1.1444640355e-14	3.1778587450e-13	4.6449410244e-16	9.8370157294e-13	5.3703773797e-15	3.1593696310e-19	1.7999851474e-16	4.4805017785e-14	6.2634528667e-20	5.1031894569e-19	5.2856289770e-27	2.5224730349e-19	5.2490831919e-26	2.0212436164e-10	1.7318272687e-14	2.9520308241e-20	3.3772586057e-30	7.0640243302e-08	3.9644698138e-17	8.6177924586e-01	4.1761613850e-09	2.1198896236e-15	2.0863821771e-04	4.9155185026e-07	4.6933285294e-18	2.2389150086e-11	1.5031721433e-20	1.3484509602e-32	5.8016434049e-05	2.4431462667e-17	3.0750222102e-36	8.0241101816e-47	3.7915699580e-56	1.0225888635e-14	2.8261266723e-28	1.2163498626e-12	5.2113965656e-18	1.0676318282e-15	4.0649954453e-17	1.7943901925e-12	6.8029013551e-16	1.9125570780e-12	2.5720303081e-18	4.4683368176e-17	7.5963591812e-19	1.2983845848e-22	4.3496273549e-22	7.5637517833e-24	1.2916634155e-19	1.6372967255e-23	4.1099244709e-21	4.2383722100e-24	5.6823841351e-23	1.1441443204e-26	4.4776368174e-31	1.8037133720e-29	1.6375585379e-14	2.2753371905e-14	2.2296432515e-16	1.3257205951e-16	1.2473457766e-18	2.1337903818e-21	3.4460295535e-16	7.3318956005e-21	9.8370157294e-13	3.0547531447e-17	1.5190541758e-16	1.2013629047e-17	3.1886019335e-20	6.4755457211e-22	1.1733484751e-19	1.3103700697e-17	9.8585730979e-26	1.9625851165e-24	1.4171564109e-30	3.0836545393e-32	1.0654350758e-16	1.3823628170e-07	1.2947476634e-09	1.8368626292e-09	2.0279348593e-10	3.5462572866e-18	3.0096977398e-13	1.0088660367e-18	4.7418021064e-13	2.1427068108e-14	3.4450031187e-07	3.6100434141e-11	4.1850277260e-21	4.5571336638e-22	2.2880711568e-21	2.9440596411e-20	2.0771124310e-19	2.3077416767e-09	5.3583918094e-08	8.7322065871e-08	6.8524981566e-10	2.0584575663e-05	1.2997527023e-10	4.6738788558e-14	1.9338047085e-15	3.8739055093e-23	4.7521593389e-10	2.3075443795e-09	1.8888386517e-11	2.1899450496e-06	3.5524594514e-11	6.6542088203e-05	5.9694834459e-08	2.6464242620e-08	2.1842722266e-11	1.8960572536e-17	5.3417705723e-05	1.5796511333e-15	5.8259163797e-12	2.0458496872e-12	1.6524722620e-12	1.2645669187e-11	2.3802527088e-16	1.2379401592e-23	2.7206792202e-48	2.7887092473e-12	6.2049324063e-17	4.9417119193e-25	8.0731544545e-31	8.2041214878e-14	2.5717685423e-13	2.1796023431e-08	1.3198737158e-08	6.7463364589e-20	3.9092434938e-24	2.6275496933e-20	6.0665644880e-08	3.5434442729e-08	3.6896181975e-09	2.0502344004e-13	2.5278615151e-19	9.3588035444e-13	1.3361002203e-22	2.9447071763e-11	1.3131740732e-16	4.0331311081e-11	4.8988810800e-12	1.3369807319e-09	2.0856979754e-20	5.3317708141e-14	2.7484756780e-17	1.0701022339e-16	1.3443356761e-46	9.1936102626e-13	7.5541544094e-20	2.9447071763e-11	3.7493505617e-26	2.2003268810e-30
3.3932217700e+00	2.1259870163e+03	2.1537247800e+19	1.1560268301e+19	2.3099758835e+00	5.5275416034e-14	1.8442131070e-03	1.3531895172e-01	2.0650024992e-11	8.3114327983e-11	5.4251378321e-09	4.3115665046e-07	2.6902576736e-08	2.0866681069e-08	1.6998071379e-08	5.3288739451e-14	2.4879786949e-07	3.8249465624e-06	6.8572873462e-05	7.2947750209e-14	4.0249327140e-06	2.5924563844e-06	0.0000000000e+00	3.2638732454e-13	8.9261127370e-08	6.1379497695e-12	7.8057548063e-10	5.4464867869e-11	2.7453742864e-12	5.5661153814e-10	1.5911055105e-08	3.8550153335e-07	5.7721962699e-12	6.6795199800e-15	9.2655570985e-22	7.4776807841e-19	4.6384673728e-04	2.2183441978e-08	2.9436442264e-18	2.0250902878e-14	3.3628356749e-10	5.2740474467e-14	3.4736800380e-12	9.1278151456e-16	3.1613222762e-15	1.4237804170e-20	4.6233109923e-14	5.2054906314e-15	1.5351328365e-13	1.6875040788e-16	4.6339644213e-13	2.3839204279e-15	1.0362789520e-19	7.4116469653e-17	2.0030948681e-14	1.6690341600e-20	2.1772196442e-19	8.5187644108e-28	5.2842570194e-20	9.9142590620e-27	1.3255398039e-10	1.1319328352e-14	1.7551943044e-20	1.5699292883e-30	6.1769599091e-08	2.6387849775e-17	8.6188286094e-01	2.7202550878e-09	1.0782006098e-15	2.0725310518e-04	3.4408633441e-07	1.8097677874e-18	1.8322949366e-11	9.6862940546e-21	6.0714149936e-33	5.8116789458e-05	1.6227838386e-17	1.0951478256e-36	2.2787216215e-47	7.9083793886e-57	8.4895070888e-15	1.4488801202e-28	7.3396323993e-13	2.1294726407e-18	3.6777866289e-16	1.3616062604e-17	8.2872407197e-13	2.3605599759e-16	9.1100486422e-13	6.7050417196e-19	1.0902203191e-17	1.5438317480e-19	1.8836882999e-23	6.5144672078e-23	1.3311360864e-24	2.6726985894e-20	2.5072441706e-24	6.9162736605e-22	5.5430447910e-25	7.7885503055e-24	1.1875914653e-27	3.3762867144e-32	1.3976493972e-30	5.8604554869e-15	8.2425920191e-15	1.0493483857e-16	3.2867537676e-17	2.4571834999e-19	6.3330155112e-22	1.2290709911e-16	1.7898531175e-21	4.6339644213e-13	1.0818224732e-17	9.7621504311e-17	3.5876749382e-18	9.2109146610e-21	1.4542330318e-22	2.9081970042e-20	6.0522911738e-18	3.3231625921e-26	6.4187155486e-25	1.1875861165e-31	2.3596492480e-33	2.6219744025e-17	1.4211654240e-07	1.4929464563e-09	2.0894709572e-09	1.3452723327e-10	1.3234277738e-18	2.0514328929e-13	4.4385221060e-19	3.7847140255e-13	1.1016971092e-14	3.4452090498e-07	3.4095675353e-11	2.8649606363e-21	2.2095037696e-22	1.0494636385e-21	1.3607790348e-20	9.8989543452e-20	1.7891811207e-09	5.3586825903e-08	6.4178932659e-08	8.4232179874e-10	2.0556688269e-05	1.4095755585e-10	5.3413299143e-14	2.1827297825e-15	3.6430225385e-23	4.7363241224e-10	1.9113395958e-09	1.2653016719e-11	2.2190766344e-06	3.6491314028e-11	6.6579116058e-05	3.7608295099e-08	2.0604872914e-08	1.6547890655e-11	1.2997516025e-17	5.3921862443e-05	1.0506158420e-15	2.7453742864e-12	1.0613396254e-12	1.5909776598e-12	1.1023937641e-11	2.7805792679e-16	1.4011905880e-23	2.6235867462e-48	2.5345793131e-12	5.3513440787e-17	3.5851108018e-25	5.3626365798e-31	4.3358348377e-14	1.3123865704e-13	2.1622056844e-08	1.0026525084e-08	6.1431823201e-20	3.1828251010e-24	3.1967451749e-20	5.4229459539e-08	2.8835855185e-08	4.0801619996e-09	2.2611115224e-13	2.4720006332e-19	6.8053467504e-13	1.1201239885e-22	3.2655342441e-11	1.4234339206e-16	3.7432357493e-11	3.8755297796e-12	1.5550575718e-09	2.3412181990e-20	4.1296613886e-14	1.5294191681e-17	6.7444868522e-17	1.6588616856e-46	7.8731529202e-13	5.7416377500e-20	3.2655342441e-11	4.4738265545e-26	2.3939060778e-30
2.2229964800e+00	2.0815024885e+03	1.4412016454e+19	7.7353170241e+18	2.3101053523e+00	2.7431772946e-14	1.7311825484e-03	1.3532653600e-01	1.4283710239e-11	6.8359389608e-11	5.4440743125e-09	4.4444252449e-07	1.8751448329e-08	1.7335819452e-08	1.6707398094e-08	4.7595439193e-14	2.4921578497e-07	3.8297418827e-06	6.8593830033e-05	5.8103101494e-14	4.0251583022e-06	2.1494974247e-06	0.0000000000e+00	1.5236516541e-13	5.9072494234e-08	4.0437947726e-12	5.2639365146e-10	2.6584390748e-11	1.2823747705e-12	3.6576811028e-10	8.4711312294e-09	2.1680739576e-07	3.2711585419e-12	3.9928813701e-15	3.3139349393e-22	3.1421912564e-19	4.6407968929e-04	2.2775236267e-08	9.9220449171e-19	7.5879660939e-15	1.5388429693e-10	1.8124611682e-14	1.3032687656e-12	2.5664716215e-16	9.2009953187e-16	4.4262452790e-21	2.2053347304e-14	2.3605730596e-15	7.4357517132e-14	6.1284439662e-17	2.1837762228e-13	1.0523670404e-15	3.3522074578e-20	3.0383847691e-17	8.8778920939e-15	4.3781501723e-21	9.2725630557e-20	1.3480215583e-28	1.1030994900e-20	1.8610621941e-27	8.6127939431e-11	7.3440685705e-15	1.0352210796e-20	7.2137812030e-31	5.3694154110e-08	1.7387684527e-17	8.6198941118e-01	1.7633699948e-09	5.4556048195e-16	2.0615216270e-04	2.4117532088e-07	6.9625374773e-19	1.4882298480e-11	6.1735385481e-21	2.6878635716e-33	5.8187119514e-05	1.0699130562e-17	3.8323863494e-37	6.3396137111e-48	1.6078851944e-57	6.9782442141e-15	7.2957436027e-29	4.3989656368e-13	8.6522463796e-19	1.2707839276e-16	4.5510265422e-18	3.8272863795e-13	8.1790810067e-17	4.3215621614e-13	1.7365374018e-19	2.6641800975e-18	3.1452680813e-20	2.7447958049e-24	9.8530036370e-24	2.3146800453e-25	5.5094830686e-21	3.8177005549e-25	1.1651206621e-22	7.2519635181e-26	1.0739399764e-24	1.2444548316e-28	2.5647981813e-33	1.0967570752e-31	2.0916687481e-15	2.9927250513e-15	4.9492725641e-17	8.1256000936e-18	4.8711286038e-20	1.8707311582e-22	4.4002134486e-17	4.3703852430e-22	2.1837762228e-13	3.8275623996e-18	6.2343899291e-17	1.0674561560e-18	2.6294932488e-21	3.2481359813e-23	7.2181735282e-21	2.7738361896e-18	1.1115494620e-26	2.0910597836e-25	1.0059796728e-32	1.8130053149e-34	6.4636730625e-18	1.4547505348e-07	1.7208022440e-09	2.3812913752e-09	8.8320323727e-11	4.8724840438e-19	1.3829040956e-13	1.9411855039e-19	3.0117218401e-13	5.5842910156e-15	3.4454204424e-07	3.2273618228e-11	1.9550887908e-21	1.0613638130e-22	4.7854038980e-22	6.2831173969e-21	4.7380896421e-20	1.3853104567e-09	5.3589844169e-08	4.7069308589e-08	1.0314138284e-09	2.0537151187e-05	1.5204545909e-10	6.0873987242e-14	2.4532532078e-15	3.4083409501e-23	4.7216128980e-10	1.5744075970e-09	8.4291638284e-12	2.2398253858e-06	3.7366245671e-11	6.6605080055e-05	2.3530646602e-08	1.6025086881e-08	1.2393081469e-11	8.8027690450e-18	5.4367993055e-05	6.8758240487e-16	1.2823747705e-12	5.4078430080e-13	1.5291759404e-12	9.5394741476e-12	3.2329676301e-16	1.5784420877e-23	2.5169510211e-48	2.2928675255e-12	4.5955698526e-17	2.5850060106e-25	3.5577460083e-31	2.2890874687e-14	6.7153439587e-14	2.1290957418e-08	7.6217552185e-09	5.5583626426e-20	2.5740522065e-24	3.9036368003e-20	4.8226552954e-08	2.3403044825e-08	4.4953079429e-09	2.4882006339e-13	2.4103238228e-19	4.9548483030e-13	9.4778972724e-23	3.6304613764e-11	1.5489039752e-16	3.4642286038e-11	3.0608336039e-12	1.8042023985e-09	2.6292349434e-20	3.1929094151e-14	8.5173928616e-18	4.2437328190e-17	2.0747822796e-46	6.7124601897e-13	4.3873754280e-20	3.6304613764e-11	5.3656199027e-26	2.6174987264e-30
1.4563484800e+00	2.0379487628e+03	9.6440594488e+18	5.1759291490e+18	2.3102379335e+00	1.3395482452e-14	1.6158744727e-03	1.3533430262e-01	9.7579669989e-12	5.5556836426e-11	5.4168031412e-09	4.5567603425e-07	1.2955237768e-08	1.4267867369e-08	1.6372748637e-08	4.2368161221e-14	2.4954419991e-07	3.8335375254e-06	6.8610391669e-05	4.5856824675e-14	4.0253893134e-06	1.7642815053e-06	0.0000000000e+00	7.0215017040e-14	3.9053370506e-08	2.6642406624e-12	3.5355865580e-10	1.2878650720e-11	5.9393804813e-13	2.4039475233e-10	4.5054222055e-09	1.2257888619e-07	1.8370924665e-12	2.3713064056e-15	1.1684593815e-22	1.3061424015e-19	4.6422467873e-04	2.3425567214e-08	3.2889399284e-19	2.8160075226e-15	7.0366748271e-11	6.2136579489e-15	4.9104453906e-13	7.2353700616e-17	2.6998533601e-16	1.3783445131e-21	1.0495832144e-14	1.0673513041e-15	3.6120939762e-14	2.2262724977e-17	1.0301949270e-13	4.6223941456e-16	1.0703232378e-20	1.2414464411e-17	3.9026276683e-15	1.1318966054e-21	3.9452325744e-20	2.0978110655e-29	2.2991530573e-21	3.4792567809e-28	5.5440009612e-11	4.7278151402e-15	6.0520061808e-21	3.2725224762e-31	4.6376635708e-08	1.1331664143e-17	8.6209783326e-01	1.1375451454e-09	2.7464114223e-16	2.0526243293e-04	1.6928220249e-07	2.6727936581e-19	1.1991549789e-11	3.8883496853e-21	1.1684429203e-33	5.8236758404e-05	6.9994650280e-18	1.3161018745e-37	1.7249732256e-48	3.1797429695e-58	5.6740219077e-15	3.6028723374e-29	2.6187834559e-13	3.4957718210e-19	4.4071644057e-17	1.5186857446e-18	1.7685373507e-13	2.8314113609e-17	2.0426484902e-13	4.4742934615e-20	6.5308120373e-19	6.4336780099e-21	4.0234914448e-25	1.5075347893e-24	3.9839504084e-26	1.1336491715e-21	5.7912324918e-26	1.9688769274e-23	9.5105096483e-27	1.4929061418e-25	1.3194142745e-29	1.9671230051e-34	8.7356609470e-33	7.4530600853e-16	1.0903148627e-15	2.3400258113e-17	2.0060937471e-18	9.7337006070e-21	5.5029432971e-23	1.5824443666e-17	1.0680932416e-22	1.0301949270e-13	1.3537893993e-18	3.9532139920e-17	3.1692011954e-19	7.4246840832e-22	7.2264478068e-24	1.7969949343e-21	1.2614744646e-18	3.6879381188e-27	6.7835611248e-26	8.6418796116e-34	1.4030661454e-35	1.5986531496e-18	1.4832140109e-07	1.9828049845e-09	2.7170987004e-09	5.7418736537e-11	1.7724984891e-19	9.2260604138e-14	8.4440851823e-20	2.3885717323e-13	2.7932716277e-15	3.4456348074e-07	3.0618104203e-11	1.3294101221e-21	5.0528464726e-23	2.1701627800e-22	2.8994802826e-21	2.2790869357e-20	1.0712779804e-09	5.3592932038e-08	3.4447099774e-08	1.2580252930e-09	2.0526341450e-05	1.6304856163e-10	6.9134975891e-14	2.7444802700e-15	3.1687669335e-23	4.7088311495e-10	1.2902211034e-09	5.5865250139e-12	2.2517944353e-06	3.8140071010e-11	6.6623606787e-05	1.4625139561e-08	1.2450159726e-08	9.1767696059e-12	5.8890324305e-18	5.4756455834e-05	4.4248726790e-16	5.9393804813e-13	2.7055377841e-13	1.4680210330e-12	8.1937129546e-12	3.7410850746e-16	1.7696051461e-23	2.4023135472e-48	2.0636311566e-12	3.9266812330e-17	1.8502995000e-25	2.3540245212e-31	1.2078601590e-14	3.4474668071e-14	2.0831841973e-08	5.8046715419e-09	5.0068868348e-20	2.0710431148e-24	4.7913791468e-20	4.2714164200e-08	1.8964665844e-08	4.9381632996e-09	2.7333315418e-13	2.3435391668e-19	3.6152951762e-13	8.0941741358e-23	4.0486234950e-11	1.6923288740e-16	3.1993846712e-11	2.4153504371e-12	2.0930053483e-09	2.9684027938e-20	2.4701503109e-14	4.7587269212e-18	2.6721124504e-17	2.6381725273e-46	5.7107926755e-13	3.3713682863e-20	4.0486234950e-11	6.4753484353e-26	2.8784280564e-30
9.5409547600e-01	1.9953063629e+03	6.4534995598e+18	3.4633670915e+18	2.3103720038e+00	6.4362337197e-15	1.4995263889e-03	1.3534215610e-01	6.5824361482e-12	4.4594892393e-11	5.3430848562e-09	4.6508828316e-07	8.8727514816e-09	1.1638674303e-08	1.5989045195e-08	3.7586222812e-14	2.4980256338e-07	3.8365479107e-06	6.8623667311e-05	3.5854379065e-14	4.0256229195e-06	1.4339992872e-06	0.0000000000e+00	3.1943347256e-14	2.5800787225e-08	1.7556538943e-12	2.3651963628e-10	6.1931694138e-12	2.7279404547e-13	1.5803256812e-10	2.3944474976e-09	6.9698856092e-08	1.0225962730e-12	1.3991103176e-15	4.0619698440e-23	5.3719109754e-20	4.6431969014e-04	2.4136017910e-08	1.0724203745e-19	1.0355051213e-15	3.2172700326e-11	2.1263100173e-15	1.8593350760e-13	2.0465930904e-17	7.9933006672e-17	4.3012466885e-22	4.9841992188e-15	4.8121633522e-16	1.7599813470e-14	8.0928671541e-18	4.8670725815e-14	2.0207714733e-16	3.3744799008e-21	5.0589708085e-18	1.7019179802e-15	2.8859378713e-22	1.6777298112e-20	3.2134380989e-30	4.7903956399e-22	6.4862622205e-29	3.5348291663e-11	3.0188304860e-15	3.5048528533e-21	1.4643708788e-31	3.9786208506e-08	7.2988904143e-18	8.6220703519e-01	7.3023570567e-10	1.3755184067e-16	2.0453744371e-04	1.1899737779e-07	1.0238682644e-19	9.5821834991e-12	2.4186262686e-21	4.9825593256e-34	5.8272131129e-05	4.5424488255e-18	4.4311371147e-38	4.5846088505e-49	6.1066220250e-59	4.5605552314e-15	1.7428859477e-29	1.5484964403e-13	1.4044609807e-19	1.5347596260e-17	5.0613878441e-19	8.1797983175e-14	9.7962312365e-18	9.6229060512e-14	1.1478393608e-20	1.6075263179e-19	1.3226514061e-21	5.9394307312e-26	2.3360490611e-25	6.7942197999e-27	2.3311963943e-22	8.7621399483e-27	3.3418204318e-24	1.2518584350e-27	2.0952027977e-26	1.4174837386e-30	1.5254405625e-35	7.0733805019e-34	2.6530033197e-16	3.9888268457e-16	1.1092733287e-17	4.9504859223e-19	1.9627194768e-21	1.6124741970e-23	5.7194234311e-18	2.6137433829e-23	4.8670725815e-14	4.7886141502e-19	2.4874171704e-17	9.3977729181e-20	2.0745155095e-22	1.6028811872e-24	4.4920068700e-22	5.6923357069e-19	1.2133213949e-27	2.1908812632e-26	7.5450334903e-35	1.0958772218e-36	3.9708836615e-19	1.5067892526e-07	2.2844968203e-09	3.1019601414e-09	3.6982497565e-11	6.3777904444e-20	6.0949126526e-14	3.6537275727e-20	1.8871658339e-13	1.3797767604e-15	3.4458498682e-07	2.9114697882e-11	9.0045990967e-22	2.3843168558e-23	9.7898586466e-23	1.3376819131e-21	1.1021521744e-20	8.2745851554e-10	5.3596052211e-08	2.5155132938e-08	1.5283339570e-09	2.0524550905e-05	1.7376756741e-10	7.8202778009e-14	3.0550659337e-15	2.9251896913e-23	4.6984510650e-10	1.0521356078e-09	3.6843278260e-12	2.2546710832e-06	3.8803729121e-11	6.6637151431e-05	9.0309588671e-09	9.6629693871e-09	6.7190936450e-12	3.8910343398e-18	5.5090020588e-05	2.7984522333e-16	2.7279404547e-13	1.3286153588e-13	1.4080631838e-12	6.9850112596e-12	4.3081758201e-16	1.9743036518e-23	2.2811722068e-48	1.8472418665e-12	3.3364275088e-17	1.3136632776e-25	1.5519210108e-31	6.3718948956e-15	1.7763319745e-14	2.0270433336e-08	4.4336769425e-09	4.4975318409e-20	1.6601274729e-24	5.9195868496e-20	3.7712183294e-08	1.5359100456e-08	5.4125079344e-09	2.9988773638e-13	2.2727240336e-19	2.6456940272e-13	6.9785768373e-23	4.5316027757e-11	1.8573318075e-16	2.9507901180e-11	1.9057909664e-12	2.4325302831e-09	3.3828874262e-20	1.9159666284e-14	2.6727930524e-18	1.6870525326e-17	3.4204314211e-46	4.8577051215e-13	2.6062973704e-20	4.5316027757e-11	7.8728204603e-26	3.1866356205e-30
6.2505519300e-01	1.9535562202e+03	4.3184777619e+18	2.3174412368e+18	2.3105060577e+00	3.0423776923e-15	1.3833433860e-03	1.3535000915e-01	4.3835310668e-12	3.5339346036e-11	5.2238606807e-09	4.7288440554e-07	6.0238018643e-09	9.4135198558e-09	1.5551179302e-08	3.3227847486e-14	2.5000615636e-07	3.8389416828e-06	6.8634476295e-05	2.7766974266e-14	4.0258564970e-06	1.1544489931e-06	0.0000000000e+00	1.4345120558e-14	1.7037561303e-08	1.1572432850e-12	1.5758363588e-10	2.9564745309e-12	1.2425244550e-13	1.0391824772e-10	1.2718335599e-09	3.9868995941e-08	5.6421218915e-13	8.2008262473e-16	1.3922178780e-23	2.1861202712e-20	4.6438595466e-04	2.4909078642e-08	3.4399504139e-20	3.7737457804e-16	1.4713903108e-11	7.2654717775e-16	7.0788613630e-14	5.8110165076e-18	2.3891671672e-17	1.3454563251e-22	2.3616143262e-15	2.1632604522e-16	8.6023304105e-15	2.9446630184e-18	2.3034286925e-14	8.7939328324e-17	1.0507172168e-21	2.0569925951e-18	7.3635639659e-16	7.2588729731e-23	7.1330205258e-21	4.8474303042e-31	9.9856296774e-23	1.2068387928e-29	2.2320708268e-11	1.9113375694e-15	2.0097313861e-21	6.4588610544e-32	3.3891853746e-08	4.6439033770e-18	8.6231593375e-01	4.6644017818e-10	6.8537366822e-17	2.0394528298e-04	8.3779605542e-08	3.9139493160e-20	7.5911950665e-12	1.4849420681e-21	2.0824688086e-34	5.8297648709e-05	2.9235885577e-18	1.4614873395e-38	1.1889669828e-49	1.1373839433e-59	3.6214467151e-15	8.2510851075e-30	9.0939955053e-14	5.6105719800e-20	5.3685222521e-18	1.6850173863e-19	3.7877974526e-14	3.3881991362e-18	4.5191088699e-14	2.9334502469e-21	3.9759118665e-20	2.7347895743e-22	8.8360811147e-27	3.6693422029e-26	1.1487803698e-27	4.7946752577e-23	1.3232669061e-27	5.7023727572e-25	1.6553703726e-28	2.9716425519e-27	1.5447538682e-31	1.1972623858e-36	5.8291067166e-35	9.4381548552e-17	1.4661448105e-16	5.2729427717e-18	1.2218145024e-19	3.9968148206e-22	4.7073314481e-24	2.0782456677e-18	6.4061650894e-24	2.3034286925e-14	1.6943595151e-19	1.5523105321e-17	2.7851402777e-20	5.7370152463e-23	3.5466435134e-25	1.1283033174e-22	2.5484598469e-19	3.9570932456e-28	7.0430111739e-27	6.7053836072e-36	8.6509309459e-38	9.9124202073e-20	1.5257890018e-07	2.6326251688e-09	3.5409740172e-09	2.3608242893e-11	2.2716785207e-20	3.9888175089e-14	1.5723068365e-20	1.4845551782e-13	6.7342581215e-16	3.4460635080e-07	2.7750512713e-11	6.0740541748e-22	1.1152070265e-23	4.3935285305e-23	6.1710479462e-22	5.3602000575e-21	6.3840776214e-10	5.3599170088e-08	1.8329339369e-08	1.8492060933e-09	2.0531977440e-05	1.8399403697e-10	8.8071161758e-14	3.3830971084e-15	2.6795814030e-23	4.6907511833e-10	8.5385746215e-10	2.4181259452e-12	2.2482347254e-06	3.9348495825e-11	6.6647358308e-05	5.5405384557e-09	7.4923647453e-09	4.8647080965e-12	2.5387517219e-18	5.5372852412e-05	1.7383902739e-16	1.2425244550e-13	6.4018613118e-14	1.3496206172e-12	5.9092684439e-12	4.9368592870e-16	2.1918214559e-23	2.1549608424e-48	1.6441366008e-12	2.8178732584e-17	9.2450609658e-26	1.0186980447e-31	3.3612782657e-15	9.1888482365e-15	1.9628762804e-08	3.3992589992e-09	4.0342295112e-20	1.3273705208e-24	7.3706741243e-20	3.3214541445e-08	1.2441490378e-08	5.9226235981e-09	3.2876201552e-13	2.1989533025e-19	1.9432120771e-13	6.0765137411e-23	5.0937552792e-11	2.0484288963e-16	2.7194801928e-11	1.5045290302e-12	2.8369649815e-09	3.9046924716e-20	1.4924228292e-14	1.5117002242e-18	1.0697382882e-17	4.5337351098e-46	4.1378279291e-13	2.0279309520e-20	5.0937552792e-11	9.6539952086e-26	3.5549111082e-30
4.0949150600e-01	1.9126796648e+03	2.8897869327e+18	1.5506683903e+18	2.3106387026e+00	1.4145302890e-15	1.2684747581e-03	1.3535777960e-01	2.8811450182e-12	2.7636933507e-11	5.0612533620e-09	4.7923615148e-07	4.0537512083e-09	7.5517915324e-09	1.5054346250e-08	2.9270430831e-14	2.5016694723e-07	3.8408511435e-06	6.8643420996e-05	2.1294909909e-14	4.0260876191e-06	9.2067879432e-07	0.0000000000e+00	6.3582872686e-15	1.1247332186e-08	7.6305524619e-13	1.0456032839e-10	1.4010257896e-12	5.6121923728e-14	6.8355411783e-11	6.7524845967e-10	2.2948318193e-08	3.0855629981e-13	4.7749381412e-16	4.7041391362e-24	8.8026727702e-21	4.6443536102e-04	2.5747981443e-08	1.0853906596e-20	1.3631173411e-16	6.7330256839e-12	2.4795001903e-16	2.7108542247e-14	1.6568168764e-18	7.2128137027e-18	4.2196207871e-23	1.1164703425e-15	9.6960685944e-17	4.2181196159e-15	1.0726457134e-18	1.0922629404e-14	3.8097322222e-17	3.2312600513e-22	8.3476537990e-19	3.1608426858e-16	1.8014041882e-23	3.0325567506e-21	7.2025877978e-32	2.0836596982e-23	2.2423360717e-30	1.3956077645e-11	1.1995889996e-15	1.1405773840e-21	2.8062621103e-32	2.8659702801e-08	2.9171349141e-18	8.6242348710e-01	2.9643556786e-10	3.3971818544e-17	2.0346272478e-04	5.9079411060e-08	1.4930673331e-20	5.9606720512e-12	8.9945437343e-22	8.5244087347e-35	5.8316335315e-05	1.8656955105e-18	4.7186186469e-39	3.0059758819e-50	2.0521282465e-60	2.8396964667e-15	3.8194815616e-30	5.3038797995e-14	2.2284460982e-20	1.8867376519e-18	5.6044177859e-20	1.7564112267e-14	1.1716487799e-18	2.1158052586e-14	7.4707363848e-22	9.8861354654e-21	5.6901793910e-23	1.3255479016e-27	5.8463678900e-27	1.9265040106e-28	9.8687881427e-24	1.9957526409e-28	9.7886831524e-26	2.2004217799e-29	4.2626320612e-28	1.7091209572e-32	9.5182333867e-38	4.8934773361e-36	3.3566804971e-17	5.4165272611e-17	2.5136700027e-18	3.0172115849e-20	8.2245622367e-23	1.3692275461e-24	7.5941670485e-19	1.5728854256e-24	1.0922629404e-14	5.9980562505e-20	9.6042302716e-18	8.2528652285e-21	1.5704523455e-23	7.8314818257e-26	2.8493045206e-23	1.1318505463e-19	1.2789752105e-28	2.2531607854e-27	6.0732151718e-37	6.9093908821e-39	2.4880346081e-20	1.5405603716e-07	3.0353497442e-09	4.0389353982e-09	1.4941769255e-11	8.0145385328e-21	2.5870872689e-14	6.7265160586e-21	1.1620483286e-13	3.2488937645e-16	3.4462737646e-07	2.6514056488e-11	4.0795661770e-22	5.1700013641e-24	1.9616387856e-23	2.8470683469e-22	2.6223446726e-21	4.9200626003e-10	5.3602253659e-08	1.3325956164e-08	2.2281816649e-09	2.0548717609e-05	1.9351320126e-10	9.8717092904e-14	3.7260076922e-15	2.4344971563e-23	4.6858931758e-10	6.8963832796e-10	1.5794988298e-12	2.2323640515e-06	3.9766082354e-11	6.6655318608e-05	3.3771392125e-09	5.8037255444e-09	3.4827953843e-12	1.6354935070e-18	5.5609869193e-05	1.0601658107e-16	5.6121923728e-14	3.0255962887e-14	1.2928698182e-12	4.9604571463e-12	5.6288973580e-16	2.4210474364e-23	2.0250380178e-48	1.4546950063e-12	2.3647734949e-17	6.4459743948e-26	6.6542385359e-32	1.7732990096e-15	4.7731358167e-15	1.8925254208e-08	2.6178361994e-09	3.6174712787e-20	1.0596443477e-24	9.2591943744e-20	2.9198295666e-08	1.0086415635e-08	6.4731842431e-09	3.6026811340e-13	2.1231554695e-19	1.4333063961e-13	5.3456296886e-23	5.7527790506e-11	2.2711564570e-16	2.5056677226e-11	1.1890012957e-12	3.3245298149e-09	4.5774186835e-20	1.1690002999e-14	8.6217487930e-19	6.8214551642e-18	6.1577319039e-46	3.5340606004e-13	1.5888211233e-20	5.7527790506e-11	1.1951327839e-25	3.9995378841e-30
2.6826958000e-01	1.8726584177e+03	1.9337505644e+18	1.0375980316e+18	2.3107686605e+00	6.4672773926e-16	1.1559925547e-03	1.3536539262e-01	1.8685174058e-12	2.1321531038e-11	4.8585182325e-09	4.8427793275e-07	2.7038241161e-09	6.0105689083e-09	1.4494488550e-08	2.5690797598e-14	2.5029428504e-07	3.8423798567e-06	6.8650942032e-05	1.6169436460e-14	4.0263140594e-06	7.2743133424e-07	0.0000000000e+00	2.7810576103e-15	7.4234991958e-09	5.0332631080e-13	6.9088009496e-11	6.5902993781e-13	2.5135226937e-14	4.4977690415e-11	3.5838002054e-10	1.3294287401e-08	1.6724343195e-13	2.7614409519e-16	1.5667014327e-24	3.5068324564e-21	4.6447457561e-04	2.6656560162e-08	3.3682432481e-21	4.8802436508e-17	3.0833823027e-12	8.4528524061e-17	1.0445419220e-14	4.7448464065e-19	2.2002730989e-18	1.3270170517e-23	5.2661612689e-16	4.3328963639e-17	2.0751404526e-15	3.9122225752e-19	5.1903056705e-15	1.6430868087e-17	9.8140921815e-23	3.3817820198e-19	1.3460450033e-16	4.4108753061e-24	1.2893953336e-21	1.0542343471e-32	4.3542594615e-24	4.1623009157e-31	8.6387449224e-12	7.4611201663e-16	6.4041910610e-22	1.2003868430e-32	2.4052150895e-08	1.8083285907e-18	8.6252871791e-01	1.8742371992e-10	1.6749509804e-17	2.0307143911e-04	4.1730119187e-08	5.6836786859e-21	4.6377456716e-12	5.3725722092e-22	3.4151486501e-35	5.8330262773e-05	1.1802164486e-18	1.4903145598e-39	7.4024639561e-51	3.5827971415e-61	2.1978179950e-15	1.7274423463e-30	3.0717016206e-14	8.7993959404e-21	6.6634979590e-19	1.8624633314e-20	8.1568487571e-15	4.0512683435e-19	9.8763972429e-15	1.8964311316e-22	2.4723403662e-21	1.1919007011e-23	2.0061225718e-28	9.4544118997e-28	3.2051072276e-29	2.0336633449e-24	3.0071394553e-29	1.6912987185e-26	2.9417963034e-30	6.1879609715e-29	1.9211934222e-33	7.6697782944e-39	4.1880859480e-37	1.1937168466e-17	2.0119610606e-17	1.2018219499e-18	7.4574106930e-21	1.7111185791e-23	3.9683466623e-25	2.7912661693e-19	3.8692152428e-25	5.1903056705e-15	2.1246017359e-20	5.8889820466e-18	2.4459044076e-21	4.2553697588e-24	1.7262492541e-26	7.2371719200e-24	4.9861379031e-20	4.0955600370e-29	7.1719887643e-28	5.6115872742e-38	5.5881296339e-40	6.2820184415e-21	1.5514495509e-07	3.5024880906e-09	4.5998927337e-09	9.3784315011e-12	2.8020257573e-21	1.6634227789e-14	2.8593475225e-21	9.0444833704e-14	1.5498286916e-16	3.4464788346e-07	2.5395095817e-11	2.7276656458e-22	2.3753805485e-24	8.7135153427e-24	1.3137558486e-22	1.2908174205e-21	3.7876632672e-10	5.3605273552e-08	9.6664010536e-09	2.6734263795e-09	2.0574760596e-05	2.0210802925e-10	1.1009654719e-13	4.0805048475e-15	2.1927332068e-23	4.6839640003e-10	5.5434241389e-10	1.0267792424e-12	2.2070431961e-06	4.0048754200e-11	6.6661749946e-05	2.0450607888e-09	4.4913608422e-09	2.4655475363e-12	1.0401327817e-18	5.5806297134e-05	6.3443673908e-17	2.5135226937e-14	1.4019824632e-14	1.2379001100e-12	4.1310894676e-12	6.3849328292e-16	2.6604214724e-23	1.8926832442e-48	1.2791728687e-12	1.9712692602e-17	4.4505551561e-26	4.3233740919e-32	9.3571081164e-16	2.4901680070e-15	1.8175006717e-08	2.0262131509e-09	3.2454771021e-20	8.4521273029e-25	1.1745408307e-19	2.5630461301e-08	8.1879002792e-09	7.0691421150e-09	3.9474499638e-13	2.0460472326e-19	1.0621882293e-13	4.7527538933e-23	6.5304619983e-11	2.5322546944e-16	2.3089598395e-11	9.4101833260e-13	3.9187158166e-09	5.4620798944e-20	9.2176376122e-15	4.9641218566e-19	4.3791159921e-18	8.5860816237e-46	3.0295154408e-13	1.2538405445e-20	6.5304619983e-11	1.4948707483e-25	4.5412316748e-30
1.7575106200e-01	1.8334745822e+03	1.2940002443e+18	6.9428749207e+17	2.3108947801e+00	2.9068386021e-16	1.0468727894e-03	1.3537278076e-01	1.1953706651e-12	1.6221351986e-11	4.6199453076e-09	4.8810448432e-07	1.7872525880e-09	4.7472215591e-09	1.3868833313e-08	2.2465447359e-14	2.5039545723e-07	3.8436087516e-06	6.8657360213e-05	1.2153317409e-14	4.0265338119e-06	5.6944770674e-07	0.0000000000e+00	1.2001175316e-15	4.8991724226e-09	3.3213698189e-13	4.5455115938e-11	3.0769243272e-13	1.1161180612e-14	2.9605268126e-11	1.9015163739e-10	7.7528706930e-09	8.9834332378e-14	1.5860195411e-16	5.1420874765e-25	1.3820513070e-21	4.6450733439e-04	2.7639244439e-08	1.0278263371e-21	1.7317487962e-17	1.4133635118e-12	2.8789786954e-17	4.0508416106e-15	1.3652145067e-19	6.7845570218e-19	4.1854092565e-24	2.4781674632e-16	1.9303253955e-17	1.0243081445e-15	1.4288433427e-19	2.4718851458e-15	7.0546910331e-18	2.9436265763e-23	1.3678588402e-19	5.6861885384e-17	1.0655953153e-24	5.4833763800e-22	1.5200375210e-33	9.1157179031e-25	7.7213087210e-32	5.2927506515e-12	4.5976304905e-16	3.5563041637e-22	5.0524452661e-33	2.0028072796e-08	1.1057480609e-18	8.6263073394e-01	1.1787823002e-10	8.2135800415e-18	2.0275631406e-04	2.9525355872e-08	2.1590012138e-21	3.5746586288e-12	3.1632316808e-22	1.3382175415e-35	5.8340850109e-05	7.3990632469e-19	4.6014778426e-40	1.7741257824e-51	6.0465756280e-62	1.6782481706e-15	7.6274334160e-31	1.7662676383e-14	3.4539119703e-21	2.3654171786e-19	6.1844896603e-21	3.7942444754e-15	1.4008262293e-19	4.5965588345e-15	4.7992538146e-23	6.2206570787e-22	2.5143666014e-24	3.0642577158e-29	1.5526273547e-28	5.2908003446e-30	4.1971561908e-25	4.5281107052e-30	2.9426573612e-27	3.9573536260e-31	9.0959693873e-30	2.1954972613e-34	6.2678817966e-40	3.6568287447e-38	4.2455621162e-18	7.5161462137e-18	5.7634121432e-19	1.8452863908e-21	3.6009413227e-24	1.1459831944e-25	1.0321633211e-19	9.5373305740e-26	2.4718851458e-15	7.5309095712e-21	3.5773555670e-18	7.2520888872e-22	1.1413147698e-24	3.7991731654e-27	1.8495951001e-24	2.1783952872e-20	1.2990061272e-29	2.2710269295e-28	5.2943570365e-39	4.5799894185e-41	1.5961130888e-21	1.5587750408e-07	4.0458193726e-09	5.2266106323e-09	5.8390139877e-12	9.7115651596e-22	1.0605317788e-14	1.2069541777e-21	6.9940973573e-14	7.3119807553e-17	3.4466770919e-07	2.4384536268e-11	1.8152490735e-22	1.0815237041e-24	3.8505852714e-24	6.0638006609e-23	6.3943276869e-22	2.9127563486e-10	5.3608203294e-08	6.9956522032e-09	3.1936418967e-09	2.0609983617e-05	2.0956526825e-10	1.2214125764e-13	4.4425297377e-15	1.9571130732e-23	4.6849990730e-10	4.4344657776e-10	6.6425867526e-13	2.1723667456e-06	4.0189473789e-11	6.6667119916e-05	1.2302573960e-09	3.4724245466e-09	1.7258090293e-12	6.5294189143e-19	5.5967367059e-05	3.7237836054e-17	1.1161180612e-14	6.3668415933e-15	1.1847423211e-12	3.4126313981e-12	7.2042050920e-16	2.9078850215e-23	1.7590989992e-48	1.1176750250e-12	1.6317712976e-17	3.0415480941e-26	2.7927674281e-32	4.9386946684e-16	1.3049711021e-15	1.7390154776e-08	1.5769101889e-09	2.9150975969e-20	6.7396591199e-25	1.5055195136e-19	2.2472906044e-08	6.6579494880e-09	7.7156164735e-09	4.3255312351e-13	1.9681363057e-19	7.9116567914e-14	4.2718288736e-23	7.4536844730e-11	2.8399372566e-16	2.1285491018e-11	7.4606970007e-13	4.6499401844e-09	6.6460160542e-20	7.3226194271e-15	2.8879617342e-19	2.8324423289e-18	1.2309255581e-45	2.6085722161e-13	9.9695519675e-21	7.4536844730e-11	1.8903301713e-25	5.2065074450e-30
1.1513954000e-01	1.7951106362e+03	8.6589923025e+17	4.6456827285e+17	2.3110160481e+00	1.2840482313e-16	9.4197976738e-04	1.3537988469e-01	7.5415322929e-13	1.2165797695e-11	4.3507149507e-09	4.9076881693e-07	1.1706403064e-09	3.7212110251e-09	1.3176509225e-08	1.9570786153e-14	2.5047613463e-07	3.8446009893e-06	6.8662908230e-05	9.0402990615e-15	4.0267451108e-06	4.4168034261e-07	0.0000000000e+00	5.1083764168e-16	3.2331198068e-09	2.1926394300e-13	2.9776197923e-11	1.4257362748e-13	4.9131637210e-15	1.9493564794e-11	1.0086847088e-10	4.5522168355e-09	4.7814634988e-14	9.0454133080e-17	1.6628063394e-25	5.3874012842e-22	4.6453572449e-04	2.8701086120e-08	3.0834376659e-22	6.0902753840e-18	6.4856345619e-13	9.7974809583e-18	1.5815246253e-15	3.9473448347e-20	2.1153798609e-19	1.3240654831e-24	1.1634168811e-16	8.5728243154e-18	5.0733613361e-16	5.2261180854e-20	1.1800007991e-15	3.0153319290e-18	8.7179777607e-24	5.5245987696e-20	2.3825487970e-17	2.5396590378e-25	2.3325385037e-22	2.1587865016e-34	1.9124299319e-25	1.4318211264e-32	3.2089558306e-12	2.8061146168e-16	1.9524326052e-22	2.0914368879e-33	1.6543504415e-08	6.6666839443e-19	8.6272874403e-01	7.3741110883e-11	4.0055327647e-18	2.0250452071e-04	2.0926069624e-08	8.1833827069e-22	2.7287798225e-12	1.8350252418e-22	5.1254888103e-36	5.8349069377e-05	4.5960335981e-19	1.3880078329e-40	4.1348656759e-52	9.8543529821e-63	1.2638233710e-15	3.2855555023e-31	1.0082473395e-14	1.3474870811e-21	8.4411507435e-20	2.0521002813e-21	1.7679794182e-15	4.8439974098e-20	2.1329544413e-15	1.2109564916e-23	1.5752438381e-22	5.3436354777e-25	4.7256507181e-30	2.5906127298e-29	8.6665667659e-31	8.6779740332e-26	6.8155626637e-31	5.1576907265e-28	5.3585737808e-32	1.3545755516e-30	2.5522046333e-35	5.1975693277e-41	3.2596604956e-39	1.5103304651e-18	2.8246032886e-18	2.7723943285e-19	4.5722138600e-22	7.6683930805e-25	3.2974226565e-26	3.8406363027e-20	2.3558778826e-26	1.1800007991e-15	2.6714895098e-21	2.1522157887e-18	2.1516310233e-22	3.0296695528e-25	8.3497483493e-28	4.7577775113e-25	9.4370116908e-21	4.0797927691e-30	7.1525945337e-29	5.1045443076e-40	3.8064599365e-42	4.0821428722e-22	1.5628076709e-07	4.6794449559e-09	5.9199530390e-09	3.6065589672e-12	3.3377318799e-22	6.7057840275e-15	5.0552988165e-22	5.3690388232e-14	3.4123673098e-17	3.4468671059e-07	2.3474318099e-11	1.2022059358e-22	4.8791518221e-25	1.6927870828e-24	2.7997432939e-23	3.1883329885e-22	2.2375343118e-10	5.3611019585e-08	5.0509087243e-09	3.7979245730e-09	2.0654148988e-05	2.1568250516e-10	1.3475607654e-13	4.8072481575e-15	1.7303265551e-23	4.6889952060e-10	3.5301011477e-10	4.2763684462e-13	2.1285432471e-06	4.0182065683e-11	6.6671730246e-05	7.3516308396e-10	2.6820687350e-09	1.1943639759e-12	4.0451589888e-19	5.6098101816e-05	2.1426757014e-17	4.9131637210e-15	2.8325190498e-15	1.1333865106e-12	2.7958710367e-12	8.0842518601e-16	3.1608405864e-23	1.6254164494e-48	9.7014623585e-13	1.3409208565e-17	2.0565863033e-26	1.7929338089e-32	2.6074344945e-16	6.8703313816e-16	1.6580234010e-08	1.2343963464e-09	2.6224523480e-20	5.3742124998e-25	1.9509222295e-19	1.9685705044e-08	5.4244164896e-09	8.4177378986e-09	4.7406696628e-13	1.8897402175e-19	5.9245205240e-14	3.8823576458e-23	8.5556767638e-11	3.2042296398e-16	1.9633602442e-11	5.9267101009e-13	5.5577259557e-09	8.2565920644e-20	5.8643256827e-15	1.6987551113e-19	1.8469681744e-18	1.8164376558e-45	2.2573497407e-13	7.9884320414e-21	8.5556767638e-11	2.4177337263e-25	6.0294946026e-30
7.5431200600e-02	1.7575494242e+03	5.7942772445e+17	3.1085635512e+17	2.3111315994e+00	5.5727016156e-17	8.4205404365e-04	1.3538665373e-01	4.6907522486e-13	8.9913440571e-12	4.0567137983e-09	4.9227952988e-07	7.5967683186e-10	2.8952336002e-09	1.2419189229e-08	1.6983342037e-14	2.5054072473e-07	3.8454058257e-06	6.8667754502e-05	6.6537106918e-15	4.0269464489e-06	3.3943527326e-07	0.0000000000e+00	2.1442801451e-16	2.1336851573e-09	1.4481248997e-13	1.9418799885e-11	6.5557792956e-14	2.1437625275e-15	1.2840022866e-11	5.3496852425e-11	2.6916742034e-09	2.5214127691e-14	5.1219386858e-17	5.2964533290e-26	2.0768684904e-22	4.6456090467e-04	2.9847814045e-08	9.0915478434e-23	2.1225616789e-18	2.9797311233e-13	3.3317064037e-18	6.2175840318e-16	1.1471512494e-20	6.6714289382e-20	4.2018230140e-25	5.4486071690e-17	3.7951455127e-18	2.5215639424e-16	1.9144401805e-20	5.6467557474e-16	1.2829621808e-18	2.5490766878e-24	2.2282391264e-20	9.9007510584e-18	5.9706264646e-26	9.9255863707e-23	3.0196183769e-35	4.0217008263e-26	2.6547432366e-33	1.9248745627e-12	1.6959043091e-16	1.0593682171e-22	8.5100549524e-34	1.3552552818e-08	3.9615000039e-19	8.6282207012e-01	4.5877816923e-11	1.9423700413e-18	2.0230502412e-04	1.4857345146e-08	3.0949230866e-22	2.0625268285e-12	1.0484198879e-22	1.9176097258e-36	5.8355586904e-05	2.8279890303e-19	4.0877517494e-41	9.3640890717e-53	1.5493471831e-63	9.3822703100e-16	1.3796901909e-31	5.7127860514e-15	5.2244007315e-22	3.0286756339e-20	6.8043316692e-22	8.2530570186e-16	1.6752157481e-20	9.8682827968e-16	3.0467910010e-24	4.0157589681e-23	1.1444524130e-25	7.3606663834e-31	4.3938737790e-30	1.4087731219e-31	1.7979492348e-26	1.0256379873e-31	9.1101030575e-29	7.3062623651e-33	2.0446339970e-31	3.0196804304e-36	4.3755786577e-42	2.9681912856e-40	5.3747949463e-19	1.0680871785e-18	1.3378039389e-19	1.1346363165e-22	1.6531690373e-25	9.4533443974e-27	1.4382771999e-20	5.8322926204e-27	5.6467557474e-16	9.4846972744e-22	1.2819591132e-18	6.3889748613e-23	7.9590421614e-26	1.8327960840e-28	1.2321956669e-25	4.0530485435e-21	1.2684600967e-30	2.2402079358e-29	5.0332632870e-41	3.2099614649e-43	1.0512326550e-22	1.5637561101e-07	5.4202116579e-09	6.6782406781e-09	2.2101661739e-12	1.1377395091e-22	4.2055800892e-15	2.0993903281e-22	4.0877793191e-14	1.5753550724e-17	3.4470476575e-07	2.2657324094e-11	7.9222993368e-23	2.1807052008e-25	7.4028346449e-25	1.2931817253e-23	1.6004841346e-22	1.7169838377e-10	5.3613702535e-08	3.6380498955e-09	4.4955639326e-09	2.0706902934e-05	2.2027592898e-10	1.4781721172e-13	5.1690780701e-15	1.5148057192e-23	4.6959180570e-10	2.7963001634e-10	2.7394160836e-13	2.0758971301e-06	4.0021405844e-11	6.6675773725e-05	4.3634423707e-10	2.0695972997e-09	8.1715974224e-13	2.4728383694e-19	5.6203174264e-05	1.2080876250e-17	2.1437625275e-15	1.2339608560e-15	1.0837935141e-12	2.2712429725e-12	9.0206116580e-16	3.4161258854e-23	1.4927030547e-48	8.3637333259e-13	1.0935891319e-17	1.3752884471e-26	1.1435408003e-32	1.3770760833e-16	3.6342071972e-16	1.5752516172e-08	9.7213766869e-10	2.3633540301e-20	4.2859477695e-25	2.5565693878e-19	1.7229334413e-08	4.4286845333e-09	9.1804125124e-09	5.1966320224e-13	1.8110090185e-19	4.4609935013e-14	3.5682063868e-23	9.8775595504e-11	3.6373781328e-16	1.8121561744e-11	4.7178514520e-13	6.6935198796e-09	1.0482347253e-19	4.7363401930e-15	1.0107756264e-19	1.2146333943e-18	2.7611218623e-45	1.9638206757e-13	6.4513527922e-21	9.8775595504e-11	3.1284323430e-25	7.0542899406e-30
4.9417133600e-02	1.7207741496e+03	3.8773051443e+17	2.0800317043e+17	2.3112407249e+00	2.3753651525e-17	7.4770417700e-04	1.3539304633e-01	2.8755580508e-13	6.5461357057e-12	3.7443186280e-09	4.9259688223e-07	4.8835387483e-10	2.2358433234e-09	1.1601671155e-08	1.4679962770e-14	2.5059265077e-07	3.8460616673e-06	6.8672021036e-05	4.8444148881e-15	4.0271365905e-06	2.5845876913e-07	0.0000000000e+00	8.8737575884e-17	1.4082131491e-09	9.5683893355e-14	1.2606691099e-11	2.9910182215e-14	9.2702560721e-16	8.4604577410e-12	2.8368281762e-11	1.6030052461e-09	1.3171189968e-14	2.8791396177e-17	1.6613232913e-26	7.9165222953e-23	4.6458351286e-04	3.1085907322e-08	2.6339369791e-23	7.3300797022e-19	1.3708015510e-13	1.1322005519e-18	2.4619542743e-16	3.3514074811e-21	2.1288706561e-20	1.3377213776e-25	2.5454068082e-17	1.6746063436e-18	1.2577087295e-16	7.0242960990e-21	2.7090604962e-16	5.4336438040e-19	7.3571131002e-25	8.9753885433e-21	4.0798241183e-18	1.3843893806e-26	4.2252592742e-23	4.1592278569e-36	8.4793217776e-27	4.9223417939e-34	1.1420879697e-12	1.0146247494e-16	5.6789211448e-23	3.4021327787e-34	1.1008384357e-08	2.3191573672e-19	8.6291015534e-01	2.8383171191e-11	9.3646363429e-19	2.0214831316e-04	1.0567426411e-08	1.1678366565e-22	1.5431893642e-12	5.8970249783e-23	7.0037458429e-37	5.8360860145e-05	1.7232833411e-19	1.1746298669e-41	2.0590187460e-53	2.3477344754e-64	6.8635679098e-16	5.6440272003e-32	3.2124273220e-15	2.0127392770e-22	1.0927635656e-20	2.2546201227e-22	3.8598526981e-16	5.7943008466e-21	4.5520243037e-16	7.6444425230e-25	1.0308866016e-23	2.4707839369e-26	1.1583324900e-31	7.5788203475e-31	2.2725256433e-32	3.7335940195e-27	1.5433561667e-32	1.6221340949e-29	1.0034121504e-33	3.1295302270e-32	3.6383128459e-37	3.7413520722e-43	2.7626466703e-41	1.9135826418e-19	4.0647737416e-19	6.4761590147e-20	2.8204863085e-23	3.6092595879e-26	2.7001793296e-27	5.4217638026e-21	1.4471751840e-27	2.7090604962e-16	3.3703976725e-22	7.5577792739e-19	1.8989761805e-23	2.0689316316e-26	4.0184377554e-29	3.2138179431e-26	1.7254379430e-21	3.9031075340e-31	6.9762576134e-30	5.0793282141e-42	2.7481729915e-44	2.7265402542e-23	1.5617565731e-07	6.2881999584e-09	7.4966705210e-09	1.3438154380e-12	3.8469000784e-23	2.6161835069e-15	8.6372213903e-23	3.0839375002e-14	7.1945240271e-18	3.4472177518e-07	2.1927300689e-11	5.1938286582e-23	9.6544480974e-26	3.2202328332e-25	5.9757212992e-24	8.0897606492e-23	1.3161030651e-10	5.3616235840e-08	2.6139941000e-09	5.2957721212e-09	2.0767776588e-05	2.2318828301e-10	1.6117149473e-13	5.5217578561e-15	1.3126289164e-23	4.7057067807e-10	2.2039021668e-10	1.7460072789e-13	2.0148685915e-06	3.9703628552e-11	6.6679372489e-05	2.5720993542e-10	1.5954231187e-09	5.5265779134e-13	1.4913254978e-19	5.6286820822e-05	6.6711954273e-18	9.2702560721e-16	5.2615936726e-16	1.0359032629e-12	1.8291088624e-12	1.0006544543e-15	3.6700084899e-23	1.3619698769e-48	7.1599438962e-13	8.8489393603e-18	9.0920672685e-27	7.2434558651e-33	7.2753200242e-17	1.9317106493e-16	1.4912299665e-08	7.7033082697e-10	2.1335714978e-20	3.4181475694e-25	3.3882846591e-19	1.5066027453e-08	3.6234377810e-09	1.0007957429e-08	5.6970142839e-13	1.7319445878e-19	3.3777668308e-14	3.3166639020e-23	1.1470175976e-10	4.1543232340e-16	1.6736099486e-11	3.7632941174e-13	8.1242460607e-09	1.3605727761e-19	3.8584357693e-15	6.0849939016e-20	8.0571984056e-19	4.3249057772e-45	1.7177261588e-13	5.2511593562e-21	1.1470175976e-10	4.0956072103e-25	8.3379239221e-30
3.2374575400e-02	1.6847683673e+03	2.5945340774e+17	1.3918106599e+17	2.3113428745e+00	9.9408775242e-18	6.5940248863e-04	1.3539903029e-01	1.7368650138e-13	4.6931836546e-12	3.4201596339e-09	4.9162738398e-07	3.1093406798e-10	1.7136846102e-09	1.0732277975e-08	1.2637994258e-14	2.5063457133e-07	3.8465984781e-06	6.8675796725e-05	3.4883185240e-15	4.0273145773e-06	1.9498022036e-07	0.0000000000e+00	3.6194536697e-17	9.2950643654e-10	6.3251392495e-14	8.1463514303e-12	1.3538345450e-14	3.9722527245e-16	5.5766880142e-12	1.5041154545e-11	9.6168331146e-10	6.8144704838e-15	1.6063772778e-17	5.1301004958e-27	2.9831193420e-23	4.6460389810e-04	3.2422682271e-08	7.4955940494e-24	2.5080005372e-19	6.3151829843e-14	3.8450846051e-19	9.8207229560e-17	9.8446148367e-22	6.8756146592e-21	4.2730008929e-26	1.1861120858e-17	7.3645198309e-19	6.2958306153e-17	2.5816027589e-21	1.3031029486e-16	2.2905499709e-19	2.0955764241e-25	3.6107421489e-21	1.6668550473e-18	3.1652730161e-27	1.7994511000e-23	5.6403693107e-37	1.7927729221e-27	9.1285689779e-35	6.7012300209e-13	6.0076070114e-17	3.0066971556e-23	1.3356500233e-34	8.8642037999e-09	1.3370538632e-19	8.6299256825e-01	1.7459453302e-11	4.4882584328e-19	2.0202622952e-04	7.5298245640e-09	4.3964898243e-23	1.1426650850e-12	3.2640708659e-23	2.4956162217e-37	5.8365204097e-05	1.0397197738e-19	3.2913189802e-42	4.3925185843e-54	3.4254066968e-65	4.9458875203e-16	2.2476477995e-32	1.7924816985e-15	7.7039931516e-23	3.9653748048e-21	7.4656404678e-23	1.8087305276e-16	2.0045051667e-21	2.0934276659e-16	1.9127484554e-25	2.6655356413e-24	5.3785266331e-27	1.8422289297e-32	1.3300168705e-31	3.6378265511e-33	7.7723104326e-28	2.3226160014e-33	2.9125791501e-30	1.3884384848e-34	4.8593367103e-33	4.4663622760e-38	3.2506615736e-44	2.6298204709e-42	6.8165328717e-20	1.5571635185e-19	3.1452489784e-20	7.0240766579e-24	7.9829437748e-27	7.6837542632e-28	2.0576367168e-21	3.5993960852e-28	1.3031029486e-16	1.1988001848e-22	4.4087598239e-19	5.6505334094e-24	5.3209186152e-27	8.8011301657e-30	8.4438057040e-27	7.2795558560e-22	1.1882906115e-31	2.1596995239e-30	5.2496143605e-43	2.3899124217e-45	7.1241918320e-24	1.5568655489e-07	7.3072745660e-09	8.3669155956e-09	8.1060815788e-13	1.2902287067e-23	1.6142139597e-15	3.5175100557e-23	2.3033458139e-14	3.2500617487e-18	3.4473766232e-07	2.1278789309e-11	3.3870685597e-23	4.2331578136e-26	1.3932832604e-25	2.7626687245e-24	4.1180561074e-23	1.0077096816e-10	5.3618606865e-08	1.8735079677e-09	6.2073387076e-09	2.0836189247e-05	2.2429654369e-10	1.7463688011e-13	5.8584595585e-15	1.1254510125e-23	4.7182773246e-10	1.7280941230e-10	1.1071155446e-13	1.9460113461e-06	3.9226347762e-11	6.6682603611e-05	1.5056010334e-10	1.2286667020e-09	3.6942699365e-13	8.8710858706e-20	5.6352798678e-05	3.6063192643e-18	3.9722527245e-16	2.1949448736e-16	9.8964133024e-13	1.4599944636e-12	1.1032795432e-15	3.9182078707e-23	1.2341769819e-48	6.0851273730e-13	7.1022294806e-18	5.9399743597e-27	4.5551518493e-33	3.8450025029e-17	1.0318467834e-16	1.4063159742e-08	6.1418688739e-10	1.9289789055e-20	2.7252095873e-25	4.5409735897e-19	1.3160548598e-08	2.9706547311e-09	1.0903546473e-08	6.2449338836e-13	1.6524145507e-19	2.5717204045e-14	3.1176920298e-23	1.3396182883e-10	4.7732178139e-16	1.5463503554e-11	3.0076759814e-13	9.9366164673e-09	1.8053605355e-19	3.1701961978e-15	3.7062667460e-20	5.3905592728e-19	6.9798776306e-45	1.5103905136e-13	4.3076655321e-21	1.3396182883e-10	5.4239183385e-25	9.9539598635e-30
2.1209508900e-02	1.6495159764e+03	1.7361505937e+17	9.3130163056e+16	2.3114376574e+00	4.0831207954e-18	5.7748472994e-04	1.3540458270e-01	1.0333290081e-13	3.3122084222e-12	3.0908749232e-09	4.8921715774e-07	1.9604368838e-10	1.3034482206e-09	9.8229472176e-09	1.0835438691e-14	2.5066855247e-07	3.8470396703e-06	6.8679147183e-05	2.4836323537e-15	4.0274797283e-06	1.4572155089e-07	0.0000000000e+00	1.4546696536e-17	6.1361460534e-10	4.1831526940e-14	5.2392016657e-12	6.0785747978e-15	1.6863126016e-16	3.6771716288e-12	7.9740894285e-12	5.8127830015e-10	3.4913109816e-15	8.8944885283e-18	1.5590895864e-27	1.1110329075e-23	4.6462225302e-04	3.3866391342e-08	2.0945914188e-24	8.5007116640e-20	2.9137134568e-14	1.3050590286e-19	3.9473018574e-17	2.9080671650e-22	2.2481949976e-21	1.3695468986e-26	5.5127154710e-18	3.2276779516e-19	3.1631229007e-17	9.5044284524e-22	6.2851249081e-17	9.6101150265e-20	5.8894805330e-26	1.4507961571e-21	6.7510117105e-19	7.1349111089e-28	7.6671314603e-24	7.5290196207e-38	3.8016975302e-28	1.6934406287e-35	3.8874449386e-13	3.5194389702e-17	1.5717291899e-23	5.1469695662e-35	7.0741656854e-09	7.5883131706e-20	8.6306900338e-01	1.0677187000e-11	2.1381156276e-19	2.0193183618e-04	5.3752798475e-09	1.6511892250e-23	8.3712559159e-13	1.7772197594e-23	8.6703588583e-38	5.8368836802e-05	6.2094430537e-20	8.9871475467e-43	9.0844162141e-55	4.8075776110e-66	3.5093360839e-16	8.7076238204e-33	9.9229666847e-16	2.9292576732e-23	1.4473941321e-21	2.4704030424e-23	8.4927888490e-17	6.9358270725e-22	9.5981026777e-17	4.7729826491e-26	6.9436582899e-25	1.1808423668e-27	2.9619333745e-33	2.3757531652e-32	5.7785645233e-34	1.6222541946e-28	3.4960397673e-34	5.2749551567e-31	1.9362105393e-35	7.6574397427e-34	5.5890263383e-39	2.8711035943e-45	2.5617706918e-43	2.4296327534e-20	6.0059706166e-20	1.5326034312e-20	1.7526906321e-24	1.7893782398e-27	2.1782197333e-28	7.8631498180e-22	8.9741567420e-29	6.2851249081e-17	4.2681320290e-23	2.5439842437e-19	1.6834075374e-24	1.3536604119e-27	1.9256824532e-30	2.2352831320e-27	3.0430812592e-22	3.5784650275e-32	6.6455203158e-31	5.5603401200e-44	2.1121651569e-46	1.8757333677e-24	1.5490546029e-07	8.5056860603e-09	9.2770355847e-09	4.8504393878e-13	4.2922442548e-24	9.8777365499e-16	1.4169115494e-23	1.7016915301e-14	1.4520358737e-18	3.4475237363e-07	2.0707068422e-11	2.1968371703e-23	1.8379432325e-26	5.9954291161e-26	1.2778813566e-24	2.1115201989e-23	7.7071918153e-11	5.3620806647e-08	1.3393647723e-09	7.2382077894e-09	2.0911454247e-05	2.2351879846e-10	1.8800432396e-13	6.1719485834e-15	9.5445984300e-24	4.7335252296e-10	1.3479005250e-10	6.9830710809e-14	1.8699878907e-06	3.8588882391e-11	6.6685516075e-05	8.7506923042e-11	9.4526515392e-10	2.4403903607e-13	5.2037132585e-20	5.6404376368e-05	1.9075259933e-18	1.6863126016e-16	8.9540347527e-17	9.4492442583e-13	1.1547833606e-12	1.2087426745e-15	4.1559508930e-23	1.1102353257e-48	5.1331435386e-13	5.6525761539e-18	3.8334854989e-27	2.8430562841e-33	2.0327650710e-17	5.5394319845e-17	1.3207176978e-08	4.9264453019e-10	1.7456309207e-20	2.1707401748e-25	6.1516571827e-19	1.1480583767e-08	2.4398763085e-09	1.1868393571e-08	6.8425578046e-13	1.5721621930e-19	1.9684815767e-14	2.9633196835e-23	1.5732291549e-10	5.5159459152e-16	1.4289890030e-11	2.4077931559e-13	1.2242036001e-08	2.4474479497e-19	2.6260760448e-15	2.2832394816e-20	3.6360440695e-19	1.1599119355e-44	1.3344989343e-13	3.5606167883e-21	1.5732291549e-10	7.2632195042e-25	1.1996604714e-29
1.3894954900e-02	1.6150012128e+03	1.1617534620e+17	6.2316143055e+16	2.3115248374e+00	1.6453955886e-18	5.0215349991e-04	1.3540968973e-01	6.0534227756e-14	2.3002765975e-12	2.7628695842e-09	4.8514513382e-07	1.2237901173e-10	9.8364490085e-10	8.8889000530e-09	9.2510916963e-15	2.5069620216e-07	3.8474035835e-06	6.8682121937e-05	1.7480413059e-15	4.0276316318e-06	1.0788223172e-07	0.0000000000e+00	5.7589430707e-18	4.0514352183e-10	2.7678551168e-14	3.3532245089e-12	2.7068321578e-15	7.0911574000e-17	2.4255317072e-12	4.2270623452e-12	3.5404622147e-10	1.7709778725e-15	4.8866734524e-18	4.6618097270e-28	4.0889098583e-24	4.6463868963e-04	3.5426334360e-08	5.7456129563e-25	2.8537966267e-20	1.3464441670e-14	4.4269719374e-20	1.5989509718e-17	8.6399144233e-23	7.4446105485e-22	4.4048630174e-27	2.5553506599e-18	1.4096644086e-19	1.5951320968e-17	3.5053753000e-22	3.0398836991e-17	4.0125740820e-20	1.6327742177e-26	5.8222704621e-22	2.7100780218e-19	1.5852230755e-28	3.2684818140e-24	9.8899563104e-39	8.0869362575e-29	3.1428095556e-36	2.2290674369e-13	2.0394126483e-17	8.1094439280e-24	1.9459251530e-35	5.5941791150e-09	4.2378974241e-20	8.6313927815e-01	6.4905730472e-12	1.0122486053e-19	2.0185929815e-04	3.8444202201e-09	6.1862617089e-24	6.0663302460e-13	9.5149154735e-24	2.9352469959e-38	5.8371910514e-05	3.6699627776e-20	2.3899499653e-43	1.8200569410e-55	6.4846000288e-67	2.4509134593e-16	3.2794940039e-33	5.4490520093e-16	1.1062330042e-23	5.3148609259e-22	8.1690908152e-24	3.9959830735e-17	2.4003824150e-22	4.3869947305e-17	1.1878044300e-26	1.8227041645e-25	2.6153094787e-28	4.8155914692e-34	4.3213226948e-33	9.1077437552e-35	3.3954430329e-29	5.2638277295e-35	9.6388237295e-32	2.7218493098e-36	1.2250844695e-34	7.1326917570e-40	2.5789120343e-46	2.5550994131e-44	8.6656916069e-21	2.3327179210e-20	7.4931863197e-21	4.3824589478e-25	4.0661198292e-28	6.1510235415e-29	3.0261624373e-22	2.2430528130e-29	3.0398836991e-17	1.5211397623e-23	1.4516575119e-19	5.0218059235e-25	3.4059302990e-28	4.2093495626e-31	5.9634809519e-28	1.2601957341e-22	1.0656540140e-32	2.0321626145e-31	6.0395706358e-45	1.8979471091e-47	4.9775251942e-25	1.5382066169e-07	9.9166981003e-09	1.0211807730e-08	2.8784510943e-13	1.4161214056e-24	5.9934493455e-16	5.6415783051e-24	1.2426427491e-14	6.4143629534e-19	3.4476587790e-07	2.0208104826e-11	1.4169288261e-23	7.9004201731e-27	2.5656196475e-26	5.9140992471e-25	1.0907304567e-23	5.8879543772e-11	5.3622829787e-08	9.5501732083e-10	8.3949799354e-09	2.0992787558e-05	2.2081984600e-10	2.0104117449e-13	6.4547896177e-15	8.0035923942e-24	4.7513283970e-10	1.0457001146e-10	4.3807551219e-14	1.7875621440e-06	3.7792475139e-11	6.6688141927e-05	5.0492649243e-11	7.2648557085e-10	1.5928522496e-13	3.0094039790e-20	5.6444348660e-05	9.8675923116e-19	7.0911574000e-17	3.5702343363e-17	9.0166514584e-13	9.0486865756e-13	1.3155751073e-15	4.3780662393e-23	9.9100413204e-49	4.2968761459e-13	4.4599429042e-18	2.4430217488e-27	1.7606058710e-33	1.0750161019e-17	2.9889908559e-17	1.2345178004e-08	3.9741179380e-10	1.5797973347e-20	1.7258648560e-25	8.4178215798e-19	9.9968968312e-09	2.0067530188e-09	1.2900598914e-08	7.4904120112e-13	1.4908165276e-19	1.5142592810e-14	2.8471422152e-23	1.8571414948e-10	6.4085578632e-16	1.3201365676e-11	1.9299605823e-13	1.5181567005e-08	3.3854074870e-19	2.1916441695e-15	1.4217643214e-20	2.4709269612e-19	1.9822662736e-44	1.1838760592e-13	2.9645215474e-21	1.8571414948e-10	9.8276513607e-25	1.4584918955e-29
9.1029817800e-03	1.5812086422e+03	7.7739029543e+16	4.1697572367e+16	2.3116043248e+00	6.5026543310e-19	4.3348505782e-04	1.3541434612e-01	3.4906901389e-14	1.5714425719e-12	2.4420920517e-09	4.7911843931e-07	7.5621463778e-11	7.3627079447e-10	7.9478425523e-09	7.8646581969e-15	2.5071877501e-07	3.8477046381e-06	6.8684759634e-05	1.2159169624e-15	4.0277701317e-06	7.9107686287e-08	0.0000000000e+00	2.2451444752e-18	2.6754716187e-10	1.8322826219e-14	2.1355525793e-12	1.1952924468e-15	2.9531924340e-17	1.6005004472e-12	2.2405638958e-12	2.1733395845e-10	8.8924344276e-16	2.6635028468e-18	1.3709938137e-28	1.4866609457e-24	4.6465328227e-04	3.7112983725e-08	1.5465381135e-25	9.4875887226e-21	6.2321435307e-15	1.5008654600e-20	6.5287387044e-18	2.5821131237e-23	2.4972299461e-22	1.4217804735e-27	1.1812820081e-18	6.1345948005e-20	8.0746299701e-18	1.2951939360e-22	1.4744797485e-17	1.6671915599e-20	4.4641844053e-27	2.3337745246e-22	1.0781021771e-19	3.4706225852e-29	1.3940921817e-24	1.2780638353e-39	1.7258484325e-29	5.8355604624e-37	1.2630584871e-13	1.1686385762e-17	4.1285007294e-24	7.2146752932e-36	4.3825794820e-09	2.3280741615e-20	8.6320332675e-01	3.9214920817e-12	4.7618986091e-20	2.0180376543e-04	2.7547817045e-09	2.3119221977e-24	4.3472731489e-13	5.0070172335e-24	9.6769421065e-39	5.8374533004e-05	2.1460458930e-20	6.1859121124e-44	3.5298305420e-56	8.3980230182e-68	1.6841871382e-16	1.1999288302e-33	2.9676881813e-16	4.1487302440e-24	1.9636134478e-22	2.6994801581e-24	1.8841487713e-17	8.3091639865e-23	1.9988505071e-17	2.9479434072e-27	4.8223253078e-26	5.8445917961e-29	7.9192335182e-35	8.0072292626e-34	1.4242047095e-35	7.1275073116e-30	7.9283580489e-36	1.7774628261e-32	3.8579861930e-37	1.9906056844e-35	9.2876787376e-41	2.3567061366e-47	2.6107416514e-45	3.0929405894e-21	9.1252925062e-21	3.6761237504e-21	1.0981625020e-25	9.3699575844e-29	1.7301250182e-29	1.1730666047e-22	5.6207142646e-30	1.4744797485e-17	5.4269176365e-24	8.1892419808e-20	1.5001543489e-25	8.4738031149e-29	9.1926667888e-32	1.6037267371e-28	5.1687861770e-23	3.1373575002e-33	6.1746349953e-32	6.7314839966e-46	1.7347739624e-48	1.3315347174e-25	1.5241132428e-07	1.1579192677e-08	1.1153525518e-08	1.6936276060e-13	4.6324631892e-25	3.6049870277e-16	2.2190664222e-24	8.9637937620e-15	2.8007649001e-19	3.4477816519e-07	1.9778514524e-11	9.0868694862e-24	3.3615111574e-27	1.0917288458e-26	2.7386340281e-25	5.6771547567e-24	4.4929512805e-11	5.3624674270e-08	6.7915458323e-10	9.6823471146e-09	2.1079319293e-05	2.1621505244e-10	2.1349612356e-13	6.6995945398e-15	6.6337766691e-24	4.7715501070e-10	8.0677808852e-11	2.7329902326e-14	1.6995892537e-06	3.6840489551e-11	6.6690503497e-05	2.8920546074e-11	5.5775818423e-10	1.0270620566e-13	1.7154200535e-20	5.6475067948e-05	4.9896817575e-19	2.9531924340e-17	1.3907429182e-17	8.5977611047e-13	7.0226469404e-13	1.4220393650e-15	4.5791208020e-23	8.7728319977e-49	3.5684446342e-13	3.4876042614e-18	1.5368245737e-27	1.0814506127e-33	5.6867908197e-18	1.6211480591e-17	1.1477039304e-08	3.2225605202e-10	1.4279871533e-20	1.3677958344e-25	1.1622483054e-18	8.6833669430e-09	1.6518521974e-09	1.3993605865e-08	8.1864263163e-13	1.4079094631e-19	1.1700257049e-14	2.7638968236e-23	2.2024282524e-10	7.4814816650e-16	1.2184164074e-11	1.5479299939e-13	1.8929770086e-08	4.7682388140e-19	1.8407700534e-15	8.9396095164e-21	1.6898405377e-19	3.4768634419e-44	1.0532898862e-13	2.4848591844e-21	2.2024282524e-10	1.3421380041e-24	1.7866206784e-29
5.9636233200e-03	1.5481231533e+03	5.2019097831e+16	2.7901077498e+16	2.3116761649e+00	2.5192964894e-19	3.7143912170e-04	1.3541855454e-01	1.9807262090e-14	1.0556392020e-12	2.1338401052e-09	4.7077423099e-07	4.6246401761e-11	5.4641983074e-10	7.0187480982e-09	6.6568469938e-15	2.5073725343e-07	3.8479542311e-06	6.8687091731e-05	8.3567302878e-16	4.0278953069e-06	5.7447526030e-08	0.0000000000e+00	8.6164830102e-19	1.7671617754e-10	1.2135408300e-14	1.3531986941e-12	5.2331905623e-16	1.2177997963e-17	1.0564782270e-12	1.1875134321e-12	1.3447891202e-10	4.4189801336e-16	1.4400163709e-18	3.9643118706e-29	5.3386950843e-25	4.6466609149e-04	3.8938126098e-08	4.0832707518e-26	3.1230066922e-21	2.8894654389e-15	5.0855389803e-21	2.6875806144e-18	7.7635484989e-24	8.4879866926e-23	4.6058384271e-28	5.4456181977e-19	2.6598952411e-20	4.1031949088e-18	4.7945162233e-23	7.1728014848e-18	6.8924761799e-21	1.2033988426e-27	9.3434256888e-23	4.2493526555e-20	7.4855169619e-30	5.9494826831e-25	1.6243484865e-40	3.6955945358e-30	1.0841547585e-37	7.0705739742e-14	6.6203668524e-18	2.0732190747e-24	2.6219582780e-36	3.4006525504e-09	1.2575269021e-20	8.6326119106e-01	2.3545206600e-12	2.2255759936e-20	2.0176125640e-04	1.9778037183e-09	8.6179391999e-25	3.0800272485e-13	2.5887613121e-24	3.1049567190e-39	5.8376782090e-05	1.2413090358e-20	1.5573987326e-44	6.6218763538e-57	1.0432861425e-68	1.1382818926e-16	4.2623843874e-34	1.6027170471e-16	1.5448764762e-24	7.3001915424e-23	8.9141481988e-25	8.9031663012e-18	2.8769362236e-23	9.0781926268e-18	7.2962896282e-28	1.2861546372e-26	1.3181904087e-29	1.3176138433e-35	1.5120774531e-34	2.2092939024e-36	1.5006875513e-30	1.1946570621e-36	3.3086359502e-33	5.5148718905e-38	3.2862216752e-36	1.2345086835e-41	2.1919024529e-48	2.7342595261e-46	1.1047448789e-21	3.5959159862e-21	1.8097793290e-21	2.7579450940e-26	2.1903391498e-29	4.8468087993e-30	4.5809316322e-23	1.4121217868e-30	7.1728014848e-18	1.9382097404e-24	4.5659643256e-20	4.4879313047e-26	2.0842273993e-29	2.0057193167e-32	4.3482025341e-29	2.0992938952e-23	9.1289840280e-34	1.8638773126e-32	7.7033162672e-47	1.6135696526e-49	3.5914798360e-26	1.5064738466e-07	1.3538173398e-08	1.2083216185e-08	9.8762934387e-14	1.5020157072e-25	2.1487435531e-16	8.6195582127e-25	6.3845332474e-15	1.2082671782e-19	3.4478924502e-07	1.9415531504e-11	5.7934490904e-24	1.4154586447e-27	4.6189611773e-27	1.2689244147e-25	2.9778736621e-24	3.4244335146e-11	5.3626341200e-08	4.8166634753e-10	1.1102477916e-08	2.1170108012e-05	2.0977211710e-10	2.2510572439e-13	6.8993054734e-15	5.4330018416e-24	4.7940424074e-10	6.1891827288e-11	1.6953023409e-14	1.6070026411e-06	3.5738571552e-11	6.6692617965e-05	1.6440439981e-11	4.2776164665e-10	6.5408655766e-14	9.6354037946e-21	5.6498485738e-05	2.4651275856e-19	1.2177997963e-17	5.2899797016e-18	8.1917351160e-13	5.3968184983e-13	1.5261513964e-15	4.7535988174e-23	7.6980039859e-49	2.9394218486e-13	2.7022456746e-18	9.5395045284e-28	6.5871492008e-34	3.0090404930e-18	8.8386610915e-18	1.0602120510e-08	2.6247988901e-10	1.2869907166e-20	1.0786526314e-25	1.6166905069e-18	7.5169918900e-09	1.3596953168e-09	1.5134291764e-08	8.9247079137e-13	1.3229099706e-19	9.0737269510e-15	2.7090934620e-23	2.6219836863e-10	8.7693061090e-16	1.1224845823e-11	1.2412622301e-13	2.3695262093e-08	6.8181247141e-19	1.5535479166e-15	5.6673742522e-21	1.1612071013e-19	6.2409744813e-44	9.3829852073e-14	2.0953023395e-21	2.6219836863e-10	1.8471649783e-24	2.2016905587e-29
3.9069399400e-03	1.5157299510e+03	3.4808484162e+16	1.8669435199e+16	2.3117405239e+00	9.5643785171e-20	3.1587107171e-04	1.3542232470e-01	1.1055852585e-14	6.9706289056e-13	1.8426060974e-09	4.5969440074e-07	2.7984178138e-11	4.0188204163e-10	6.1203757314e-09	5.6094444586e-15	2.5075241038e-07	3.8481614281e-06	6.8689145060e-05	5.6733450578e-16	4.0280074469e-06	4.1308697556e-08	0.0000000000e+00	3.2542912438e-19	1.1674581042e-10	8.0414142427e-15	8.5303929353e-13	2.2712307105e-16	4.9714138862e-18	6.9762362260e-13	6.2933482877e-13	8.3889281910e-11	2.1728240854e-16	7.7211387639e-19	1.1266793445e-29	1.8930754369e-25	4.6467717666e-04	4.0915023789e-08	1.0570807780e-26	1.0176254040e-21	1.3419885246e-15	1.7222279222e-21	1.1155997388e-18	2.3486603174e-24	2.9241533675e-23	1.4975827855e-28	2.5032426575e-19	1.1489857609e-20	2.0932626108e-18	1.7782009072e-23	3.4997342711e-18	2.8349739371e-21	3.1974743480e-28	3.7362038980e-23	1.6591526483e-20	1.5900398188e-30	2.5404908481e-25	2.0296944993e-41	7.9409741034e-31	2.0154185772e-38	3.9093456165e-14	3.7067498117e-18	1.0266293535e-24	9.3359007109e-37	2.6130052804e-09	6.6764384795e-21	8.6331300944e-01	1.4046752414e-12	1.0332479360e-20	2.0172854363e-04	1.4227614169e-09	3.2039799006e-25	2.1568980168e-13	1.3145343290e-24	9.6902392758e-40	5.8378715495e-05	7.1003373351e-21	3.8116199753e-45	1.2007262756e-57	1.2421037856e-69	7.5638745437e-17	1.4689455880e-34	8.5814019566e-17	5.7109848435e-25	2.7313721178e-23	2.9414629933e-25	4.2162801569e-18	9.9631904410e-24	4.1095685408e-18	1.8008504478e-28	3.4586478975e-27	3.0011262881e-30	2.2185723981e-36	2.9111591773e-35	3.3993389760e-37	3.1695369551e-31	1.8009307957e-37	6.2182042018e-34	7.9519938285e-39	5.5138172739e-37	1.6757442513e-42	2.0756095233e-49	2.9367277091e-47	3.9490025933e-22	1.4276468141e-21	8.9412521851e-22	6.9423137670e-27	5.1955969100e-30	1.3522087770e-30	1.8023990597e-23	3.5571514533e-31	3.4997342711e-18	6.9297983417e-25	2.5154229518e-20	1.3446669252e-26	5.0668477399e-30	4.3722140608e-33	1.1888302878e-29	8.4410752088e-24	2.6246591374e-34	5.5886437206e-33	9.0565622359e-48	1.5278999568e-50	9.7691723971e-27	1.4848968262e-07	1.5845041308e-08	1.2982122262e-08	5.7053391689e-14	4.8250208810e-26	1.2686004161e-16	3.3056711419e-25	4.4890493118e-15	5.1473704755e-20	3.4479914438e-07	1.9116985820e-11	3.6716208625e-24	5.8972082368e-28	1.9428297039e-27	5.8830327083e-26	1.5743988825e-24	2.6069077938e-11	5.3627834471e-08	3.4065820104e-10	1.2654377002e-08	2.1264157821e-05	2.0161044859e-10	2.3560232764e-13	7.0475003725e-15	4.3951973396e-24	4.8186499552e-10	4.7203691950e-11	1.0454567597e-14	1.5107982362e-06	3.4494756244e-11	6.6694500174e-05	9.2743167931e-12	3.2770687976e-10	4.1133616522e-14	5.3316300566e-21	5.6516199156e-05	1.1893016531e-19	4.9714138862e-18	1.9638049543e-18	7.7978007849e-13	4.1056810483e-13	1.6257206189e-15	4.8961195555e-23	6.6919511560e-49	2.4010494039e-13	2.0739947382e-18	5.8408300911e-28	3.9775630624e-34	1.5924971855e-18	4.8444135474e-18	9.7198969849e-09	2.1453556951e-10	1.1539669795e-20	8.4450799743e-26	2.2610517940e-18	6.4779159290e-09	1.1179921366e-09	1.6300874892e-08	9.6941282436e-13	1.2352871392e-19	7.0555995077e-15	2.6786952028e-23	3.1303512616e-10	1.0309886434e-15	1.0310662867e-11	9.9406341628e-14	2.9714670883e-08	9.8585219704e-19	1.3147961381e-15	3.6154296187e-21	8.0012687570e-20	1.1420574065e-43	8.3515472416e-14	1.7756899286e-21	3.1303512616e-10	2.5568246090e-24	2.7238392872e-29
2.5595479200e-03	1.4840145498e+03	2.3291960795e+16	1.2492270594e+16	2.3117976725e+00	3.5566274612e-20	2.6654599106e-04	1.3542567249e-01	6.0682470960e-15	4.5227952415e-13	1.5719691101e-09	4.4544102341e-07	1.6751451829e-11	2.9275364622e-10	5.2697578159e-09	4.7053680277e-15	2.5076485766e-07	3.8483334967e-06	6.8690943545e-05	3.8036462125e-16	4.0281070235e-06	2.9407357962e-08	0.0000000000e+00	1.2091363339e-19	7.7143324677e-11	5.3312597336e-15	5.3491416441e-13	9.7696233930e-17	2.0086799006e-18	4.6082653833e-13	3.3349160265e-13	5.2765605843e-11	1.0568956739e-16	4.1050506892e-19	3.1461327041e-30	6.6266985903e-26	4.6468660180e-04	4.3058599601e-08	2.6821510681e-27	3.2817813531e-22	6.2437998715e-16	5.8290478233e-22	4.6703017642e-19	7.1500429495e-25	1.0213243374e-23	4.8877359097e-29	1.1473390623e-19	4.9442248300e-21	1.0721515566e-18	6.6078143622e-24	1.7127920889e-18	1.1600083377e-21	8.3715802615e-29	1.4921945204e-23	6.4159841478e-21	3.3253177148e-31	1.0854599721e-25	2.4926089906e-42	1.7124212774e-31	3.7490376876e-39	2.1343047407e-14	2.0506694230e-18	5.0114331315e-25	3.2554531578e-37	1.9877875124e-09	3.4826677431e-21	8.6335900377e-01	8.3254866794e-13	4.7642567527e-21	2.0170304464e-04	1.0255273141e-09	1.1879610687e-25	1.4925602971e-13	6.5530938464e-25	2.9397572890e-40	5.8380377498e-05	4.0154102575e-21	9.0628405710e-46	2.1029024251e-58	1.4159069988e-70	4.9398224752e-17	4.9081964568e-35	4.5545146672e-17	2.0955302161e-25	1.0286065629e-23	9.6988276129e-26	2.0011826460e-18	3.4511147789e-24	1.8541309179e-18	4.4322556628e-29	9.3793554913e-28	6.8985667695e-31	3.7813404899e-37	5.7165040177e-36	5.1871452721e-38	6.7156889160e-32	2.7161516947e-38	1.1801570390e-34	1.1568196355e-39	9.4058923955e-38	2.3240144229e-43	2.0018775154e-50	3.2363999019e-48	1.4127257041e-22	5.7114848236e-22	4.4333688140e-22	1.7516517744e-27	1.2509553157e-30	3.7566406922e-31	7.1462623349e-24	8.9846604891e-32	1.7127920889e-18	2.4803902859e-25	1.3688632945e-20	4.0351659235e-27	1.2171758219e-30	9.5220635341e-34	3.2782299356e-30	3.3594300018e-24	7.4541052339e-35	1.6642103311e-33	1.0945111358e-48	1.4734488844e-51	2.6803032028e-27	1.4589049134e-07	1.8557457919e-08	1.3833213785e-08	3.2630940319e-14	1.5347918531e-26	7.4145490378e-17	1.2516814233e-25	3.1156657842e-15	2.1640627671e-20	3.4480790525e-07	1.8881289630e-11	2.3126906077e-24	2.4304537891e-28	8.1233938990e-28	2.7292070452e-26	8.3912522354e-25	1.9821299427e-11	5.3629160394e-08	2.4024822381e-10	1.4333253782e-08	2.1360437852e-05	1.9189805309e-10	2.4472322904e-13	7.1387062071e-15	3.5110290976e-24	4.8452142802e-10	3.5785778262e-11	6.4082845684e-15	1.4120162431e-06	3.3119505861e-11	6.6696164248e-05	5.1908918232e-12	2.5077695135e-10	2.5537682516e-14	2.9054733961e-21	5.6529498671e-05	5.6002669578e-20	2.0086799006e-18	7.1114041992e-19	7.4152743521e-13	3.0912170828e-13	1.7184090640e-15	5.0016857818e-23	5.7599930153e-49	1.9444436407e-13	1.5763833712e-18	3.5262616187e-28	2.3804086555e-34	8.4294373344e-19	2.6693837662e-18	8.8308330251e-09	1.7574208281e-10	1.0265941244e-20	6.5461608757e-26	3.1714910163e-18	5.5495019421e-09	9.1703645158e-10	1.7461080597e-08	1.0476967431e-12	1.1446125249e-19	5.4940843460e-15	2.6688585752e-23	3.7432483071e-10	1.2142549979e-15	9.4301731079e-12	7.9400601540e-14	3.7235844672e-08	1.4343125103e-18	1.1130014917e-15	2.3151397803e-21	5.5141933657e-20	2.1203186472e-43	7.4077832940e-14	1.5105561258e-21	3.7432483071e-10	3.5505600409e-24	3.3744500534e-29
1.6768329400e-03	1.4529627672e+03	1.5585678171e+16	8.3589473202e+15	2.3118479682e+00	1.2948941372e-20	2.2315389341e-04	1.3542861882e-01	3.2740313290e-15	2.8824202827e-13	1.3245379053e-09	4.2761893793e-07	9.9174014456e-12	2.1107471188e-10	4.4809095497e-09	3.9287004880e-15	2.5077508295e-07	3.8484763143e-06	6.8692509301e-05	2.5177030085e-16	4.0281946593e-06	2.0722187012e-08	0.0000000000e+00	4.4180844206e-20	5.0985794679e-11	3.5363060820e-15	3.3362384882e-13	4.1642108596e-17	8.0310435739e-19	3.0451527801e-13	1.7670316849e-13	3.3469866742e-11	5.0844664501e-17	2.1637187840e-19	8.6285384148e-31	2.2893180060e-26	4.6469443746e-04	4.5385649462e-08	6.6672966913e-28	1.0472301057e-22	2.9102710456e-16	1.9717419426e-22	1.9721721758e-19	2.1906722300e-25	3.6175421671e-24	1.6013532644e-29	5.2430477993e-20	2.1192208188e-21	5.5137709163e-19	2.4603083360e-24	8.4086017406e-19	4.7213188365e-22	2.1591276725e-29	5.9522509537e-24	2.4567619107e-21	6.8447522807e-32	4.6405943212e-26	3.0073818066e-43	3.7062104151e-32	6.9785526775e-40	1.1502547580e-14	1.1206496976e-18	2.4107582531e-25	1.1112051623e-37	1.4967754106e-09	1.7842283557e-21	8.6339946526e-01	4.9016267963e-13	2.1814290088e-21	2.0168272003e-04	7.4069970859e-10	4.3924789879e-26	1.0203520960e-13	3.2058391647e-25	8.6640526173e-41	5.8381803373e-05	2.2445297810e-21	2.0921522802e-46	3.5545192975e-59	1.5439238278e-71	3.1694766782e-17	1.5889393509e-35	2.3956658829e-17	7.6307598866e-26	3.8993519875e-24	3.1954648763e-26	9.5198873902e-19	1.1956637135e-24	8.3367999792e-19	1.0877223235e-29	2.5654743300e-28	1.6013488506e-31	6.5254266503e-38	1.1453533292e-36	7.8484120925e-39	1.4275995919e-32	4.0984406914e-39	2.2623580509e-35	1.6981803259e-40	1.6318702608e-38	3.2944023942e-44	1.9672224889e-51	3.6615136227e-49	5.0580229834e-23	2.3028275246e-22	2.2062668748e-22	4.4303505709e-28	3.0581646812e-31	1.0391537457e-31	2.8556334664e-24	2.2755610476e-32	8.4086017406e-19	8.8880202369e-26	7.3563181426e-21	1.2128375455e-27	2.8885730963e-31	2.0718143332e-34	9.1189486066e-31	1.3230549016e-24	2.0905900466e-35	4.9209822916e-34	1.3604976533e-49	1.4476858402e-52	7.4187010715e-28	1.4279468837e-07	2.1738538134e-08	1.4622478638e-08	1.8464519689e-14	4.8309981210e-27	4.2872127916e-17	4.6802344707e-26	2.1349344918e-15	8.9720333556e-21	3.4481558196e-07	1.8707432073e-11	1.4476304008e-24	9.9065318172e-29	3.3759956094e-28	1.2669111174e-26	4.5093386384e-25	1.5052105278e-11	5.3630327283e-08	1.6894430559e-10	1.6129941883e-08	2.1457903707e-05	1.8084595580e-10	2.5222066285e-13	7.1687002048e-15	2.7686457805e-24	4.8735784196e-10	2.6962680168e-11	3.9037235779e-15	1.3117207697e-06	3.1625663511e-11	6.6697624440e-05	2.8821785271e-12	1.9168944962e-10	1.5648881547e-14	1.5588776218e-21	5.6539414353e-05	2.5725515712e-20	8.0310435739e-19	2.5107051420e-19	7.0435784032e-13	2.3027956121e-13	1.8018091303e-15	5.0659495738e-23	4.9061818616e-49	1.5607856520e-13	1.1862448552e-18	2.0984119202e-28	1.4115301271e-34	4.4623733166e-19	1.4788348400e-18	7.9374507474e-09	1.4407724824e-10	9.0327868700e-21	5.0077155475e-26	4.4485002635e-18	4.7184152405e-09	7.4922708014e-10	1.8571324594e-08	1.1248067664e-12	1.0507031313e-19	4.2779079772e-15	2.6757643477e-23	4.4767413038e-10	1.4305352116e-15	8.5741327206e-12	6.3156645457e-14	4.6486816918e-08	2.0875030096e-18	9.3959636911e-16	1.4837771954e-21	3.7894607824e-20	3.9712650470e-43	6.5279500773e-14	1.2880687428e-21	4.4767413038e-10	4.9319965010e-24	4.1738049423e-29
1.0985411400e-03	1.4225607176e+03	1.0429035545e+16	5.5932185676e+15	2.3118918369e+00	4.6137012263e-21	1.8532551383e-04	1.3543118866e-01	1.7357732249e-15	1.8036721539e-13	1.1019452684e-09	4.0596484676e-07	5.8055851453e-12	1.5050288968e-10	3.7639620186e-09	3.2647062943e-15	2.5078347806e-07	3.8485946797e-06	6.8693863278e-05	1.6448839716e-16	4.0282710967e-06	1.4450923472e-08	0.0000000000e+00	1.5869956647e-20	3.3705011355e-11	2.3469058416e-15	2.0693655118e-13	1.7584880321e-17	3.1766119688e-19	2.0129612562e-13	9.3617096247e-14	2.1413232097e-11	2.4185884044e-17	1.1304422905e-19	2.3233556405e-31	7.8032252323e-27	4.6470076021e-04	4.7915087752e-08	1.6229993369e-28	3.3058653621e-23	1.3589884128e-16	6.6655748404e-23	8.4019654641e-20	6.7558011201e-26	1.2997747769e-24	5.2669113193e-30	2.3886273145e-20	9.0470830154e-22	2.8472841277e-19	9.1788572382e-25	4.1411223170e-19	1.9111973187e-22	5.4838093491e-30	2.3712974853e-24	9.3130548297e-22	1.3862325669e-32	1.9851890639e-26	3.5634050749e-44	8.0512590354e-33	1.2998948746e-40	6.1178191669e-15	6.0477703353e-19	1.1424879594e-25	3.7111304926e-38	1.1153335201e-09	8.9740853459e-22	8.6343473988e-01	2.8661767074e-13	9.9167025676e-22	2.0166598039e-04	5.3608120128e-10	1.6194974072e-26	6.8892425495e-14	1.5384475150e-25	2.4791075122e-41	5.8383022313e-05	1.2398143077e-21	4.6862233115e-47	5.7942993390e-60	1.6088651871e-72	1.9971391052e-17	4.9804203097e-36	1.2486093911e-17	2.7571227305e-26	1.4882054373e-24	1.0519443339e-26	4.5392000287e-19	4.1432566485e-25	3.7354139357e-19	2.6615092760e-30	7.0788550094e-29	3.7544621129e-32	1.1404222491e-38	2.3424180775e-37	1.1772677637e-39	3.0448896840e-33	6.1871548514e-40	4.3814192650e-36	2.5159794177e-41	2.8804043529e-39	4.7753979664e-45	1.9703753858e-52	4.2548496812e-50	1.8124317361e-23	9.3588841729e-23	1.1020391745e-22	1.1232958947e-28	7.5931538832e-32	2.8617923957e-32	1.1502336387e-24	5.7793657723e-33	4.1411223170e-19	3.1884560782e-26	3.9029466329e-21	3.6513369445e-28	6.7704160793e-32	4.5034862680e-35	2.5592365632e-31	5.1550557606e-25	5.7885499041e-36	1.4446595682e-34	1.7403804397e-50	1.4496911275e-53	2.0718757741e-28	1.3914189175e-07	2.5455040849e-08	1.5339789357e-08	1.0328862608e-14	1.5035471616e-27	2.4504885578e-17	1.7287459117e-26	1.4447512111e-15	3.6649470576e-21	3.4482223852e-07	1.8594982716e-11	9.0036682836e-25	3.9925274904e-29	1.3943601405e-28	5.8848299998e-27	2.4436769360e-25	1.1415889949e-11	5.3631345038e-08	1.1845176156e-10	1.8030418850e-08	2.1555520185e-05	1.6870038060e-10	2.5787219290e-13	7.1347782720e-15	2.1544575022e-24	4.9035918078e-10	2.0186384037e-11	2.3628767076e-15	1.2109779250e-06	3.0028313207e-11	6.6698895474e-05	1.5872426629e-12	1.4635488263e-10	9.4621902069e-15	8.2321318902e-22	5.6546758885e-05	1.1522028177e-20	3.1766119688e-19	8.6374426248e-20	6.6822529874e-13	1.6968608492e-13	1.8735378465e-15	5.0854781504e-23	4.1331315166e-49	1.2414902445e-13	8.8355353721e-19	1.2304081560e-28	8.2913480095e-35	2.3624253887e-19	8.2374205467e-19	7.0453985102e-09	1.1802325883e-10	7.8337643756e-21	3.7674769815e-26	6.2197206422e-18	3.9746217498e-09	6.0867614679e-10	1.9577877136e-08	1.1975108929e-12	9.5378694096e-20	3.3254018677e-15	2.6955794284e-23	5.3461374482e-10	1.6831691770e-15	7.7365640879e-12	4.9942002371e-14	5.7630522416e-08	3.0198564810e-18	7.8845741685e-16	9.4874184832e-22	2.5883418779e-20	7.4571708493e-43	5.6961601548e-14	1.0992585989e-21	5.3461374482e-10	6.8311081005e-24	5.1376451096e-29
7.1968567300e-04	1.3927948059e+03	6.9784902393e+15	3.7425877828e+15	2.3119297547e+00	1.6079926272e-21	1.5264804863e-04	1.3543340989e-01	9.0392492801e-16	1.1077446164e-13	9.0489052218e-10	3.8044903482e-07	3.3596256129e-12	1.0602663972e-10	3.1248176603e-09	2.6998313900e-15	2.5079036043e-07	3.8486925482e-06	6.8695025594e-05	1.0604076145e-16	4.0283371652e-06	9.9711816957e-09	0.0000000000e+00	5.6019519188e-21	2.2286094107e-11	1.5583697254e-15	1.2763579735e-13	7.3554393554e-18	1.2427528846e-19	1.3311153436e-13	4.9591970615e-14	1.3819826594e-11	1.1373038915e-17	5.8530156752e-20	6.1396377383e-32	2.6234772887e-27	4.6470565077e-04	5.0668230951e-08	3.8671750346e-29	1.0321304527e-23	6.3578166250e-17	2.2518927574e-23	3.6118150014e-20	2.0972797921e-26	4.7385524830e-25	1.7391641244e-30	1.0848108705e-20	3.8463974620e-22	1.4764959013e-19	3.4313647336e-25	2.0460328714e-19	7.6937051059e-23	1.3711264660e-30	9.4346535010e-25	3.4942511390e-22	2.7613208649e-33	8.4977253428e-27	4.1448457650e-45	1.7556607862e-33	2.4229886098e-41	3.2102685893e-15	3.2221792849e-19	5.3323339128e-26	1.2121243437e-38	8.2227588381e-10	4.4295502518e-22	8.6346521366e-01	1.6642997326e-13	4.4750395680e-22	2.0165160263e-04	3.8880002329e-10	5.9536180209e-27	4.5928461044e-14	7.2392223168e-26	6.8827683847e-42	5.8384059317e-05	6.7657124207e-22	1.0178331616e-47	9.1022185001e-61	1.6006627194e-73	1.2353988529e-17	1.5104260903e-36	6.4469924890e-18	9.8828136686e-27	5.7189073898e-25	3.4600216023e-27	2.1694176548e-19	1.4359886181e-25	1.6677165684e-19	6.4926486608e-31	1.9707445679e-29	8.8925275309e-33	2.0189142326e-39	4.8918967092e-38	1.7503472686e-40	6.5164536138e-34	9.3447453936e-41	8.5740015359e-37	3.7627895161e-42	5.1742439385e-40	7.0815102442e-46	2.0122358855e-53	5.0811094144e-51	6.4998609080e-24	3.8344454303e-23	5.5255724561e-23	2.8551744848e-29	1.9153803596e-32	7.8456051024e-33	4.6708348646e-25	1.4719507669e-33	2.0460328714e-19	1.1451174929e-26	2.0437879061e-21	1.1010837782e-28	1.5668683445e-32	9.7793563004e-36	7.2478577428e-32	1.9866826843e-25	1.5818780384e-36	4.2099478034e-35	2.2924872297e-51	1.4801277431e-54	5.8393465745e-29	1.3486994677e-07	2.9774168768e-08	1.5979247519e-08	5.7063866141e-15	4.6226028211e-28	1.3833021089e-17	6.3108728324e-27	9.6598465610e-16	1.4735353515e-21	3.4482794576e-07	1.8544105053e-11	5.5634438004e-25	1.5906033119e-29	5.7227133846e-29	2.7352851577e-27	1.3356443549e-25	8.6468523788e-12	5.3632224715e-08	8.2799165031e-11	2.0015476582e-08	2.1652284529e-05	1.5573305685e-10	2.6149092033e-13	7.0359681489e-15	1.6538945735e-24	4.9351152877e-10	1.5014843393e-11	1.4208558719e-15	1.1108330338e-06	2.8344539646e-11	6.6699992582e-05	8.6682531567e-13	1.1161028925e-10	5.6440563896e-15	4.2774065175e-22	5.6552166302e-05	5.0288659842e-21	1.2427528846e-19	2.8939067850e-20	6.3309605677e-13	1.2364725009e-13	1.9313433336e-15	5.0579983291e-23	3.4418921246e-49	9.7834988047e-14	6.5121745218e-19	7.1061880113e-29	4.8233776626e-35	1.2506986595e-19	4.6137144732e-19	6.1641535621e-09	9.6448640541e-11	6.6733032214e-21	2.7777654496e-26	8.6404585343e-18	3.3111586904e-09	4.9086893060e-10	2.0420794874e-08	1.2620567702e-12	8.5464670279e-20	2.5765016026e-15	2.7245792290e-23	6.3648213536e-10	1.9747066479e-15	6.9157213032e-12	3.9194487760e-14	7.0712077924e-08	4.3144363781e-18	6.5550779467e-16	6.0327845894e-22	1.7513754902e-20	1.3951621144e-42	4.9050296420e-14	9.3743920786e-22	6.3648213536e-10	9.4038791554e-24	6.2731691999e-29
4.7148663600e-04	1.3636517214e+03	4.6695795636e+15	2.5042760456e+15	2.3119622302e+00	5.4794020542e-22	1.2468031469e-04	1.3543531231e-01	4.6220663354e-16	6.6747101164e-14	7.3322410734e-10	3.5136090487e-07	1.9214264406e-12	7.3718002692e-11	2.5653096790e-09	2.2216881634e-15	2.5079598945e-07	3.8487732107e-06	6.8696015649e-05	6.7436506958e-17	4.0283937509e-06	6.8060481607e-09	0.0000000000e+00	1.9424941151e-21	1.4738952710e-11	1.0353269980e-15	7.8272606344e-14	3.0468303524e-18	4.8076004422e-20	8.8053959308e-14	2.6266722999e-14	8.9987566602e-12	5.2854367225e-18	3.0026956581e-20	1.5916382927e-32	8.6973765627e-28	4.6470919143e-04	5.3669126338e-08	9.0152076521e-30	3.1862692898e-24	2.9800326632e-17	7.6026665428e-24	1.5669342739e-20	6.5548764584e-27	1.7533371208e-25	5.7658922855e-31	4.9109822177e-21	1.6284359492e-22	7.6892344376e-20	1.2853913970e-25	1.0142201135e-19	3.0796354590e-23	3.3737848281e-31	3.7487400579e-25	1.2973277208e-22	5.4080831632e-34	3.6398159795e-27	4.7308151603e-46	3.8431470349e-34	4.5195471049e-42	1.6615091665e-15	1.6943736311e-19	2.4502511382e-26	3.8700317655e-39	5.9964874333e-10	2.1447903046e-22	8.6349129864e-01	9.5952930123e-14	2.0042462607e-22	2.0163865639e-04	2.8258120046e-10	2.1821161712e-27	3.0224931156e-14	3.3387941608e-26	1.8528895198e-42	5.8384936380e-05	3.6465663368e-22	2.1422661097e-48	1.3768398234e-61	1.5189539217e-74	7.4992125564e-18	4.4290034152e-37	3.2970839471e-18	3.5136721397e-27	2.2130710337e-25	1.1370359834e-27	1.0392898468e-19	4.9776988598e-26	7.4184305153e-20	1.5789343794e-31	5.5365599058e-30	2.1281323519e-33	3.6213181504e-40	1.0436403313e-38	2.5789295250e-41	1.3994215449e-34	1.4120220241e-41	1.6957020166e-37	5.6815274420e-43	9.4625686161e-41	1.0747670048e-46	2.0960332239e-54	6.2389330625e-52	2.3329753337e-24	1.5840252540e-23	2.7811569738e-23	7.2755901857e-30	4.9100809963e-33	2.1408910111e-33	1.9124620279e-25	3.7596167564e-34	1.0142201135e-19	4.1173403999e-27	1.0560106214e-21	3.3259611292e-29	3.5794313452e-33	2.1213760493e-36	2.0716427246e-32	7.5710695862e-26	4.2653139350e-37	1.2176192316e-35	3.1112429318e-52	1.5413624916e-55	1.6611214474e-29	1.2992015001e-07	3.4758591003e-08	1.6539024181e-08	3.1102300053e-15	1.4024291601e-28	7.7038497559e-18	2.2781620231e-27	6.3848131935e-16	5.8246346888e-22	3.4483277879e-07	1.8555579416e-11	3.4148416222e-25	6.2626242279e-30	2.3335997694e-29	1.2721966454e-27	7.3642035024e-26	6.5407874130e-12	5.3632978121e-08	5.7698966350e-11	2.2060595991e-08	2.1747249189e-05	1.4223022209e-10	2.6293493060e-13	6.8731682100e-15	1.2521026396e-24	4.9680260503e-10	1.1093626007e-11	8.4864836150e-16	1.0122878985e-06	2.6593091355e-11	6.6700931347e-05	4.6935944949e-13	8.5011676537e-11	3.3201893487e-15	2.1861268296e-22	5.6556125962e-05	2.1377160330e-21	4.8076004422e-20	9.4373376418e-21	5.9894849484e-13	8.9074222713e-14	1.9732176905e-15	4.9825979177e-23	2.8318932101e-49	7.6365123480e-14	4.7483573804e-19	4.0411107143e-29	2.7782138253e-35	6.6210625432e-20	2.5985112566e-19	5.3069276445e-09	7.8513956971e-11	5.5661116069e-21	2.0006635364e-26	1.1891584106e-17	2.7235578091e-09	3.9234952500e-10	2.1040645118e-08	1.3145504482e-12	7.5467936468e-20	1.9867813682e-15	2.7594164124e-23	7.5434030914e-10	2.3067075955e-15	6.1145442839e-12	3.0480268917e-14	8.5613274934e-08	6.0519135044e-18	5.3831382353e-16	3.8036882488e-22	1.1704117744e-20	2.5859729721e-42	4.1554282045e-14	7.9773280217e-22	7.5434030914e-10	1.2829299821e-23	7.5755974036e-29
3.0888436000e-04	1.3351184319e+03	3.1245908824e+15	1.6756850855e+15	2.3119897882e+00	1.8246815022e-22	1.0096684249e-04	1.3543692667e-01	2.3197229044e-16	3.9442256136e-14	5.8606515450e-10	3.1934326165e-07	1.0857579924e-12	5.0522895642e-11	2.0837534609e-09	1.8190273067e-15	2.5080057876e-07	3.8488394273e-06	6.8696852106e-05	4.2293848146e-17	4.0284417683e-06	4.5945534431e-09	0.0000000000e+00	6.6140500387e-22	9.7496905627e-12	6.8820835735e-16	4.7719371610e-14	1.2495789473e-18	1.8385972923e-20	5.8268488532e-14	1.3910118346e-14	5.9127568951e-12	2.4269681174e-18	1.5260124795e-20	4.0461527718e-33	2.8423423678e-28	4.6471146320e-04	5.6944933819e-08	2.0552199756e-30	9.7233824573e-25	1.3994737136e-17	2.5649344707e-24	6.8616562706e-21	2.0627629644e-27	6.5863868452e-26	1.9193719334e-31	2.2159407831e-21	6.8645915195e-23	4.0217376033e-20	4.8250803467e-26	5.0443068482e-20	1.2255782612e-23	8.1667879679e-32	1.4874660021e-25	4.7651541895e-23	1.0410074721e-34	1.5600370641e-27	5.2961453722e-47	8.4455459928e-35	8.4360033423e-43	8.4791545588e-16	8.7911946944e-20	1.1081262562e-26	1.2072657385e-39	4.3245729779e-10	1.0183318344e-22	8.6351341976e-01	5.4917883214e-14	8.9073644374e-23	2.0162644156e-04	2.0582383298e-10	7.9732610077e-28	1.9629254774e-14	1.5086667498e-26	4.8336503643e-43	5.8385673228e-05	1.9406828910e-22	4.3664479655e-49	2.0038622782e-62	1.3734908771e-75	4.4654241880e-18	1.2548156936e-37	1.6697643439e-18	1.2388423951e-27	8.6250626410e-26	3.7330143764e-28	4.9908298261e-20	1.7257019091e-26	3.2875221491e-20	3.8275089226e-32	1.5698634637e-30	5.1469246355e-34	6.5828387020e-41	2.2754075308e-39	3.7646760807e-42	3.0158128518e-35	2.1345374566e-42	3.3899551115e-38	8.6625218806e-44	1.7623139863e-41	1.6701854124e-47	2.2277292568e-55	7.8807571806e-53	8.3807101688e-25	6.5988444824e-24	1.4052989508e-23	1.8587203386e-30	1.2795372286e-33	5.8142049710e-34	7.8967143055e-26	9.6304421188e-35	5.0443068482e-20	1.4821179155e-27	5.3822832829e-22	1.0063521425e-29	8.0692922378e-34	4.5967550557e-37	5.9772033825e-33	2.8524038987e-26	1.1344198032e-37	3.4945769268e-36	4.3528574210e-53	1.6377631515e-56	4.7703093578e-30	1.2424447945e-07	4.0459421912e-08	1.7020808339e-08	1.6703823600e-15	4.1934896561e-29	4.2277150402e-18	8.1372654715e-28	4.1742602038e-16	2.2606391534e-22	3.4483681448e-07	1.8630837842e-11	2.0818025992e-25	2.4362472514e-30	9.4534376843e-30	5.9209343815e-28	4.0965774730e-26	4.9409830846e-12	5.3633617437e-08	4.0080970013e-11	2.4136068713e-08	2.1839543194e-05	1.2848095296e-10	2.6211531121e-13	6.6491946566e-15	9.3454050768e-25	5.0022223324e-10	8.1403017807e-12	5.0338031495e-16	9.1627892982e-07	2.4793953831e-11	6.6701727458e-05	2.5193176282e-13	6.4672448295e-11	1.9256742494e-15	1.0986304969e-22	5.6559011674e-05	8.8455901149e-22	1.8385972923e-20	2.9938533925e-21	5.6577246410e-13	6.3420660520e-14	1.9975084645e-15	4.8598619990e-23	2.3009693475e-49	5.9026317658e-14	3.4243298880e-19	2.2619841469e-29	1.5840456261e-35	3.5047918279e-20	1.4717751038e-19	4.4895106788e-09	6.3593630620e-11	4.5339536041e-21	1.4039124382e-26	1.6175797963e-17	2.2089195653e-09	3.1042588103e-10	2.1386858693e-08	1.3514607599e-12	6.5581816540e-20	1.5229695605e-15	2.7974641689e-23	8.8895466409e-10	2.6797663200e-15	5.3402433462e-12	2.3458355102e-14	1.0203250400e-07	8.2957702487e-18	4.3561402171e-16	2.3724223215e-22	7.7062537822e-21	4.7275125127e-42	3.4547757854e-14	6.7664636914e-22	8.8895466409e-10	1.7304927196e-23	9.0266854893e-29
2.0235896500e-04	1.3071821780e+03	2.0907770148e+15	1.1212503931e+15	2.3120129551e+00	5.9351422473e-23	8.1050540381e-05	1.3543828379e-01	1.1422476766e-16	2.2848109280e-14	4.6194161873e-10	2.8535184280e-07	6.0604425397e-13	3.4085736505e-11	1.6757308422e-09	1.4816984258e-15	2.5080430559e-07	3.8488935293e-06	6.8697552801e-05	2.6151211855e-17	4.0284821347e-06	3.0668363091e-09	0.0000000000e+00	2.2104941307e-22	6.4506636915e-12	4.5772101103e-16	2.8918222741e-14	5.0729154998e-19	6.9494172615e-21	3.8571697570e-14	7.3650791788e-15	3.9209736786e-12	1.1008101428e-18	7.6812681160e-21	1.0082165971e-33	9.1539331960e-29	4.6471254294e-04	6.0526370768e-08	4.5796330869e-31	2.9324082721e-25	6.5848867765e-18	8.6469146804e-25	3.0334198018e-21	6.5366995843e-28	2.5125349466e-26	6.4156890246e-32	9.9652734623e-22	2.8809887259e-23	2.1127822766e-20	1.8150316968e-26	2.5173577153e-20	4.8484535390e-24	1.9441261232e-32	5.8937637829e-26	1.7311363525e-23	1.9687103573e-35	6.6906993938e-28	5.8128128224e-48	1.8633145974e-35	1.5756974765e-43	4.2654007286e-16	4.4992272952e-20	4.9307028360e-27	3.6779305235e-40	3.0835793379e-10	4.7390765671e-23	8.6353200314e-01	3.1198043142e-14	3.9274322298e-23	2.0161443800e-04	1.5024420966e-10	2.9041514220e-28	1.2577007615e-14	6.6760149354e-27	1.2211142640e-43	5.8386287738e-05	1.0195511958e-22	8.6129352744e-50	2.8038410413e-63	1.1822466149e-76	2.6072015781e-18	3.4325046692e-38	8.3722217414e-19	4.3307314537e-28	3.3858402359e-26	1.2243754945e-28	2.4025030741e-20	5.9834629889e-27	1.4512803201e-20	9.2477831265e-33	4.4933021097e-31	1.2582081092e-34	1.2129941658e-41	5.0719843369e-40	5.4436651751e-43	6.5222648435e-36	3.2280703735e-43	6.8516880968e-39	1.3338857345e-44	3.3435954845e-42	2.6586931867e-48	2.4167309645e-56	1.0246177011e-53	3.0131166497e-25	2.7725877777e-24	7.1290921692e-24	4.7608226795e-31	3.3906152149e-34	1.5713023576e-34	3.2886773460e-26	2.4740919156e-35	2.5173577153e-20	5.3413303152e-28	2.7052369584e-22	3.0501779724e-30	1.7946038976e-34	9.9492367108e-38	1.7411294965e-33	1.0621326415e-26	2.9751489874e-38	9.9505978760e-37	6.2817356649e-54	1.7762213800e-57	1.3831553838e-30	1.1781479137e-07	4.6907198836e-08	1.7429022539e-08	8.8276881278e-16	1.2342162074e-29	2.2831668230e-18	2.8776393320e-28	2.7009770682e-16	8.6026540063e-23	3.4484012921e-07	1.8772011023e-11	1.2603444221e-25	9.3614731998e-31	3.8039269937e-30	2.7574743184e-28	2.2995897729e-26	3.7273083899e-12	5.3634154881e-08	2.7752766697e-11	2.6207402443e-08	2.1928391074e-05	1.1476557230e-10	2.5900218260e-13	6.3687279061e-15	6.8745973635e-25	5.0376276617e-10	5.9312495070e-12	2.9646796898e-16	8.2365715995e-07	2.2967850705e-11	6.6702396430e-05	1.3402293478e-13	4.9137737967e-11	1.1008400062e-15	5.4270087679e-23	5.6561106178e-05	3.5608506207e-22	6.9494172615e-21	9.2336375662e-22	5.3356812237e-13	4.4617223998e-14	2.0030204284e-15	4.6919272075e-23	1.8454744524e-49	4.5169649782e-14	2.4418241135e-19	1.2458103109e-29	8.9383781146e-36	1.8549698979e-20	8.3836331409e-20	3.7281871655e-09	5.1211154344e-11	3.6002879277e-21	9.5806485428e-27	2.1714586649e-17	1.7648070427e-09	2.4290833265e-10	2.1425566924e-08	1.3701260047e-12	5.6030969905e-20	1.1596228727e-15	2.8371224799e-23	1.0408662586e-09	3.0937918071e-15	4.6029388083e-12	1.7851946488e-14	1.1950275822e-07	1.1078458486e-17	3.4679746307e-16	1.4615399881e-22	4.9909690283e-21	8.4999187376e-42	2.8139539994e-14	5.7167793202e-22	1.0408662586e-09	2.3043560447e-23	1.0596126031e-28
1.3257113700e-04	1.2798304673e+03	1.3990123417e+15	7.5026176315e+14	2.3120322465e+00	1.8847156149e-23	6.4483649210e-05	1.3543941388e-01	5.5161128302e-17	1.2969317792e-14	3.5894162408e-10	2.5054360205e-07	3.3405699978e-13	2.2604640790e-11	1.3349483818e-09	1.2006012805e-15	2.5080731785e-07	3.8489374957e-06	6.8698134610e-05	1.5937080447e-17	4.0285157482e-06	2.0236378843e-09	0.0000000000e+00	7.2484983977e-23	4.2687890202e-12	3.0459541969e-16	1.7417406267e-14	2.0381222763e-19	2.5953727208e-21	2.5541834314e-14	3.8988470861e-15	2.6246043352e-12	4.9307108843e-19	3.8286604340e-21	2.4614566785e-34	2.9043246651e-29	4.6471250066e-04	6.4448231569e-08	9.9695809778e-32	8.7374678344e-26	3.1044186012e-18	2.9127404693e-25	1.3540490362e-21	2.0861217609e-28	9.7360392086e-27	2.1534937865e-32	4.4660795005e-22	1.2036642530e-23	1.1149028271e-20	6.8420105240e-27	1.2606281419e-20	1.9064556957e-24	4.5496507024e-33	2.3318619744e-26	6.2187829195e-24	3.6564207996e-36	2.8713835119e-28	6.2519585721e-49	4.1274774733e-36	2.9450836481e-44	2.1144178834e-16	2.2706446729e-20	2.1578557542e-27	1.0937149885e-40	2.1733490044e-10	2.1608050357e-23	8.6354746596e-01	1.7588406941e-14	1.7176907676e-23	2.0160226842e-04	1.0991676331e-10	1.0543639682e-28	7.9481046449e-15	2.8918291504e-27	2.9854077523e-44	5.8386796183e-05	5.2860278648e-23	1.6430350715e-50	3.7686569224e-64	9.6771732065e-78	1.4920197847e-18	9.0590887486e-39	4.1552060559e-19	1.5007593611e-28	1.3389394328e-26	4.0115977782e-29	1.1593713070e-20	2.0748101568e-27	6.3814234520e-21	2.2268223121e-33	1.2984370667e-31	3.1095142545e-35	2.2662344991e-42	1.1563371346e-40	7.7952499805e-44	1.4156281363e-36	4.8836644004e-44	1.4003648475e-39	2.0747156574e-45	6.4646576172e-43	4.3372856843e-49	2.6770347079e-57	1.3719079280e-54	1.0842126803e-25	1.1751141413e-24	3.6311952642e-24	1.2225959447e-31	9.1389683661e-35	4.2251970464e-35	1.3816049569e-26	6.3747991392e-36	1.2606281419e-20	1.9271593105e-28	1.3404702332e-22	9.2607929942e-31	3.9362429070e-35	2.1508470838e-38	5.1213684525e-34	3.9079295576e-27	7.6916634258e-39	2.8105845741e-37	9.3562807988e-55	1.9669911417e-58	4.0499157811e-31	1.1063339199e-07	5.4101454456e-08	1.7769964506e-08	4.5841484486e-16	3.5703040014e-30	1.2116795209e-18	1.0081238427e-28	1.7306923021e-16	3.2048876941e-23	3.4484279700e-07	1.8981989995e-11	7.5763018076e-26	3.5522983893e-31	1.5201693379e-30	1.2850449385e-28	1.3028297343e-26	2.8077786292e-12	5.3634602412e-08	1.9153195948e-11	2.8236026161e-08	2.2013128459e-05	1.0134484557e-10	2.5362821591e-13	6.0381551186e-15	4.9825665930e-25	5.0741944804e-10	4.2905791015e-12	1.7333872849e-16	7.3517097928e-07	2.1135694523e-11	6.6702953327e-05	7.0649233191e-14	3.7286758662e-11	6.2009244043e-16	2.6342041298e-23	5.6562621346e-05	1.3937318857e-22	2.5953727208e-21	2.7670443869e-22	5.0234435711e-13	3.1006279112e-14	1.9890988805e-15	4.4824424848e-23	1.4604793541e-49	3.4213676609e-14	1.7212845498e-19	6.7489654658e-30	4.9904777572e-36	9.8159866200e-21	4.8032019122e-20	3.0372848940e-09	4.0988259728e-11	2.7844213676e-21	6.3521646751e-27	2.8748740410e-17	1.3882447723e-09	1.8790565282e-10	2.1144701296e-08	1.3691237529e-12	4.7039876884e-20	8.7676164010e-16	2.8779903373e-23	1.2105359843e-09	3.5484883642e-15	3.9136702932e-12	1.3427597120e-14	1.3744664962e-07	1.4394322812e-17	2.7141860574e-16	8.8874243166e-23	3.1771500881e-21	1.5014322584e-41	2.2436361302e-14	4.8096705153e-22	1.2105359843e-09	3.0273989649e-23	1.2245720539e-28
8.6851137400e-05	1.2530510685e+03	9.3612692588e+14	5.0202230811e+14	2.3120481566e+00	5.8399170499e-24	5.0836823557e-05	1.3544034590e-01	2.6114120049e-17	7.2107087724e-15	2.7486514999e-10	2.1612465203e-07	1.8178662355e-13	1.4713264210e-11	1.0540442463e-09	9.6762952279e-16	2.5080973952e-07	3.8489730119e-06	6.8698613331e-05	9.5696289151e-18	4.0285434701e-06	1.3196623987e-09	0.0000000000e+00	2.3311065652e-23	2.8254566267e-12	2.0281056377e-16	1.0424903999e-14	8.1017556414e-20	9.5746714392e-22	1.6919270669e-14	2.0634644014e-15	1.7736596068e-12	2.1804006140e-19	1.8893347623e-21	5.8852664403e-35	9.0750334005e-30	4.6471139700e-04	6.8749995531e-08	2.1192195916e-32	2.5714585093e-26	1.4664547983e-18	9.8034289413e-26	6.1039091502e-22	6.7056386806e-29	3.8333763778e-27	7.2591273869e-33	1.9944985409e-22	5.0056320486e-24	5.9100568994e-21	2.5847110529e-27	6.3350810588e-21	7.4499039991e-25	1.0462834180e-33	9.2120613378e-27	2.2084593845e-24	6.6665507564e-37	1.2330922748e-28	6.5863472520e-50	9.1800445389e-37	5.5081297067e-45	1.0325446643e-16	1.1296637782e-20	9.2849671572e-28	3.1731355165e-41	1.5137746051e-10	9.6487070200e-24	8.6356020806e-01	9.8386875778e-15	7.4502623420e-24	2.0158967283e-04	8.0595126673e-11	3.8151498853e-29	4.9526535478e-15	1.2256510553e-27	7.0586688161e-45	5.8387213360e-05	2.7039301052e-23	3.0291057500e-51	4.8619177878e-65	7.5248167264e-79	8.3653228410e-19	2.3050459430e-39	2.0408661398e-19	5.1543953632e-29	5.3345641485e-27	1.3129404105e-29	5.6086794362e-21	7.1950107227e-28	2.7946261596e-21	5.3433689929e-34	3.7887644026e-32	7.7704868003e-36	4.2939188393e-43	2.6974809617e-41	1.1051959973e-44	3.0837148096e-37	7.3908976413e-45	2.8947141390e-40	3.2601278537e-46	1.2741633283e-43	7.2545291278e-50	3.0290001655e-58	1.8927482485e-55	3.9045822208e-26	5.0247944083e-25	1.8571316499e-24	3.1479427941e-32	2.5063513760e-35	1.1303013139e-35	5.8560050923e-27	1.6474486324e-36	6.3350810588e-21	6.9612541202e-29	6.5462486075e-23	2.8165889943e-31	8.5121677355e-36	4.6439306627e-39	1.5213712883e-34	1.4203603395e-27	1.9596116250e-39	7.8732976845e-38	1.4391355560e-55	2.2249875637e-59	1.1976864712e-31	1.0274361402e-07	6.2000257801e-08	1.8051000173e-08	2.3356052777e-16	1.0136069052e-30	6.3098021746e-19	3.5006381155e-29	1.0987650622e-16	1.1670443758e-23	3.4484488786e-07	1.9264504053e-11	4.5214750654e-26	1.3307575203e-31	6.0326188947e-31	5.9925365384e-29	7.4508928336e-27	2.1120422224e-12	5.3634971501e-08	1.3173810866e-11	3.0180294839e-08	2.2093213561e-05	8.8450642281e-11	2.4608929215e-13	5.6653154939e-15	3.5569872779e-25	5.1119069852e-10	3.0808891380e-12	1.0059441076e-16	6.5145240808e-07	1.9318015826e-11	6.6703412525e-05	3.6895979052e-14	2.8256989652e-11	3.4406902214e-16	1.2559206845e-23	5.6563714567e-05	5.3008628939e-23	9.5746714392e-22	8.0518308419e-23	4.7211690071e-13	2.1279174998e-14	1.9556868358e-15	4.2364339914e-23	1.1400375853e-49	2.5645275975e-14	1.1991805880e-19	3.5949700463e-30	2.7562784705e-36	5.1932331116e-21	2.7680503474e-20	2.4270903747e-09	3.2608994615e-11	2.0971514104e-21	4.0912913868e-27	3.7544736890e-17	1.0750821332e-09	1.4369507523e-10	2.0555098487e-08	1.3484132607e-12	3.8801244357e-20	6.5829394189e-16	2.9208675984e-23	1.3985325664e-09	4.0439215911e-15	3.2823453400e-12	9.9822846513e-15	1.5525314052e-07	1.8202931608e-17	2.0884930951e-16	5.3353288031e-23	1.9880816652e-21	2.6071328089e-41	1.7511726099e-14	4.0301695745e-22	1.3985325664e-09	3.9248015129e-23	1.3935141638e-28
5.6898660300e-05	1.2268320066e+03	6.2639370103e+14	3.3591795685e+14	2.3120611503e+00	1.7647540253e-24	3.9706269099e-05	1.3544110708e-01	1.2114456692e-17	3.9250452197e-15	2.0736636588e-10	1.8320055665e-07	9.7635061754e-14	9.3854284935e-12	8.2526551331e-10	7.7560875492e-16	2.5081167478e-07	3.8490015151e-06	6.8699003563e-05	5.6599816029e-18	4.0285661107e-06	8.5029723534e-10	0.0000000000e+00	7.3493024861e-24	1.8704789560e-12	1.3511560144e-16	6.1997998949e-15	3.1856598447e-20	3.4881985585e-22	1.1211275100e-14	1.0918145879e-15	1.2102767669e-12	9.5163590251e-20	9.2283948625e-22	1.3774633664e-35	2.7917287934e-30	4.6470928110e-04	7.3476538657e-08	4.3964460558e-33	7.4727721825e-27	6.9409855839e-19	3.2966171721e-26	2.7792503133e-22	2.1712381688e-29	1.5340329145e-27	2.4574788659e-33	8.8751137286e-23	2.0718281871e-24	3.1473863548e-21	9.7853744549e-28	3.1949570398e-21	2.8927618361e-25	2.3635865504e-34	3.6335665984e-27	7.7512327399e-25	1.1927150098e-37	5.2989025791e-29	6.7930088557e-51	2.0501574676e-37	1.0308232903e-45	4.9656295017e-17	5.5386404203e-21	3.9267231236e-28	8.9771112000e-42	1.0417015481e-10	4.2175970427e-24	8.6357060539e-01	5.4598863762e-15	3.2040551387e-24	2.0157649166e-04	5.9230718760e-11	1.3757609816e-29	3.0420992668e-15	5.0804687448e-28	1.6129229321e-45	5.8387552665e-05	1.3642197978e-23	5.3932108432e-52	6.0151942635e-66	5.5525259200e-80	4.5932036904e-19	5.6502808624e-40	9.9176372766e-20	1.7541692042e-29	2.1415792078e-27	4.2921360445e-30	2.7201325525e-21	2.4951659428e-28	1.2187780949e-21	1.2775552176e-34	1.1165184557e-32	1.9638131921e-36	8.2529384902e-44	6.4414162754e-42	1.5509993935e-45	6.7420237135e-38	1.1188722411e-45	6.0530222660e-41	5.1762732104e-47	2.5609457039e-44	1.2446270744e-50	3.5020789337e-59	2.6921796335e-56	1.4073224618e-26	2.1680373386e-25	9.5376555982e-25	8.1268607976e-33	6.9959601342e-36	3.0077518047e-36	2.5046199571e-27	4.2703666879e-37	3.1949570398e-21	2.5174373013e-29	3.1497728905e-23	8.5813349990e-32	1.8142823019e-36	1.0013638141e-39	4.5651121345e-35	5.0981787449e-28	4.9183158431e-40	2.1869907254e-38	2.2873609664e-56	2.5717838910e-60	3.5779506389e-32	9.4238187364e-08	7.0511938356e-08	1.8279886318e-08	1.1657869954e-16	2.8199229867e-31	3.2194566641e-19	1.2054426662e-29	6.9147841311e-17	4.1473584928e-24	3.4484646649e-07	1.9624218455e-11	2.6785097696e-26	4.9203020906e-32	2.3768897973e-31	2.7963279958e-29	4.3021806816e-27	1.5863565737e-12	5.3635272935e-08	9.0299295849e-12	3.1996766855e-08	2.2168234045e-05	7.6278595721e-11	2.3654209639e-13	5.2591624597e-15	2.5003584947e-25	5.1507830834e-10	2.1956050909e-12	5.7934556625e-17	5.7300746862e-07	1.7534400192e-11	6.6703787502e-05	1.9085469181e-14	2.1385371809e-11	1.8799848440e-16	5.8794833502e-24	5.6564501830e-05	1.9579150593e-23	3.4881985585e-22	2.2737196467e-23	4.4290626342e-13	1.4417870529e-14	1.9033499734e-15	3.9600805451e-23	8.7749603331e-50	1.9018367975e-14	8.2547778155e-20	1.8822460117e-30	1.5055963757e-36	2.7468493042e-21	1.6047287261e-20	1.9026836108e-09	2.5797859253e-11	1.5391189071e-21	2.5611881822e-27	4.8408075762e-17	8.1983053320e-10	1.0866397756e-10	1.9687767374e-08	1.3092424134e-12	3.1452850998e-20	4.9103510781e-16	2.9676205220e-23	1.6057257246e-09	4.5810543269e-15	2.7161691165e-12	7.3370325701e-15	1.7235427468e-07	2.2442168386e-17	1.5812060184e-16	3.1647013377e-23	1.2237668687e-21	4.4589692942e-41	1.3388776508e-14	3.3650630410e-22	1.6057257246e-09	5.0254582511e-23	1.5627654335e-28
3.7275937200e-05	1.2011615571e+03	4.1914043471e+14	2.2477262841e+14	2.3120716577e+00	5.1980893527e-25	3.0718964642e-05	1.3544172260e-01	5.5046761465e-18	2.0908621390e-15	1.5407898119e-10	1.5266392549e-07	5.1740054148e-14	5.8588630083e-12	6.4098262264e-10	6.1823063197e-16	2.5081321126e-07	3.8490242299e-06	6.8699318633e-05	3.2963234656e-18	4.0285844188e-06	5.4118261178e-10	0.0000000000e+00	2.2704419526e-24	1.2384926580e-12	9.0068128590e-17	3.6630194192e-15	1.2387494959e-20	1.2546112401e-22	7.4313798816e-15	5.7753778681e-16	8.3402594434e-13	4.0981554561e-20	4.4607060144e-22	3.1545248305e-36	8.4522645406e-31	4.6470618859e-04	7.8678967110e-08	8.8965787682e-34	2.1437028269e-27	3.2918868027e-19	1.1075181297e-26	1.2784037694e-22	7.0825408360e-30	6.2412076739e-28	8.3557148237e-34	3.9346753537e-23	8.5337505016e-25	1.6840067089e-21	3.7126849111e-28	1.6171495060e-21	1.1159600272e-25	5.2429261153e-35	1.4308999162e-27	2.6880307314e-25	2.0930419607e-38	2.2785745991e-29	6.8557311796e-52	4.5976107803e-38	1.9303162848e-46	2.3509566734e-17	2.6753076457e-21	1.6316114606e-28	2.4752754093e-42	7.0805443249e-11	1.8038922975e-24	8.6357900523e-01	3.0053036060e-15	1.3659655915e-24	2.0156265206e-04	4.3630826556e-11	4.9436088384e-30	1.8413667295e-15	2.0586545208e-28	3.5593448815e-46	5.8387826132e-05	6.7868914818e-24	9.2668709868e-53	7.1308096615e-67	3.8838626484e-81	2.4688051545e-19	1.3332859946e-40	4.7673064337e-20	5.9142607727e-30	8.6640421762e-28	1.4014498288e-30	1.3225820962e-21	8.6530475082e-29	5.2926573647e-22	3.0431995351e-35	3.3235056099e-33	5.0202989039e-37	1.6094329495e-44	1.5752062123e-42	2.1539528103e-46	1.4794949250e-38	1.6942503909e-46	1.2806269562e-41	8.3057095546e-48	5.2507440649e-45	2.1913304760e-51	4.1390212837e-60	3.9500269735e-57	5.0765457899e-27	9.4404512203e-26	4.9189776945e-25	2.1036784506e-33	1.9881505302e-36	7.9602886135e-37	1.0811193755e-27	1.1102968922e-37	1.6171495060e-21	9.1144437943e-30	1.4927355332e-23	2.6190596503e-32	3.8100781074e-37	2.1562549845e-40	1.3839106010e-35	1.8066513754e-28	1.2156674865e-40	6.0225884312e-39	3.7589390360e-57	3.0386891396e-61	1.0799209082e-32	8.5262638555e-08	7.9491762553e-08	1.8464256060e-08	5.6924800696e-17	7.6770472147e-32	1.6072479076e-19	4.1180596006e-30	4.3153378050e-17	1.4361954309e-24	3.4484759128e-07	2.0066854476e-11	1.5748191626e-26	1.7949991998e-32	9.2968297304e-32	1.3057187898e-29	2.5084532943e-27	1.1897164603e-12	5.3635516687e-08	6.1677516846e-12	3.3641709023e-08	2.2237908968e-05	6.4983143676e-11	2.2519869519e-13	4.8293653907e-15	1.7301391678e-25	5.1908753943e-10	1.5526696985e-12	3.3106502239e-17	5.0021106244e-07	1.5802964823e-11	6.6704090698e-05	9.7765499079e-15	1.6162736611e-11	1.0112120175e-16	2.7015747774e-24	5.6565068010e-05	7.0186531057e-24	1.2546112401e-22	6.2268112299e-24	4.1473561056e-13	9.6421133312e-15	1.8332661092e-15	3.6604157732e-23	6.6582287166e-50	1.3950889646e-14	5.6132105750e-20	9.6834698063e-31	8.1321804043e-37	1.4524909821e-21	9.3595902306e-21	1.4638521291e-09	2.0308969600e-11	1.1018425579e-21	1.5599199709e-27	6.1703613010e-17	6.1590858898e-10	8.1303922536e-11	1.8588556828e-08	1.2538803983e-12	2.5067209984e-20	3.6412032059e-16	3.0209845902e-23	1.8334581264e-09	5.1621816268e-15	2.2188437635e-12	5.3347422222e-15	1.8828380290e-07	2.7046770480e-17	1.1793600391e-16	1.8572292200e-23	7.4193116555e-22	7.5333689859e-41	1.0038993100e-14	2.8018745380e-22	1.8334581264e-09	6.3640829728e-23	1.7294470587e-28
2.4420530900e-05	1.1760282405e+03	2.8046026679e+14	1.5040200554e+14	2.3120800693e+00	1.4915766984e-25	2.3536070528e-05	1.3544221536e-01	2.4488822590e-18	1.0894928481e-15	1.1271933517e-10	1.2513543065e-07	2.7045624320e-14	3.5746725211e-12	4.9404153520e-10	4.8998461963e-16	2.5081442260e-07	3.8490421975e-06	6.8699570541e-05	1.8897215449e-18	4.0285990754e-06	3.4014695832e-10	0.0000000000e+00	6.8700698462e-25	8.2017466203e-13	6.0074538192e-17	2.1497808006e-15	4.7623497374e-21	4.4537144626e-23	4.9274466494e-15	3.0540725235e-16	5.8053496401e-13	1.7408510419e-20	2.1332615304e-22	7.0651806343e-37	2.5176616184e-31	4.6470213995e-04	8.4415593113e-08	1.7551061278e-34	6.0687215082e-28	1.5643965733e-19	3.7170756261e-27	5.9416197039e-23	2.3277301189e-30	2.5823296412e-28	2.8535766300e-34	1.7377985921e-23	3.4975688914e-25	9.0532561073e-22	1.4117296365e-28	8.2154694676e-22	4.2765428385e-26	1.1415137999e-35	5.6255092583e-28	9.2079259014e-26	3.6011046094e-39	9.8045625276e-30	6.7670484382e-53	1.0353793292e-38	3.6168171152e-47	1.0954035150e-17	1.2726849886e-21	6.6585749119e-29	6.6484479029e-43	4.7524763726e-11	7.5458646943e-25	8.6358572304e-01	1.6404847914e-15	5.7716292619e-25	2.0154815256e-04	3.2215367749e-11	1.7699994379e-30	1.0980104630e-15	8.1508316478e-29	7.5801886614e-47	5.8388044475e-05	3.3283375299e-24	1.5355102183e-53	8.0927067517e-68	2.5723955257e-82	1.2983913769e-19	3.0262178580e-41	2.2662415058e-20	1.9750164269e-30	3.5327479273e-28	4.5701545055e-31	6.4471824996e-22	3.0007262245e-29	2.2883539381e-22	7.2213252103e-36	9.9944812736e-34	1.2984292266e-37	3.1853070924e-45	3.9465083758e-43	2.9593678145e-47	3.2588124457e-39	2.5660725581e-47	2.7418208531e-42	1.3470508697e-48	1.0985956110e-45	3.9611159259e-52	5.0024239816e-61	5.9817157050e-58	1.8327139081e-27	4.1491993684e-26	2.5478335265e-25	5.4601461216e-34	5.7542062902e-37	2.0950353884e-37	4.7104918831e-28	2.8956502336e-38	8.2154694676e-22	3.3036991294e-30	6.9657229797e-24	8.0075116379e-33	7.8810057504e-38	4.6364022001e-41	4.2391516230e-36	6.3190477375e-29	2.9581295331e-41	1.6439138097e-39	6.3908722851e-58	3.6715368372e-62	3.2937368161e-33	7.6011147839e-08	8.8746136910e-08	1.8611266671e-08	2.7158093495e-17	2.0426555917e-32	7.8411611248e-20	1.3961611629e-30	2.6715084940e-17	4.8398250730e-25	3.4484831360e-07	2.0599337019e-11	9.1880921406e-27	6.4593658573e-33	3.6092348257e-32	6.1009012401e-30	1.4771987338e-27	8.9087381130e-13	5.3635711822e-08	4.1976384298e-12	3.5072758056e-08	2.2302085866e-05	5.4675115044e-11	2.1231832263e-13	4.3858778517e-15	1.1781129309e-25	5.2322713089e-10	1.0893823295e-12	1.8768422455e-17	4.3330643219e-07	1.4139901757e-11	6.6704333406e-05	4.9582902050e-15	1.2198525323e-11	5.3526076311e-17	1.2179482127e-24	5.6565474840e-05	2.4403580558e-24	4.4537144626e-23	1.6527145310e-24	3.8762870681e-13	6.3628535796e-15	1.7471786784e-15	3.3449798254e-23	4.9792457311e-50	1.0120422090e-14	3.7696365898e-20	4.8933865560e-31	4.3423832482e-37	7.6782819446e-22	5.4926984440e-21	1.1058817423e-09	1.5922195256e-11	7.7046707494e-22	9.2556031946e-28	7.7882638780e-17	4.5612381576e-10	6.0231330148e-11	1.7311819319e-08	1.1852661201e-12	1.9653612912e-20	2.6863691439e-16	3.0843799048e-23	2.0836868166e-09	5.7912489374e-15	1.7905281644e-12	3.8398579968e-15	2.0270905642e-07	3.1966949109e-17	8.6790778493e-17	1.0800929131e-23	4.4369797850e-22	1.2616955749e-40	7.3927177600e-15	2.3285106314e-22	2.0836868166e-09	7.9839623591e-23	1.8917134556e-28
1.5998587200e-05	1.1514208179e+03	1.8766479117e+14	1.0063842523e+14	2.3120867349e+00	4.1672037128e-26	1.7854693078e-05	1.3544260583e-01	1.0661474737e-18	5.5506238518e-16	8.1164563411e-11	1.0095604175e-07	1.3940722185e-14	2.1294899395e-12	3.7797458442e-10	3.8608887006e-16	2.5081537051e-07	3.8490562991e-06	6.8699769950e-05	1.0660418616e-18	4.0286106896e-06	2.1106730227e-10	0.0000000000e+00	2.0351683486e-25	5.4323426463e-13	4.0092792583e-17	1.2530792526e-15	1.8096728586e-21	1.5599562237e-23	3.2682028717e-15	1.6144810603e-16	4.0823083552e-13	7.2922238261e-21	1.0091329895e-22	1.5468169600e-37	7.3755127804e-32	4.6469713895e-04	9.0753078212e-08	3.3736592132e-35	1.6949062984e-28	7.4496135955e-20	1.2462224063e-27	2.7907097718e-23	7.7087848843e-31	1.0869110120e-28	9.7888371148e-35	7.6454885217e-24	1.4261988000e-25	4.8906338491e-22	5.3799099080e-29	4.1892531695e-22	1.6277132156e-26	2.4384559285e-36	2.2078354445e-28	3.1148193414e-26	6.0717862483e-40	4.2216409688e-30	6.5294035428e-54	2.3415777925e-39	6.7805863191e-48	5.0212755206e-18	5.9607656644e-22	2.6678546178e-29	1.7385729945e-43	3.1491240698e-11	3.0857423413e-25	8.6359104083e-01	8.8787982473e-16	2.4164704800e-25	2.0153304233e-04	2.3843561069e-11	6.3137449791e-31	6.4481779087e-16	3.1517442873e-29	1.5567714853e-47	5.8388217131e-05	1.6085081705e-24	2.4517757437e-54	8.7846675146e-69	1.6114783104e-83	6.6784837140e-20	6.6016760670e-42	1.0651294248e-20	6.5310960084e-31	1.4519958523e-28	1.4883531491e-31	3.1509652290e-22	1.0405345536e-29	9.8497130055e-23	1.7068166694e-36	3.0368914198e-34	3.3982003278e-38	6.3995525687e-46	1.0134384812e-43	4.0214515021e-48	7.2051518925e-40	3.8871720284e-48	5.9416177674e-43	2.2085646906e-49	2.3464147148e-46	7.3548456369e-53	6.1850465955e-62	9.3546932897e-59	6.6216802036e-28	1.8409850042e-26	1.3254374165e-25	1.4210353769e-34	1.6966620600e-37	5.4823208734e-38	2.0720006232e-28	7.5752696242e-39	4.1892531695e-22	1.1988575421e-30	3.1995524814e-24	2.4525252548e-33	1.6050890363e-38	9.9541530402e-42	1.3123177421e-36	2.1808167981e-29	7.0838961378e-42	4.4467834315e-40	1.1248381571e-58	4.5382271766e-63	1.0153104726e-33	6.6713583212e-08	9.8045621732e-08	1.8727388712e-08	1.2646459429e-17	5.3063734054e-33	3.7345846842e-20	4.6988931771e-31	1.6410331017e-17	1.5854002106e-25	3.4484867731e-07	2.1229974726e-11	5.3187383193e-27	2.2921301512e-33	1.3905285226e-32	2.8524591561e-30	8.7875344301e-28	6.6604606463e-13	5.3635866452e-08	2.8463224119e-12	3.6250654213e-08	2.2360733272e-05	4.5421834414e-11	1.9819685044e-13	3.9385029662e-15	7.8920204480e-26	5.2750921575e-10	7.5820829255e-13	1.0553801331e-17	3.7240907432e-07	1.2559111136e-11	6.6704525727e-05	2.4891104034e-15	9.1935004396e-12	2.7872562532e-17	5.3852287898e-25	5.6565766996e-05	8.2245975254e-25	1.5599562237e-23	4.2485835101e-25	3.6160802959e-13	4.1421328368e-15	1.6473171715e-15	3.0214488519e-23	3.6692750946e-50	7.2588719390e-15	2.4995817803e-20	2.4280737611e-31	2.2918308070e-37	4.0576902440e-22	3.2436761864e-21	8.2083968570e-10	1.2442579624e-11	5.2700364376e-22	5.3575452567e-28	9.7516893034e-17	3.3320790373e-10	4.4212914576e-11	1.5914414111e-08	1.1066540195e-12	1.5168944996e-20	1.9735694044e-16	3.1617911915e-23	2.3590985482e-09	6.4740771867e-15	1.4283508546e-12	2.7381665367e-15	2.1543679052e-07	3.7183172797e-17	6.3123891270e-17	6.2356069409e-24	2.6217157769e-22	2.1026983476e-40	5.3550874831e-15	1.9333051618e-22	2.3590985482e-09	9.9403735945e-23	2.0488026927e-28
1.0481131300e-05	1.1273282853e+03	1.2557233908e+14	6.7340143056e+13	2.3120919627e+00	1.1328981833e-26	1.3408218476e-05	1.3544291207e-01	4.5402597587e-19	2.7635901010e-16	5.7505564570e-11	8.0217144010e-08	7.0836638101e-15	1.2376971240e-12	2.8709992682e-10	3.0242151351e-16	2.5081610651e-07	3.8490672769e-06	6.8699926207e-05	5.9157703481e-19	4.0286197985e-06	1.2926659995e-10	0.0000000000e+00	5.8996424857e-26	3.5985804649e-13	2.6773280355e-17	7.2531518371e-16	6.7952361104e-22	5.3894936825e-24	2.1683377194e-15	8.5315495136e-17	2.9005989644e-13	3.0112741852e-21	4.7207938443e-23	3.3087748840e-38	2.1242244197e-32	4.6469117129e-04	9.7767774584e-08	6.3149472408e-36	4.6684537546e-29	3.5547754769e-20	4.1735704692e-28	1.3248757210e-23	2.5727475168e-31	4.6553000659e-29	3.3731192345e-35	3.3503092272e-24	5.7853169929e-26	2.6549553333e-22	2.0547803587e-29	2.1443121549e-22	6.1522625397e-27	5.1084844997e-37	8.6496579830e-29	1.0402170657e-26	1.0028181795e-40	1.8189582210e-30	6.1552592065e-55	5.3183752146e-40	1.2718583234e-48	2.2636664503e-18	2.7477141206e-22	1.0490450543e-29	4.4238715764e-44	2.0594925022e-11	1.2329846897e-25	8.6359520689e-01	4.7637776627e-16	1.0022877942e-25	2.0151739439e-04	1.7690203541e-11	2.2435797859e-31	3.7281563132e-16	1.1896468297e-29	3.0809119809e-48	5.8388352319e-05	7.6581767378e-25	3.7695098581e-55	9.1124663591e-70	9.5373102136e-85	3.3581899502e-20	1.3830285995e-42	4.9482777106e-21	2.1381992265e-31	6.0163657574e-29	4.8403226424e-32	1.5440278543e-22	3.6078126736e-30	4.2201145784e-23	4.0177833331e-37	9.3255860185e-35	9.0013021483e-39	1.3054937619e-46	2.6685943972e-44	5.4034093866e-49	1.5991156429e-40	5.8891185814e-49	1.3034780857e-43	3.6612293732e-50	5.1177286710e-47	1.4034092085e-53	7.8262979196e-63	1.5116930729e-59	2.3943293966e-28	8.2474629327e-27	6.9257798439e-26	3.7084143306e-35	5.0982438971e-38	1.4262018880e-38	9.2027077163e-29	1.9879559434e-39	2.1443121549e-22	4.3554087536e-31	1.4461355892e-24	7.5247989315e-34	3.2176134467e-39	2.1337232214e-42	4.1064259248e-37	7.4241423522e-30	1.6688789896e-42	1.1917719119e-40	2.0508324796e-59	5.7407755079e-64	3.1637085629e-34	5.7614713403e-08	1.0714575587e-07	1.8818306574e-08	5.7437787494e-18	1.3449006195e-33	1.7352673034e-20	1.5702359612e-31	1.0004205195e-17	5.0441724908e-26	3.4484871846e-07	2.1968679154e-11	3.0542913273e-27	8.0182610467e-34	5.3156640675e-33	1.3345164101e-30	5.2816699385e-28	4.9715594451e-13	5.3635987726e-08	1.9227755407e-12	3.7140951462e-08	2.2413929286e-05	3.7249517651e-11	1.8315458826e-13	3.4964859308e-15	5.1993921382e-26	5.3194916032e-10	5.2340137128e-13	5.8855227421e-18	3.1751470217e-07	1.1071940635e-11	6.6704676558e-05	1.2365806266e-15	6.9186597659e-12	1.4273368599e-17	2.3343654163e-25	5.6565976695e-05	2.6850519724e-25	5.3894936825e-24	1.0570834752e-25	3.3669312966e-13	2.6593286432e-15	1.5362903117e-15	2.6972717097e-23	2.6640604581e-50	5.1465860272e-15	1.6361099500e-20	1.1825976324e-31	1.1953113641e-37	2.1436396280e-22	1.9278085760e-21	5.9896841689e-10	9.7005108106e-12	3.5313391933e-22	3.0297436636e-28	1.2134066912e-16	2.4027396993e-10	3.2182813694e-11	1.4450870224e-08	1.0213116012e-12	1.1532732199e-20	1.4450581095e-16	3.2577381658e-23	2.6632108181e-09	7.2185362852e-15	1.1272085597e-12	1.9359032065e-15	2.2639950850e-07	4.2715711196e-17	4.5450192836e-17	3.5800000010e-24	1.5331278652e-22	3.5004008974e-40	3.8217788802e-15	1.6052317624e-22	2.6632108181e-09	1.2304787524e-22	2.2009486749e-28
6.8664884500e-06	1.1037398691e+03	8.4024309465e+13	4.5059279230e+13	2.3120960201e+00	2.9952178993e-27	9.9654571164e-06	1.3544314976e-01	1.8904043517e-19	1.3440378470e-16	4.0076512298e-11	6.2811973389e-08	3.5471415251e-15	7.0158578392e-13	2.1654042167e-10	2.3545348860e-16	2.5081667334e-07	3.8490757512e-06	6.8700047395e-05	3.2281812986e-19	4.0286268682e-06	7.8115938006e-11	0.0000000000e+00	1.6727487170e-26	2.3841509508e-13	1.7889536353e-17	4.1684230666e-16	2.5206751309e-22	1.8360934027e-24	1.4390356863e-15	4.5066149448e-17	2.0828175143e-13	1.2254522478e-21	2.1834350177e-23	6.9117789254e-39	6.0125846890e-33	4.6468420318e-04	1.0554730252e-07	1.1504215299e-36	1.2677669069e-29	1.6997647647e-20	1.3960842745e-28	6.3586534517e-24	8.6539637712e-32	2.0295842187e-29	1.1676554337e-35	1.4621632978e-24	2.3342745373e-26	1.4484839200e-22	7.8655556225e-30	1.1018236708e-22	2.3088367060e-27	1.0491216531e-37	3.3824632995e-29	3.4285387261e-27	1.6216263793e-41	7.8424658916e-31	5.6660838383e-56	1.2131944761e-40	2.3868705483e-49	1.0032613390e-18	1.2461801320e-22	4.0467682833e-30	1.0947238955e-44	1.3289632798e-11	4.8116471142e-26	8.6359843659e-01	2.5332581217e-16	4.1174916495e-26	2.0150127539e-04	1.3157207553e-11	7.9412892867e-32	2.1214705992e-16	4.3811278835e-30	5.8709828299e-49	5.8388457111e-05	3.5908521295e-25	5.5760355855e-56	9.0244221510e-71	5.3263910797e-86	1.6500046754e-20	2.7801511209e-43	2.2717013245e-21	6.9287739736e-32	2.5134797295e-29	1.5718325449e-32	7.5860580553e-23	1.2507562136e-30	1.7995885852e-23	9.4180415919e-38	2.8945078229e-35	2.4136392463e-39	2.7048020435e-47	7.2088152708e-45	7.1768101100e-50	3.5627458232e-41	8.9226955296e-50	2.8954881667e-44	6.1377230549e-51	1.1402857633e-47	2.7533526006e-54	1.0139001847e-63	2.5257159085e-60	8.6643596723e-29	3.7311747611e-27	3.6352061300e-26	9.7042349485e-36	1.5617272324e-38	3.6878407337e-39	4.1277715035e-29	5.2333950580e-40	1.1018236708e-22	1.5840963698e-31	6.4295319993e-25	2.3128292221e-34	6.3464384442e-40	4.5661468388e-43	1.2990654609e-37	2.4922936515e-30	3.8664869220e-43	3.1639331998e-41	3.8757955530e-60	7.4348651043e-65	9.9668410748e-35	4.8949145277e-08	1.1581214925e-07	1.8888899611e-08	2.5434206385e-18	3.3243405829e-34	7.8631329772e-21	5.2108730268e-32	6.0535798875e-18	1.5580303644e-26	3.4484846517e-07	2.2827232313e-11	1.7396390384e-27	2.7642513490e-34	2.0159265450e-33	6.2474834721e-31	3.2079961041e-28	3.7048097040e-13	5.3636081850e-08	1.2939045937e-12	3.7715600850e-08	2.2461846992e-05	3.0147567975e-11	1.6752316292e-13	3.0681600097e-15	3.3678021481e-26	5.3656534195e-10	3.5830330521e-13	3.2545031814e-18	2.6851063567e-07	9.6870386671e-12	6.6704793620e-05	6.0780570849e-16	5.1989600817e-12	7.1855624605e-18	9.9161931932e-26	5.6566127112e-05	8.4854952676e-26	1.8360934027e-24	2.5438503318e-26	3.1289929140e-13	1.6833666591e-15	1.4169598880e-15	2.3793411218e-23	1.9054707433e-50	3.6062380741e-15	1.0568953411e-20	5.6517415199e-32	6.1593393126e-38	1.1320820948e-22	1.1532393377e-21	4.2991796057e-10	7.5513481338e-12	2.3213484016e-22	1.6761468640e-28	1.5030337572e-16	1.7113269356e-10	2.3246806976e-11	1.2970019473e-08	9.3229373971e-13	8.6425735664e-21	1.0554299163e-16	3.3773443534e-23	3.0004725626e-09	8.0347104170e-15	8.8062118903e-13	1.3580209994e-15	2.3563055052e-07	4.8629714641e-17	3.2448709004e-17	2.0474266159e-24	8.8869984286e-23	5.8422646547e-40	2.6912719063e-15	1.3341312399e-22	3.0004725626e-09	1.5170109226e-22	2.3492161277e-28
4.4984326700e-06	1.0806450212e+03	5.6223223458e+13	3.0150494862e+13	2.3120991361e+00	7.6965547127e-28	7.3288526769e-06	1.3544333229e-01	7.6918627592e-20	6.3817902320e-17	2.7464163815e-11	4.8493891517e-08	1.7498778167e-15	3.8783546823e-13	1.6218916169e-10	1.8218384988e-16	2.5081710622e-07	3.8490822368e-06	6.8700140409e-05	1.7316487477e-19	4.0286322976e-06	4.6564565983e-11	0.0000000000e+00	4.6366530121e-27	1.5797554279e-13	1.1960836433e-17	2.3781811283e-16	9.2345695764e-23	6.1661713425e-25	9.5529702192e-16	2.3795035626e-17	1.5117326731e-13	4.9131406718e-22	9.9820116010e-24	1.4092361685e-39	1.6719008207e-33	4.6467617993e-04	1.1419241158e-07	2.0384776583e-37	3.3931415357e-30	8.1446144771e-21	4.6642320070e-29	3.0857801602e-24	2.9341950718e-32	9.0096684645e-30	4.0607244596e-36	6.3546920450e-25	9.3669287633e-27	7.9426869903e-23	3.0176817981e-30	5.6837472728e-23	8.6016326129e-28	2.1111810450e-38	1.3202106684e-29	1.1149600707e-27	2.5662330231e-42	3.3835381080e-31	5.0903082946e-57	2.7796059080e-41	4.4815201088e-50	4.3697890765e-19	5.5587624465e-23	1.5308475987e-30	2.6329888522e-45	8.4591587889e-12	1.8329638777e-26	8.6360091407e-01	1.3349085741e-16	1.6749496674e-26	2.0148471633e-04	9.8102364759e-12	2.7995527451e-32	1.1877412717e-16	1.5733759483e-30	1.0764143195e-49	5.8388537515e-05	1.6576789847e-25	7.9296768712e-57	8.5243304786e-72	2.8036601008e-87	7.9179088735e-21	5.3578956790e-44	1.0303419570e-21	2.2218144995e-32	1.0588774728e-29	5.0964915766e-33	3.7371321390e-23	4.3353667096e-31	7.6369032356e-24	2.1981263759e-38	9.0823915719e-36	6.5529440940e-40	5.6930105859e-48	1.9986654551e-45	9.4199476344e-51	7.9684475723e-42	1.3519109055e-50	6.5139763771e-45	1.0406992216e-51	2.5964228499e-48	5.5567628864e-55	1.3453563981e-64	4.3656931009e-61	3.1377649701e-29	1.7048967027e-27	1.9167710049e-26	2.5464260014e-36	4.8786042615e-39	9.4769194131e-40	1.8700927453e-29	1.3821004126e-40	5.6837472728e-23	5.7679611116e-32	2.8109345002e-25	7.1213338170e-35	1.2312000748e-40	9.7545304267e-44	4.1554558931e-38	8.2478561349e-31	8.8061239185e-44	8.3186464021e-42	7.5974481454e-61	9.8620967017e-66	3.1751134292e-35	4.0917204127e-08	1.2384462620e-07	1.8943276621e-08	1.0980145564e-18	8.0134906641e-35	3.4747041194e-21	1.7174209264e-32	3.6361660461e-18	4.6712609750e-27	3.4484793763e-07	2.3819611456e-11	9.8261008930e-28	9.3884366582e-35	7.5832680241e-34	2.9265800958e-31	1.9694201837e-28	2.7561847095e-13	5.3636154136e-08	8.6729738168e-13	3.7954315969e-08	2.2504737656e-05	2.4074281264e-11	1.5163232296e-13	2.6606674009e-15	2.1440503071e-26	5.4137888368e-10	2.4320245092e-13	1.7841705167e-18	2.2518988207e-07	8.4103223443e-12	6.6704883519e-05	2.9550648090e-16	3.9007657722e-12	3.5548657488e-18	4.1262058725e-26	5.6566234897e-05	2.5941280162e-26	6.1661713425e-25	5.9167453769e-27	2.9023651846e-13	1.0503303608e-15	1.2923049316e-15	2.0737222799e-23	1.3424913419e-50	2.4967742882e-15	6.7363084834e-21	2.6493719860e-32	3.1350992220e-38	5.9765919159e-23	6.9448176384e-22	3.0367890756e-10	5.8741167581e-12	1.4988906048e-22	9.0827198994e-29	1.8563631922e-16	1.2045971803e-10	1.6674614937e-11	1.1513051271e-08	8.4229685907e-13	6.3874809262e-21	7.6952551233e-17	3.5265047627e-23	3.3763778545e-09	8.9350929854e-15	6.8149305762e-13	9.4584694845e-16	2.4323526919e-07	5.5037795289e-17	2.3005059234e-17	1.1682508616e-24	5.1138927774e-23	9.8099974750e-40	1.8725998168e-15	1.1108758266e-22	3.3763778545e-09	1.8657353790e-22	2.4953111468e-28
2.9470517000e-06	1.0580334139e+03	3.7620658222e+13	2.0174586783e+13	2.3121015038e+00	1.9210039282e-28	5.3320037606e-06	1.3544347099e-01	3.0570247095e-20	2.9569852293e-17	1.8501082039e-11	3.6931349187e-08	8.5016558851e-16	2.0912997405e-13	1.2064339078e-10	1.4007830899e-16	2.5081743399e-07	3.8490871570e-06	6.8700211048e-05	9.1276576646e-20	4.0286364230e-06	2.7371990913e-11	0.0000000000e+00	1.2558342064e-27	1.0468744831e-13	8.0018735747e-18	1.3467155740e-16	3.3402654894e-23	2.0406580090e-25	6.3434077606e-16	1.2558017363e-17	1.1092747896e-13	1.9399776010e-22	4.5096208378e-24	2.8029885955e-40	4.5654197181e-34	4.6466702428e-04	1.2381918373e-07	3.5111903441e-38	8.9477782106e-31	3.9107896933e-21	1.5562724930e-29	1.5144552401e-24	1.0029263626e-32	4.0737281469e-30	1.4188014625e-36	2.7500205533e-25	3.7376987794e-27	4.3777580192e-23	1.1603895697e-30	2.9436239975e-23	3.1807115784e-28	4.1609868003e-39	5.1428407691e-30	3.5763765412e-28	3.9723537493e-43	1.4607572034e-31	4.4605236047e-58	6.3967364870e-42	8.4181378763e-51	1.8697767476e-19	2.4378575899e-23	5.6765977241e-31	6.1514792088e-46	5.3098129568e-12	6.8126984732e-27	8.6360279451e-01	6.9691411039e-17	6.7452324672e-27	2.0146768922e-04	7.3332409246e-12	9.8284775688e-33	6.5403574695e-17	5.5071965421e-31	1.8973064151e-50	5.8388598572e-05	7.5316768425e-26	1.0832272630e-57	7.6724396037e-73	1.3892176307e-88	3.7091069711e-21	9.8907066607e-45	4.6156142017e-22	7.0485059310e-33	4.4988641396e-30	1.6498251280e-33	1.8460096188e-23	1.5024022816e-31	3.2247936795e-24	5.1074612645e-39	2.8815711922e-36	1.8017137560e-40	1.2176056748e-48	5.6900185840e-46	1.2214947528e-51	1.7892164202e-42	2.0482502753e-51	1.4844520061e-45	1.7850745282e-52	6.0440359636e-49	1.1542088233e-55	1.8292139982e-65	7.8115228340e-62	1.1371823571e-29	7.8695772614e-28	1.0153657713e-26	6.7004631437e-37	1.5546806562e-39	2.4198787425e-40	8.5591869277e-30	3.6617279807e-41	2.9436239975e-23	2.1025556856e-32	1.2080084754e-25	2.1965971269e-35	2.3483736554e-41	2.0800495500e-44	1.3443339490e-38	2.6898734611e-31	1.9708933883e-44	2.1655628854e-42	1.5457615405e-61	1.3404117733e-66	1.0230112759e-35	3.3666888821e-08	1.3109528893e-07	1.8984841958e-08	4.6224741973e-19	1.8842828685e-35	1.4977866751e-21	5.6219727767e-33	2.1681753203e-18	1.3596599077e-27	3.4484714806e-07	2.4962386204e-11	5.5030233328e-28	3.1404111507e-35	2.8289541200e-34	1.3717879434e-31	1.2222780504e-28	2.0469336635e-13	5.3636209061e-08	5.7901269384e-13	3.7845628311e-08	2.2542912754e-05	1.8963401029e-11	1.3579742614e-13	2.2797675899e-15	1.3411587870e-26	5.4641336723e-10	1.6365055941e-13	9.6954525510e-19	1.8726702522e-07	7.2450518488e-12	6.6704951829e-05	1.4207669403e-16	2.9221807394e-12	1.7276431856e-18	1.6811289523e-26	5.6566312016e-05	7.6664110460e-27	2.0406580090e-25	1.3291334329e-27	2.6870885255e-13	6.4579383777e-16	1.1652858017e-15	1.7854539412e-23	9.3161100440e-51	1.7076439623e-15	4.2352306882e-21	1.2177590944e-32	1.5759426365e-38	3.1541031522e-23	4.2106281212e-22	2.1118697854e-10	4.5693934293e-12	9.5173088005e-23	4.8259253347e-29	2.2893910115e-16	8.3839095165e-11	1.1883833303e-11	1.0112743948e-08	7.5358287233e-13	4.6579878273e-21	5.6049482553e-17	3.7121560523e-23	3.7976046522e-09	9.9348425453e-15	5.2270779547e-13	6.5446348316e-16	2.4936347868e-07	6.2102396396e-17	1.6217807011e-17	6.6601247167e-25	2.9250801953e-23	1.6624727658e-39	1.2890311848e-15	9.2744740167e-23	3.7976046522e-09	2.2924326122e-22	2.6414040652e-28
1.9306977300e-06	1.0358949358e+03	2.5173113205e+13	1.3499412025e+13	2.3121032837e+00	4.6542758677e-29	3.8367324971e-06	1.3544357526e-01	1.1861517372e-20	1.3363155986e-17	1.2247225851e-11	2.7753866076e-08	4.0665026693e-16	1.1005004347e-13	8.9122857850e-11	1.0701158753e-16	2.5081768002e-07	3.8490908567e-06	6.8700264129e-05	4.7260195522e-20	4.0286395243e-06	1.5862155586e-11	0.0000000000e+00	3.3219603967e-28	6.9381405442e-14	5.3566360016e-18	7.5682014673e-17	1.1925714877e-23	6.6529688211e-26	4.2132663756e-16	6.6242960150e-18	8.2304837128e-14	7.5416078343e-23	2.0127754194e-24	5.4358814088e-41	1.2237724946e-34	4.6465663448e-04	1.3456164947e-07	5.8753648026e-39	2.3239716005e-31	1.8818202923e-21	5.1856112607e-30	7.5183580451e-25	3.4562590748e-33	1.8767161338e-30	4.9807256865e-37	1.1848793644e-25	1.4829034371e-27	2.4254935333e-23	4.4722565004e-31	1.5306703511e-23	1.1672081668e-28	8.0286013771e-40	1.9993370335e-30	1.1311666494e-28	6.0116293797e-44	6.3106418723e-32	3.8103083104e-59	1.4786933914e-42	1.5819363574e-51	7.8566356481e-20	1.0507827392e-23	2.0625082625e-31	1.3951911419e-46	3.2858124199e-12	2.4692525880e-27	8.6360420690e-01	3.6038958590e-17	2.6885217335e-27	2.0145009276e-04	5.4957787270e-12	3.4358507801e-33	3.5409962861e-17	1.8777927286e-31	3.2123950709e-51	5.8388644458e-05	3.3668636318e-26	1.4202160763e-58	6.5736097846e-74	6.4717660245e-90	1.6952937435e-21	1.7473339303e-45	2.0416343462e-22	2.2116504643e-33	1.9279929100e-30	5.3317977551e-34	9.1435503211e-24	5.2051842148e-32	1.3547883455e-24	1.1812973711e-39	9.2457158627e-37	5.0177650821e-41	2.6469393339e-49	1.6641444613e-46	1.5643402862e-52	4.0333831790e-43	3.1029694450e-52	3.4274659102e-46	3.0979750670e-53	1.4389200249e-49	2.4687308831e-56	2.5495432308e-66	1.4477819004e-62	4.1243921336e-30	3.6701236011e-28	5.4040146680e-27	1.7680325731e-37	5.0558519196e-40	6.1387098850e-41	3.9582148781e-30	9.7327139429e-42	1.5306703511e-23	7.6727894127e-33	5.1012933260e-26	6.7875548474e-36	4.4023052979e-42	4.4270805192e-45	4.3992492630e-39	8.6422784147e-32	4.3329234667e-45	5.5805957474e-43	3.2665026854e-62	1.8675110067e-67	3.3342765648e-36	2.7285149948e-08	1.3747725373e-07	1.9016377200e-08	1.8985691819e-19	4.3240200657e-36	6.3010171910e-22	1.8279102327e-33	1.2834082157e-18	3.8435376993e-28	3.4484610076e-07	2.6275202977e-11	3.0552183639e-28	1.0342208887e-35	1.0464168120e-34	6.4340103269e-32	7.6703524025e-29	1.5175247407e-13	5.3636250351e-08	3.8496722580e-13	3.7387569094e-08	2.2576725806e-05	1.4730980014e-11	1.2030833832e-13	1.9297387775e-15	8.2402766313e-27	5.5169454436e-10	1.0915158265e-13	5.2216432856e-19	1.5439507203e-07	6.1919985958e-12	6.6705003180e-05	6.7534208449e-17	2.1856089021e-12	8.2449943687e-19	6.7035658094e-27	5.6566367071e-05	2.1886152770e-27	6.6529688211e-26	2.8815573735e-28	2.4831401359e-13	3.9116596747e-16	1.0387176579e-15	1.5184299606e-23	6.3670451173e-51	1.1534805166e-15	2.6259712767e-21	5.4862644938e-33	7.8218086831e-39	1.6639578667e-23	2.5706213184e-22	1.4463762646e-10	3.5566952771e-12	5.9482017479e-23	2.5164910329e-29	2.8229304788e-16	5.7719598463e-11	8.4194572518e-12	8.7935623350e-09	6.6795732267e-13	3.3528793951e-21	4.0807963903e-17	3.9426599751e-23	4.2721895852e-09	1.1052125947e-14	3.9754160872e-13	4.5011366059e-16	2.5418611748e-07	7.0040015993e-17	1.1381802153e-17	3.7983271575e-25	1.6649917834e-23	2.8514984807e-39	8.7877263060e-16	7.7693686841e-23	4.2721895852e-09	2.8177087578e-22	2.7899851034e-28
1.2648552200e-06	1.0142196872e+03	1.6844083375e+13	9.0328553972e+12	2.3121046074e+00	1.0939320398e-29	2.7299076566e-06	1.3544365280e-01	4.4909072466e-21	5.8870118632e-18	7.9641794499e-12	2.0586890624e-08	1.9143116976e-16	5.6550967320e-14	6.5383650671e-11	8.1213991670e-17	2.5081786307e-07	3.8490936140e-06	6.8700303593e-05	2.4027235866e-20	4.0286418309e-06	9.0592194604e-12	0.0000000000e+00	8.5776284487e-29	4.5986501255e-14	3.5881078991e-18	4.2200894576e-17	4.2014476424e-24	2.1360189331e-26	2.7991207035e-16	3.4924252615e-18	6.1761381144e-14	2.8854451089e-23	8.8730031405e-25	1.0272881833e-41	3.2188129126e-35	4.6464488188e-04	1.4657490236e-07	9.5449714023e-40	5.9428903694e-32	9.0744336631e-22	1.7254183149e-30	3.7761552315e-25	1.2010266682e-33	8.8119692941e-31	1.7568724513e-37	5.0823181534e-26	5.8487223231e-28	1.3509721536e-23	1.7276197563e-31	7.9920855527e-24	4.2498766415e-29	1.5158409291e-40	7.7564880438e-31	3.5267311619e-29	8.8901866052e-45	2.7280828591e-32	3.1711322001e-60	3.4337227566e-43	2.9739429163e-52	3.2406509171e-20	4.4496903316e-24	7.3395461239e-32	3.0700290319e-47	2.0039580260e-12	8.7229556250e-28	8.6360525700e-01	1.8456019504e-17	1.0603395354e-27	2.0143174719e-04	4.1294825297e-12	1.1958643337e-33	1.8842560352e-17	6.2336990687e-32	5.2202305443e-52	5.8388678583e-05	1.4803106461e-26	1.7856164749e-59	5.3558233096e-75	2.8309036785e-91	7.5564087837e-22	2.9514635837e-46	8.9146954448e-23	6.8620813532e-34	8.3351379580e-31	1.7200664528e-34	4.5414398990e-24	1.8028400567e-32	5.6619870801e-25	2.7192894469e-40	3.0006404015e-37	1.4158000447e-41	5.8501993297e-50	5.0024474220e-47	1.9780422285e-53	9.1287557103e-44	4.7001092464e-53	8.0197484763e-47	5.4408771580e-54	3.5049027062e-50	5.4402491877e-57	3.6443551603e-67	2.7811982198e-63	1.4969395771e-30	1.7296673709e-28	2.8899025317e-27	4.6783796105e-38	1.6784579681e-40	1.5468263474e-41	1.8498673787e-30	2.5953392456e-42	7.9920855527e-24	2.8030799568e-33	2.1160261374e-26	2.1011313040e-36	8.1077168555e-43	9.4037852815e-46	1.4565212828e-39	2.7345363440e-32	9.3532750072e-46	1.4232395592e-43	7.1745328651e-63	2.6682793928e-68	1.0995252641e-36	2.1798937593e-08	1.4296361391e-07	1.9040127347e-08	7.6127399496e-20	9.6899956223e-37	2.5887274963e-22	5.9029543288e-34	7.5412072762e-19	1.0557729318e-28	3.4484479207e-07	2.7781378124e-11	1.6812201082e-28	3.3521749533e-36	3.8371828549e-35	3.0195443296e-32	4.8681327340e-29	1.1230200434e-13	5.3636281060e-08	2.5487990469e-13	3.6587928679e-08	2.2606554962e-05	1.1282050563e-11	1.0542029292e-13	1.6133693312e-15	4.9713684132e-27	5.5725006670e-10	7.2149801986e-14	2.7866339153e-19	1.2618240766e-07	5.2496890527e-12	6.6705041372e-05	3.1729210743e-17	1.6320360872e-12	3.8624771070e-19	2.6150011974e-27	5.6566406261e-05	6.0312416142e-28	2.1360189331e-26	6.0246343185e-29	2.2904333677e-13	2.3334771732e-16	9.1516105878e-16	1.2753607335e-23	4.2853701136e-51	7.6933899843e-16	1.6052806622e-21	2.4217225057e-33	3.8322580811e-39	8.7750697151e-24	1.5805072589e-22	9.7579144764e-11	2.7716945826e-12	3.6620427936e-23	1.2887689837e-29	3.4841175377e-16	3.9319735591e-11	5.9322613556e-12	7.5723215415e-09	5.8678538333e-13	2.3829709202e-21	2.9715072928e-17	4.2283242302e-23	4.8097494684e-09	1.2308572493e-14	2.9991338476e-13	3.0783382545e-16	2.5787727855e-07	7.9129033294e-17	7.9600445512e-18	2.1694022213e-25	9.4406350285e-24	4.9627205201e-39	5.9384791140e-16	6.5348497720e-23	4.8097494684e-09	3.4685277849e-22	2.9437606109e-28
8.2864277300e-07	9.9299797537e+02	1.1270878509e+13	6.0441503770e+12	2.3121055815e+00	2.4926398413e-30	1.9201991147e-06	1.3544370986e-01	1.6582667434e-21	2.5268210753e-18	5.0857715304e-12	1.5075758405e-08	8.8660001479e-17	2.8396794496e-14	4.7634568059e-11	6.1222463584e-17	2.5081799809e-07	3.8490956510e-06	6.8700332624e-05	1.1989917118e-20	4.0286435282e-06	5.0975037124e-12	0.0000000000e+00	2.1608387873e-29	3.0482566221e-14	2.4049957107e-18	2.3344651583e-17	1.4601383571e-24	6.7513347657e-27	1.8600503866e-16	1.8402115317e-18	4.6881243835e-14	1.0861557641e-23	3.8623367641e-25	1.8908011894e-42	8.3040031086e-36	4.6463160800e-04	1.6003880935e-07	1.5045121103e-40	1.4957606986e-32	4.3852764027e-22	5.7324440487e-31	1.9192162489e-25	4.2088269421e-34	4.2185442404e-31	6.2271357659e-38	2.1699544580e-26	2.2928999707e-28	7.5652760517e-24	6.6891995695e-32	4.1903046203e-24	1.5350767180e-29	2.7991809805e-41	3.0027090733e-31	1.0835293643e-29	1.2840497546e-45	1.1801306769e-32	2.5697537869e-61	8.0102079570e-44	5.5928814745e-53	1.3116088476e-20	1.8505169577e-24	2.5569290073e-32	6.5498328419e-48	1.2041613970e-12	3.0017803103e-28	8.6360603029e-01	9.3579832098e-18	4.1369703885e-28	2.0141239640e-04	3.1110835424e-12	4.1435910433e-34	9.8511606161e-18	2.0136391483e-32	8.1348006843e-53	5.8388703699e-05	6.3991326647e-27	2.1509997890e-60	4.1451906394e-76	1.1611976231e-92	3.2828704535e-22	4.7620919811e-47	3.8414236588e-23	2.1047592921e-34	3.6356770571e-31	5.5388338405e-35	2.2619488877e-24	6.2421010688e-33	2.3536179415e-25	6.2292105775e-41	9.8521631947e-38	4.0481299711e-42	1.3149395360e-50	1.5463323350e-47	2.4687131366e-54	2.0744747425e-44	7.1178813800e-54	1.9020630586e-47	9.6718659356e-55	8.7381700885e-51	1.2358142102e-57	5.3448234146e-68	5.5412021938e-64	5.4369767921e-31	8.2390169676e-29	1.5529371712e-27	1.2414492289e-38	5.6904727974e-41	3.8708735286e-42	8.7384500704e-31	6.9434843378e-43	4.1903046203e-24	1.0251553992e-33	8.6184192009e-27	6.5158857799e-37	1.4663922726e-43	1.9933989079e-46	4.8798661810e-40	8.5182074262e-33	1.9816737782e-46	3.5913383434e-44	1.6390234835e-63	3.9114163847e-69	3.6692347000e-37	1.7183979145e-08	1.4757866993e-07	1.9057884479e-08	3.2202321089e-20	2.1220611031e-37	1.0394301145e-22	1.8933628682e-34	4.3986779017e-19	2.8197813797e-29	3.4484321013e-07	2.9508625775e-11	9.1678357648e-29	1.0689970463e-36	1.3946558291e-35	1.4179547325e-32	3.1253665429e-29	8.2954843099e-14	5.3636303657e-08	1.6802864572e-13	3.5464071575e-08	2.2632787110e-05	8.5167001867e-12	9.1347088007e-14	1.3320297693e-15	2.9439815142e-27	5.6310924953e-10	4.7256444515e-14	1.4733674657e-19	1.0220911392e-07	4.4147040358e-12	6.6705069475e-05	1.4730461431e-17	1.2166400482e-12	1.7754610968e-19	9.9747354408e-28	5.6566434054e-05	1.6031730173e-28	6.7513347657e-27	1.2137576125e-29	2.1088197955e-13	1.3705500059e-16	7.9683553028e-16	1.0578073491e-23	2.8402118780e-51	5.0654377848e-16	9.6726980333e-22	1.0469729825e-33	1.8530328654e-39	4.6259206607e-24	9.7878035200e-23	6.4857056767e-11	2.1635093425e-12	2.2222605576e-23	6.4857839825e-30	4.3084243812e-16	2.6510064740e-11	4.1582583203e-12	6.4591677224e-09	5.1103138342e-13	1.6726078287e-21	2.1650423194e-17	4.5821011784e-23	5.4217603302e-09	1.3729861718e-14	2.2450515703e-13	2.0941961935e-16	2.6060155933e-07	8.9722708064e-17	5.5522844679e-18	1.2420262764e-25	5.3365739976e-24	8.7832438777e-39	3.9808927009e-16	5.5218664352e-23	5.4217603302e-09	4.2802740472e-22	3.1055904835e-28
5.4286754400e-07	9.7222031035e+02	7.5416800830e+12	4.0443195707e+12	2.3121062908e+00	5.5026325519e-31	1.3349061740e-06	1.3544375141e-01	5.9685700187e-22	1.0561127546e-18	3.1880961961e-12	1.0900247089e-08	4.0384315134e-17	1.3943878804e-14	3.4460102931e-11	4.5836267375e-17	2.5081809682e-07	3.8490971430e-06	6.8700353756e-05	5.8703078092e-21	4.0286447640e-06	2.8250463020e-12	0.0000000000e+00	5.3079523490e-30	2.0206999981e-14	1.6130251221e-18	1.2808926998e-17	5.0042213511e-25	2.0999884469e-27	1.2362941634e-16	9.6904983813e-19	3.6004670245e-14	4.0211259622e-24	1.6596455713e-25	3.3875307036e-43	2.1003607308e-36	4.6461662079e-04	1.7516246457e-07	2.2993963508e-41	3.7039682001e-33	2.1238294039e-22	1.9015460881e-31	9.8726663052e-26	1.4875994094e-34	2.0597679449e-31	2.2179996817e-38	9.2212751124e-27	8.9334715937e-29	4.2596124282e-24	2.5960368368e-32	2.2063113848e-24	5.4995851206e-30	5.0531398483e-42	1.1598530374e-31	3.2793582205e-30	1.8104182768e-46	5.1084739063e-33	2.0264224126e-62	1.8773241672e-44	1.0521729159e-53	5.2068711652e-21	7.5549776830e-25	8.7166491077e-33	1.3539869533e-48	7.1268223891e-13	1.0057062385e-28	8.6360659498e-01	4.6968698754e-18	1.5963007026e-28	2.0139171354e-04	2.3501430463e-12	1.4291106719e-34	5.0583270068e-18	6.3256602428e-33	1.2145606056e-53	5.8388721995e-05	2.7187802309e-27	2.4803984185e-61	3.0443313975e-77	4.4604775140e-94	1.3894005484e-22	7.3322067649e-48	1.6330871655e-23	6.3802723020e-35	1.6002384303e-31	1.7801567332e-35	1.1297777145e-24	2.1604194660e-33	9.7300154304e-26	1.4198115014e-41	3.2732402625e-38	1.1731794108e-42	3.0065712030e-51	4.9178086033e-48	3.0401871475e-55	4.7334690816e-45	1.0776626096e-54	4.5736682777e-48	1.7405443165e-55	2.2307465881e-51	2.8954514045e-58	8.0462556601e-69	1.1457983092e-64	1.9761239437e-31	3.9673409183e-29	8.3861093083e-28	3.3036973251e-39	1.9709258762e-41	9.6183388651e-43	4.1731186144e-31	1.8637829815e-43	2.2063113848e-24	3.7532858589e-34	3.4453360125e-27	2.0243167547e-37	2.6035103856e-44	4.2165432019e-47	1.6547798729e-40	2.6113707843e-33	4.1191085511e-47	8.9640889058e-45	3.8974150213e-64	5.8852965283e-70	1.2393647151e-37	1.3377934080e-08	1.5138477999e-07	1.9071064805e-08	1.0909649154e-20	4.5447229880e-38	4.0818767263e-23	6.0310631857e-35	2.5464491499e-19	7.3271092309e-30	3.4484133458e-07	3.1489986157e-11	4.9531980902e-29	3.3528160210e-37	5.0232463058e-36	6.6625620230e-33	2.0301250809e-29	6.1161869580e-14	5.3636320111e-08	1.1028733791e-13	3.4042282147e-08	2.2655804214e-05	6.3352608242e-12	7.8256845499e-14	1.0858094689e-15	1.7106743249e-27	5.6930269975e-10	3.0664387253e-14	7.7165604468e-20	8.2042000742e-08	3.6820109986e-12	6.6705089937e-05	6.7558489637e-18	9.0542461769e-13	8.0048496841e-20	3.7187119975e-28	5.6566453679e-05	4.1073308922e-29	2.0999884469e-27	2.3545515634e-30	1.9380922341e-13	7.9232889744e-17	6.8555872149e-16	8.6627499722e-24	1.8534735183e-51	3.2915645917e-16	5.7433382383e-22	4.4313545733e-34	8.8407486591e-40	2.4377118622e-24	6.1061694976e-23	4.2472710981e-11	1.6922278944e-12	1.3298445087e-23	3.2087250310e-30	5.3423627097e-16	1.7692619686e-11	2.9004862662e-12	5.4586881986e-09	4.4131051983e-13	1.1595844907e-21	1.5789951805e-17	5.0205332375e-23	6.1219076195e-09	1.5346470628e-14	1.6678909862e-13	1.4175600702e-16	2.6250602076e-07	1.0226880978e-16	3.8652808539e-18	7.1335501796e-26	3.0094581144e-24	1.5838454565e-38	2.6487889184e-16	4.6897795882e-23	6.1219076195e-09	5.2995478344e-22	3.2784505492e-28
3.5564803100e-07	9.5187740085e+02	5.0463620570e+12	2.7061737029e+12	2.3121068019e+00	1.1760566563e-31	9.1696644551e-07	1.3544378135e-01	2.0928876743e-22	4.2959522610e-19	1.9611331220e-12	7.7817670051e-09	1.8084692540e-17	6.6998692796e-15	2.4752107895e-11	3.4077195856e-17	2.5081816843e-07	3.8490982267e-06	6.8700368981e-05	2.8187881616e-21	4.0286456546e-06	1.5415432653e-12	0.0000000000e+00	1.2707013415e-30	1.3396049468e-14	1.0825514979e-18	6.9697780832e-18	1.6907952007e-25	6.4258694139e-28	8.2187630535e-17	5.0997243898e-19	2.7982433013e-14	1.4636009117e-24	7.0379340841e-26	5.9040745313e-44	5.2062995166e-37	4.6459969000e-04	1.9218948583e-07	3.4051737098e-42	9.0209793127e-34	1.0308546067e-22	6.2974707956e-32	5.1413036227e-26	5.3037576360e-35	1.0261119300e-31	7.9393508924e-39	3.8997117902e-27	3.4585989753e-29	2.4116700547e-24	1.0098684654e-32	1.1666842362e-24	1.9538655946e-30	8.9131259581e-43	4.4699926822e-32	9.7739784351e-31	2.4904128800e-47	2.2127939343e-33	1.5540444658e-63	4.4205750814e-45	1.9800545898e-54	2.0266091180e-21	3.0267502784e-25	2.9064477858e-33	2.7102271260e-49	4.1532124987e-13	3.2786476805e-29	8.6360700475e-01	2.3330204904e-18	6.0901453495e-29	2.0136930683e-04	1.7801673090e-12	4.9056254750e-35	2.5499612791e-18	1.9313598630e-33	1.7358649128e-54	5.8388735192e-05	1.1348853410e-27	2.7354732257e-62	2.1192894213e-78	1.6023296403e-95	5.7253057894e-23	1.0762677905e-48	6.8474624251e-24	1.9109287530e-35	7.1084383489e-32	5.7099173255e-36	5.6589033597e-25	7.4741221432e-34	3.9998290904e-26	3.2194900326e-42	1.1006264601e-38	3.4469210296e-43	6.9950955791e-52	1.6099569347e-48	3.6930644418e-56	1.0845452919e-45	1.6311045756e-55	1.1152760881e-48	3.1716081321e-56	5.8337872959e-52	7.0009097393e-59	1.2439239239e-69	2.4605974944e-65	7.1873628938e-32	1.9316022766e-29	4.5513016258e-28	8.8169825077e-40	6.9765919922e-42	2.3726539958e-43	2.0151225065e-31	5.0194948834e-44	1.1666842362e-24	1.3756159721e-34	1.3513263631e-27	6.3004785968e-38	4.5357299972e-45	8.8992743709e-48	5.6807431755e-41	7.8756790485e-34	8.3963304891e-48	2.2126642582e-45	9.6537278842e-65	9.0936164679e-71	4.2380447563e-38	1.0294569762e-08	1.5446818797e-07	1.9080777023e-08	3.9201984082e-21	9.5250101068e-39	1.5688454019e-23	1.9077801727e-35	1.4630290704e-19	1.8533962154e-30	3.4483913585e-07	3.3764966931e-11	2.6509173930e-29	1.0338812824e-37	1.7925841182e-36	3.1323869450e-33	1.3345118509e-29	4.5007642697e-14	5.3636331968e-08	7.2064282292e-14	3.2356730584e-08	2.2675972082e-05	4.6424481387e-12	6.6270318977e-14	8.7370392949e-16	9.7502532570e-28	5.7586213039e-10	1.9709682767e-14	4.0025736833e-20	6.5247967159e-08	3.0453138351e-12	6.6705104683e-05	3.0600803100e-18	6.7264085646e-13	3.5384718077e-20	1.3543762138e-28	5.6566467467e-05	1.0134597509e-29	6.4258694139e-28	4.3944390186e-31	1.7779913744e-13	4.5071549599e-17	5.8271457225e-16	7.0035342913e-24	1.1908357108e-51	2.1104020678e-16	3.3595581279e-22	1.8354761268e-34	4.1606864400e-40	1.2841034380e-24	3.8380705417e-23	2.7403813297e-11	1.3267485111e-12	7.8501851231e-24	1.5609806533e-30	6.6471367233e-16	1.1689380274e-11	2.0136365902e-12	4.5710262707e-09	3.7794498206e-13	7.9408966502e-22	1.1530758027e-17	5.5650281849e-23	6.9265174855e-09	1.7194602934e-14	1.2299355101e-13	9.5493596833e-17	2.6371575794e-07	1.1733817386e-16	2.6871124480e-18	4.1128988885e-26	1.6939907526e-24	2.9148224150e-38	1.7501319692e-16	4.0051845476e-23	6.9265174855e-09	6.5879584554e-22	3.4654370755e-28
2.3299518100e-07	9.3196014999e+02	3.3766704581e+12	1.8107807669e+12	2.3121071666e+00	2.4318199319e-32	6.2222011199e-07	1.3544380272e-01	7.1456273268e-23	1.6997061488e-19	1.1833747103e-12	5.4851901818e-09	7.9590871860e-18	3.1518242683e-15	1.7650701811e-11	2.5154227045e-17	2.5081821994e-07	3.8490990077e-06	6.8700379844e-05	1.3269106999e-21	4.0286462901e-06	8.2795396859e-13	0.0000000000e+00	2.9629822326e-31	8.8811968988e-15	7.2700772952e-19	3.7603246370e-18	5.6301373487e-26	1.9336425810e-28	5.4647670281e-17	2.6819672958e-19	2.2012529730e-14	5.2354854671e-25	2.9445291155e-26	1.0004457905e-44	1.2641640518e-37	4.6458054143e-04	2.1140444874e-07	4.8828871879e-43	2.1600240066e-34	5.0146469683e-23	2.0820319834e-32	2.7110245065e-26	1.9077035072e-35	5.2173399673e-32	2.8561690257e-39	1.6410553458e-27	1.3303219534e-29	1.3731055907e-24	3.9376960909e-33	6.1963372805e-25	6.8824221077e-31	1.5353870854e-43	1.7186867635e-32	2.8677384136e-31	3.3405923729e-48	9.5913435400e-34	1.1582972311e-64	1.0458991939e-45	3.7273098731e-55	7.7303678649e-22	1.1894494142e-25	9.4744408577e-34	5.2493736918e-50	2.3823640498e-13	1.0394379991e-29	8.6360730131e-01	1.1465997435e-18	2.2967009738e-29	2.0134472248e-04	1.3521620134e-12	1.6757386908e-35	1.2615342122e-18	5.7278636716e-34	2.3726716196e-55	5.8388744619e-05	4.6525529285e-28	2.8824753974e-63	1.3968522893e-79	5.3753332271e-97	2.2957483093e-23	1.5045888137e-49	2.8308825407e-24	5.6532013981e-36	3.1872619082e-32	1.8276652674e-36	2.8425600021e-25	2.5845052312e-34	1.6347749651e-26	7.2617111058e-43	3.7463313024e-39	1.0269658301e-43	1.6565315691e-52	5.4282487678e-49	4.4237391036e-57	2.4953693469e-46	2.4678826218e-56	2.7585579355e-49	5.8530314561e-57	1.5635432722e-52	1.7479055410e-59	1.9757411146e-70	5.4916411792e-66	2.6158837131e-32	9.5107335604e-30	2.4826293481e-28	2.3599276889e-40	2.5248586600e-42	5.8093704788e-44	9.8410073687e-32	1.3563855687e-44	6.1963372805e-25	5.0470974096e-35	5.1980073327e-28	1.9645539886e-38	7.7505235064e-46	1.8739244586e-48	1.9746742129e-41	2.3358576358e-34	1.6776408691e-48	5.3996954894e-46	2.4927180653e-65	1.4435924324e-71	1.4674575351e-38	7.8364789963e-09	1.5692630828e-07	1.9087881443e-08	1.4452711889e-21	1.9547162031e-39	5.9049583071e-24	5.9923268308e-36	8.3411100969e-20	4.5659173775e-31	3.4483657432e-07	3.6380909103e-11	1.4051133063e-29	3.1332882544e-38	6.3367273326e-37	1.4735396056e-33	8.8796530519e-30	3.3055175341e-14	5.3636340429e-08	4.6873028887e-14	3.0448137338e-08	2.2693631763e-05	3.3503906367e-12	5.5461832098e-14	6.9383183436e-16	5.4490360850e-28	5.8282055938e-10	1.2546415910e-14	2.0557805569e-20	5.1405326316e-08	2.4974007914e-12	6.6705115206e-05	1.3685333861e-18	4.9881256565e-13	1.5329180003e-20	4.8164956938e-29	5.6566477104e-05	2.4064421719e-30	1.9336425810e-28	7.8842420366e-32	1.6282132001e-13	2.5220260115e-17	4.8924874469e-16	5.5888721492e-24	7.5317880395e-52	1.3347305273e-16	1.9354341228e-22	7.4368435033e-35	1.9310784916e-40	6.7615619185e-25	2.4309923199e-23	1.7419132969e-11	1.0429517473e-12	4.5720914211e-24	7.4681539348e-31	8.3035991820e-16	7.6456952910e-12	1.3915448468e-12	3.7929214836e-09	3.2101935427e-13	5.3714578349e-22	8.4335076162e-18	6.2436076643e-23	7.8550932846e-09	1.9317364775e-14	9.0033564869e-14	6.4028489881e-17	2.6433207751e-07	1.3566454498e-16	1.8662693622e-18	2.3817016739e-26	9.5215797843e-25	5.4823677471e-38	1.1486584596e-16	3.4407828842e-23	7.8550932846e-09	8.2273272018e-22	3.6697867942e-28
1.5264179700e-07	9.1245965121e+02	2.2594302124e+12	1.2116469070e+12	2.3121074245e+00	4.8615227016e-33	4.1697477247e-07	1.3544381782e-01	2.3741466937e-23	6.5373232067e-20	7.0018280752e-13	3.8171323970e-09	3.4411705218e-18	1.4523345759e-15	1.2494327752e-11	1.8432557466e-17	2.5081825675e-07	3.8490995666e-06	6.8700387523e-05	6.1209051356e-22	4.0286467394e-06	4.3755485542e-13	0.0000000000e+00	6.7256742838e-32	5.8881822043e-15	4.8855649242e-19	2.0111726642e-18	1.8470511773e-26	5.7198933620e-29	3.6342095128e-17	1.4094507060e-19	1.7530928686e-14	1.8398695590e-25	1.2150683932e-26	1.6471940353e-45	3.0055418051e-38	4.6455884978e-04	2.3314057423e-07	6.7752475074e-44	5.0829485802e-35	2.4448863696e-23	6.8713063979e-33	1.4478038761e-26	6.9234910084e-36	2.7085786111e-32	1.0327210556e-39	6.8708364972e-28	5.0829961798e-30	7.8625642976e-25	1.5390362307e-33	3.3055384714e-25	2.4031719178e-31	2.5816708088e-44	6.5924082759e-33	8.2802108938e-32	4.3671160353e-49	4.1601251319e-34	8.3853711719e-66	2.4865692763e-46	7.0182969394e-56	2.8885489311e-22	4.5831084677e-26	3.0179638881e-34	9.8314264123e-51	1.3446941419e-13	3.2027707073e-30	8.6360751667e-01	5.5742401007e-19	8.5590524125e-30	2.0131744345e-04	1.0299489942e-12	5.6956561577e-36	6.1225327080e-19	1.6490255522e-34	3.0986724946e-56	5.8388751293e-05	1.8725136053e-28	2.8993716598e-64	8.7070758467e-81	1.6815732388e-98	8.9527338581e-24	2.0011539312e-50	1.1535907819e-24	1.6514415983e-36	1.4427135440e-32	5.8374224074e-37	1.4319744839e-25	8.9324228632e-35	6.6420156963e-27	1.6290012071e-43	1.2911194758e-39	3.1034221604e-44	3.9941011409e-53	1.8859971978e-49	5.2235336266e-58	5.7658541640e-47	3.7323893181e-57	6.9226068972e-50	1.0941523179e-57	4.2965499902e-53	4.5088020388e-60	3.2255574021e-71	1.2746738637e-66	9.5269796310e-33	4.7366789079e-30	1.3612010040e-28	6.3350052763e-41	9.3459645894e-43	1.4115579821e-44	4.8613761453e-32	3.6776976382e-45	3.3055384714e-25	1.8537014605e-35	1.9601107564e-28	6.1369858962e-39	1.2984467548e-46	3.9365133835e-49	6.9519318076e-42	6.8105115610e-35	3.2842403240e-49	1.3024140213e-46	6.7150600907e-66	2.3555996817e-72	5.1462580290e-39	5.9050093304e-09	1.5885779802e-07	1.9093039948e-08	5.3401258148e-22	3.9297587197e-40	2.1776220200e-24	1.8687362743e-36	4.7183454088e-20	1.0958945924e-31	3.4483359898e-07	3.9394717706e-11	7.3746618480e-30	9.3290271203e-39	2.2184600636e-37	6.9358113286e-34	5.9819298445e-30	2.4228191635e-14	5.3636346411e-08	3.0345195954e-14	2.8362112972e-08	2.2709093851e-05	2.3805793314e-12	4.5862133553e-14	5.4366119257e-16	2.9847850923e-28	5.9021230798e-10	7.9081476049e-15	1.0453278187e-20	4.0112868931e-08	2.0304712567e-12	6.6705122646e-05	6.0412326583e-19	3.6922973877e-13	6.5054763053e-21	1.6716795297e-29	5.6566483803e-05	5.4943151806e-31	5.7198933620e-29	1.3586652483e-32	1.4884161546e-13	1.3877358738e-17	4.0568608996e-16	4.4015507228e-24	4.6888827431e-52	8.3247725045e-17	1.0978093183e-22	2.9462362283e-35	8.8364745562e-41	3.5589212879e-25	1.5518409707e-23	1.0906765210e-11	8.2220053467e-13	2.6274718108e-24	3.5138571979e-31	1.0418981516e-15	4.9505196188e-12	9.5730181878e-13	3.1186299595e-09	2.7043138708e-13	3.5887245267e-22	6.1790005241e-18	7.0933340210e-23	8.9309700968e-09	2.1766195211e-14	6.5424792282e-14	4.2733717307e-17	2.6443237366e-07	1.5819963381e-16	1.2953471452e-18	1.3858152723e-26	5.3457882986e-25	1.0551244772e-37	7.4902857072e-17	2.9743644436e-23	8.9309700968e-09	1.0326806136e-21	3.8949097231e-28
1.0000000000e-07	8.9336718430e+02	1.5118516177e+12	8.1074873790e+11	2.3121076053e+00	9.3893766520e-34	2.7588965375e-07	1.3544382841e-01	7.6717801652e-24	2.4427482381e-20	4.0607357626e-13	2.6221120046e-09	1.4610791026e-18	6.5572904034e-16	8.7782293944e-12	1.3406680964e-17	2.5081828287e-07	3.8490999640e-06	6.8700392906e-05	2.7656510845e-22	4.0286470545e-06	2.2745081517e-13	0.0000000000e+00	1.4852884030e-32	3.9039208448e-15	3.2853222283e-19	1.0661210016e-18	5.9679651180e-27	1.6626533499e-29	2.4172051504e-17	7.4014870690e-20	1.4137898127e-14	6.3495942357e-26	4.9439076180e-27	2.6335166943e-46	6.9934098799e-39	4.6453422986e-04	2.5778900088e-07	9.0902932510e-45	1.1750478193e-35	1.1947109174e-23	2.2635488408e-33	7.8324667668e-27	2.5356238571e-36	1.4362650034e-32	3.7532469195e-40	2.8617827172e-28	1.9289334710e-30	4.5282983002e-25	6.0296256835e-34	1.7713546373e-25	8.3164588339e-32	4.2349693586e-45	2.5224336296e-33	2.3519157308e-32	5.5608290309e-50	1.8055994934e-34	5.8923330124e-67	5.9407301213e-47	1.3218295244e-56	1.0568590441e-22	1.7307479940e-26	9.3892360046e-35	1.7791895291e-51	7.4659101920e-14	9.5854800589e-31	8.6360767509e-01	2.6800018079e-19	3.1511517564e-30	2.0128688300e-04	7.8675537634e-13	1.9259603592e-36	2.9137606350e-19	4.6056863490e-35	3.8628867521e-57	5.8388755982e-05	7.3957467490e-29	2.7811272598e-65	5.1267719297e-82	4.8982681591e-100	3.3934288015e-24	2.5295985430e-51	4.6321465570e-25	4.7623645360e-37	6.5936663499e-33	1.8602205124e-37	7.2346965014e-26	3.0854221432e-35	2.6822695043e-27	3.6338575362e-44	4.5062182591e-40	9.5145924995e-45	9.8080630077e-54	6.7560901436e-50	6.0780583353e-59	1.3380040116e-47	5.6421493896e-58	1.7630027961e-50	2.0723380951e-58	1.2110883241e-53	1.2023840789e-60	5.4153407152e-72	3.0792375506e-67	3.4719561987e-33	2.3866272776e-30	7.5023958095e-29	1.7055936873e-41	3.5398131997e-43	3.4029507636e-45	2.4296626408e-32	1.0005747456e-45	1.7713546373e-25	6.8153121651e-36	7.2427959802e-29	1.9206691824e-39	2.1317479529e-47	8.2488876362e-50	2.4793136807e-42	1.9512841295e-35	6.2964507806e-50	3.1040832214e-47	1.8887339492e-66	3.9529423460e-73	1.8282593002e-39	4.4070713412e-09	1.6035574969e-07	1.9096757541e-08	1.9464380836e-22	7.7421920901e-41	7.8711441895e-25	5.7854069127e-37	2.6478154299e-20	2.5632716805e-32	3.4483014565e-07	4.2875031076e-11	3.8317513398e-30	2.7278020285e-39	7.6903828871e-38	3.2664677286e-34	4.0809196916e-30	1.7721929575e-14	5.3636350606e-08	1.9551282253e-14	2.6147309436e-08	2.2722635377e-05	1.6648615784e-12	3.7463003190e-14	4.2023081882e-16	1.6018637900e-28	5.9807304119e-10	4.9347240971e-15	5.2611484754e-21	3.0996708099e-08	1.6364334524e-12	6.6705127863e-05	2.6315931916e-19	2.7279886518e-13	2.7033910283e-21	5.6595919107e-30	5.6566488437e-05	1.2052034150e-31	1.6626533499e-29	2.2469222054e-33	1.3582282951e-13	7.5063814073e-18	3.3216760321e-16	3.4204772362e-24	2.8727820789e-52	5.1189737232e-17	6.1291141596e-23	1.1407527321e-35	3.9855055983e-41	1.8724404225e-25	9.9855210273e-24	6.7256478761e-12	6.5012918362e-13	1.4898261097e-24	1.6258022648e-31	1.3136055368e-15	3.1728633273e-12	6.5560622708e-13	2.5407112992e-09	2.2593712668e-13	2.3678747585e-22	4.5357815045e-18	8.1637091868e-23	1.0182111698e-08	2.4602611373e-14	4.7193375805e-14	2.8390670925e-17	2.6407096916e-07	1.8618851753e-16	8.9870513654e-19	8.1047653284e-27	2.9985052601e-25	2.0799753743e-37	4.8533230619e-17	2.5879130324e-23	1.0182111698e-08	1.3032660199e-21	4.1444260414e-28
